before_file,before_group,before_start,before_end,before_th_mean,before_th_std,before_speed,before_voltage,before_sp_max,before_acc_max,before_current,before_rpm_mean,before_rpm_min,before_motor_top_pct,before_motor_bottom_pct,before_shake_err_roll,before_shake_err_pitch,before_shake_err_yaw,before_shake_gyro_roll,before_shake_gyro_pitch,before_shake_gyro_yaw,before_shake_sp_roll,before_shake_sp_pitch,before_shake_sp_yaw,before_high_gyro_roll,before_high_gyro_pitch,before_high_gyro_yaw,before_high_raw_roll,before_high_raw_pitch,before_high_raw_yaw,before_high_D_roll,before_high_D_pitch,before_D_roll,before_D_pitch,before_shake_combined,before_shake_peak,before_shake_peak_t,before_shake_time_gt8,before_raw_hf,before_gyro_hf,before_D_hf,before_motor1_rpm,before_motor2_rpm,before_motor3_rpm,before_motor4_rpm,today_file,today_group,today_start,today_end,today_th_mean,today_th_std,today_speed,today_voltage,today_sp_max,today_acc_max,today_current,today_rpm_mean,today_rpm_min,today_motor_top_pct,today_motor_bottom_pct,today_shake_err_roll,today_shake_err_pitch,today_shake_err_yaw,today_shake_gyro_roll,today_shake_gyro_pitch,today_shake_gyro_yaw,today_shake_sp_roll,today_shake_sp_pitch,today_shake_sp_yaw,today_high_gyro_roll,today_high_gyro_pitch,today_high_gyro_yaw,today_high_raw_roll,today_high_raw_pitch,today_high_raw_yaw,today_high_D_roll,today_high_D_pitch,today_D_roll,today_D_pitch,today_shake_combined,today_shake_peak,today_shake_peak_t,today_shake_time_gt8,today_raw_hf,today_gyro_hf,today_D_hf,today_motor1_rpm,today_motor2_rpm,today_motor3_rpm,today_motor4_rpm
LOG00008,Idle 35,5.0,5.5,21.935305719921107,1.7579001883542207,38.76846921967808,24.85090729783038,103.0,0.9233648900952538,3.150236686390533,10556.896308819385,7171.428571428572,0.0,0.0,1.78599984856442,1.2479689717048865,0.8737942582698854,3.038530539232275,1.1328211142605769,2.0319072120481736,2.3709595093036415,0.9432420059454124,2.1314495130068405,0.41751700137201514,0.4693457293921587,0.35547116888165453,9.578456835490632,6.794658375815757,6.862057619495026,1.7280475102952695,2.583386444482376,6.636965395773454,3.6732950666864213,1.5406527859012045,2.5500761926761872,5.000099,0.0,7.85285622277377,0.41671957478998045,2.197729933291733,11378.275570583264,10999.098337559877,8280.614257537336,11569.59706959707,LOG00004,Idle 35,36.0,36.5,23.986193293885602,1.3378007159277803,40.0891434036794,24.27550295857988,118.0,1.6723044726201948,3.7945759368836285,10895.604395604394,5085.714285714285,0.0,0.0,3.780707693225411,2.6101244028826045,1.3342956379657294,3.87032385684418,2.557383930916236,1.210766583787623,0.8772897585868386,0.2868069394669611,0.7627759336437887,0.4825522628908787,0.5349925199444869,0.4000194652485244,4.357038174187782,6.274871924603865,5.69045934645389,2.3539278052007844,3.052549899357004,11.642352799079095,7.064509737439304,3.2485766160071616,4.7614127730766365,36.346919,0.0,5.499670502104522,0.4757762973623128,2.725714310062761,7789.659058889828,11794.449140602987,9459.622428853198,14538.686954071569
LOG00008,Idle 35,5.5,6.0,21.601380670611444,1.4208846825570993,39.497919620334216,24.861656804733727,52.0,0.995330398374686,3.283609467455622,10395.49168779938,7000.0,0.0,0.0,1.2985453646246026,1.399654207181632,0.9842026982194928,1.831750556445429,1.5632644343218747,1.6918724060440944,1.248244324538635,1.037083944779352,1.774764367730313,0.23816710477089295,0.4879992038934449,0.25824506795904506,5.1702383323334935,10.452567812580899,4.606737697621835,0.7154459983125275,2.564735380723747,6.062137156428668,4.323232043936564,1.350046659132433,1.92439576379639,5.500477,0.0,7.239004777463612,0.34715861308665874,1.8827812604810992,11283.34742180896,11150.577627500703,8086.3060016906165,11061.73570019724,LOG00004,Idle 35,26.5,27.0,22.339447731755424,4.112594559949524,33.48457861251692,24.43808678500986,30.0,1.3146879941423892,3.7507495069033534,10288.517892364045,7185.714285714285,0.0,0.0,1.2856691411187628,0.8703208212206737,0.4450732476667435,2.0821963928183975,0.9277563815602367,0.4450732476669372,1.4195177319323309,0.6842761325501612,1.3010974373888693e-12,0.2566344320654669,0.3043828437891036,0.21332203394870178,4.680880165413927,5.560098785961196,2.5603417438704934,0.66621958429438,1.2844758896205304,4.917865831765899,2.6150075142918348,1.097816804452201,1.6896997830600033,26.81389,0.0,4.448995672359419,0.2607786018079434,1.0231634389269952,10162.073823612287,10464.271625810088,9606.367990983375,10921.358129050435
LOG00008,Idle 35,6.5,7.0,33.38441814595661,2.2149602973957707,56.08514951655922,24.613944773175543,162.0,1.551777939758943,6.038441814595662,14878.59256128487,10114.285714285714,0.0,0.0,2.0240622730124134,1.8343773927642548,1.5246336099481521,2.5323032265104355,2.3227978188858414,2.8039811316463243,2.0482747500369696,1.5190614495500923,3.0060535100943793,0.47074275539808313,0.501614256481356,0.34979022172870744,5.069382463738278,6.557641379295165,7.737932704411164,2.2375569927207613,2.8986168545962423,7.2571803523590805,7.256500860175502,1.9315497021972747,2.4481909115802356,6.772595,0.0,6.546676041093861,0.4455591256246252,2.5892702606548226,13589.039165962242,16065.032403493942,14528.881375035224,15331.417300648069,LOG00004,Idle 35,7.5,8.0,37.64891518737672,3.7213777918044575,50.611406605497045,24.389526627218938,177.0,2.8963222959910104,8.476193293885602,15852.409129332207,7471.428571428572,0.0,0.0,1.9877058245589163,2.0430740715725078,1.7978297778716734,2.002904722993349,2.3252621009310728,2.321151649511108,1.0621963412552853,0.9842748346923901,2.441359976130059,0.6480860134828261,0.8872212675312078,0.478024800439131,4.033424583590772,5.483757525082707,5.67239926394443,3.507440500986272,5.581406465494194,6.798450919970122,9.682229192194198,2.015580078651963,2.9251621825762575,7.506089,0.0,5.115864992843762,0.691781460739015,4.661235726769204,11542.659904198365,17421.61172161172,17328.37418991265,17116.990701606086
LOG00008,Idle 35,7.0,7.5,32.26962524654832,1.9590644170449942,57.15966814744571,24.58936883629191,140.0,2.2180362681733525,6.401400394477317,14166.363764440688,9114.285714285714,0.0,0.0,1.9174908010214486,2.5795726662774308,1.0877347145202132,1.9709680732599404,3.489239339543931,2.400482290747496,1.496172962709389,2.3950216969141485,2.3969974801697256,0.43936503377314795,0.6631608112928549,0.358477680791117,2.9131264249185183,6.569919587056144,9.289148559990322,2.0784996300450502,4.176916390539671,6.181667877804443,10.81054346916099,2.2727699083505484,4.11256514769848,7.265049,0.0,6.780816812093577,0.5037625572173379,3.298999185029936,10127.50070442378,15638.517892364045,15983.34742180896,14916.089039165961,LOG00004,Idle 35,23.0,23.5,31.944970414201183,2.5512632422536448,56.78027967373539,24.318441814595662,150.0,2.7534585791804775,6.1359566074950695,13818.315018315017,9257.142857142857,0.0,0.0,2.524306068976563,2.6255645785390125,0.8693321290505089,3.0341827961343797,2.6527908304765275,0.8162010820791301,1.2006655254993015,0.6302628185838511,0.43816521447028484,0.44976726491203384,0.5932187918667693,0.35513431500523185,3.02994038830529,5.413429951258819,5.385794521057261,2.185159227586127,3.486084394959061,7.525105908551137,8.317657840562012,2.575433020479337,4.372426856619739,23.423779,0.0,4.743154548642357,0.4762070660628477,2.909270119693416,10353.057199211045,14825.443786982247,15274.950690335307,14819.808396731474
LOG00008,Idle 35,7.5,8.0,33.37845849802372,0.37615486894593875,48.120292387978836,24.456185770750988,105.0,2.208401900852396,6.835592885375494,14558.872106154715,8857.142857142857,0.0,0.0,1.5668246259086953,1.8854107683187682,0.8650525728448736,2.2562702201654843,2.5967413907973222,1.1646009661162455,1.9476641384707387,2.199679129208591,0.9754839416237719,0.34855605665886147,0.6434541795291395,0.358716974079017,2.930903440186241,5.935279608313045,9.673057752610527,1.585061007528381,3.892914297534249,5.830782427377566,7.671233674380968,1.7334522164810742,2.702551023244987,7.655842,0.0,6.767219647927572,0.4705324902984913,2.972137288680778,9657.086391869001,16329.418407679277,16941.869000564653,15307.114624505928,LOG00004,Idle 35,59.5,60.0,34.202366863905326,4.6930552493549085,52.9809449302703,23.926607495069035,97.0,1.8691994270155665,6.416528599605523,14792.420400112707,9742.857142857143,0.0,0.0,4.782756366594899,1.5057730901929047,1.729411085214063,4.649877150642028,1.5336652983346384,2.553322331946174,3.5222299367264682,0.48883195770139465,2.8504565035786635,0.39704535543098424,0.506597750929544,0.30738353448568445,2.6516365484954143,3.7110572975074247,6.153177224259661,1.848561043715754,2.780169399301012,15.52728717267768,6.026077452825811,3.5455684354806314,6.858311746820299,59.815796,0.0,4.422092740013777,0.4118134419002133,2.3607752774409962,14661.510284587206,15049.535080304313,13102.930402930404,16355.70583262891
LOG00008,Idle 35,9.0,9.5,30.949011857707507,1.9082639638138692,28.56974719516052,24.654051383399207,38.0,1.8291240472832158,5.452292490118577,13904.001976284584,10471.42857142857,0.0,0.0,1.318681178038149,1.2255332629340383,0.8206597703455605,1.2042554169275759,1.3629347165727212,0.963120033368652,0.8149475835863533,0.9628659359412439,0.6889972966284831,0.413033749801332,0.45022427401541576,0.3071318165768833,9.360224110792952,8.323454349440237,6.6033564276690075,1.992181645162563,2.320211553749557,3.9607760648101684,4.720445815349667,1.2729595099353774,1.9277783546051432,9.230787,0.0,8.175124949551183,0.3948116547340321,2.162425647447277,11856.973461321286,14690.76792772445,14566.911349520047,14501.355166572557,LOG00004,Idle 35,29.0,29.5,31.742011834319527,1.194460544333886,28.64782135218606,24.286923076923074,1.0,1.4139401714881623,5.473431952662722,13978.853198083969,12214.285714285714,0.0,0.0,0.7213778405777862,0.6179961047451829,0.6185523667789273,0.7022623431477035,0.6185823336645215,0.6185523667789273,0.21345181979651548,0.006945902242349528,1.2253492049251198e-36,0.2527483991642091,0.31121077833561034,0.23130199808282673,3.562045072231104,3.952315116324605,5.623120628592168,0.824858739298111,1.1844360788520294,1.9621668174060505,2.229884882179168,0.6716789316172158,0.9679427334259995,29.253865,0.0,4.469468479921396,0.2672293123576545,1.0206078494414101,13569.963369963369,14511.298957452802,12900.422654268808,14933.727810650887
LOG00008,Idle 35,9.5,10.0,27.08599605522683,0.07036915890411596,29.654809090617082,24.703175542406317,34.0,1.2382529463075413,4.349842209072978,12444.146238377007,10042.857142857143,0.0,0.0,1.0033558638085807,0.9140246205943842,0.8040908191816311,1.1719197715701362,0.9514572316415872,0.8807014780802539,0.8393224740118752,0.5762667834232662,0.556555725053765,0.2690261134732319,0.3424181040117495,0.24486477741690765,5.913536533261509,8.270322279163942,4.1838945338460425,0.9179435229134375,1.7889676096500466,2.9482719841133536,3.670877983215032,0.9597301694986385,1.215809572804526,9.811032,0.0,6.347522309316205,0.28843483776233025,1.4217991102184118,10758.298112144268,13540.65934065934,12877.909270216962,12599.718230487462,LOG00004,Idle 35,27.0,27.5,27.498422090729786,0.10414238539171554,32.404671226072885,24.34954635108481,0.0,1.3358202431065755,4.430710059171599,12422.485207100592,11371.42857142857,0.0,0.0,0.7118036938242078,1.0975978046031962,0.5008811402786415,0.7109153886378465,1.0975100665340856,0.5008811402786415,0.01334211218635903,0.004243203170553084,1.6025040639622653e-17,0.23523926274212417,0.29262901213015846,0.1945080080966262,6.681313344882055,5.339073650158859,2.200659217538238,0.7536824819317625,1.2642876425884126,2.1629842778423733,3.4632474413816703,0.9250366044680451,1.7002109609270022,27.185854,0.0,5.098645455610594,0.24413289733902982,1.0407834853543236,12422.682445759368,12464.299802761341,11596.956889264582,13206.001690617073
LOG00008,Idle 35,10.0,10.5,27.799605522682445,2.4213628129631997,34.74125606968776,24.772110453648914,59.0,1.1371484317971514,4.543786982248521,12703.62073823612,10128.57142857143,0.0,0.0,1.7482334366854648,0.9617826712356413,0.4982213608020027,2.15989517827322,1.1395323496137921,0.5129214768884506,1.4295993798074846,0.6810451353936365,0.26925756504051085,0.328321472055044,0.44110511352636145,0.2603422003325821,7.190611693753685,10.53310535842908,5.6016011343914665,1.2793561066913604,2.1231994508568155,5.491251783869153,4.396071403762938,1.410912126220878,6.1187753218524925,10.499829,0.0,8.042162650492513,0.351258106177165,1.7528160137115298,11451.817413355877,13731.248238940545,12521.470836855453,13109.946463792616,LOG00004,Idle 35,25.5,26.0,27.50788954635108,3.5161134972959918,33.17007566772406,24.370986193293884,36.0,1.5098668467947922,4.023412228796844,12533.551704705551,10257.142857142857,0.0,0.0,0.8359206449728765,1.064644088308497,0.5547061537655616,0.8863622958774197,0.9351659655288006,0.555030501731591,0.19960268375649587,0.42847432758966036,0.005103939098591412,0.2831804102183487,0.3096410255001125,0.2401859323086868,4.316040230305896,5.650400229225132,4.400061137940753,0.7578478341326389,1.24208070275835,2.465941574753672,4.6579236216884485,0.9571390597666829,1.2639499702355101,25.569721,0.0,4.827551623672288,0.2791403419328627,1.0288580591763392,11790.701606086222,13042.068188222036,11954.719639335024,13346.717385178925
LOG00008,Idle 35,10.5,11.0,36.68478260869565,2.8273413907932663,44.52566797132884,24.576363636363634,97.0,1.841305097699545,7.315671936758893,15877.879728966687,12242.857142857143,0.0,0.0,3.702655881188815,2.254731865002494,0.8197581969059484,4.62686041853515,3.5382153516760564,1.1188943846311696,2.1867389454399433,2.7997485617135403,0.9165312239266822,0.37459941423634924,0.483314087433016,0.2887492889035707,3.178752792228942,4.187161778674776,7.017440227807022,1.60712368427053,2.948581278359107,10.745529450057607,8.780705581776102,3.0654099528089014,6.2847968669743866,10.528446,0.0,5.0623202988926765,0.3904242906120394,2.374550282857062,15657.368718238282,16398.475437605874,14415.8667419537,17039.80801806889,LOG00004,Idle 35,23.5,24.0,36.49644970414202,1.044468485448734,37.18828709008893,24.268402366863906,115.0,2.8674659281987105,7.37197238658777,15487.510566356721,10657.142857142857,0.0,0.0,6.548701315221365,4.044653925003744,1.3133580551975805,6.097872368009456,3.701610876657598,1.388850352018425,2.5323660255080656,1.271922245646619,0.9630039651196424,0.9027636751357633,0.8064127612090304,0.48690500005398457,5.474865170391338,4.311577943264448,5.045775310167694,5.188080245563308,5.095732350527909,18.447270127255386,13.592621852913142,5.442642478108875,9.699900143077025,23.866779,0.29980276134122286,4.967350114346901,0.7532950448226275,5.142113613224668,12265.68047337278,15846.266553958863,16760.636799098338,17077.4584389969
LOG00008,Idle 35,11.0,11.5,28.620907297830374,1.280207686740454,49.90757993968777,24.763175542406312,135.0,1.442670975441295,4.717278106508876,13059.608340377572,8085.714285714285,0.0,0.0,1.6408929729289783,2.174893046189642,0.8185326188353294,2.613710593508255,3.1702265922372703,1.177644066338479,2.0045228477708683,2.7379673031407914,1.285914355264036,0.3711398020729233,0.6025903309932561,0.34514450763323196,4.923734745788571,9.347568087587552,8.38651550699066,1.584506171599393,3.64665859806725,6.2804288852154455,7.129680717959216,1.9264850779297202,2.660245210501161,11.000145,0.0,7.787893068688212,0.45460040725846135,2.811474589845546,14408.593970132431,13008.763031839955,9836.827275288813,14984.249084249084,LOG00004,Idle 35,8.0,8.5,25.827810650887574,4.991617800267733,46.06415040073938,24.610966469428007,165.0,2.5192145096751997,4.14138067061144,11856.748379825303,5528.571428571428,0.0,0.0,3.6938728325146877,2.5714083907955594,1.1412863692374993,4.075092004221464,2.4673231179084447,1.6357844386980231,1.825088473597225,0.3058231643212473,1.38535606802122,0.5039475303231559,0.7773549868942937,0.38770726982654447,3.084216944022333,5.99486986521013,3.858407666850047,2.511770077670665,4.427242030533097,12.617573293567208,8.485397597436892,3.1825176837720712,4.627142293700362,8.407015,0.0,4.484721046033454,0.5798162973576453,3.5992680450336363,8457.142857142859,13087.235841081994,9808.086785009862,16074.528036066498
LOG00008,Idle 35,11.5,12.0,27.303747534516773,0.2568312429319927,41.74227837510912,24.681479289940828,108.0,1.7995633787847833,4.614792899408283,12373.781346858272,6285.714285714285,0.0,0.0,1.9246396993191048,2.503527567335048,0.9168868968101341,1.7373028197745357,2.1460075084152366,1.2505973803034711,0.7177988142762213,1.7463387547603986,1.102910480823994,0.3685122085772198,0.767498334433172,0.4522647464037495,3.8894152366171464,12.96691504904515,8.42207109771567,1.5738025982716017,4.095315755828723,5.139282906869808,6.8783455191541405,2.2329227766093567,3.4253586523599813,11.994833,0.0,9.205065966574434,0.5565963055536155,3.1022947763120006,14265.539588616512,13825.58467173852,7263.623555931248,14140.377571146802,LOG00004,Idle 35,35.5,36.0,23.714201183431953,1.0870746364648318,44.54312985525908,24.26003944773176,140.0,1.226751227954089,3.5647731755424066,11008.988447449985,4800.0,0.0,0.0,1.3768246482003943,0.916967207254794,0.6736026777192058,1.6018667166452216,0.871465112646642,1.0179435227609759,1.2550773762166356,0.23557637271667617,0.9319101793585293,0.29192318469958695,0.3987593964267125,0.3096775326181813,4.960327645441149,6.512082543539271,3.452854738508459,0.9007998290856027,1.9318531010699622,4.892936582704385,3.263569759322527,1.1697168398960482,2.4546478324383543,35.981864,0.0,5.129466354610291,0.33671371430946584,1.5072320219850492,7693.941955480417,12090.842490842491,11905.69174415328,12345.477599323753
LOG00008,Idle 35,12.0,12.5,28.27727272727272,0.09605495342944405,26.590607083868623,24.512727272727272,81.0,1.840573305916367,5.017766798418973,12743.739412761151,6600.0,0.0,0.0,2.596237609522736,2.579052456590301,0.8609575574969911,2.6447024938750547,2.596152407561673,0.9491809614001928,0.6448860086185524,1.3369729881168992,0.7270000559755384,0.5334687087141584,0.6816108227768863,0.47039539964727867,6.586074021150149,8.59716761964006,9.28457865762561,2.5461196226687184,3.6227898449964653,7.654340781956609,9.073045690547733,2.587659299342245,4.127873034336377,12.472422,0.0,8.235918547069565,0.5687571271093543,3.1310805957327434,12942.461885940147,16122.868435911916,8105.5900621118,13804.037267080748,LOG00004,Idle 35,28.5,29.0,28.189151873767262,1.0285570744666261,30.592587378069734,24.300769230769227,46.0,1.269929418479835,4.706962524654833,12653.641870949563,10828.57142857143,0.0,0.0,0.4835809276529865,1.7430239719573486,0.5524705103919495,0.509280460377459,2.3112983688394406,0.5524705103919495,0.18315245214644163,1.9225729244445515,7.952807260794137e-32,0.30087051506553775,0.2838725378244622,0.2510111935631453,7.062974412539754,5.957274200919244,4.013408619442115,0.9671283325958667,1.1487225680052557,1.720625545621294,7.6011262531010395,1.279058849390382,2.3701919400414,28.756595,0.0,5.816131939234229,0.2793524081757053,1.0618146613120036,12214.48295294449,13104.029304029304,11789.96900535362,13506.086221470838
LOG00008,Idle 35,13.0,13.5,44.61952662721893,10.356382960304924,26.008014208850067,24.0792899408284,79.0,4.526443220732425,11.38775147928994,18145.724147647226,11871.42857142857,0.0,0.0,2.8421822203515217,3.26859121570217,1.2761923938582163,3.7225289845110296,3.8642271238186146,1.75318883800412,2.0641806404068186,2.5430960492502517,1.2404499776362092,0.40251775705489956,0.5777635115603005,0.3781647415777544,4.360084531845182,4.911183270046936,8.28436111531671,1.8622191986469476,3.149875986945491,10.087096058993046,11.696186940821145,3.062816376233458,4.774931622481112,13.245045,0.0,6.103569920568238,0.4614613713727172,2.58742913689874,17818.39954916878,19435.9819667512,16221.132713440405,19107.382361228516,LOG00004,Idle 35,48.5,49.0,41.90849802371542,14.577533844961028,32.507901216264905,23.87177865612648,121.0,4.474325849591097,11.077549407114624,17320.101637492942,4828.571428571428,0.0,0.0,18.015526749405627,12.089820867249731,3.715770585260875,18.01115135821188,11.986910041066105,4.425168329684998,1.3287274853661584,0.861562808228222,2.2346784135313493,1.0837388950657014,1.288632344064972,0.7575959880724463,3.5875022236072454,4.35943673925263,4.641922360769946,6.081568417867634,7.862909415719341,50.79807736550293,33.66464466462192,15.341495570196809,29.650989316880736,48.667532,0.7786561264822134,4.219885626070473,1.0659917122867448,7.028898167601124,17267.504234895536,16666.685488424617,15572.049689440992,19774.167137210614
LOG00008,Idle 35,14.0,14.5,30.58814229249012,2.328271362420004,57.178291365567866,24.66478260869565,120.0,1.3196656939515874,5.0404347826086955,13855.095990965556,9585.714285714286,0.0,0.0,1.355931955847973,1.6120444715160975,0.7517116695174222,1.5982390467941447,1.6062518128519623,1.1411151607855268,1.0668775256875338,1.0735385584092048,1.0145833247903993,0.4636532148410569,0.431002157208988,0.33589845540999286,4.874283162539581,7.126414231256136,6.239233584084379,2.0412846142283874,2.203330283964536,5.26848336772998,4.635743584051549,1.4895030793918027,2.9146592154994764,14.001882,0.0,6.150134195306451,0.4137490928481767,2.123853480883366,11486.984754376059,15494.889892715979,14429.023150762281,14009.486166007906,LOG00004,Idle 35,22.5,23.0,29.56489151873767,4.605436944072245,57.03853906948204,24.39970414201184,146.0,1.6698969610486178,4.975798816568047,13016.546914623837,9171.42857142857,0.0,0.0,1.293709564554945,1.1932695858925924,1.2996851425012594,1.8015707904459777,1.2176131492336835,1.7764801699502981,1.476177715595314,0.7426160539394258,1.9437942354358282,0.4645606644143898,0.6007895853390773,0.30150399107704895,4.932594057380261,4.928811066487368,4.5353748311474815,2.365139420063145,3.6642067794840347,5.145611484968588,5.163022829092257,1.244503262759328,1.796090074571386,22.989653,0.0,4.802544031484335,0.4717589050240348,3.083852768790477,11179.797125950972,14456.466610312766,12842.434488588335,13587.489433643279
LOG00008,Idle 35,15.0,15.5,33.81005917159763,0.4213688087973795,55.35152515541978,24.486863905325443,92.0,2.4079835765348254,6.721143984220906,14527.972668357284,9114.285714285714,0.0,0.0,2.207902693671264,1.6296428287622744,1.345787370825544,2.2265383958635794,1.5895885298896162,1.2824147444956406,0.5890586569293085,0.8778794414704009,0.983809395548856,0.39938012596693306,0.5844279409806535,0.33891290665949847,3.027928992856016,6.1394354463001966,9.795880369038292,1.920879011284117,3.5491188541588112,6.168412248277046,6.68301742429953,1.9404342367183094,3.0005005152148496,15.22246,0.0,6.8997655464896095,0.4531086924483056,2.8535960485795298,9619.385742462664,16289.771766694843,17006.593406593405,15196.13975767822,LOG00004,Idle 35,55.5,56.0,31.91459566074951,1.6853071943916786,54.324356425058305,24.030650887573966,77.0,1.3471237236187514,5.637337278106509,13863.919413919413,11742.857142857143,0.0,0.0,1.2584275044664808,1.1565932243805388,0.9576767680217076,1.610011153253015,1.1929403672899805,0.9384270565962348,1.144528888237064,0.46945302430821645,0.7112971863677683,0.32102100567036757,0.37420231939222914,0.27726499152294515,5.174359490742149,3.4032532100373656,5.10417883097056,1.2271922972753573,1.9388111116807278,5.299696690364642,4.114006479049917,1.2085834002419331,1.6242146135564532,55.957311,0.0,4.633528895978062,0.3265770646388368,1.6224964501145498,12730.092983939137,15028.684136376443,13110.03099464638,14586.869540715696
LOG00008,Idle 35,15.5,16.0,33.123076923076916,0.24494897427831827,44.97749846536359,24.411893491124264,72.0,2.2324919869000373,6.521617357001973,14327.993801070723,9000.0,0.0,0.0,2.133651092028857,1.8040603274220754,0.9431728624413652,2.4883399779073594,2.0119154518740583,1.1785301196362261,1.2086919175548883,1.1932632815075754,0.7269498051663945,0.4014107773246346,0.5492545275436005,0.38122646796111326,3.040422184409989,7.223701631582462,9.801568639339457,1.8359844249195743,3.1391038577356096,6.061649094395826,6.465658027440877,1.9757404494890238,2.8672707378934708,15.902287,0.0,7.245614308284756,0.450238739653241,2.5714598809040226,9466.018596787828,16075.71146801916,16826.796280642437,14943.448858833473,LOG00004,Idle 35,59.0,59.5,35.50553359683795,1.8256432652287813,46.420516190413494,23.738083003952568,79.0,1.7757720369703331,6.880652173913044,14983.857989836253,12642.857142857143,0.0,0.0,2.0268542596698857,1.2803405845381672,1.3140121283088104,3.561212738346215,1.5607507856599487,2.097091736957125,2.723094717162952,0.9331491303520237,1.8418849308850138,0.3217420270631064,0.3971941356690476,0.27418272051405135,2.675799752201945,3.289464968362369,5.628576995707725,1.3178958960032523,2.0685785938046592,9.587747451084157,4.7656544619383485,1.6952006079454867,4.98681271278356,59.499106,0.0,4.068634623088252,0.3348916628886845,1.7343394984040865,14424.59062676454,15606.211180124224,14014.03162055336,15890.598531902879
LOG00008,Idle 35,16.0,16.5,34.11403162055337,1.3221960229522745,34.4226477634258,24.288932806324112,70.0,2.248116499603974,7.040158102766798,14627.470355731226,9371.42857142857,0.0,0.0,1.8644060999104912,1.46972817007452,0.8569829836298704,1.8193477974172103,1.5528395932067367,0.8731024058187367,0.8608097807637046,0.7696253779419846,0.5490165386690795,0.38642217973684384,0.5816571875944314,0.3293567249227366,3.101697371249801,5.208480988133697,10.018210427002373,2.0017527862824855,3.3350617251174257,5.362179074488045,6.085036399578044,1.6787064959804678,2.2829036491304264,16.123302,0.0,6.760506414617846,0.445766395146108,2.7504227791135056,10086.335403726709,16085.714285714286,16849.011857707508,15488.819875776398,LOG00004,Idle 35,34.0,34.5,34.53688362919132,6.001646762202246,25.55646661228639,24.107021696252463,51.0,1.897350612383878,7.1352465483234715,14403.529163144549,4200.0,0.0,0.0,0.9136915999953593,1.306845832760859,0.6766702703227383,0.9330950940183889,1.1090470061916173,0.6770994725375998,0.2880408315410114,0.5357261491687194,0.0044749634330923166,0.34801561295917816,0.5599496722488482,0.2615382335228854,2.903091510776276,3.341000652207955,6.622144226765745,1.5833161258806552,3.3266320171712978,3.0450269865983826,7.236222711618949,1.1275367777829919,1.9237830303853354,34.076632,0.0,4.598659943870684,0.40949592993875467,2.605126727449446,13246.40743871513,15378.162862778247,13539.983093829249,15449.563257255564
LOG00008,Idle 35,16.5,17.0,36.07948717948719,0.8055608832488357,27.940904438432707,24.283688362919133,51.0,2.2375784364729867,7.361400394477316,15463.348830656523,11457.142857142857,0.0,0.0,1.5398310724225286,1.5867355188893322,0.9853668842535479,1.762199476080546,1.6876653451112857,1.0715284359718715,1.0282919434711835,1.312739567247821,0.6586857499347265,0.510413097477161,0.4649276312929677,0.30459793038420574,7.1220806756178865,5.206836438707073,12.221814124544029,2.5976386305430683,2.6646808872665013,5.604661345419916,5.611343821864731,1.563459199739941,2.2110736669886144,16.985653,0.0,8.702641731956287,0.43568303907399664,2.6313732808034906,12437.249929557622,16321.217244294168,16433.24880247957,16661.67934629473,LOG00004,Idle 35,30.5,31.0,32.607889546351096,0.03228454037966074,24.456635922961176,24.32335305719921,1.0,1.2080576461591066,5.723767258382643,14407.290786136939,13071.42857142857,0.0,0.0,0.6483233932207317,0.7338374248566005,0.7224146881732553,0.6065776066716136,0.7338374248566005,0.7224146881732553,0.17294632370499433,4.523540814200143e-17,2.3812038649055474e-24,0.29436633893706604,0.3283718857465483,0.2401669089150712,3.051381798528974,4.255404072070962,6.121719942122159,1.0455275433141222,1.4581698412097757,1.8311354944981666,2.5774014098726283,0.6924018299793158,0.9621661416689548,30.905515,0.0,4.650980174356374,0.28991940315989895,1.2687369959219694,13860.129613975767,15106.142575373344,13326.12003381234,15336.770921386305
LOG00008,Idle 35,17.0,17.5,32.54773175542407,0.7678768745796913,27.810251364616164,24.484082840236688,60.0,1.9119923510019377,5.945601577909271,14315.363482671175,11400.0,0.0,0.0,1.4227268530203256,1.3722030545312818,0.6944328972066413,2.3714306985885867,2.1965327289882617,0.8669659099652418,1.5562103414517146,1.9222239651606028,0.7452998040068103,0.46986051070961243,0.505771510001945,0.3247213168018445,8.193417026331932,5.692608968804899,9.778883578427422,2.2622466125018716,2.868222839640286,5.636245060556097,6.519429313972325,1.3976932641266644,2.205499969247992,17.017227,0.0,8.065656482468151,0.44046099087186263,2.583066200623822,12099.6336996337,15073.034657650041,14979.318117779656,15109.467455621301,LOG00004,Idle 35,25.0,25.5,33.10276134122288,2.9695416783291497,29.460572675291953,24.183708086785007,54.0,2.2437445786604564,5.743057199211045,14474.112426035503,11671.42857142857,0.0,0.0,1.4240260874866502,1.2467693794984342,0.7188558419956539,1.3448839002589266,1.857349665661865,0.7213077446692069,1.422246184157123,1.2240447960491911,0.26253580550731176,0.32042544837901743,0.39996077964767346,0.2358288327410211,3.94298604839156,3.4858072897346615,6.057689701058737,1.2952652786058558,2.072050855068873,5.38260035556897,6.432014356210734,1.3383355676917217,2.1687687118571577,25.323059,0.0,4.632983054623694,0.32570760485301414,1.7278754133260816,13779.599887292195,14880.924204001127,13782.84023668639,15453.085376162298
LOG00008,Idle 35,20.5,21.0,37.683629191321494,2.901993507254942,17.61191700150049,24.26463510848126,43.0,2.6905015108522186,7.750078895463511,16043.371372217525,13428.57142857143,0.0,0.0,3.336573659110001,2.9833002780687243,0.8880063172503279,3.515481918463939,2.8458337679112526,0.8880226466260192,1.0937099306944569,0.9308762023959312,0.00015750974403132243,0.44113327648719275,0.5001583083149201,0.3687591252500716,2.7392711050662943,4.232509330039521,7.693173880280478,2.231857931760922,2.9780785715332985,9.05287993450047,8.60221062363694,3.1648700077405727,7.3432905908096515,20.503168,0.0,5.3104508838124245,0.43997734542283223,2.631552945105794,15463.736263736264,17378.557340095802,15208.114961961115,16123.076923076924,LOG00004,Idle 35,9.5,10.0,37.73708086785011,4.7426311324568715,22.421685960359007,24.362209072978303,33.0,2.953654045067107,8.005266272189347,15982.156945618482,12714.285714285714,0.0,0.0,0.9612313702933737,1.3380246523442647,0.750659376875255,0.9610394855161687,1.544761847310497,0.7351025891500016,0.00677095952817952,0.6849750840144888,0.15651880406909222,0.3244620426592859,0.38102547967621536,0.2580397325732862,2.666839748957449,3.0313055516420353,5.961921370437072,1.3489002322743882,2.0024277143136424,3.2188424542934886,5.910075641042188,1.1649625997252162,1.8114124103157485,9.858556,0.0,4.157136595514973,0.32508487962152244,1.7072270774096305,15674.950690335305,16262.440123978588,14691.744153282614,17299.49281487743
LOG00008,Idle 35,21.0,21.5,33.92544378698224,0.9868581979473421,24.961623885084897,24.38936883629191,26.0,1.9116644960350655,6.384457593688363,14751.366582135812,12285.714285714286,0.0,0.0,1.4579495375319595,0.9671685938627256,0.6224514138511327,1.3697096452776598,0.9445165371089306,0.6224514584109767,0.6761700763104547,0.2868545017650465,5.535740425322743e-06,0.3533948041414896,0.38759085592201786,0.266848896752989,4.695010698038421,4.271017220572536,7.894471598577699,1.5582603757734768,1.9655377890675505,4.042183876705344,3.773937406780332,1.2371402392097786,2.2153134545225908,21.146478,0.0,5.848287366795865,0.33976604347052874,1.7736282303456736,15050.239504085659,15106.790645252186,13044.94223724993,15803.493941955481,LOG00004,Idle 35,31.5,32.0,32.62090729783038,0.056148272343639345,23.145817586758128,24.3603550295858,1.0,1.099622384192584,5.513905325443788,14443.160045083121,13028.57142857143,0.0,0.0,0.7949375555297764,0.6472736986111989,0.5611037720681354,0.685292056976922,0.6472736986112015,0.5611037720681361,0.30164894645129964,1.5181777548122617e-14,9.527189082388377e-15,0.2649256994978752,0.3037310137921785,0.21987503935968603,2.953921562812576,3.9840221549409867,6.122794556828736,0.9872656808641771,1.3641037221842838,2.0122896572547107,2.4611377879032625,0.7248754921038083,1.0172512049882028,31.731345,0.0,4.549237969720544,0.26506803398818596,1.1906872993127173,13984.389969005355,15088.334742180894,13311.101718794025,15388.813750352212
LOG00008,Idle 35,21.5,22.0,19.294280078895465,14.492312687967237,30.178569911379775,24.52952662721894,2.0,1.4319198773202002,3.3868836291913214,10474.732318963088,3214.285714285714,0.0,3.155818540433925,0.962062614586281,0.6547037049963825,0.5160076096271369,0.8570040745529972,0.6656462194523123,0.592673038012887,0.5757376063506536,0.3303012199086148,0.3441175531309522,0.5944348936768727,0.5095961820224864,0.3949008113049599,5.741616563605102,5.019067459806471,5.404671227527931,2.7372485012233176,2.8287321161445935,3.5932217581928194,3.6243750736583835,0.8228612932082117,1.4474788017424773,21.500694,0.0,5.39653191124389,0.5062896938584489,2.7833661942293153,10600.958016342633,10852.099182868413,8882.671174978866,11563.20090166244,LOG00004,Idle 35,34.5,35.0,22.39822134387352,13.01084743537407,39.53731059847447,24.204090909090908,25.0,1.5533470624445231,3.3871936758893284,10796.788537549408,3685.714285714286,0.0,0.0,0.9964309264264303,0.7071668033169185,0.8042248093669324,1.1345615092197991,0.6713395356917294,1.5102375604299043,0.6055256097981491,0.18430872145312077,1.6192864517206296,0.40945620097274643,0.5343501550975501,0.3125963738804245,2.398275167959008,3.6786959181989625,4.453217299760547,1.787229065372426,2.8553987227477937,4.190852074067918,3.539165395909711,0.8639905898945033,1.5114222500352028,34.613373,0.0,3.6108942455994257,0.4285249746634766,2.38196238404196,10030.406549971767,11594.635798983625,10173.77188029362,11388.339920948616
LOG00008,Idle 35,25.0,25.5,30.594082840236688,2.970134792802773,22.129614905515044,24.299980276134114,78.0,1.9235813660355086,5.781577909270218,13471.407438715132,9757.142857142857,0.0,0.0,2.3292106293244688,1.5338866930302717,0.9508157646353902,3.3967565163256275,2.0785654326985687,1.169798319048664,2.4550320446273974,1.592849607291204,1.1110324108079055,0.3452371392344119,0.5472476367837359,0.3100131972677608,5.996886717035174,7.421875140795015,6.042136205947374,1.4313064335001124,3.1524014123242456,5.9713319061770305,6.800481477327279,1.9720586379229996,3.128704509262436,25.369391,0.0,6.520590229770203,0.41423698561424305,2.4480883124391886,10831.360946745563,14435.784728092418,14408.763031839957,14209.721048182586,LOG00004,Idle 35,24.5,25.0,30.93491124260355,5.305483016788555,27.159357047930804,24.319842209072977,81.0,2.2581529723587983,5.8696844181459555,13360.333896872358,8571.42857142857,0.0,0.0,2.1681105553620794,1.871940779224172,0.9612192628389488,3.9354476190565078,2.0565349511716153,1.3761331969974484,2.6089555880341595,1.195265692866374,1.3842207480967703,0.5505658725789867,0.6421433064034427,0.3393544174717624,3.770149905773311,5.911180648381467,4.3656225392287045,2.7325741221678204,3.7038073622038357,10.150834829301255,6.959306909651413,2.0254463287378006,3.0802655512168915,24.908667,0.0,4.768464012825085,0.5261914184860252,3.2546236579254884,11659.6224288532,13475.6269371654,13934.460411383487,14371.625810087347
LOG00008,Idle 35,25.5,26.0,27.887376725838266,2.46274778428581,27.303346356026992,24.338500986193292,79.0,1.7611993332689397,4.26396449704142,12722.78810932657,6885.714285714285,0.0,0.0,1.2971214092816594,1.8941717265914513,0.9592842178880333,1.2715200705853518,2.4615414002837683,1.0278117213318674,0.8599054986151602,1.723628064740771,1.0080000376345568,0.37591123025785017,0.4718379055444073,0.32816710382992664,4.045025324450922,9.307447604073726,7.394125874610506,1.5914383520816715,2.6031790725597554,3.6601160779600983,5.526161555588249,1.623331525018115,2.4455962599103422,25.575602,0.0,7.249457640118364,0.39649880629438866,2.1574542071953102,9348.267117497888,13672.58382642998,13805.635390250776,14064.666103127642,LOG00004,Idle 35,24.0,24.5,26.237154150197632,3.326585182471316,24.333580119159233,24.41057312252964,84.0,2.015318440626572,3.937292490118577,12100.7481648786,8942.857142857143,0.0,0.0,1.9521298061538688,1.803415444462449,0.7124377009809423,3.455121021553088,2.2948937791131363,0.7812611029300346,2.548951833750808,1.5830679325824228,0.4468910792812663,0.3347556070190204,0.4139463778064476,0.2833162281636242,4.281180808363242,6.316784953746982,4.192356667710874,1.3636599839186132,2.3472606670146017,11.344323509549966,9.053420727960805,1.879244269034767,4.675498185435799,24.000961,0.0,5.026799369217018,0.3481766818109324,1.9195313478365945,10623.037831733483,11839.186900056464,12002.202145680407,13938.565782044043
LOG00008,Idle 35,27.0,27.5,31.433136094674555,2.156327926235354,20.29324356746218,24.241952662721893,86.0,1.8629590921584365,5.47854043392505,13945.012679628066,10400.0,0.0,0.0,1.3414090356305959,1.3419985037679487,0.6796613341019954,1.9415322600096094,1.4469631020833484,0.9083598143714694,1.71643342729168,1.2038030809803066,0.8032278684051901,0.3911522080506562,0.4278943190436431,0.277899179547701,6.736705405929233,8.776035309893736,7.0425738438840835,1.9432560160221248,2.328836002716445,3.8304808870989007,4.311582492512882,1.341703802071608,1.8610012895733088,27.407814,0.0,7.571874312950042,0.3711790008993919,2.1447285459183987,11842.998027613412,14808.284023668639,14227.35981966751,14901.408847562696,LOG00004,Idle 35,33.0,33.5,30.198816568047345,5.756587734676102,22.509328260756877,24.164930966469427,49.0,1.027380068757089,4.8446745562130165,13880.290222597914,6157.142857142857,0.0,0.0,0.744593281789554,0.7690955721123044,0.8318696816167939,0.7082462265670024,0.8734819785185998,1.2261459927906213,0.4504547825276711,0.7053207711389519,1.0629099909919382,0.32686012927055136,0.3638312374172525,0.2919190229998746,3.290413096836233,4.476737841463349,5.9718625615245156,1.2623554129499486,1.8506832717995065,2.146048154735993,4.8510353924392495,0.7569435759450274,1.5028510160375428,33.489569,0.0,4.7092512675498455,0.3288502341069219,1.584072246004355,13306.5370526909,14522.82333051564,13113.214990138067,14578.585517047057
LOG00008,Idle 35,29.0,29.5,29.693293885601577,2.2440441441138907,41.26916630599087,24.307021696252466,95.0,1.2761773900104663,4.690177514792899,13448.661594815438,9971.42857142857,0.0,0.0,1.333858363581254,1.1473851392714194,0.8254260703756084,1.7974803046165841,0.958948897793969,1.3631760368228931,1.236946715304656,0.7458282788406052,1.3522102963284799,0.3237805023375905,0.37010093492738894,0.2597759954490109,5.580992299533936,9.537738166278917,5.068284908649235,1.269774605989869,1.7884580017963772,5.565815640814428,2.928133278565274,1.2441203301764174,1.713565019202463,29.43044,0.0,7.01910336845555,0.3210877779982885,1.5509528642428527,13206.311637080868,14207.128768667231,12249.506903353058,14131.69907016061,LOG00004,Idle 35,67.5,68.0,28.029980276134122,4.235173534981281,39.44025802699688,23.75329388560158,61.0,1.4651497889943075,4.437337278106508,12469.096928712315,8114.285714285715,0.0,0.0,2.808792715689793,0.9524716466793361,0.6540473125451831,3.033844006628838,0.9821106396997071,0.6532500111591937,2.036590147573732,0.6082799716933132,0.007371445364441818,0.28809947248425216,0.33157553055702255,0.2243892588223483,4.367141505638321,5.283715586862778,4.686520599125873,0.9726514836625277,1.4163023270958144,6.180710592800205,3.039516207741014,2.0972027509804683,6.66572213616572,67.999409,0.0,4.794199643289682,0.28477720998745565,1.2148998292879822,12376.613130459285,12798.84474499859,11045.364891518737,13655.564947872641
LOG00008,Idle 35,29.5,30.0,28.823076923076922,1.1735245047776413,44.24341513175342,24.254654832347143,98.0,1.5830470462104869,4.7504930966469425,12913.665821358129,9628.57142857143,0.0,0.0,0.9932811955643633,0.9278259338950969,0.7161280096286105,0.9956678578030359,0.9127643877561846,0.6795946851642471,0.6755897462646648,0.5600789274221293,0.4090969211079639,0.3112294433502628,0.36115854383414925,0.2719679201420081,3.754534718143446,10.581326243563236,4.274833821824293,1.0824715809829704,1.8472342667207526,3.2390005032965075,3.3618112897557166,0.9611109449668332,2.069960212168605,29.984939,0.0,6.9362622073341855,0.3168942041012464,1.5139384333226906,13939.842209072978,13667.56832910679,10081.036911806143,13966.215835446606,LOG00004,Idle 35,64.0,64.5,26.997628458498028,0.8113049486256216,53.23271656660788,23.697806324110672,128.0,1.2314833560303646,3.9990513833992094,12085.326086956522,7414.285714285715,0.0,0.0,1.3616005348568356,0.8864765454978565,1.1032717750245293,1.555296262486791,0.805516486725889,1.3988796658614298,1.0215661544204928,0.49775022122313023,1.1867307306072439,0.2861969338045723,0.39611409168851464,0.24375203588358763,4.334441994663389,6.426016743663241,2.4823582126216253,0.9559608236147351,1.97970243541938,5.2378223154948325,3.336822942827302,1.1488682871069757,1.6410589286986035,64.439854,0.0,4.699048871516869,0.3152935740706585,1.5545228896821666,9837.60587238848,13812.535290796159,12407.989836250708,12283.173348390741
LOG00008,Idle 35,30.0,30.5,31.721499013806703,0.8286483620856272,39.25659297900977,24.241183431952663,75.0,1.8475223678246568,5.96956607495069,13895.83685545224,9671.42857142857,0.0,0.0,4.558334050774007,1.8029555228216723,1.1073449066606142,4.945200787056025,1.9246725141883414,1.2685851439032236,1.4930384723412682,0.8086184686436719,0.7315557557105511,0.4168595762845335,0.5381796023814169,0.3428369777002984,3.15712408374157,9.02383195861545,6.099464701248634,2.0063283817071706,3.244898882824746,11.169131877784999,5.938375182047809,3.4661980566406565,8.0212528680668,30.343086,0.14003944773175542,6.547275396153952,0.4400554450059734,2.6976584601280598,14858.495350803043,15194.899971823048,10925.387433079743,14604.564666103128,LOG00004,Idle 35,63.5,64.0,29.642011834319526,2.7730085157923323,49.18799078723023,23.872090729783036,42.0,1.3599123714770425,4.855877712031558,12974.013806706114,10157.142857142857,0.0,0.0,0.9507718491461792,0.8621619083429313,0.7870784174077182,1.0493994949665026,0.8664264106163561,1.194161272515941,0.5368357431581222,0.11419172469772995,0.8424414701612417,0.3479976191601187,0.37433842024702885,0.25339000517921034,4.831758730155747,5.34800417016995,4.1015915743695865,1.575370106570176,1.9472568889365252,3.170686745465377,3.274731420698808,0.9075489698430521,1.2311720199498326,63.681177,0.0,4.787835087438826,0.3293620553630267,1.7711014036731045,12024.401239785857,13913.130459284306,12235.333896872358,13723.18963088194
LOG00008,Idle 35,31.0,31.5,32.19270216962525,0.12034629542987481,39.12065030985688,24.33364891518738,60.0,1.8323894223812025,5.769408284023668,14167.920540997462,10800.0,0.0,0.0,1.0166521067357968,1.4129777894677107,0.7525827925385703,1.2191419325646302,1.4896745601454284,0.8560266169457514,0.7154246014277992,1.2044177003909426,0.619344433457982,0.42322103475231754,0.5559823137507115,0.31560616538975095,3.4155842263082974,12.080094649799515,9.27529721150286,2.12328606812977,3.083041961620952,3.720511936948772,5.16073019006754,1.2308711832802386,2.096181377136228,31.025832,0.0,9.01158588922863,0.4426584948137937,2.647025827625181,15026.007326007326,15194.449140602987,11466.159481544095,14985.066215835446,LOG00004,Idle 35,55.0,55.5,32.122682445759374,0.4828195294060418,46.8138341852633,23.947258382642996,12.0,1.5272427498674548,5.565167652859961,13964.363200901662,12600.0,0.0,0.0,0.9578932415954255,0.7764889594099165,0.576374748763063,1.19874839279477,0.7711634539598725,0.5763223189149371,0.5335564931428238,0.02397310280926242,0.030232717645610047,0.26541688940427893,0.32326048312602473,0.21545719458283677,3.1960945503465443,4.465327359135152,5.510733478089107,1.0439059283311471,1.5648780640506323,3.0656846039228793,3.071148427334943,0.8719216038095644,1.44420247399582,55.01809,0.0,4.491560688874484,0.2716402448272472,1.3301471615110434,13343.617920540997,14543.251620174698,13124.034939419555,14846.548323471401
LOG00008,Idle 35,31.5,32.0,29.259368836291916,2.0409916557669905,40.052661608715546,24.428619329388564,51.0,1.8337008223540991,4.718441814595661,13143.265708650324,9257.142857142857,0.0,0.0,1.0033201470121675,1.270014337894305,0.7327690343899044,1.034216680513122,1.1859777419383828,0.8085727836488298,0.4744071664817591,0.5296170258831374,0.5787360311659877,0.39672790428502364,0.49834374126914915,0.28294610114497476,4.231354981847628,10.748237493123543,5.5226669995811335,1.8447247297488367,2.8104763571697284,3.635785322491223,4.743104618297845,1.1444622614699071,1.5797454909113222,31.536902,0.0,7.392086421285397,0.402408586163227,2.377160773144819,14023.386869540715,14332.882502113272,10447.337278106508,13769.4561848408,LOG00004,Idle 35,69.0,69.5,26.65108481262327,2.3451519102093776,43.036900034206504,23.898500986193294,40.0,1.4536264846299503,3.9576331360946746,11933.030431107356,8942.857142857143,0.0,0.0,1.0027490554513956,0.9054377034570088,0.49944812567290486,1.3783248067471998,0.8744264911594914,0.49944813390381193,0.7278549408656374,0.16488140567390164,2.4199059989986962e-08,0.2509347096942397,0.35164055780109355,0.2564114001367931,5.643769333926923,5.727558668021277,2.6654453286800623,0.7403392846392389,1.6947840784971762,4.555812118943929,3.1629013220736972,0.9553332149177501,1.7854521099069922,69.000785,0.0,4.890864251860536,0.2900379955224874,1.3077452598093524,11912.595097210482,11895.294449140603,11293.040293040292,12631.191885038039
LOG00008,Idle 35,34.0,34.5,22.596252465483232,4.860406976345593,40.3390839846178,24.327889546351084,105.0,2.1135950331501787,3.6460946745562133,10167.061143984221,4842.857142857143,0.0,0.0,6.183428841782511,2.969554781643752,1.6497227253750135,7.0143432400361645,2.801689104775046,1.681880086821934,2.342517238674867,1.5677930751637874,0.40357084551094086,0.48083671645211035,0.9074532264660623,0.4704672373715066,2.824220661064533,6.874025601780081,5.198924293814042,2.386511349628983,5.465931146901724,13.753894911862178,11.772665830197802,4.850414819506219,9.709823156302384,34.261919,0.20512820512820512,5.236323905474196,0.6521796090935101,4.217335635479963,7537.503522118906,12889.82812059735,7933.896872358411,12307.016060862215,LOG00004,Idle 35,72.0,72.5,23.348418972332016,3.68111399811931,46.931154871551605,23.959347826086958,106.0,1.726722468219496,3.7333003952569164,10453.296160361377,6371.428571428572,0.0,0.0,1.3475798328889739,1.2683323767361523,0.8441643495829375,1.4374905923873211,1.2404377021228503,0.6970859389055176,0.6870070055776364,0.3202154504197513,0.6780646815751517,0.36059502219346,0.5547453032000051,0.3112164908464914,3.4399512503786522,6.298674987967953,5.087461678756595,1.3597139033943317,2.7640623224393086,4.237746809769953,4.34504851990357,1.3085561554412275,1.9838279571516024,72.386712,0.0,5.07900375867327,0.4221480094421749,2.178171529220373,7108.328627893845,12139.017504234895,11800.225861095425,10765.612648221344
LOG00008,Idle 35,35.0,35.5,19.837154150197627,2.430106579575354,13.544068189324246,24.393517786561265,24.0,1.0972871533159747,2.523616600790514,9356.648785996611,7257.142857142857,0.0,0.0,2.9496733353990545,3.3190151003271393,0.8385509699441978,2.6389098004052847,3.381069363944685,0.801874050623426,0.7599450104532662,0.9803712732681739,0.3409609902100468,0.3776128634984023,0.5066801354662993,0.3231791760533504,3.1066930832572246,7.185037531673545,5.810982787872341,1.6865447178062571,2.6258332798116077,6.3759057327601285,7.484239038946769,3.1397797710797932,4.472167886966207,35.257418,0.0,5.628612238852025,0.4097808415035745,2.206743471557849,9413.071710897797,8352.258610954263,9099.830604178429,10561.434217955957,LOG00004,Idle 35,14.5,15.0,20.536489151873766,3.235879642771899,12.691421842859333,24.61467455621302,10.0,1.4948577157380276,3.0633136094674556,9614.78585517047,5685.714285714285,0.0,0.0,1.7491628066051477,1.901211356952805,0.6823872917706038,1.737322160486331,1.883987781449901,0.6823872928675674,0.12302531723828328,0.31635765933046195,2.4709093901873225e-08,0.3139122866029,0.3692965364796126,0.2911819092635221,1.9580466635611482,4.697134680403737,2.812939643532679,1.06616760240155,1.7591246688760094,4.670187457434012,5.710297283770219,1.8267697101464544,2.433369711754399,14.655141,0.0,3.3570647089728154,0.32644946511338674,1.4545158914667793,9305.466328543253,9447.05550859397,9879.797125950972,9826.824457593688
LOG00008,Idle 35,36.0,36.5,36.25443786982248,2.772255298031071,24.86632331340737,24.101617357001974,32.0,2.3286735861215226,7.233037475345168,15420.069033530572,13228.57142857143,0.0,0.0,1.2692544165735509,1.6557302979571131,0.6820267881006542,1.3772265318569694,2.314593233086208,0.6801842808550943,0.8180073487759146,1.7315120830362905,0.2385630860751175,0.32509078987946183,0.42614199013212606,0.28097778402453777,2.591216421729918,5.356836107301947,7.447425111872346,1.273953319427386,2.037170695995356,3.233515316459031,6.095395487894625,1.475203306931729,2.3425035032276265,36.000341,0.0,5.503763452453346,0.34939449172034814,1.6989734407433,14698.112144265993,16103.21217244294,14876.049591434206,16002.90222597915,LOG00004,Idle 35,31.0,31.5,32.60512820512821,0.0268925345684652,23.67196152468946,24.169033530571987,1.0,1.1580859892152862,5.435838264299802,14413.207945900254,13028.57142857143,0.0,0.0,0.6664952617548938,0.5817854508556342,0.7289923575041412,0.6060254739129233,0.5817854508556342,0.7289923575041412,0.18856115720149133,2.093487591454998e-19,1.0177666070139962e-19,0.2979748281954833,0.31821608592878003,0.24565266447716427,3.08675093647611,4.208109395793098,6.121865346476269,1.0264236936230953,1.4739526835890457,1.842945930878606,2.4795017632747998,0.6255758326410228,0.8550087819871461,31.017993,0.0,4.644475261038119,0.28890350589005254,1.2700555327012726,13874.218089602706,15089.433643279795,13323.217807833193,15365.96224288532
LOG00008,Idle 35,36.5,37.0,31.689743589743596,1.5458965640427773,40.660187830531854,24.076429980276135,12.0,1.5293924391936637,5.598086785009861,13894.04761904762,11800.0,0.0,0.0,0.6757906479131885,1.6660613273018394,0.6561216521360419,0.6030430532302052,1.7031928626453123,0.5832965265474219,0.2064013038351448,1.2319373667813673,0.27407709740128877,0.29440930191946946,0.3430094096739697,0.2526041949944213,6.619300775458195,7.159860828095256,6.321790054863824,1.1802432641151468,1.6266859864288323,2.134066688546473,4.27736577675626,1.2713090391674429,2.158131012900668,36.889287,0.0,6.709291550565019,0.2989655339724933,1.4211054607123856,13630.290222597916,14425.866441251055,12844.096928712312,14675.93688362919,LOG00004,Idle 35,70.0,70.5,30.14733727810651,0.4701837848851479,42.80119131991896,23.4856607495069,5.0,1.4725465607203665,4.897357001972387,13145.111298957452,11642.857142857143,0.0,0.0,0.8397530144196091,1.086396056103013,0.5839650199415154,0.8660977575540302,1.0518420973651146,0.583965019935666,0.12174691696440589,0.2765671915377094,1.387609005638452e-10,0.25985051330229325,0.3185641226029606,0.24148354171391395,5.37835751686271,5.715042116462768,4.898299202101222,0.7691679392701726,1.544681861983655,2.3458385664579855,3.46893796023972,0.9709380814302733,1.5297687446299626,70.093909,0.0,5.3410913692940545,0.27526937739358454,1.2201764982047503,13077.599323753167,13346.745562130178,12192.843054381518,13963.25725556495
LOG00008,Idle 35,37.0,37.5,33.22470355731225,5.9960463267421416,53.2414393879691,24.130276679841902,39.0,1.9839972789845728,6.134664031620553,14492.398362507058,10957.142857142857,0.0,0.0,1.239049538117372,1.2782524235113029,0.668941585282575,1.2410685077804087,1.2408112023226767,0.6856234075959946,0.9526774852365163,0.6824667483952703,0.3752242606427511,0.3240823836967066,0.3992109626175114,0.24486894455155134,5.024752921070444,10.609127081301605,7.305192111330318,1.2751790421926812,2.0780795619489174,3.5581004835984325,3.9417698318286702,1.258803601861981,1.7319095215196494,37.388518,0.0,7.982638476269523,0.3288158471963348,1.7240209185849873,13909.457933370977,15359.627329192548,13513.241106719368,15187.267080745343,LOG00004,Idle 35,51.0,51.5,34.36351084812624,8.048030735484945,58.42992425987475,23.766725838264303,30.0,2.2145617539319487,6.6422090729783045,14821.499013806706,7442.857142857143,0.0,0.0,1.4282125177266844,1.1161105630350694,0.7298916464939857,1.410701002197077,1.0371935657886528,0.790092392690268,0.45070993139659277,0.41566126032412753,0.49657973987499265,0.36758109699292246,0.5262009552847418,0.3233494509820965,4.678957942491242,5.002216090903795,4.987587628988853,1.5385941916371928,2.7695350571478006,3.801017200095793,4.570076758426413,1.281696880059723,2.000984022540266,51.308582,0.0,4.891858665324849,0.41495307994178426,2.240267452706303,13969.287123133276,15820.963651732882,13685.066215835446,15810.679064525219
LOG00008,Idle 35,38.0,38.5,31.859368836291914,1.3935912754651176,61.45136368887838,23.894852071005918,179.0,2.480396179579407,5.970216962524654,13762.242885319809,8028.571428571428,0.0,0.0,3.7600808085161814,2.751153556089864,1.33316882217873,4.04309373823727,3.0510847897892504,2.595906318847888,1.9698848784757619,1.4839600439589602,2.440966150969469,0.48508227930270015,0.7916849667880749,0.5690151758949411,3.0575853165666307,7.8851690322043195,8.980590300542463,2.4882992343780046,4.738223934847137,10.771886119523922,9.719335534629618,3.2944691207960646,5.446080001788221,38.305087,0.0,7.12216541932567,0.6287151381270877,3.7843360802500388,9304.480135249365,15934.742180896026,15290.419836573683,14519.329388560158,LOG00004,Idle 35,52.0,52.5,33.17948717948718,1.8980456400750803,61.790328911907594,23.92792899408284,174.0,2.4441881123679385,5.901775147928994,14252.535925612849,8514.285714285714,0.0,0.0,1.8636460075428252,1.4905787885749935,1.409954974511463,1.983585015696353,1.5496782696116038,2.1068292263086246,0.9539225599965064,0.6411777605283976,1.915212945952516,0.45840916565144707,0.6139143174391398,0.37302257679651346,3.4296344110772985,5.6129704218963665,4.849802837124946,2.220730407232678,3.595922464669428,6.91152883009474,6.479218790419281,1.6874539351312692,3.711782343849392,52.494445,0.0,4.718347758474859,0.4919944427565321,2.9885031297894,10400.53536207382,16067.145674837984,15615.102845872078,14927.359819667512
LOG00008,Idle 35,39.0,39.5,30.676528599605522,2.83004822560345,13.7998634313722,24.263471400394476,40.0,2.0159782868911442,5.506469428007889,13327.909270216962,8657.142857142857,0.0,0.0,4.30039567375867,5.500276742026412,1.1877300414732532,4.496057442389485,6.641685624978315,1.1055015007907767,1.4124267690690948,2.19716107302872,0.6084216497015621,0.6474134994078206,1.2911092791121417,0.5155578813671605,7.35711797084721,10.356175878618956,7.010377961231057,3.317082162332467,8.105548629595072,12.578902847394183,15.892575766597478,4.936924507715252,9.055670383887296,39.055894,0.22879684418145957,8.377011456463581,0.8854203029945247,6.192856879437583,12954.240631163708,13919.498450267682,10839.053254437868,15598.84474499859,LOG00004,Idle 35,32.5,33.0,32.63418972332016,0.06798217893891739,22.547853017234598,24.31332015810277,1.0,1.0345218657906416,5.492766798418972,14488.276397515529,13271.42857142857,0.0,0.0,0.682769707643428,0.5379547624565914,0.569377697691363,0.6487041091904642,0.5379583053972522,0.5693826320243188,0.12441162069143254,5.534669155187895e-05,3.670115058902171e-05,0.2566043094061223,0.29854872421996703,0.2072015364983529,3.254951341867762,4.316819635699081,6.226841297554292,0.9664791110711286,1.4240882776340962,1.806334921824403,2.1981846624605224,0.6146420910274609,0.8619357735031691,32.746615,0.0,4.761064045988442,0.25684599086251486,1.2169858862434857,13871.118012422361,15200.197628458498,13557.142857142857,15324.647092038398
LOG00008,Idle 35,42.0,42.5,36.45790513833993,3.2398376781444753,16.223864628524236,23.881521739130434,46.0,3.124392107012274,6.894446640316206,15423.136645962733,12642.857142857143,0.0,0.0,2.5123672973985727,2.1494620070415427,0.7703565804017366,2.847836662954388,3.095416831660893,0.7572231934491536,1.5887635317834667,2.5522192768879433,0.27823981255727936,0.35870044272443113,0.43877175576194816,0.28679144140471635,3.0672905335697287,5.274681461196544,7.508664861970658,1.5573268449774407,2.487733673460412,7.01677831099235,7.845720869899684,2.3379666760620084,5.570024426390344,42.000924,0.0,5.586011807596122,0.36671332678634244,2.0753416263541067,14486.30717108978,16533.088650479956,14829.36194240542,15843.788819875777,LOG00004,Idle 35,15.0,15.5,38.82800788954635,7.043752010298259,16.985426528721348,24.210512820512818,49.0,2.974164422282787,8.930670611439844,16012.799380107072,10871.42857142857,0.0,0.0,1.3791362964019325,1.2525277296645834,0.6166294275165933,1.3613308257003585,1.4098486292876948,0.6166294275166582,0.268650480484622,0.48941079777102253,1.8407808607282497e-12,0.43835372582246984,0.6031573373094428,0.31391952285114005,4.71414308748791,4.620518528377413,4.096310217702499,2.0092799994447392,3.605652409745688,3.970303969404289,6.46275934741833,1.3173539079594283,1.6223840415355684,15.269872,0.0,4.485238526546197,0.4670825156649681,2.9187270698091607,15597.182304874614,16109.580163426319,15431.783601014371,16912.65145111299
LOG00008,Idle 35,43.5,44.0,16.161735700197237,11.307899673014358,46.23245469773578,24.141222879684417,111.0,1.9073021283393201,3.5023668639053254,9178.543251620174,3428.5714285714284,0.0,0.0,4.12727707441143,4.203534692446268,1.9228508705844085,5.775376300696975,5.0812671144688535,2.941586130053927,3.7971117974369357,4.0826050716741555,2.19374293559965,0.3724241861247886,0.5431075442112024,0.3688112463409804,5.074019703628601,6.070566813963314,4.41712202129831,1.472137607814102,2.8860050699705453,11.889116233455844,11.282634017584433,4.1655803893072045,5.686311952224696,43.705782,0.0,5.231584347233078,0.43577031963234236,2.2908747674454317,10516.849816849815,9303.268526345451,6852.803606649762,10041.251056635672,LOG00004,Idle 35,35.0,35.5,19.316962524654834,6.929087721443246,40.61922302853624,24.27660749506903,110.0,0.9502907809905707,3.2879881656804737,8954.149056072132,4028.5714285714284,0.0,0.0,1.7638665894364887,1.0487613120546257,1.1061112713631625,2.389431540627252,0.8771890922970805,1.3553812449380342,1.4380516131158534,0.6023261011933453,1.4266181836057237,0.2973598929002679,0.36094550595162234,0.28291859321906354,2.36507438476395,3.9249289811440766,1.7544099716076194,1.0142291702204003,1.690660583326543,7.527988538769318,2.8788831934996244,1.4510557596096798,3.0066847714475053,35.185634,0.0,2.832937150789354,0.31556694723485934,1.3940936155330472,7189.659058889828,10565.004226542687,9132.572555649478,8929.360383206538
LOG00008,Idle 35,44.5,45.0,34.94802371541501,1.947280978421898,18.032846126199523,23.90213438735178,80.0,2.290041404999468,7.010988142292489,14747.61434217956,12428.57142857143,0.0,0.0,1.5220164543513415,1.9802729763571447,0.7465626771628547,1.4443662864741407,1.9947110818524663,0.6994897550700654,0.22812394209239584,1.3889104465498683,0.262816878112969,0.42317673462495914,0.44897879448493505,0.29260735021241235,4.04881289339129,7.48121159317543,5.793992578969926,2.007149783826128,2.580208650624374,4.265404539938511,6.083574724035606,1.7660712256597426,2.5819243425453333,44.903513,0.0,5.942271247952043,0.39424170590443536,2.3115067526907787,14656.098249576511,15326.821005081874,13999.745906267646,15007.792207792209,LOG00004,Idle 35,73.0,73.5,36.43944773175543,2.8988711144844452,20.65611993033395,23.606725838264296,89.0,2.3874224485414564,6.96025641025641,15239.447731755425,11342.857142857143,0.0,0.0,1.2342698299292743,1.3590986934491096,0.9793042719028434,1.4173406945508245,1.5577393736008822,0.9651907076917295,1.1161158343232755,0.8550427981536033,1.004068566578859,0.4622725959048305,0.4979173117680971,0.29776049297351653,4.330589735245763,4.960928166324782,4.497690919230839,2.325945549543846,2.8825774831152096,8.012194847367939,6.192028979234869,1.2981855167133691,2.0830147392817278,73.000359,0.0,4.604130005816592,0.4282829724449287,2.6190910298809427,12532.769794308255,15679.289940828403,14710.284587207663,18035.446604677374
LOG00008,Idle 35,45.0,45.5,33.558382642998026,3.9640723471583414,33.974412700956975,24.08459566074951,56.0,2.4978571768308404,6.095167652859961,14427.387996618767,12071.42857142857,0.0,0.0,1.5545216424612869,1.5805468819053468,0.5076549059402338,1.6194732403304988,1.8003645730904658,0.6071658195347927,1.074555164312853,1.2412152480705496,0.37306577229371884,0.3553155922529588,0.38577153403417896,0.28420959254468414,6.20461274855416,8.079010263702353,6.870994898315917,1.6009739385035242,2.126341963886733,4.01820315657323,5.516337578152204,1.5675882722802643,2.2853849067108145,45.04065,0.0,7.094086671146425,0.3444047710972124,1.8820796607945653,13624.93660185968,15194.702733164271,14282.361228515076,14607.55142293604,LOG00004,Idle 35,63.0,63.5,30.351084812623277,3.0067927382372215,43.68690734289636,23.91027613412229,13.0,1.4994138526096472,5.051834319526627,13319.688644688644,10114.285714285714,0.0,0.0,1.2278821476784558,0.8834637812393397,0.5757403447752467,1.163936270406647,1.071720457211495,0.5858189556231207,0.48075307742500906,0.6029457850783091,0.04986069810239271,0.31176175711035053,0.3791218957006922,0.2645336171234094,4.962529489578455,4.190687627202751,4.48902025686881,1.3138047658356378,1.9179332166701974,3.0105010165765895,3.759537509849907,1.0696267623215983,1.7486966705031766,63.351663,0.0,4.558503577209832,0.3219248564414861,1.6438599067954853,12442.603550295858,14009.805579036347,12680.811496196113,14145.53395322626
LOG00008,Idle 35,45.5,46.0,32.692110453648915,1.2180500161501513,44.9094796340602,24.075956607495065,38.0,1.6716204297918853,5.8339250493096655,14077.359819667514,11900.0,0.0,0.0,1.3747292901191945,1.545689623020121,0.7879944706375972,1.526902273460503,1.3539864492676688,1.1810409014437184,1.0505534668425969,0.6761216210525197,1.2924152468489092,0.4121227295721283,0.3622459801211275,0.2716479746092318,7.239163085702324,7.595177693833563,5.908707533197947,1.9122741650160302,1.808830950089128,3.8327973212420092,3.893807352732957,1.4627093067017292,2.092602826251994,45.922666,0.0,6.952338481766937,0.35348734840782997,1.8612713246848358,12792.533107917723,15026.739926739927,14226.120033812342,14264.046210200055,LOG00004,Idle 35,71.0,71.5,32.904930966469436,1.982973716050715,46.43684353342963,23.5236291913215,11.0,1.421253949028172,5.694497041420117,14121.13975767822,11371.42857142857,0.0,0.0,1.0469475704200715,0.9470389183738283,0.6025094706697989,1.0967922987412946,0.9469912150197041,0.6945195493709091,0.5776492109238983,0.01989767043541831,0.40537745676185444,0.3084915176191023,0.34637507858532746,0.23294591644169618,3.918116280188113,4.251628603184348,5.488750658905671,1.312770740316616,1.7568040383134738,3.260848983727176,3.8317679678405416,0.9982439401577057,1.4654718775901692,71.499778,0.0,4.602693586735484,0.29967010277680933,1.5507623037825564,13759.537897999437,14722.231614539305,12812.707805015498,15190.081713158637
LOG00008,Idle 35,46.0,46.5,32.04635108481262,0.7567197317891868,51.31327296161679,23.87165680473373,42.0,1.548889851632922,5.603116370808679,13916.138348830656,10042.857142857143,0.0,0.0,1.9342911884458192,1.190971182433106,0.7421283697801893,2.4835704381127703,1.1318435583165647,0.9283353330198032,1.7281373626763428,0.32978443655639633,0.913638624269658,0.3507393835167982,0.4921819751933555,0.2973023536407812,6.722969949718954,8.282298783713077,7.325868377934377,1.7191682244817135,2.711259048470853,4.607471849526751,4.443597881241901,1.6062214603044707,2.2460488489828463,46.145636,0.0,7.47134850787411,0.3888658300473846,2.2700732380236857,11634.657650042265,15368.413637644408,14591.687799380108,14069.794308255847,LOG00004,Idle 35,76.0,76.5,33.87199211045365,2.8708431188338226,56.602548886958765,23.650887573964496,32.0,1.9902328176745012,6.15224852071006,14338.426317272471,11428.57142857143,0.0,0.0,1.4256016342085471,1.0684050141392072,0.6335474795815997,1.3389592160503323,1.0920376692085354,0.6335473950142589,0.3151570749475122,0.5922349898989497,8.754865270236535e-07,0.3222563863233826,0.3728584106117546,0.26711742684706136,3.7910914207346176,3.5545841929516735,5.429081981113381,1.191662519645909,1.8003375344249184,3.6134746728108342,5.611695310719839,1.2597280051058404,1.6686481442729872,76.006455,0.0,4.339061884125014,0.32363780816190413,1.5266425250509743,14293.068469991545,14704.733727810652,13052.127359819666,15303.775711468019
LOG00008,Idle 35,46.5,47.0,27.812648221343874,0.6562846849608999,51.53411379851796,24.13304347826087,81.0,1.4088048826424395,4.314525691699604,12430.717108977979,8000.0,0.0,0.0,1.3335762277072403,1.0199506677878456,0.6907332318335063,1.6922120378740773,1.0200504367477141,0.8205312077507311,1.0517438012576419,0.00564418538768587,0.6244184628846218,0.3468793256232768,0.47960630208621524,0.2925266011812146,4.582671306396128,8.279783884825688,8.035769882831703,1.512881456601981,2.659309403474322,4.396144555917348,4.373609321604264,1.1871657255469321,1.7106180329132348,46.821453,0.0,7.167735465071019,0.38119080259292143,2.163415910676573,8906.549971767363,14398.927159796725,14109.147374364766,12308.24392998306,LOG00004,Idle 35,71.5,72.0,24.10414201183432,4.7687678232248585,48.98031065852727,23.75213017751479,74.0,1.089739285182938,3.1658382642998024,11152.11327134404,6714.285714285715,0.0,0.0,1.1055832287047385,0.7570331769884745,0.9849348995077456,1.1772869731809517,0.7880553279415284,0.9577055835654074,0.640944107125417,0.09876092172095081,0.8130821246911603,0.2744344651375534,0.346094562721082,0.26137612317251785,4.294384102537937,5.189711571247704,3.2778703668761295,0.8598699296455924,1.5679748283204944,3.2359543251531404,2.926785771232725,0.9474738800237331,1.5861413151730719,71.633953,0.0,4.32509249053002,0.29631807221583545,1.2645001696629774,9774.41532826148,12536.291913214991,10586.221470836856,11711.524373062834
LOG00008,Idle 35,47.0,47.5,24.73333333333333,0.636755004869351,44.809708187005974,23.953471400394477,93.0,1.4249104388016662,3.6754043392504934,11261.763877148493,5228.571428571428,0.0,0.0,1.4601253168801767,1.2140011284417633,1.0231604213214012,1.3963976627753287,1.0629478450427534,1.017799738125216,0.7111846714301953,0.5574873521646403,0.8065202459102647,0.364838649802758,0.47661706619855454,0.38976190747360784,6.04756967973533,7.911692108416259,6.504173406369568,1.6066227798522872,2.3836159110370274,4.377862546194522,4.693358436368226,1.3427145416752422,1.827997619356296,47.395644,0.0,6.867125617747097,0.4131930189387207,2.032592134208087,6173.006480698788,13285.770639616794,13062.073823612285,12526.204564666104,LOG00004,Idle 35,68.0,68.5,24.579487179487177,3.8009670384456675,42.93997848263505,23.838777120315584,62.0,1.1794676923284946,3.604023668639053,11123.2741617357,8000.0,0.0,0.0,3.5929917593988585,1.641305646718443,0.6585126839266066,4.564968323506475,1.8424283717880037,0.7385352438410837,1.645446182955462,1.2472223199357921,0.5065838490304364,0.34642006562488814,0.45001736614646004,0.29040633139860034,4.5163148779245725,6.224299260244412,3.49010678249643,1.4303700441917844,2.3129644969288212,10.828773126082824,5.916913209853501,2.7931589651376747,6.726635750833213,68.040845,0.0,4.875785294386589,0.3682654518221617,1.922987679026363,11018.174133558749,11469.8224852071,9628.881375035222,12376.21865314173
LOG00008,Idle 35,47.5,48.0,23.638067061143985,0.2371565022262051,31.42392110785107,24.100591715976332,82.0,1.5998864312397272,3.679388560157791,10755.480417018878,6228.571428571428,0.0,0.0,2.009700648402285,1.2971388403011854,0.7332252644610515,1.983722877829193,1.3470625796201314,0.8231726850065639,0.9414164374992519,0.9172947746744321,0.707865670643272,0.39592449040903754,0.6871396183381255,0.3974391512954616,5.073023489644373,12.045120717675223,7.196745808592119,1.8189093072404305,3.7131832805188605,5.216420742701984,5.382050671259784,1.691370135009849,2.6573734713253625,47.854404,0.0,8.614206302446766,0.5121441646574323,2.923710069645302,7346.463792617638,11939.870386024231,9522.344322344321,14213.24316708932,LOG00004,Idle 35,26.0,26.5,22.127272727272725,3.3135795686886556,33.99035759116686,24.312292490118573,32.0,0.8905555296456512,2.9995059288537544,10523.08723884811,7257.142857142857,0.0,0.0,1.1150938794585619,0.959532036461507,0.4217346796192621,1.2204541934123507,1.204102695367652,0.4217346782020255,0.8720389950814303,0.7882477972088499,5.8095846753370906e-08,0.2700020108864149,0.28621623249499234,0.20518086375103572,3.4499028090328183,5.101436918979888,2.4313464509569953,0.7580870522409209,1.0737716378452589,4.204975407992083,3.8869905649710437,1.0402249970563855,1.4944491413388135,26.118298,0.0,3.8226488893909116,0.2562030473901227,0.9294303387065156,9892.687747035574,11113.749294184077,9856.521739130434,11229.390175042348
LOG00008,Idle 35,48.0,48.5,23.230571992110452,1.7451969218684713,14.03840669407789,24.00930966469428,67.0,1.4969475204962508,3.407278106508876,10645.611439842209,6500.0,0.0,0.0,3.295267024340968,2.663763448643758,0.9760513970659614,3.8625227114949325,2.50705606445348,0.8274589006749258,1.9775626024209088,1.6195304729925755,0.7300942183760859,0.48062850869166013,0.9196470479590755,0.48317704935459244,4.76470398193095,10.102949560670643,6.57954489094023,2.218646300232831,5.358853740618262,8.649315053087959,8.170882058227708,2.9961992984479076,4.354892456577023,48.359533,0.0,7.4847045105954075,0.6608616893142926,4.101201337344652,7782.163989856297,11805.269089884476,9280.980557903635,13714.032121724429,LOG00004,Idle 35,9.0,9.5,24.849901380670612,5.6502653050885705,14.353590519066826,24.608540433925047,37.0,1.6785053440175965,4.039625246548324,11366.927303465765,7571.428571428572,0.0,0.0,0.7143399061513906,0.9865714167221825,0.5002749127200269,0.7245686862032921,0.9491016452138898,0.4999306046618241,0.32018287104558385,0.4573305033455948,0.007565882054740642,0.29141766156351456,0.4991467750326244,0.26056258797819704,3.6880698133017615,5.3560440748721065,4.223850675350614,1.0987520163069977,2.6824765920936997,2.6036690846130246,5.225676253624243,0.8612794731716272,1.4583645689386868,9.320761,0.0,4.476977462806058,0.36604399496531925,2.0497483577831366,10571.259509721047,11408.593970132433,10847.675401521554,12640.180332488024
LOG00008,Idle 35,50.0,50.5,25.20493096646943,1.0330415754533036,22.716160099324707,24.08236686390532,1.0,1.1222114972167563,3.5914792899408288,11489.842209072978,9528.57142857143,0.0,0.0,0.6503592352834777,0.4341424193697056,0.4391915308243799,0.6117079915249123,0.40417269112072046,0.4391759713526609,0.2433493297545106,0.24871936744713227,0.00026076495235842864,0.25310930861742503,0.2928887406602754,0.2178395124094766,8.390045855969905,9.17469459527129,5.818730035179808,0.6237040209826377,1.120764152143736,1.64802194504835,1.6605410111479155,0.5529225873549983,0.9439422746354806,50.41856,0.0,7.925181587910812,0.2564515481731077,0.9069506575664351,10423.92223161454,12174.640743871512,11530.600169061707,11830.205691744153,LOG00004,Idle 35,28.0,28.5,27.45533596837945,0.07210270569629319,31.02052225903394,24.306541501976287,0.0,1.1341423910113708,4.4726086956521725,12418.817052512706,11371.42857142857,0.0,0.0,0.6446395651586105,0.5973744067604426,0.5817509023839362,0.6443300711746774,0.6059688438010549,0.5817509023839362,0.017564230029475554,0.0647989140331383,4.441089107480659e-27,0.25057287748992496,0.25296102832036993,0.20491167313440467,7.644373203856867,6.093499634862703,3.2659778788955536,0.7517105431050976,1.0286697792406512,1.7558484993213879,1.977641826437712,0.6214564951870217,0.89971301168448,28.374763,0.0,5.9507363965969775,0.23718125457774625,0.9008968462977244,12032.495765104459,12796.668548842461,11516.487859966119,13329.616036137775
LOG00008,Idle 35,50.5,51.0,24.956213017751477,0.6812911645367953,27.444610638751563,24.03757396449704,20.0,1.1381220070612612,3.668954635108481,11344.540715694562,9585.714285714286,0.0,0.0,0.5729887654482033,0.8230663515223847,0.5798182246517605,0.5614827013589303,0.7456748781905209,0.6908379708151763,0.4768971582864906,0.5628482273521608,0.3801325059422874,0.24843328915493157,0.2935212705873925,0.254047901164758,6.661666989539224,10.951654833896944,4.8791652953597495,0.7472275021406772,1.3359743292770156,1.6581637142794607,2.5712720280454717,0.7091383307713052,1.6625541775368036,50.99967,0.0,7.918813140443416,0.26609157041251413,1.0823992674707812,10293.66018596788,11978.444632290786,11419.27303465765,11686.785009861933,LOG00004,Idle 35,27.5,28.0,27.469625246548325,0.0642392716135865,31.571263238018915,24.247357001972386,0.0,1.1958450427573095,4.310946745562131,12417.18089602705,11242.857142857143,0.0,0.0,0.5997650858309379,0.6817375265342591,0.5474910140962558,0.5997649847817865,0.6817375870223417,0.5474910140962558,3.7757111963262265e-07,1.273930914454626e-06,3.1752668868837336e-22,0.2412201591816273,0.27558145889046576,0.20813147315920769,7.042902649341222,5.666619701726362,2.6151781863984804,0.7118673405153814,1.0970230945154182,1.7897362427297587,2.2784471683613394,0.6420608278297477,0.8716068630850853,27.841974,0.0,5.432992224017547,0.24320842625152408,0.9247201685895647,12263.398140321218,12651.732882502112,11489.88447449986,13263.708086785009
LOG00008,Idle 35,51.0,51.5,24.95680473372781,0.4256657940012563,31.487635464831143,24.18331360946746,37.0,1.1844709815435641,3.725108481262328,11399.591434206817,10471.42857142857,0.0,0.0,1.11053610577058,1.1127738429388725,0.6146915253273983,0.8905968987653244,1.0758313015776202,0.8677977077406146,0.9886534158050341,0.8450484872234663,0.6621835608996774,0.2699043586869822,0.2939279314737959,0.22892497397193887,6.093225018744345,10.26558491901295,4.63037431662385,0.9111292444366365,1.243234796711275,2.311535261741034,3.5211393171429304,1.1116555374190846,1.6706301558305088,51.003616,0.0,7.392563632249366,0.2656116434739189,1.089905789465631,10961.143984220907,11620.822766976611,11106.480698788391,11909.918286841363,LOG00004,Idle 35,62.5,63.0,27.674556213017752,1.8058647472883662,37.69648216846143,23.833944773175546,18.0,1.4683079967557189,4.140986193293886,12306.304592843053,10257.142857142857,0.0,0.0,0.9352682955330021,1.005369594325742,0.5798915225426153,0.9137077610582172,0.8997540152090904,0.5959564168161048,0.2538363736129907,0.34146563224680476,0.24515862961565868,0.28663182092061107,0.3576832211997311,0.2652434965188932,5.746904295668047,6.551021857215614,3.824940022433308,1.1271468030655223,1.7995032373378779,2.675036175537431,3.3308669376324564,0.9709518025689827,1.5609719815556233,62.848509,0.0,5.494632609268086,0.30575000677985775,1.5014446071784213,11339.898562975486,12726.514511129893,12052.719075795998,13106.086221470838
LOG00008,Idle 35,51.5,52.0,23.464624505928857,0.5298906939565474,32.86185842041076,24.121798418972325,36.0,1.1310491056836451,3.3659881422924904,10818.111236589497,9457.142857142857,0.0,0.0,3.3394151180796197,0.7107883303427958,0.7266253430585948,3.493193816545802,0.7039489258089985,0.9678763879757628,2.0125224490015685,0.31401209332395896,0.6967762029713017,0.24137190310669024,0.30934680000135645,0.22173020232523258,2.275742290252285,6.741332690679867,3.044524997573679,0.7153945912195778,1.5078468062092738,7.232447745767467,2.5237997577841442,2.414219685675913,5.26065128437156,51.710025,0.0,4.468172701784732,0.26020512479171326,1.180125292530783,10614.878599661208,11277.922077922078,10245.087521174477,11134.556747600227,LOG00004,Idle 35,69.5,70.0,23.61936758893281,2.0688782727763666,42.5131271216314,23.916739130434784,10.0,1.28145281419272,3.3524901185770752,10674.414172783738,8742.857142857143,0.0,0.0,0.6437500536735499,0.7608401970056671,0.4905914421752623,0.6437428188293921,0.7578619548713867,0.4905914421752756,6.359871450004356e-05,0.3457602189259966,3.5047535985374227e-13,0.27317451633586826,0.2676228083209426,0.22125106765716274,3.419927712979278,5.192988743073485,1.9718405195991158,0.6649888374222097,1.2516104208370158,1.7331914404271562,2.6243764552091466,0.704731132058291,0.8931564829816436,69.974533,0.0,3.7661294314111795,0.2550805878203709,1.0021823186037442,10648.842461885939,10810.728402032748,9674.59062676454,11563.495200451722
LOG00008,Idle 35,52.0,52.5,38.06568047337278,11.553434971705915,34.10726455255995,23.732978303747533,31.0,4.419059450140256,8.800532544378697,15206.473654550577,10714.285714285714,0.0,0.0,1.7778492452997698,1.4339158980453868,0.9784516328446008,1.974193158386323,1.5080094271163766,0.8436169386353933,0.6093227319188799,0.9599248919599166,0.5262997070928218,0.40756229674454403,0.5113973895410788,0.3307903906629171,7.388479802559043,7.801129397787226,6.103990226220339,1.9223893208647582,2.937840738051306,4.435823328267879,5.456299401225939,1.6150638906371888,3.128567244718536,52.477603,0.0,7.134562597095828,0.4231062113748915,2.4825882565508834,14671.766694843618,15796.985066215837,14580.839673147366,15776.303183995491,LOG00004,Idle 35,38.5,39.0,38.15364891518738,14.008001429269628,30.577886689440543,24.382899408284022,35.0,4.344336600454306,9.990374753451679,14991.215835446606,4314.285714285715,0.0,0.0,1.7323491827247588,1.3816076447072991,1.0212750518297333,1.7385762002433036,1.431796770256486,1.2596067904797759,0.17531370052968315,0.4655676639705936,0.9757221656273383,0.5991040736853172,0.6691325250388357,0.4325341469759811,4.16988588591517,5.006303973339277,5.604174842822155,2.8853669329194136,3.7185598686804946,5.174851949782682,6.330633702633811,1.5668237576065773,2.2879666279980593,38.884545,0.0,4.961780710052521,0.5755431682250053,3.3281398584303727,14225.753733446041,15215.102845872076,14668.836291913214,15855.170470555086
LOG00008,Idle 35,55.0,55.5,31.520512820512824,4.186063726229284,18.98994545725164,24.200473372781065,42.0,2.3006221282286106,5.7786982248520715,13440.694561848408,10742.857142857143,0.0,0.0,1.7987200212289514,1.2968347612217657,1.1614503222883206,1.9508282657935985,1.3841141337513705,1.5341995086468123,1.0287653798271499,1.048596998428847,1.2698906257059654,0.37069109483888485,0.5955164281299342,0.3185074411363385,8.63843125207311,8.916809561959282,6.777189237988103,1.6690857756239186,3.4461860784014555,4.445594854399966,5.659991427429894,1.5679882194523964,3.199355662356805,55.000338,0.0,8.166237020573258,0.44478410269279495,2.7075861771472853,12226.908988447449,14263.595378979995,14275.147928994083,12997.125950972104,LOG00004,Idle 35,8.5,9.0,29.623122529644267,9.014755083868925,26.215969822831948,24.530770750988147,43.0,2.785650222866118,5.934683794466403,12976.53867871259,5414.285714285715,0.0,0.0,4.438214079631987,3.1972775013964623,1.8671158719399454,4.502060147453983,3.201543010173324,1.7079935388522856,0.5137166419811526,0.32708467979852157,1.65876106157398,0.6092484510581374,0.6475452265729855,0.4085481947645303,3.8700103249473825,4.3615372790615705,4.831444598840921,3.1651745949452628,3.8251081035958605,12.476697647603844,8.275636894397019,3.8678370982746673,7.2896485051975315,8.68627,0.0,4.371988268645143,0.564921859794065,3.510682428010374,11599.463579898362,13548.02371541502,11209.345002823264,15549.322416713723
LOG00008,Idle 35,55.5,56.0,43.56785009861933,6.7551289530841565,37.200451115326736,23.642879684418148,28.0,3.7312801736860832,10.254536489151874,17465.46210200056,13742.857142857143,0.0,0.0,1.8135481206774344,2.5894564462576444,0.8775367492901524,2.1852838380207427,2.529075195861608,0.8890383518214632,1.2922156853080282,1.2813723935365415,0.5510892957549092,0.41314758575605703,0.6146257791137323,0.32901717331872654,2.6517488399934472,3.9256749238030286,6.533996525686385,1.8807642312684114,3.323540891182406,5.381500930804024,7.146536105257395,2.235424061903906,3.062200921158035,55.743246,0.0,4.659606782961565,0.4678703795945576,2.700296108668475,15882.30487461257,18474.21808960271,17434.91124260355,18070.414201183434,LOG00004,Idle 35,89.0,89.5,44.94063116370809,4.550241773065289,40.47525426804268,23.13041420118343,61.0,3.469842137420399,10.228205128205126,17634.52380952381,9714.285714285714,0.0,0.0,2.66489644743616,1.987718679994671,1.0145541712425254,2.8088741352793685,1.9792549103729404,0.9426985197906881,2.105165975409221,1.0886310116303306,0.4546453400470454,0.3860133038145854,0.5240504640515067,0.2859976868356914,2.4779283483322483,2.484908206187121,3.048994806052957,1.7325432647019066,2.8758236811890256,8.511739196075725,7.597622383200683,2.3508188601376356,4.045266631166906,89.06659,0.0,2.6839813101673284,0.41045902616047536,2.374033277920882,19604.7055508594,18264.919695688925,13143.617920540997,19524.852071005917
LOG00008,Idle 35,56.0,56.5,44.734319526627225,4.011212795059849,54.36459183801306,23.854911242603556,58.0,2.247293858223971,10.101045364891519,18002.451394759086,15814.285714285714,0.0,0.0,1.3253671901613788,1.6522396647778343,0.9439091576253231,1.7953342166736723,1.7474237951877798,0.9795963359014028,1.2246522713593775,1.1778343735205272,0.4743339953513766,0.3031893583880346,0.39183825245542175,0.28259590604305607,3.079679358595574,2.870690575138969,8.330138697606836,1.1179038947876114,1.9143030546311777,4.285888040058118,7.110982699366547,1.4977473249219038,2.4662348779005203,56.000748,0.0,5.388769186970194,0.32930302622324553,1.567524370297249,16955.367709213864,19142.885319808396,17379.62806424345,18531.92448577064,LOG00004,Idle 35,43.0,43.5,43.64418145956607,1.768177130689829,60.11119758117069,23.77810650887574,43.0,2.699299525420019,9.819171597633135,17841.2651451113,13685.714285714286,0.0,0.0,1.3354667764156047,1.5394254492527026,0.8485518478225579,1.3368145621038539,1.5114860546190274,0.835626444983049,0.5024700717041083,0.27865050972716193,0.4014436564403404,0.4067148700509855,0.40933180945770936,0.302404256773262,2.5503162408446087,3.241180467695006,5.242823065232555,1.7107784756291433,2.2144767902011995,4.129319804917276,4.689574655941509,1.441059024592118,2.1433507189939367,43.311443,0.0,3.8512576926599746,0.3761284577858569,1.9787206026894986,14602.141448295295,18929.4449140603,18616.568047337278,19216.90617075232
LOG00008,Idle 35,58.0,58.5,39.853846153846156,4.50068589995122,36.49226847974888,23.821242603550292,81.0,3.7680374585332763,8.410907297830375,16449.936601859677,12071.42857142857,0.0,0.0,2.9135972548377533,4.15971513008152,1.1379638983365392,3.1531549444259466,4.459261158276819,1.2110791931329936,1.1256083111475002,1.1297212287849452,0.8736551918071529,0.6293157224147831,0.6607846202969152,0.3872670803380415,3.994451842096586,4.434506033045968,5.202781200886804,3.2892711997652926,3.9576620487113012,7.705117539136779,10.141601008022212,3.591119527865037,7.433947633062447,58.036088,0.0,4.571266108357398,0.5723199525943885,3.6388455530164467,17173.203719357567,18891.46238377008,13303.91659622429,16431.163708086784,LOG00004,Idle 35,82.0,82.5,38.21561264822134,3.7944588943025175,32.93194728088426,23.546363636363633,44.0,2.84100498557803,8.078478260869565,15305.230095990966,11485.714285714286,0.0,0.0,1.4331166545649268,1.6138265429071459,0.757947786402869,1.401486849803209,1.6493826871030934,0.7579483545647809,0.36590358752277347,0.47619036954873323,1.316822696749047e-05,0.4763509592643785,0.7128436397499669,0.34096344024012076,4.418514009095871,4.734728807269454,6.8551043738837185,2.3706885287704806,4.254066795268368,4.861521094449623,6.623708763718501,1.5261486585819544,2.3928900125434542,82.469466,0.0,5.444672592048223,0.5327014043860009,3.443635317440628,14783.963862224733,15281.479390175044,14857.368718238284,16298.108413325806
LOG00008,Idle 35,58.5,59.0,32.535305719921105,2.1987705133643796,29.46861160937997,23.85936883629191,39.0,1.9123359834239184,5.773885601577908,13981.00873485489,10614.285714285714,0.0,0.0,1.6165451511441316,1.1579410813359756,0.7796142256766876,1.7583834711429749,1.3413798661018264,1.016651106514547,1.2939519614386574,0.9496752862738678,1.03366621151111,0.39993506051692196,0.5894305409734542,0.32193262252087285,5.217348842511162,8.726273973460186,5.465104628901036,1.8262035752332348,3.25897640552297,4.385739846815446,5.36718791495122,1.4060664588726113,2.022437062232942,58.537267,0.0,6.664231763906393,0.45130072335642585,2.64158538665231,14329.754860524092,14920.766413074107,12121.358129050435,14552.155536770924,LOG00004,Idle 35,29.5,30.0,32.61775147928995,0.04905892858739384,26.85987839674422,24.206134122287967,1.0,1.3433209998619258,6.014674556213017,14358.375598760213,12828.57142857143,0.0,0.0,0.771580656900409,0.7322709017558614,0.5166604859554929,0.7435844604196905,0.7322708898216307,0.5166604859554929,0.16982871467979874,1.7433548113893895e-07,6.061016864219477e-34,0.29545856569057655,0.33536021732879795,0.23030783128724278,3.05145281199942,3.9915995839616487,6.026404218516643,1.0489358618607763,1.4032961251479583,1.9861453057473932,2.599119863168371,0.7521826186708946,1.0889516902661844,29.883346,0.0,4.529966125976998,0.290289474237346,1.2388515764918901,13896.477881093266,14952.183713722177,13185.150746689209,15399.690053536207
LOG00008,Idle 35,59.0,59.5,39.026679841897234,11.907807069889245,34.978019411696884,23.719328063241107,38.0,3.547654288971205,9.034822134387353,15848.517786561264,8371.42857142857,0.0,0.0,1.3751375126499839,2.1084703555691493,0.9474492632695789,1.4950558420676712,2.9421109609848863,1.6471370644166419,0.7090691478149375,2.115461847973227,1.3800522745490684,0.576162286821868,1.0186225990529536,0.4937694844806374,4.968797396074083,6.1811152120624255,5.47725709386381,2.9524340990306475,5.927015590987969,4.315382908186569,9.396303200407706,1.7799789913101616,3.0220489918939926,59.319636,0.0,5.56463470200586,0.7333401402399555,4.682220676395621,16345.623941276115,16341.163184641446,13558.949745906266,17148.33427442123,LOG00004,Idle 35,58.0,58.5,35.649506903353064,15.87458908609351,26.862365029500303,23.56897435897436,73.0,3.166634162100226,8.417948717948718,14935.052127359822,3300.0,0.0,0.0,1.748556234144458,2.063592978475738,0.8870846680233874,1.7064496979274006,1.8729491921396688,0.8986250930765552,0.5777718891942576,0.9505537238755827,0.3999397287875992,0.5560593526977384,0.6800353789789362,0.42506107909475505,3.090567312322201,3.456755659136602,4.394150011903032,2.5715075702776184,3.884643464856406,4.612606001198018,8.606107642680078,1.9125722057977068,3.0895081700934712,58.499704,0.0,3.6882389802395235,0.5634202224943801,3.294169548842826,14009.016624401242,15476.190476190477,14111.214426599041,16143.78698224852
LOG00008,Idle 35,60.0,60.5,30.140631163708086,3.365582557703374,60.591593956741804,23.795759368836293,93.0,1.507962471416582,4.376706114398422,13573.260073260073,9257.142857142857,0.0,0.0,1.5471206630108187,1.9181494879482206,1.2430244902813405,2.3691392888931255,1.9397051231769775,2.4463351350371236,1.8487779006815124,1.4349354550245061,2.5936984605494984,0.4381834151104608,0.6907513859035005,0.36606263749680173,5.72272417466532,8.327239371459056,6.125041175482405,2.1616162072695957,3.947612832209484,5.965218053850192,6.516554552423697,1.7425383502280596,2.337034960423336,60.186834,0.0,6.821745058517691,0.5174115180320167,3.1824700863131126,13271.625810087347,14455.42406311637,12189.60270498732,14376.387714849252,LOG00004,Idle 35,91.0,91.5,30.8930966469428,2.870136599386975,60.25592146730395,23.307199211045365,47.0,1.371077578196562,4.7504930966469425,13368.984220907298,10157.142857142857,0.0,0.0,1.7065598051540487,1.0143514113721819,0.6110979745087466,2.2590750896641354,1.0315702000377198,0.6281836981449314,1.5038388986576499,0.5073126525316952,0.29217357787802284,0.2981890882079404,0.3511089621514154,0.2334309041164809,4.159334530002777,5.770317900253844,4.426160330144865,1.1150019454771978,1.8364653410487364,6.464285130509073,4.0172213109491475,1.4037904320660128,2.5952990828249507,91.192616,0.0,4.836924907094431,0.2981522109180502,1.5191830513949247,12345.843899690053,14340.800225415609,12475.598760214143,14313.693998309383
LOG00008,Idle 35,64.5,65.0,25.383826429980278,2.2402307647078827,54.61015142441369,23.692524654832347,151.0,2.155066400288281,4.293984220907298,10983.375598760214,5671.428571428572,0.0,0.0,3.8929855762702674,2.6365968555626904,1.4751589527398805,4.002384490418731,2.6775200269926196,1.4828965606568263,1.7050494107977654,0.9310905280363909,1.2651870667990657,0.6363448529176391,0.899169968887191,0.4086602052023845,6.091189117671892,10.921019147265863,5.39051801961382,3.286816129980088,5.415303698357319,11.59890153270067,8.99440983522675,3.324678907489519,7.2276102867760414,64.975703,0.0,7.861910891591465,0.6783422361658404,4.479323298096475,6552.2400676246825,13255.762186531418,11208.227669766131,12917.272471118624,LOG00004,Idle 35,64.5,65.0,23.237672583826427,1.6581699315781757,52.513366678084125,23.87189349112426,153.0,2.0761333472767203,3.4418934911242607,10493.64609749225,4885.714285714285,0.0,0.0,2.435887277065545,1.9458448543336175,0.8399838741561465,2.564495031436677,1.885468467986707,1.0241815371576488,1.1760643333435115,0.7830981155621745,0.914245983704513,0.43863144295821915,0.4880154839257602,0.4634347974381971,5.043290436667194,5.331166906819332,3.891104513534799,1.9756875051134826,2.6534094954663017,7.826395433610208,5.728746846730536,2.204524781410543,7.681414220462468,64.999239,0.0,4.7957207783674285,0.4637989746932343,2.339222420858293,6396.787827557057,12141.927303465765,11391.913214990138,12043.956043956045
LOG00008,Idle 35,65.0,65.5,27.414792899408287,0.4022595285540178,25.202767582236785,23.61625246548323,45.0,1.7053824346545687,4.324970414201184,12003.113553113551,9257.142857142857,0.0,0.0,7.616867624549242,6.3060587284449285,1.651606533181251,7.799718680876216,6.378923776357032,1.8365153875271585,2.4194165518115667,1.189764660093035,0.7794348549285837,0.5796337401396797,0.9002811396711256,0.44053114867408266,6.447861147489068,11.548916911084902,5.876762882472989,3.1580035136101454,5.463215475894219,18.083686677939255,15.388845572275306,6.9922474604558635,10.267094224774974,65.438406,0.2445759368836292,8.356409459675332,0.6684681732907362,4.462046028898859,11284.446322907861,13030.853761622991,10426.289095519865,13270.865032403493,LOG00004,Idle 35,116.5,117.0,26.565415019762842,2.1149686561959733,30.9268140727114,23.202332015810278,39.0,1.1190777772629215,3.7641501976284593,11675.247035573122,8642.857142857143,0.0,0.0,0.7894985855112044,0.8340798898393713,0.49654199078147354,0.6450450433379511,0.9515654243806292,0.49283788323460087,0.29416000818523486,0.6568319001881321,0.1294693265442236,0.2416667852582832,0.287502499780612,0.24327992453423386,6.893749405250026,5.835269049918649,2.974788953033726,0.8387753057181702,1.1588879461717199,1.7456892134740152,4.6304115867221345,0.8120952158332945,1.1201075009670427,116.572973,0.0,5.490097602727267,0.2583574037120906,1.0115743386584883,11645.20045172219,11830.942970073405,10547.571993224166,12677.272727272728
LOG00008,Idle 35,67.0,67.5,21.485207100591715,2.2417497450951123,25.668393815582444,23.690986193293885,63.0,0.8726591405590136,2.4922682445759365,10038.102282333051,7042.857142857143,0.0,0.0,2.006062281278801,0.7434860929403945,0.9359639876475602,2.799557214603205,0.5946828843540893,1.5526445915956955,1.9568320592010802,0.32487397837760595,1.5212359755422418,0.23906570950645858,0.3600405732373991,0.19936710328862128,1.7457199451548087,6.765155317269098,2.7280146067225735,0.5493158086318543,1.6798437164046947,6.474193955754325,2.1951174077768707,1.512788393458464,3.2706946856793215,67.220179,0.0,4.330393680647577,0.27479014399637,1.2497245234765149,10155.19864750634,10155.311355311356,8945.393068469992,10896.506058044519,LOG00004,Idle 35,123.0,123.5,20.56508875739645,2.508923746330922,27.430239727032035,23.4085798816568,36.0,1.0308039307365033,2.6617357001972386,9276.458157227387,6342.857142857143,0.0,0.0,0.9448441512872706,0.8840301348312739,0.6380999992532205,1.0257211318325055,0.8617825973158703,0.6269534775532034,0.758876189441428,0.4523319160457825,0.5741432794844705,0.3330155343177811,0.4188958646774514,0.3026969957330849,2.0439979548410876,4.763671742040821,4.4079489989202845,0.9918137818911524,1.9014589218360678,2.674667484725186,3.10245814610342,0.9149425527079726,1.304043309942297,123.49977,0.0,3.9285497952974593,0.354964112160963,1.5164499018067181,8198.760214144831,9213.8067061144,9914.849253310791,9778.416455339531
LOG00008,Idle 35,67.5,68.0,17.92800788954635,1.7728960294666753,26.689606513726428,23.748915187376728,30.0,0.8330641947690473,2.3823865877712036,8496.604677373907,6242.857142857143,0.0,0.0,1.2619564432590549,1.2100955802593463,0.7037033884149075,1.5166123898172688,0.9467279990583413,1.061845886065258,1.1523916457714487,0.9114672417112116,1.1058460337774914,0.2511058498285202,0.33028296998781714,0.27869670881628866,1.4713307750141615,5.042438267238735,4.401839009471095,0.6453730533508156,1.2253370632943168,3.508232077228117,2.6483592479334064,1.23629797744036,2.232349426670557,67.542795,0.0,3.9567320098670167,0.28856705955872597,0.9792745520726286,8724.42941673711,8832.206255283178,7648.5207100591715,8781.262327416172,LOG00004,Idle 35,85.0,85.5,16.704347826086956,2.0989129667194075,27.405597113677697,23.48897233201581,34.0,1.2153163370948301,1.7974901185770753,8074.280067758329,5914.285714285715,0.0,0.0,2.9961327118145227,2.4603545128576383,0.5494716336439128,3.3106325162757844,2.2780804629345,0.5362710311659304,1.2921843141818379,0.4378458166799096,0.4806030364517831,0.36851915602299085,0.4988422919011151,0.3099426818982475,2.869578227870051,5.4462912010569395,5.162429981984217,1.4471238884546203,2.6140527698086125,9.205600632438525,6.423308592978576,2.7413642183905425,4.754377575681653,85.095676,0.0,4.638507316348857,0.40029758372463053,2.1127516929208814,7659.345002823264,7068.068887634105,8458.55448898927,9111.151891586675
LOG00008,Idle 35,68.0,68.5,29.5069033530572,3.984106946638983,27.89727223552027,23.75285996055227,27.0,1.859163544756384,5.200710059171597,12677.592279515356,8571.42857142857,0.0,0.0,1.475933554494323,1.5560522325148802,0.7067721968102515,1.7043419371091673,1.3814025213724026,0.8155171406192356,1.3738740671303358,1.0006621952340278,0.7167713625040357,0.40295814348595543,0.43217678810960414,0.29949317188715285,6.591111740537875,9.812548629759815,5.776220695560131,1.9320980708371602,2.4207690264029087,3.9351247884395884,4.337352104010203,1.5165220749459585,1.9976261457005344,68.431719,0.0,7.595910963833867,0.38246925871648363,2.1901056634925586,12491.462383770076,13463.341786418709,11874.83798253029,12880.726965342352,LOG00004,Idle 35,54.5,55.0,29.066666666666666,4.117899223766169,36.39924973894596,24.032248520710063,23.0,1.752757556507785,5.038323471400395,12654.402648633419,8500.0,0.0,0.0,1.0384876334811093,0.9930258885468551,0.5762383405771014,0.8976591871767314,0.8873051745014354,0.5762385199687702,0.4490756013476828,0.5058714144957731,3.7204437496623202e-06,0.359983474254808,0.5044542774838553,0.30045812598968724,3.884980545804847,5.0602882189689025,4.291158901230769,1.6366946659082775,2.9101357566369805,3.0032855118815647,4.429816493009129,1.0160110679066117,1.396187416631073,54.994412,0.0,4.438980191287546,0.397633543723177,2.3608959688505657,12052.127359819666,12989.715412792337,12352.859960552269,13222.9078613694
LOG00008,Idle 35,68.5,69.0,31.394466403162053,3.4048513708482053,28.752773691786455,23.560237154150197,22.0,1.8344012386908426,5.2450790513833985,13646.661490683231,9971.42857142857,0.0,0.0,1.5912498743470402,1.552436923728455,0.6813238525428188,1.6354620140945917,1.6364063565963538,0.8152639999495497,1.006659479200133,1.3367705306306377,0.8461539574641663,0.3212359720427777,0.43266776046797417,0.2580847495485967,6.885770941906961,6.57924315772448,6.570287907772308,1.3050716702138785,2.3289158984407075,3.5232149350076374,4.4413169716524115,1.5719631937111223,2.082223362453137,68.641864,0.0,6.680044041369131,0.3449645772308621,1.8877316184252368,13646.950875211747,14114.511575381139,12516.82665160926,14308.356860530772,LOG00004,Idle 35,30.0,30.5,32.613636363636374,0.04207815734923841,25.460508716235296,24.23294466403162,1.0,1.2146561161871372,5.37094861660079,14392.10191981931,12942.857142857143,0.0,0.0,0.5634005767879601,0.6400534006815779,0.5307203252802155,0.5723413066374619,0.640053400681304,0.5307203252802155,0.17056985930480303,1.8041309497272799e-12,2.7820658237748543e-29,0.30279899662957294,0.3322982268800799,0.24520112470170227,3.005900293730134,4.032179280688312,5.952265330132873,1.0004157895689816,1.3648214086012282,1.9157140899174647,2.392346161846727,0.602946334945764,0.900324309157149,30.000757,0.0,4.499013554390222,0.2956534770653537,1.1965720265398083,13925.5505364201,15016.29023150762,13236.053077357423,15390.513833992094
LOG00008,Idle 35,69.5,70.0,22.9629191321499,1.987268590070726,24.02869230252241,23.77045364891519,47.0,1.1518837220663278,3.214714003944773,10578.853198083969,7785.714285714285,0.0,0.0,1.0975181573112547,0.9984924375418346,0.5584088009327437,1.0004961382926292,0.9404691116124649,0.8176222229828592,0.7929042883641362,0.7617950772746,0.7626281579642081,0.23993700016753283,0.34996911551096643,0.21193281568005645,3.962128005044091,9.497761127272884,3.244199018858402,0.6339377282517739,1.6160820057261345,1.8647567010847907,2.6131211925327738,1.0491742594669695,2.3335734868495845,69.999424,0.0,6.229787370182399,0.2738391646100557,1.2275174321639644,10770.10425471964,10619.188503803887,9593.829247675401,11332.29078613694,LOG00004,Idle 35,66.0,66.5,21.435108481262333,1.352399481317598,22.928353219400144,23.879428007889544,43.0,0.858343580487264,2.82818540433925,9936.968160045082,8271.42857142857,0.0,0.0,0.49033820083778606,0.8302618739865036,0.48871125362594353,0.4398957740734367,0.773301716036105,0.5825733273434868,0.3133006516024338,0.6027603888598108,0.33661601394136287,0.2623281671413053,0.28400410482680527,0.24023170951620257,1.9441076881998585,5.90801996831467,1.5849796780499044,0.6234911227400458,1.0771056402099477,1.9107295920575724,4.644990514912726,0.6818234121077166,1.5818970976827587,66.499811,0.0,3.70569000453599,0.262796291888647,0.8800277666948141,9377.768385460691,10133.53057199211,9329.106790645252,10907.466892082277
LOG00008,Idle 35,70.0,70.5,18.565877712031554,0.8545269686061628,21.67989222230872,23.848086785009862,49.0,0.785520857992367,2.5962919132149906,8794.857706396166,7242.857142857143,0.0,0.0,1.4617782585935448,0.7313904301904883,0.7092833816770809,1.0538170297397538,0.5449398297224872,1.1780054254861658,0.8798136094885576,0.43988140504959705,1.1522718177207203,0.2333224067100025,0.31022218738132695,0.26931503017381153,1.5215858208623807,5.7587286417532395,4.586001346145482,0.5696963006369419,1.0931221032333,2.5926614686696485,1.768115590570186,1.1557957515649129,2.3859361784866953,70.01521,0.0,4.340107038866158,0.2727683611260196,0.871627732330899,9041.335587489435,8936.460974922513,7962.581008734854,9239.05325443787,LOG00004,Idle 35,123.5,124.0,18.369762845849802,4.961182795097012,23.306189900117023,23.419683794466405,35.0,1.1861798829076762,2.380039525691699,8534.119141727837,5614.285714285715,0.0,0.0,1.3817925712750827,1.751062352213834,0.5855759191615307,1.3110613916620046,1.7575210107699275,0.6830348090524269,0.7579926313797626,0.9578289953027986,0.46916355945466953,0.31937109249655116,0.4773834918451586,0.33136146904893105,2.7665758772757316,5.209401837007693,3.565501177522783,1.1015960283013484,2.4249588503240034,3.8895319124572967,5.699837040871442,1.5772713893575279,2.7140372342055903,123.998982,0.0,3.979305141648873,0.3828373528358062,1.8833400164779093,7844.014680971203,8321.146245059288,8960.446075663467,9010.86956521739
LOG00008,Idle 35,71.0,71.5,29.693675889328063,4.9533195965319115,16.53042160937069,23.579308300395258,34.0,2.081907744618248,5.161541501976284,12729.898362507058,10400.0,0.0,0.0,2.184275836836338,2.1085857455778236,0.686870838339708,3.2311891157314263,2.358545407290937,1.1088492766182667,2.1677000958730557,1.4488925738877236,1.0113356099118183,0.46261809722602837,0.4379146593105017,0.28232054528756423,7.4914602305395075,9.440864425639056,6.120892285660081,2.2748606154430373,2.4227038834633023,6.013489447564399,5.257593792802805,2.146764399956486,3.429793335894615,71.385595,0.0,7.804212961849628,0.402280848417923,2.3499452043230753,12371.993224167138,13493.788819875776,12121.710897797855,12932.100508187463,LOG00004,Idle 35,65.5,66.0,28.863313609467458,4.944244882872095,18.435288208318397,23.802781065088755,57.0,2.418931907890796,4.3993885601577905,12880.325443786982,8785.714285714286,0.0,0.0,0.9161498755462442,1.095033202464813,1.0341934082801352,0.9980366851004088,1.0130287633807258,1.1246194936228315,0.48040285646785275,0.4516392367641918,0.9464151386014271,0.3875210178361521,0.4882186501952272,0.3140872207405361,4.5009478388381075,4.881354223665448,4.910450773146553,1.781907593889452,2.7192937138090554,3.091950483259236,4.284967531447832,1.0095613673679635,1.6717902372019908,65.500414,0.0,4.767902309553386,0.4029808812238001,2.2988859231291072,11119.667511975204,13704.480135249367,12461.989292758522,14235.164835164835
LOG00008,Idle 35,71.5,72.0,27.722090729783037,6.093598118940944,11.98866731071864,23.752130177514793,44.0,2.0832516527058336,4.1426232741617355,12413.306565229641,8628.57142857143,0.0,0.0,1.3504305198071922,1.1704553883687059,0.486666862941579,1.3201941578227205,1.2611698077504307,0.485812511903396,1.0107572686767525,1.0351326325252277,0.007333747126815094,0.28513614288318667,0.39059888685259603,0.24122650259495815,4.898648991910483,8.309623243335261,5.429380821355797,0.9945405886888404,1.9869478368812326,3.0556960101601853,4.874965230240645,1.2636511395531722,2.0450066423109226,71.50596,0.0,6.3907426927660875,0.31201513635451694,1.571157644706055,12034.122287968441,12855.170470555087,11791.20879120879,12972.72471118625,LOG00004,Idle 35,53.0,53.5,25.772583826429983,4.821923330569687,16.29486640793978,24.06043392504931,44.0,2.715927237141358,3.5119921104536487,11710.319808396733,5814.285714285715,0.0,0.0,1.772654003641137,0.9966129461295585,1.002761312753752,2.1997463378887234,1.0200509902809403,0.9621534208055699,1.1775572772669964,0.8585393262524661,0.867010463397433,0.4036733288552847,0.5659698974535275,0.3587617344324563,3.5059061055639993,5.152122825119197,3.5690132159620225,1.7986104210301537,3.2446105465574826,5.832473873005343,4.932283058946437,1.4379741967465882,2.7775582093865805,53.364595,0.0,4.146227303700587,0.45165771086286405,2.6232133963395268,9383.093829247675,12379.797125950972,11659.34065934066,13419.04761904762
LOG00008,Idle 35,72.5,73.0,22.024852071005917,0.24881123246160688,14.198268678460934,23.734260355029587,38.0,0.871184203237093,2.9179881656804736,10154.860524091293,8628.57142857143,0.0,0.0,1.1085409190079312,0.7956909049374844,0.7670282287986526,1.144895275532579,0.6134330697364321,0.9454581140918816,0.9377463408708003,0.40792913654405266,0.9620669934630323,0.23948401914965778,0.2737041518275546,0.23031867459260855,1.7643120722999408,6.339131803601614,2.7825861685768567,0.5464322876532036,1.062120401313961,2.178431116693276,1.6952189411349328,0.9648800405530162,1.6850047696797659,72.990795,0.0,4.124729279902379,0.24853789115666752,0.8445969428896968,8985.094392786701,11020.315581854044,10389.799943646098,10224.232178078333,LOG00004,Idle 35,85.5,86.0,19.322879684418144,1.6322650346420724,17.874315209385216,23.503076923076925,43.0,0.996020624805145,2.7428402366863907,8944.970414201183,7214.285714285715,0.0,0.0,1.01429927189767,1.2649557721987748,0.5296691458936847,0.9903137574127946,1.2511140691715974,0.5417584360547582,0.2479104036558946,0.6173885624335597,0.1528436913462073,0.31963789953357474,0.35609055958271996,0.3305427435436805,1.7144795869475458,5.444237886695515,5.17768395444669,0.8936998217304616,1.2541423346781282,2.3051267790417995,4.238221874186431,1.1464981723908552,1.8294802658691915,85.919454,0.0,4.44925377837398,0.33577143949992416,1.0889380990196287,8254.83234714004,8834.629473091012,9326.76810369118,9363.651732882501
LOG00008,Idle 35,73.0,73.5,24.02899408284024,2.2113227484461335,16.91212079210375,23.767672583826428,31.0,1.3387297957006135,3.4970611439842214,10784.967596506058,8514.285714285714,0.0,0.0,1.658342344140156,0.5626155869979743,0.7142879921402198,1.943366796349222,0.4805788220866385,0.9102638314399512,1.7569488899349972,0.37697396840614383,0.827889144327841,0.28313197514648225,0.3117788757451057,0.2530740676166203,7.047299658019539,9.297800220028975,5.12825581249492,0.9235244892538301,1.6069892886834074,3.123367423649733,2.1951174077768707,1.2382721084441302,2.227580347445397,73.180223,0.0,7.357819629026911,0.28367602789758367,1.3105937692883236,9391.828684136377,11300.112707805016,11320.42828965906,11127.500704423781,LOG00004,Idle 35,57.5,58.0,22.760157790927025,2.899369171467998,21.212361579803865,23.863412228796843,37.0,1.439040146777311,2.9389743589743587,10295.886165116934,7142.857142857143,0.0,0.0,0.9642768822866749,1.067412419872501,0.8775277571980796,0.8229780887896632,1.0649615633197007,0.7588333841207517,0.3409677738324169,0.47221368565651867,0.5040716116855057,0.2730072175764214,0.3147113369050793,0.24270319218222158,3.548856652080037,5.726717740077058,2.5966563597812873,0.908811768041946,1.4226535570909777,2.0049249028025242,4.498520466834906,1.01715268760658,1.8620273470763866,57.500306,0.0,4.1686250276047705,0.2783768464514977,1.1937089203895437,9119.385742462664,9969.089884474499,10225.500140884755,11869.568892645817
LOG00008,Idle 35,74.0,74.5,28.454240631163707,0.9309476229162451,24.81535637949366,23.741321499013804,29.0,1.4110681010789552,4.620571992110453,12462.080867850098,10685.714285714286,0.0,0.0,1.1511186317506727,1.5106592314652625,0.5055199790748655,1.1264337787392793,1.588838732323779,0.510921281185333,0.8955212522078124,1.2689545017809292,0.04204000426476149,0.348123855676969,0.37051630804614905,0.26308128932559777,11.317140077967197,8.010335874602623,7.490351946267622,1.3735325007027022,1.6696294529585893,3.087801283322163,3.7371739895284364,1.3429753195749277,2.0072328466831997,74.278313,0.0,9.098507435237796,0.33049675652103194,1.5287665028828663,11606.98788391096,12999.239222316144,12383.347421808961,12858.748943364328,LOG00004,Idle 35,67.0,67.5,30.064497041420115,0.49962697474873446,33.75959623486924,23.78956607495069,51.0,1.533635830411198,4.571025641025639,13157.981121442659,11714.285714285714,0.0,0.0,1.9478566563247655,0.7756690710825899,0.6486514428882709,2.302252186296415,0.6737156132727895,0.6545182646608849,1.6576049868338,0.3204830450461399,0.05404745376324298,0.2696521249457586,0.31153476330036345,0.240991117101224,5.5237352426582325,4.406227017158007,4.436511326898742,0.7619500180765333,1.489870394449363,7.3386658037474835,2.6438869240308187,1.4825329779507141,2.8621361302129085,67.477509,0.0,4.816953404778397,0.2755859791753276,1.1832754586958034,12679.430825584674,13446.012961397575,12351.000281769513,14155.480417018878
LOG00008,Idle 35,74.5,75.0,26.996252465483234,2.5950046382147094,27.190036046962682,23.7098224852071,56.0,1.516671753270489,4.007948717948718,12049.485770639616,9171.42857142857,0.0,0.0,1.885049745288786,1.1401962590844794,0.7995348316177785,2.2588314775506664,1.1907113397116569,1.0869392015521642,1.8347049123375005,0.6222311250269745,0.965788442008893,0.2980162014734152,0.36804882733574446,0.274419095050732,7.843891068472491,9.08713353555921,5.55335860981327,1.0573362072405361,1.9247476988465473,4.105848044640775,4.261427379835244,1.557796528986305,2.6196157762469148,74.966963,0.0,7.6363694435758,0.31600603125695903,1.5528382979816153,10800.87348548887,12941.899126514509,12346.379261763877,12108.791208791208,LOG00004,Idle 35,62.0,62.5,28.136686390532542,4.235092810166275,32.285322684326914,23.926508875739643,33.0,1.6293860444695822,4.554437869822485,12174.704142011835,5857.142857142857,0.0,0.0,1.3068051117147623,1.3368089687558062,0.6291662230818142,1.4315637789311242,1.2781457891405434,0.6238771342613109,0.9692438698819461,0.4810409904817507,0.3820235899297266,0.35916694281333866,0.493670837081696,0.28048595553667516,4.864931562138212,5.540709935234282,3.6878495925899637,1.587922359896192,2.7965069320108187,4.807333319930623,4.746222415662261,1.3218921701390385,1.7533577927656174,62.139167,0.0,4.7598060292501545,0.38789352467231875,2.273977621024759,10562.383770076076,12695.660749506904,12503.691180614258,12937.080867850098
LOG00008,Idle 35,75.0,75.5,21.23786982248521,1.8182251242305512,27.617227681869956,23.86613412228797,79.0,1.0204644736984667,2.699664694280079,9892.814877430263,6100.0,0.0,0.0,1.8678410621457633,0.47442320750365585,0.5833414244609184,2.205510254071745,0.41589523348652024,0.7678880252473926,1.780082628132721,0.295492900735294,0.6736073371956571,0.2703745724646216,0.38313804493514975,0.27520723928075724,3.8731252948767456,12.019183998021111,5.955517057190922,0.8605987052548881,1.7424532159499106,3.5205791167866463,2.256264564061022,1.3627009233973302,2.452563192547356,75.010374,0.0,8.060811930705103,0.3139194140033881,1.3741858209973958,7698.1966751197515,11068.131868131868,11085.207100591717,9719.723865877711,LOG00004,Idle 35,117.0,117.5,18.05838264299803,1.507281389428553,28.889187000405798,23.30197238658777,117.0,0.6800236364071383,2.134516765285996,8548.083967314735,5100.0,0.0,0.0,0.899202314073529,1.0529528381447593,0.857965298844803,1.6201492410314375,1.3275533192977818,1.0835891672506082,1.1839079190328519,0.8527513912249696,0.9444177807448952,0.23711504966500255,0.31121655377102875,0.24281791111921414,1.2606576100934452,3.8437377946452527,1.5833347559666897,0.7406481528071703,1.1896770637215788,4.9070251133972045,3.642830899523701,0.9791002198427629,1.7274716472301135,117.23694,0.0,2.5080222482614305,0.26585699669750457,0.9909316833671917,7192.279515356438,9934.009580163427,8663.20090166244,8402.845872076641
LOG00008,Idle 35,75.5,76.0,24.89013806706114,3.7906535869221774,26.20421601378789,23.629704142011835,116.0,1.5300958916278071,4.15560157790927,11011.031276415892,5971.428571428572,0.0,0.0,1.5288620001141953,1.3407583303818105,0.824779293252439,1.786364027027235,1.1538892479029494,0.9720184486603778,1.289946070459141,0.9649269308163158,0.8775477001010853,0.35641656058905574,0.4716768531800999,0.35330476402008054,4.746542638292594,8.831078741626467,6.282689030521032,1.385256807173647,2.5753125617304944,3.36620869031401,3.9523792549738856,1.4378894108869082,2.0460812452869575,75.964416,0.0,6.831051656764761,0.3976330279572268,2.067748922430841,7597.802197802197,12307.889546351085,12789.349112426036,11349.08424908425,LOG00004,Idle 35,86.5,87.0,23.431952662721894,7.139848777516686,21.40435505135122,23.552938856015775,88.0,2.5503480318462164,4.016272189349113,10045.181741335588,6514.285714285715,0.0,0.0,1.4376321758093182,1.6166148237540456,0.9523525581775131,1.381307421175771,1.8172265146389888,1.4455804847298155,0.7990884648415337,1.3259361901532647,1.350869225420997,0.5053553217842474,0.6131643692561098,0.3628463258661378,3.862197113947972,8.593510218987415,9.626186096977225,2.3380909762755504,3.309037793520809,4.605545067078545,6.735932085842965,1.5297434035326907,3.168107429183103,86.999744,0.0,7.776641160219641,0.5043186827048477,2.864995683442666,9690.222597914908,9894.702733164271,10110.566356720205,10485.23527754297
LOG00008,Idle 35,77.0,77.5,32.851479289940826,1.6297084058904125,19.51591498372884,23.661479289940832,58.0,1.9155993461446867,5.813629191321499,13988.574246266551,10714.285714285714,0.0,0.0,1.5571442250365515,1.1398533336720675,0.739230248577161,1.7834166705760848,1.1811099861622056,0.7244444438002955,1.2398897559778321,0.573211938267049,0.5044979206854215,0.394060213412615,0.6326841998028361,0.29550550523905517,6.592179356397843,8.966371677715777,6.94442843431669,1.791706043992202,3.8705751367633505,4.61175070617839,5.638169440085007,1.3645445686836337,1.9091390079298864,77.468973,0.0,7.573588669607201,0.4629241306094481,3.0159212885459077,11971.484925331079,14101.437024513949,14415.976331360947,15465.398703860244,LOG00004,Idle 35,66.5,67.0,31.197233201581028,2.5887778971848845,28.453588456662214,23.77416996047431,46.0,1.9260204855244376,5.33498023715415,13359.768492377189,9400.0,0.0,0.0,0.9775263498182626,1.0078691614771416,0.6814710743010135,1.2249214896753637,1.0732148487013353,0.7068012858149049,0.865724844721812,0.5093140353957256,0.4192963776874607,0.33908294047561477,0.53423745878006,0.2600353282818718,5.678721997020689,5.093873337779254,4.859656930251003,1.4184104055583777,2.997720702520576,3.8213566698777246,5.414444157399432,0.9928136812226285,1.7693644896646576,66.999019,0.0,5.2221226393272175,0.39497057900558746,2.3450178558932913,12640.824392998307,13443.478260869566,13104.093732354602,14250.677583286279
LOG00008,Idle 35,77.5,78.0,30.388560157790927,0.8459599415530277,21.105183532096667,23.69556213017751,36.0,1.6257153917031593,5.132879684418146,13194.582981121443,10628.57142857143,0.0,0.0,1.2172664411597212,0.9578486254377466,0.829194920014145,1.4075504227756446,0.9796316850491148,1.0486644764590882,0.8307446572373722,0.2864656505496482,0.904563087769744,0.2843314798946465,0.4024359152684185,0.24681204982336494,3.7722049959541364,10.677403786802032,4.91711196435433,1.046087240399016,2.2050172241950103,3.919304370109845,3.449265994010305,1.0952651683557353,1.8853056400730996,77.503504,0.0,7.127750281538397,0.3181798465726686,1.725746139141313,11253.592561284868,13775.147928994083,13728.57142857143,14021.020005635391,LOG00004,Idle 35,32.0,32.5,32.60808678500987,0.03314079050036775,22.753273487625155,24.130512820512816,1.0,1.076380326978752,5.4754437869822485,14459.763313609468,13185.714285714286,0.0,0.0,0.6145301262416353,0.6158899455779525,0.6475869159132103,0.543116289107873,0.6158899456886427,0.6475869159143188,0.24302096408880075,8.831074002912147e-10,3.8330397251449487e-10,0.2741624941335874,0.3038285007158532,0.22410001794023654,3.0613547251148687,4.308118699663987,6.294769674526333,0.9111552917980039,1.3483206046002085,1.614773999367568,2.2767151672228834,0.6152104116164538,0.9260697827497953,32.443711,0.0,4.745380375997763,0.2693805542830977,1.1506894495390527,13888.109326570866,15126.063679909834,13463.877148492533,15361.003099464637
LOG00008,Idle 35,78.0,78.5,36.3818540433925,11.214724494061835,23.245636796018424,23.447278106508875,36.0,4.42748995839579,7.986824457593688,14571.696252465483,10300.0,0.0,0.0,1.9090635730228827,1.8247116486536532,1.0318349458891767,1.8670496625299162,1.9211820189636826,1.075420386390354,0.46364997666669844,1.2293034471446556,0.6060023143323973,0.46238055541533585,0.5425959330530257,0.37359986932865,3.7226460671671755,11.189956937627665,4.478106024481381,2.197699978299971,2.911007337443808,4.335077785724729,5.3855310576744,1.867363961119421,3.59356293142673,78.499966,0.0,7.283009075326239,0.4646801720733169,2.579132500790854,12463.510848126232,15451.028458720768,15099.295576218654,15272.95012679628,LOG00004,Idle 35,49.0,49.5,38.28934911242604,14.780136363961331,18.69415216443535,23.688875739644974,49.0,4.630364683219819,9.858658777120317,14971.921668075514,4671.428571428572,0.0,0.0,3.6027474991959427,3.5983264012085896,1.1207023168897048,3.791476244483779,3.529155494229639,1.1906214156550077,1.8985276557486697,0.3550013927995583,0.7505673272877599,0.49437583749749764,0.5320955579008122,0.3674326075670418,3.7145266644166366,4.74028126387734,5.859013490701289,2.434368968722581,2.922236976533742,10.467569905372779,8.786644877604205,3.6005376287852755,5.4298496290023195,49.159828,0.0,4.850979759648162,0.46994321378319925,2.6893885199893024,14452.465483234713,14323.161453930683,14427.106227106227,16684.95350803043
LOG00008,Idle 35,80.0,80.5,14.767455621301774,3.7042416695796,15.185287796095793,23.705226824457597,64.0,1.2109509867255515,2.0213214990138066,6986.045364891518,4700.0,0.0,0.0,1.2329467674114014,1.2422540187376434,0.9460885771909934,1.292605499718458,1.2870003375718713,1.4407802031169614,0.37670467066763247,0.4495403726386573,1.3983124539859921,0.2883662998194442,0.3807069352057157,0.37742869643402305,1.367498100067634,4.029599989140836,4.766495191655453,0.8611812019869602,1.6412147133207777,3.5420828737922867,3.373817273953587,1.2376091423264557,2.023733374378339,80.000577,0.0,3.6890470105546678,0.35144715784746,1.3105759798417462,6462.552831783601,7416.173570019724,7729.416737109044,6336.038320653704,LOG00004,Idle 35,81.5,82.0,18.027810650887574,7.138906080021906,12.45161787737633,23.50568047337278,23.0,1.7095631692868516,3.0211045364891516,8080.395886165116,3571.4285714285716,0.0,0.0,0.9953527481554942,0.9973138054649249,0.5519989435266002,0.8410194690473836,1.018281280096607,0.555458093997786,0.3892958675088158,0.30069554990846564,0.23689253520051384,0.33457035478508224,0.3691125787081239,0.32605101685121984,3.259826814389974,4.9474014964896575,4.957193205333809,1.2921302248252224,1.6390803854104767,3.1340844288405174,3.4814243610703426,0.996333759297462,1.5011029517985173,81.518413,0.0,4.460082843112957,0.3437492708604588,1.4758362083483783,8103.183995491689,7849.901380670612,7440.067624683009,8928.430543815159
LOG00008,Idle 35,82.0,82.5,32.267258382643,3.7045620601494536,38.04178622764838,23.47950690335306,132.0,2.1158977676422372,5.640848126232742,13510.228233305157,10471.42857142857,0.0,0.0,4.943222618198915,3.810002574991395,1.1188378745288858,4.841736245792497,3.4654373900816084,1.3534536916638797,1.5854727909635855,0.8840815067410908,1.0553118456416752,0.6991196301193222,0.6769473630220719,0.44673847067734057,7.4754250973605965,6.774137907546787,6.081221106511121,3.8210038990402424,4.023943894685768,13.486643257352247,11.338089267798871,4.413137742837537,6.986575112143579,82.430561,0.0,6.8007885553315885,0.618223597819819,3.9237861348485596,13313.60946745562,12169.991546914624,14339.025077486616,14218.286841363764,LOG00004,Idle 35,58.5,59.0,30.988165680473372,4.272855701555722,38.368181869451824,23.907435897435896,84.0,1.655600222398218,5.8198224852071,13079.916877993799,5685.714285714285,0.0,0.0,1.7479391524566663,1.7505597520497496,0.7040176487975167,2.5417021051649558,1.827022833726526,0.8972778602090486,1.796201869747372,0.8322920283062716,0.541049958852158,0.3116231688951487,0.571637258816885,0.26579110446045534,3.4534100949020115,4.802566932683498,5.627553622094186,1.0806172107813334,3.412434988873097,6.933325747226923,5.795325600565342,1.749249943002344,3.090510982145325,58.500691,0.0,4.713811274542838,0.40600618479289424,2.531051768486983,13073.23189630882,13313.38405184559,11808.058608058609,14124.992955762187
LOG00008,Idle 35,85.5,86.0,22.20375494071146,7.290513472378614,16.654381688184024,23.458241106719367,43.0,1.773511036427963,3.806501976284585,9556.655844155845,4185.714285714285,0.0,0.0,3.531695646833468,3.0565873335498286,1.1819770172213722,3.702274948644297,3.038267623985838,1.2168616987911336,2.3810785214896755,1.2978534277789033,0.5563621088445712,0.6681810419150735,0.6121267250277809,0.46444324389901454,4.736443747218377,4.29319255336543,4.3840643272724735,3.4195630409714513,3.5410047193002065,8.533357007542918,9.091758853565322,3.302695888927689,11.27984635870432,85.999053,0.03162055335968379,4.475318301398589,0.587898108822549,3.480813540918577,7705.477131564088,11409.627329192548,8211.095426312819,10900.423489553923,LOG00004,Idle 35,107.0,107.5,20.09921104536489,10.833937444945054,23.641965161047686,23.25627218934911,15.0,2.206294275979625,3.6968047337278107,8419.01239785855,3500.0,0.0,0.0,1.2937211670868627,1.32090146230685,0.5433254823017248,1.308562897758196,1.3406083156038053,0.5729691895183795,0.5394654988083913,0.28817849742521967,0.3615692249073491,0.5354812057558886,0.6428175474368613,0.286455774052991,3.3616768207936376,6.9563580474102835,6.282109599106159,2.5405925457094534,3.7487028528259754,4.100079375765055,5.267218406672515,1.3073819509410725,2.09320205572844,107.459997,0.0,5.749106868213324,0.5105589850020007,3.202138626145038,8200.28176951254,8461.538461538461,8297.999436460976,8716.22992392223
LOG00008,Idle 35,87.5,88.0,24.70098619329389,1.6483028788666199,19.584322554750347,23.486291913214988,38.0,1.1937903392427054,3.745700197238658,10981.656804733728,8885.714285714286,0.0,0.0,1.1634906102354572,1.595639187626384,0.48888866167319484,1.971916772667563,2.253482462018067,0.6480231184199451,1.5362230511647892,1.9881151538055903,0.618473974772832,0.21999490058387589,0.3777178218344798,0.2199667296059223,5.694097921415213,9.889991469838355,4.017922654130929,0.7388514880500792,2.0190149196147655,4.69671923768423,5.994244445251462,1.396383689605952,2.3150090256345255,87.911078,0.0,6.98518396003806,0.2825207197993439,1.5202504344713792,11109.946463792616,11245.421245421245,9677.59932375317,11893.66018596788,LOG00004,Idle 35,105.5,106.0,25.38994082840237,0.32737886244479053,11.080157461849163,23.314990138067063,35.0,0.9478608139407231,3.5129980276134125,11161.707523245985,9100.0,0.0,0.0,0.5490605954929956,0.7847342625818996,0.48341482909264727,0.502381676949334,0.9123775220239704,0.48341488104062014,0.28353582732482785,0.6530815136501817,2.025200467460496e-07,0.2205751243326441,0.26738660465551667,0.1857353086430435,4.881814827939253,6.065822700382159,2.8219169042592505,0.6615715195619324,1.109454031277026,1.428092340066084,3.804647837534094,0.6772279529054749,1.1953074062956663,105.693046,0.0,4.78154563787705,0.22704374519777284,0.9133906948870036,9815.018315018315,11800.140884756269,10807.410538179769,12224.260355029586
LOG00008,Idle 35,88.5,89.0,22.68481262327416,0.2438718630757177,18.430171023064545,23.504063116370812,66.0,0.9718937470323749,3.0447534516765287,10315.581854043392,8342.857142857143,0.0,0.0,1.978317661685666,1.268971207533443,0.6843259246194277,1.4665946666440592,1.3074843036051444,1.0208675497658732,1.1922800851826765,1.1303802122644344,0.9238939354556667,0.235474251692965,0.30281250655054825,0.23765837933315004,0.9983294318843903,6.239327988204952,2.2296048975703364,0.5367394454297878,1.1589034435918246,3.6941768773014854,3.147272699304428,1.6619309095275776,3.269667849682443,88.619459,0.0,3.8685489699297637,0.2605283366552456,0.9030909211838157,10601.183431952662,10513.834883065652,8918.709495632573,11228.599605522682,LOG00004,Idle 35,86.0,86.5,22.45562130177515,2.3365847222559597,15.27432462015877,23.3674358974359,96.0,1.3867109271621336,3.201577909270217,10158.601014370244,6428.571428571428,0.0,0.0,1.1309169502550795,1.14717006320864,0.9225158225319943,1.359477899819908,1.1112098661295513,1.6715898250754204,0.7618108560535536,0.5625519183564052,1.719551550585614,0.2884770181182104,0.4188470651778787,0.34906913829632374,2.772879430217439,8.157613219802382,3.6316867347893784,0.9870583971327112,1.899287179677385,4.049252981000571,4.107048830805318,1.139072496001981,1.4853738278823945,86.215424,0.0,5.398291776666105,0.35613720076277455,1.5135349467780834,9531.755424063116,10353.479853479854,10467.568329106793,10281.600450831222
LOG00008,Idle 35,89.0,89.5,23.361932938856018,1.90017922217107,15.487619261736553,23.477928994082838,54.0,1.313021783199166,3.5053254437869827,10469.139194139194,9114.285714285714,0.0,0.0,1.6006436853412476,1.3444213876706286,0.6949968497243333,1.9608035371455936,1.1713620395867501,1.1972710450046358,1.2294032026803539,1.071378270486366,1.1866520203014788,0.26150870212152516,0.3514833589119659,0.248156958272652,2.537426135222296,9.035730347196624,2.6994649962236767,0.756601338977135,1.6723514941333883,4.697559062319943,3.2310744666554774,1.47809490139318,2.4912225146106017,89.484714,0.0,5.638264081695006,0.29069412837577635,1.2979223986957322,9982.417582417584,11233.446041138348,10109.157509157507,10551.535643843335,LOG00004,Idle 35,106.0,106.5,21.535573122529645,4.041768016988495,18.766579318925775,23.30237154150198,33.0,0.8736552395277678,2.7954150197628467,9945.186335403727,5300.0,0.0,0.0,0.9599293385649806,0.8068591416804118,0.4041828833324732,0.9992773097284026,0.7469124417735095,0.4044715707750234,0.7141536190092492,0.4750665370194103,0.0120636098686515,0.24962403326427607,0.3292654122720691,0.2273831705618648,2.766231032354781,5.438549902788214,1.8155927094504112,0.6237595280354652,1.5552949614238238,3.2250869400298323,4.147240617938993,0.8867034480453575,1.5793039590978446,106.496112,0.0,3.6754245131725845,0.27229333200097905,1.1849089344429302,9019.62168266516,10422.811970638058,9583.34274421231,10754.968944099379
LOG00008,Idle 35,90.5,91.0,20.788932806324112,1.2387661396908998,19.189527581044725,23.556837944664032,75.0,0.8799855027305105,2.596600790513834,9554.01609260305,7600.0,0.0,0.0,1.4355940912117877,1.5965772104932434,0.43949607953012587,1.3517330760863824,2.117454744204197,0.4625215680843843,1.1289417805242155,1.865048605563072,0.28209663819405906,0.2290623566895668,0.35819309217786954,0.24659796823185773,1.1577788241966924,7.627251551682749,2.9645995966279415,0.5712140580681646,1.6541795378730058,3.507191933287512,4.797685542140587,1.5182208640030908,2.414042979437423,90.535453,0.0,4.7715919358473995,0.2837736260191694,1.2374561494559009,8404.46075663467,10487.77526821005,9587.408243929982,9736.420101637494,LOG00004,Idle 35,80.5,81.0,20.680670611439844,6.220594822423144,19.250690246921707,23.54163708086785,37.0,1.7853536350633414,3.155601577909271,9242.124542124542,4657.142857142857,0.0,0.0,2.3684465591142208,2.8773222508446206,0.8677269207001358,2.426935187850601,2.613655194292345,0.8648569100724667,0.6373657699448588,0.6949883102474084,0.12239051102674618,0.35363335380592187,0.5362574431806659,0.27985898739589643,4.12229706528745,3.656472099825019,1.9480764144528873,1.4919275323343033,3.1127695783011693,7.030224969115199,7.797106629697441,2.635196618716101,4.646620386593626,80.872211,0.0,3.374320821924708,0.40453662673769764,2.440817712297906,8411.665257819104,9354.747816286277,9490.363482671175,9711.721611721612
LOG00008,Idle 35,91.5,92.0,33.65838264299803,3.8012434054594335,34.34979005621032,23.431913214990136,112.0,2.416798100240744,6.484358974358973,13947.203437588052,10257.142857142857,0.0,0.0,1.4858987228486227,1.967793028047763,0.9913538194228242,1.6478395020698513,1.989300309665659,1.176766195511203,1.2791370346519366,1.545504746169138,1.1725371750662272,0.38581152665798224,0.6620712254928712,0.3238169304179123,4.207579444912196,7.056520818018138,7.2928529543136085,1.7717197877692883,4.064797614773266,4.432487202552192,7.080266768617754,1.7435745489936116,2.651975814941154,91.938456,0.0,6.342552458162033,0.4802937455880774,3.1354083191380107,11047.590870667793,15520.569174415326,15236.094674556212,13984.559030712877,LOG00004,Idle 35,94.5,95.0,30.734319526627218,2.9653165512281396,40.74198666663805,23.29544378698225,74.0,1.8648428780689925,4.663313609467456,13280.557903634826,8857.142857142857,0.0,0.0,1.1237614131256062,1.0872921021421846,0.7622585108441869,1.1115719497503855,1.0477425550857924,0.8038458488918111,0.3311455637984005,0.41706966181430444,0.40695182265163105,0.34445029281965095,0.37357652720469087,0.29096170869856675,4.500896495692305,6.293485453204553,5.020727306174657,1.4213076231375337,1.9150172142018422,3.643642974042321,4.076681173278106,1.1056771294122962,1.543250005627906,94.571578,0.0,5.325214584020705,0.3380651524142695,1.6863283028933376,10742.462665539588,13818.99126514511,13924.598478444632,14636.179205409975
LOG00008,Idle 35,92.0,92.5,34.22899408284023,4.78065294472149,36.13203309645354,23.364773175542403,119.0,2.5354546369866373,6.259368836291913,14364.095519864752,7142.857142857143,0.0,0.0,2.7245125567594575,2.362291396068658,1.1702793758174355,3.8111741632375775,2.368034998263066,1.640532874716206,2.737559366722845,1.314367439424457,1.3013156424578765,0.6978369614855775,0.7443420830350639,0.5251477698674876,5.183890336057474,8.851884829746952,8.90115783929349,3.766003402515134,4.168060029059832,8.325005700965288,8.32382100091219,2.5498420845103307,3.5338366332935407,92.499789,0.0,7.841326310758708,0.6625208780582433,3.972121979093909,9906.48069878839,15440.772048464356,16047.957171034093,16061.17216117216,LOG00004,Idle 35,72.5,73.0,35.07041420118343,2.4906041237851673,37.104803933846156,23.823372781065085,114.0,2.5040314593974453,7.083846153846153,14570.174697097775,7000.0,0.0,0.0,2.42877952315214,2.5117858727580558,0.9163332331045514,2.444126570446867,2.3338719757034965,0.9362217569257567,0.8596112608899348,0.6457077170403248,0.5139535178966919,0.4372439529749192,0.7685315225669255,0.5042422797050681,2.669153979241766,7.844706516694903,6.026294379349979,2.0523155717206194,4.606285638767516,7.706397352705798,9.262232702491795,2.470631320398703,3.4128816677885503,72.830669,0.0,5.915517087698612,0.5876743010189499,3.5658005126368746,9368.7235841082,15725.500140884755,15493.575655114117,17692.899408284025
LOG00008,Idle 35,96.0,96.5,28.893491124260354,2.9932364654149297,15.663961737814272,23.14465483234714,40.0,1.9673519923222524,4.6499999999999995,12182.0090166244,9200.0,0.0,0.0,6.8025506114723555,5.765523135293189,1.210160769845258,6.501262333154072,5.335575017517943,1.1791543751974876,1.3033497517621795,1.6764801526715114,0.20446752417177955,0.6253829437084447,0.7852165040673947,0.44062773139786177,7.12615686259174,8.105920501041652,5.276199695842099,3.308843316190485,4.996451446195844,15.879663349290029,14.054206134078566,6.305392606541006,9.070609329803387,96.255761,0.22287968441814596,6.936049356559178,0.6329353790654266,4.237509359593853,11706.649760495913,11562.5528317836,12239.532262609186,13219.301211608905,LOG00004,Idle 35,119.5,120.0,28.210650887573962,2.4484840075687093,21.574215766474005,23.259546351084808,40.0,1.553103075697832,4.541025641025641,11951.655395886164,6142.857142857143,0.0,0.0,1.264071472997223,1.2527287116532364,0.583962493371483,1.5734697013315109,1.3965686305809093,0.583913962181426,1.3849473206766136,0.9999302317753194,0.0003587297312346773,0.32845270244693475,0.42565124551488026,0.2448878319956521,5.928072457458255,6.137318436477397,3.915444898593194,1.503811237523494,2.132939850068812,5.802468358660342,4.561653044783896,1.2584128722016765,1.7608698816952226,119.742862,0.0,5.4203145482379504,0.34109148861295,1.8453835159816387,11906.931530008453,11828.289659058888,11161.792054099746,12909.608340377572
LOG00008,Idle 35,103.0,103.5,35.45632411067194,19.245180330006733,75.57065487326534,22.639288537549408,125.0,7.144956814880348,6.202509881422925,14853.832580463015,6571.428571428572,0.0,0.0,5.034097837043213,5.487934639115268,1.2398665663233774,5.4593122375600664,6.936387305487511,1.491201684557159,3.03441497932313,4.878830150776632,1.287288287904244,0.4069472634079098,0.8054954010339209,0.36300297260947273,3.433891086352068,7.913444224742606,4.616905422647577,1.6121828860592424,4.0482442166287775,10.320745446006544,18.20632735428058,5.265907691752882,18.441877425639984,103.000976,0.2015810276679842,5.648894380694122,0.5616048653651122,3.0811860456300466,13295.962732919254,16004.630152456239,14767.193675889328,15347.54376058724,LOG00004,Idle 35,83.5,84.0,34.073767258382645,14.98298582097413,76.79303063870083,23.31552268244576,168.0,4.409853631745732,6.869072978303747,14318.082558467175,5271.428571428572,0.0,0.0,3.5289196501701277,2.6842626915133656,3.561465343011672,4.065782251067311,2.8919492393932873,4.52812226374483,1.715450574942472,1.3450687401791424,3.379032594918523,0.615023149036843,0.9983486084291575,0.6819070570994012,4.288700381374817,8.667289265035317,6.816417938985686,3.1241571727140425,5.228154815472133,11.229276332106213,10.106435546112772,3.1351666697647373,4.466571102014622,83.861503,0.0,6.830773691755247,0.7831455063451056,4.306620532062526,9578.951817413357,16357.903634826713,15711.693434770357,15623.78134685827
LOG00008,Idle 35,107.0,107.5,19.53786982248521,4.91143111731547,55.50534015364307,23.057712031558182,25.0,0.7619830333292632,2.5058382642998027,8904.360383206538,5442.857142857143,0.0,0.0,2.816207940051101,2.04351190236525,0.5409781869757305,2.4808067150217217,1.6987904097339817,0.4735880531243435,2.1382956792657666,1.2995740750334825,0.32095280025935,0.2668742786274634,0.4002046997675255,0.30787149570519123,2.0245027878847224,4.930505212426518,2.886782638683276,0.9329687548580117,2.1579276015909197,3.874510849065547,4.871524958784787,2.460382902793313,4.459774868493513,107.06957,0.0,3.49961936934677,0.3297324876202402,1.662390181523166,8534.03775711468,9479.233586925893,7446.858269935193,10157.311918850382,LOG00004,Idle 35,91.5,92.0,22.554635108481264,0.6439164675251265,57.38385906926057,23.445641025641027,69.0,0.7312459635826932,2.728717948717948,10306.09326570865,8271.42857142857,0.0,0.0,0.7468031976944556,0.9511622338977999,0.6617017504534194,0.655484147292304,0.9115203077395856,0.6753054623942747,0.489926389868477,0.2556308696031334,0.494256484576336,0.2581163865373983,0.30566333413928115,0.22913135177200142,3.3893100955754356,6.382459129647989,1.9328654187698537,0.6841365404671585,1.2300072747517785,3.123367423649733,2.683134555955942,0.8551095284465369,1.5509181893475998,91.666164,0.0,4.318918699268482,0.26617996368442787,0.9952287932793817,9673.541842772613,10959.847844463227,8958.720766413075,11632.262609185686
LOG00008,Idle 35,107.5,108.0,37.17001972386588,2.43148492377029,58.57894580032093,22.908382642998028,45.0,1.5788546848701053,7.019408284023669,15117.765567765568,11800.0,0.0,0.0,2.600736225043187,1.9557079714843348,0.9958571202023989,3.1702044974036254,2.186859337527729,1.0804991255144978,2.235037595162723,1.7113739881215895,0.9377770958205157,0.41804209839597495,0.6435578857255777,0.3420390774010123,3.5214429934006084,5.823915390349646,6.692817988030265,1.993879895512049,4.052492380037133,5.204117623256261,6.210952977090487,2.3009370462899743,4.173427791680482,107.604292,0.0,5.510969783096958,0.48508304401762736,3.1936070146455227,14652.07100591716,15962.806424344884,13823.386869540716,16032.79797125951,LOG00004,Idle 35,98.0,98.5,35.49901185770751,3.5231390697782192,65.17589880038585,23.160691699604747,29.0,2.5354731145722345,6.091837944664032,14954.813664596271,12042.857142857143,0.0,0.0,1.0302356667003225,1.1751157159350065,0.6146687779409122,1.0327407771053978,1.3543647191128914,0.6201158043714022,0.5074782298910062,0.5488291772819035,0.06035335929652841,0.36115413109146177,0.4348387459205399,0.2088352408487994,2.8110586285934462,3.3848718902137755,5.330687553580689,1.5244166362848803,2.336335214930223,3.589895789386668,5.365310919678572,1.1050525948521408,1.576785387141577,98.000834,0.0,3.990640638646429,0.3479124406985914,1.9726008614903783,14944.38170525127,15357.56634669678,13096.979107848672,16420.32749858837
LOG00008,Idle 35,108.0,108.5,39.50256916996048,2.362899446574617,66.50821316049391,22.977114624505933,84.0,1.9855788176355758,8.017450592885377,15738.474025974027,12428.57142857143,0.0,0.0,1.7533950244710463,1.3636838988957674,1.0214539133467064,2.2186473451714543,1.449980172813971,1.5389116281639745,1.5270659711651662,0.8677682394604809,1.6878388409898504,0.38109011442600926,0.44462533933065623,0.3089484288888579,3.559461309834829,4.7045873705095955,7.062426083685482,1.7184204052744758,2.497583082233191,4.798921156757496,5.303813230366308,1.5706730862829765,2.8477138401428395,108.46656,0.0,5.312901571661527,0.38226103620476576,2.1436988993234496,14218.915866741954,17376.08695652174,15427.131564088084,15931.761716544326,LOG00004,Idle 35,77.5,78.0,36.45739644970414,1.5796909812616222,67.99923856403001,23.439309664694278,51.0,1.9411992475036948,6.914299802761341,15109.122287968441,13071.42857142857,0.0,0.0,1.173669799492338,1.7857637130442106,0.7003631083628689,1.4166849621964506,2.3542364316247046,0.7003631083622762,0.7510984801483019,1.38814504088121,7.053276498305948e-12,0.33366046859889775,0.42640688399395205,0.25490222171652105,2.4932196152825896,3.2062718917836412,5.849398277440307,1.5061081599819113,2.4380271976205092,3.9431362481406085,8.464218689732292,1.5110348832945306,2.6913889718702673,77.815833,0.0,4.11143866556843,0.3455079746590934,2.0263684765981504,14581.938574246267,15855.705832628912,13985.88334742181,16012.961397576782
LOG00008,Idle 35,108.5,109.0,35.38323471400395,2.4756197777849147,65.79201927519772,22.846272189349108,90.0,2.159539298446978,6.764930966469428,14361.644125105662,8514.285714285714,0.0,0.0,2.8546045068500767,2.047193527496177,1.5383751468255322,3.7154137817193766,2.117926248021494,2.1183920056819705,2.7044658899650704,1.4828538147612496,2.4452116547251475,0.518721777175098,0.5490186718645557,0.44969988168342456,5.815736841272632,5.98177760492573,9.997106774302903,2.8092505767867526,3.111575937076901,7.213427103117637,6.912384906004395,2.4839251427479665,3.5649537274526693,108.606654,0.0,7.517681428440106,0.5075180679075044,2.964270029482191,10541.448295294449,16626.542688081146,16673.51366582136,13605.071851225697,LOG00004,Idle 35,90.5,91.0,36.210059171597635,1.9138129161847364,59.53698696876919,23.25027613412229,47.0,1.777946956684333,6.819408284023668,14924.189912651453,11400.0,0.0,0.0,1.4202770833845773,1.34152648489319,0.9406489369695242,1.3187166688252137,1.2840049574500962,0.9351680410959763,0.4578367477770678,0.562993585147043,0.7040653660946072,0.35674847908498475,0.3693059594555541,0.2711083065997461,2.4088975312109104,2.868908987145474,6.01712683093111,1.543775944010136,2.100036338516697,4.564030538181321,5.649701952306987,1.3814630475074752,1.8078045395629523,90.861132,0.0,4.092238238092093,0.3352392592990958,1.8430134004389391,14669.343477035785,15517.187940264863,13428.064243448858,16082.163989856295
LOG00008,Idle 35,109.0,109.5,30.838264299802763,0.987773054235746,53.36322034457834,22.976429980276134,89.0,2.0807710021917383,5.448007889546351,12785.967878275571,7714.285714285715,0.0,0.0,3.5399545001178137,2.9744223484107706,1.4586688909832926,4.227730806607625,2.950133657291605,1.6504042495085998,2.1365543708237875,0.8785165569615946,1.6500128821933364,0.469625692299952,0.6640285064633172,0.5583522253909852,3.7537620804345586,9.352586791016067,17.634438350748113,2.2636250681460917,3.78581857618604,9.06822703825599,8.506291904959916,3.269439261527105,4.8754975916023735,109.354472,0.0,11.726537218155135,0.5695727509467597,3.1190079144605147,8159.6787827557055,14688.44744998591,15195.970695970698,13099.77458438997,LOG00004,Idle 35,92.5,93.0,26.943195266272195,0.5698610918817913,55.46814991101539,23.403057199211048,58.0,1.0394869059535699,3.701794871794872,11807.318963088195,9871.42857142857,0.0,0.0,1.1291011633413024,1.0914612228740515,0.6387359883813306,1.153694625152859,1.0957560450612311,0.6756421306921454,0.347001260642593,0.09387959847411541,0.41888543766860503,0.26043307347669903,0.31530983009135216,0.25528958775453126,4.236492167537089,6.45473012508751,3.6596579363980637,0.868662428132033,1.3957088065828736,2.9429151375640026,3.5286933174476363,1.1104406868663452,1.8552389233749726,92.999997,0.0,4.933035005104418,0.2783393901508466,1.162449458432759,11256.94561848408,12604.790081713158,10629.4449140603,12738.095238095237
LOG00008,Idle 35,109.5,110.0,34.717751479289944,1.4830536735373017,38.562672079619325,22.99412228796844,84.0,2.1820087173560507,6.503510848126232,14026.429980276134,6471.428571428572,0.0,0.0,3.9314596503429007,2.8617071153646494,1.3300063215766262,4.330486758373407,2.92736264256488,1.4315025549134883,2.024052061157258,1.022999801871307,0.8078063018170829,0.5099529856426097,0.7709594452486564,0.5543101550415159,2.8653197981873384,6.126299264364587,9.740667800639315,2.666556653348738,4.323252856045271,10.999641378410885,9.594747083567817,3.438440242057652,4.732437131217315,109.562636,0.0,6.8464640368794285,0.6222781429998638,3.5917293636089855,7785.319808396731,16134.375880529728,15563.34178641871,16622.68244575937,LOG00004,Idle 35,94.0,94.5,35.08205128205128,1.0381544338555118,44.674068470381485,23.28347140039448,64.0,1.965033520128726,6.210512820512821,14672.01324316709,11671.42857142857,0.0,0.0,1.5777215568141807,1.3198260556569987,0.7005925333381869,1.6535874328863123,1.2946586246913057,0.7460203583241964,0.48471797680647655,0.4666179100622075,0.3875576820341174,0.44982947318177297,0.4126370524697595,0.28223822786734615,6.405175758114989,3.3234905524425638,5.413409599359287,2.230003515002756,2.23574461026488,5.184562124051168,5.209799596368321,1.4545009673470959,2.6477144070678333,94.037854,0.0,5.20822648748926,0.38827580802123224,2.2328759077984053,12169.258946182023,15272.781065088757,15177.683854606932,16068.329106790643
LOG00008,Idle 35,110.0,110.5,29.960552268244577,6.233806009781151,28.64058869063034,23.052248520710062,46.0,2.150552769506427,4.935936883629191,12798.175542406312,7471.428571428572,0.0,0.0,2.3554772695526878,1.311647538337456,0.8666291069261934,2.3786657381467338,1.4729730267447652,0.8348702145439707,1.3509764595836369,1.027858032218306,0.7580024241967552,0.35174718073166006,0.5719672500777093,0.3335270784817821,4.150134897118045,7.504650804363975,6.85377054523203,1.536446869231725,3.243869792265327,5.175804733093056,5.77247771877958,1.906396133048703,3.349177496664395,110.000667,0.0,6.338179918725567,0.4328636915530186,2.5380465136737995,9619.357565511411,13358.861651169342,13762.440123978584,14452.042828965907,LOG00004,Idle 35,95.5,96.0,30.120355731225295,7.092243764323511,32.27445746537298,23.24513833992095,82.0,2.3544297085434347,5.354308300395257,12585.509599096555,6457.142857142857,0.0,0.0,3.0164466003473285,1.4138139480524972,0.7840716670800068,3.534444595562639,1.4063042190960715,0.9116159873416029,1.9608143001373628,0.8087175316480376,0.4250009292909138,0.6250555966586732,0.6232249077243516,0.3521755246226117,3.244243625956558,4.325331553587593,3.6791387278697734,3.196019219840003,3.740481000942769,10.608371666147196,6.4319176936113935,2.3556124439787145,4.405540957480701,95.84126,0.0,3.775785637097329,0.5486745801370086,3.4789177176242987,10214.709203839639,12753.13382269904,13377.611518915868,13996.58385093168
LOG00008,Idle 35,110.5,111.0,27.20335968379447,3.7566710855930845,28.985648965683282,23.073952569169958,56.0,1.5846036366076366,4.3200790513833995,11601.983342744212,7514.285714285715,0.0,0.0,1.0848435297677976,1.5835070921826178,0.5954060531365742,1.4830175556726395,1.4908186140421367,0.6125051868994035,0.9501442997287236,1.1598697772900917,0.42791777407063203,0.31550421843906257,0.5344347546107385,0.27584096984533946,4.604911482326802,9.21538705000377,4.8184352925718485,1.287863071479486,3.101688832036026,4.277896125073282,5.959348453656227,1.3572730372094821,2.196397244013805,110.507759,0.0,6.566223849117146,0.3921103838775936,2.374769978509243,9456.43704121965,11992.828910220214,12236.222473178994,12722.444946357991,LOG00004,Idle 35,120.0,120.5,27.137475345167655,4.287104641823477,30.09117125719864,23.1639842209073,52.0,1.5821178271304417,3.7553648915187376,11883.61510284587,8185.714285714285,0.0,0.0,1.2930442289268127,1.2688418086198734,0.6071111427872184,1.7738032940747412,1.3506482330826253,0.7108113709994955,1.3082920334740327,0.9173052035490802,0.4774073691954086,0.38372393494427287,0.5246030270309187,0.3176238849978977,5.567416387251991,5.822359844204209,4.233073521453678,1.5780227752353697,2.8527599175079366,5.282362450381383,5.65214521771426,1.2810001782323621,1.573604857809925,120.165122,0.0,5.254043231089618,0.41766706299806033,2.30525432719488,11777.204846435614,11754.296985066214,10999.380107072415,13003.578472809242
LOG00008,Idle 35,111.0,111.5,29.12386587771203,0.6178815096120632,36.81871778411672,23.099072978303745,56.0,1.525560435515512,4.511203155818541,12424.753451676528,11042.857142857143,0.0,0.0,1.262283147516677,1.261960564490802,0.7738698148702918,1.4069585818798942,1.206001247535941,1.251240902758409,1.0638006107310618,0.7565451650121054,1.2151479016206381,0.31443808176634025,0.37045019117126116,0.28799949977703343,8.609990631685195,10.236702310595993,6.754883289591297,1.1835098452722055,1.8585774723947328,3.7919253981126886,4.1502833723742185,1.2621218663097773,1.5909733865369264,111.441046,0.0,8.651598332667936,0.3261126407013079,1.5580445716906546,11565.82135812905,12888.64468864469,12267.202028740492,12977.345731191885,LOG00004,Idle 35,70.5,71.0,28.578303747534516,0.23145769620793605,44.33415790748215,23.65232741617357,28.0,1.2469881967201613,4.561183431952662,12633.91800507185,11314.285714285714,0.0,0.0,1.0610067151897766,1.0621967312692284,0.5047879964863843,1.0375942277150212,1.016373157735792,0.5047885519413942,0.5248928081649541,0.4516638241124217,1.344441601987707e-05,0.27576976331620306,0.29974794769836527,0.2529221717581711,7.450565919189561,6.113380149964294,4.280286490370225,0.91816173474282,1.259935364075984,2.937884223056924,4.527583660928433,1.0616018899749649,1.4585180129653244,70.856531,0.0,6.088382429233901,0.2768076464958573,1.102374276912163,12196.477881093266,13120.061989292759,11579.12087912088,13640.011270780502
LOG00008,Idle 35,111.5,112.0,37.70216962524655,4.039344863936126,44.02279526645066,22.957988165680472,44.0,2.5085917180283883,7.893136094674556,14992.561284868976,11900.0,0.0,0.0,0.9276641259839842,1.4446204856723865,0.7000965755885693,1.0426622334109945,1.5918985981376923,0.9192666934717456,0.33988523189378905,0.906068184668858,0.7470880808020258,0.3917041114217411,0.47405579268499154,0.2915809807751366,5.7664357418368155,7.186915923242204,6.469634193814596,1.817990469529664,2.526145085817039,3.1722415372743415,4.697139168771634,1.213978805058381,1.9606075712569782,111.981686,0.0,6.500248924829995,0.3929293718692466,2.200738324051528,14289.292758523527,15620.991828684137,14698.47844463229,15361.482107635953,LOG00004,Idle 35,113.5,114.0,35.10019723865877,0.5081776628638804,38.96905523754601,23.098599605522683,33.0,1.6957696395022432,6.6369822485207095,14510.721329952099,12600.0,0.0,0.0,0.9468435730939998,1.0484578493055032,0.6551945187598942,1.1628729688878923,1.1307278030530055,0.6551945188965783,0.736778041813819,0.6407739074451582,2.2090541348973907e-08,0.3294924216526063,0.35573792671356225,0.24131675387402032,2.342998094695244,2.7854659793932783,6.767789872222402,1.3194977529030674,1.8339402175648323,3.3735249534336993,5.094182008458838,0.9989435954246203,1.4550540707009456,113.500776,0.0,4.4366443982158055,0.312702469945078,1.597562368347163,14855.508593970133,14565.793181177796,13067.934629473091,15553.64891518738
LOG00008,Idle 35,115.0,115.5,36.35424063116371,6.7269803816067935,25.565995735627887,22.98205128205128,27.0,3.0439423752918335,6.452169625246548,15034.347703578473,9314.285714285714,0.0,0.0,1.7697412511765278,1.333400132582315,0.9169014928033857,1.891682587082219,1.3770871505663764,0.8628292871041743,1.3987031731747595,0.5151326326770401,0.560780090970535,0.37964638145712465,0.4446483434038421,0.27704124833818267,4.103408919631222,5.331991396232964,6.1502461085611255,1.7285153144688883,2.3619478462432597,4.227737841728439,4.517552880008007,1.5668343897308354,2.8130188703870203,115.499798,0.0,5.2628770397658196,0.3735395461108272,2.0696089993917512,13813.863060016905,15881.600450831218,14778.33192448577,15663.595378979995,LOG00004,Idle 35,87.0,87.5,34.00374753451676,7.211633555569187,32.434801810337596,23.419250493096648,44.0,2.8333437910073958,5.929526627218935,14239.511129895745,8857.142857142857,0.0,0.0,1.8511328787066295,1.6406653941267166,0.9636626720585004,2.0700233455812547,1.907849085906507,1.0241159259579706,0.8721632383897224,1.0114669813419568,0.6810889477936126,0.4228873850160226,0.6887235880827108,0.34634240123680893,3.644570053196857,5.588453426215217,4.897611866700397,2.067072821179503,4.210647448524936,5.827737524531484,7.19480965669386,1.7490677331243736,3.211223496609489,87.007636,0.0,4.778434351907902,0.5076504637647482,3.3168013193307604,12505.776275007043,14759.735136658213,14786.024232178077,14906.508875739644
LOG00008,Idle 35,115.5,116.0,24.791518737672583,5.194875629109626,35.84166816012567,23.03280078895464,130.0,1.5699004586366188,3.8189151873767253,10673.746125669202,7742.857142857143,0.0,0.0,2.225170722762193,1.6288433099688198,0.7386710882244948,2.609585623719094,1.4738863519423022,0.8424446609835898,2.179606276473316,1.153092874728861,0.8342635376250737,0.3283783623138686,0.6318806935613954,0.2894106142848524,3.79040281150515,8.086757632092791,3.87967794028963,1.3401522395464582,3.6239865557033255,6.053508934015145,5.602725456809275,1.9499378546338604,3.320281677047089,115.55406,0.0,5.621823648190063,0.4437957726223117,2.732149939249293,9138.884192730346,12195.519864750633,10722.879684418145,10637.700760777685,LOG00004,Idle 35,95.0,95.5,23.23846153846154,2.201263757521464,37.72901594931108,23.370966469428012,86.0,1.3529795896706305,3.0796449704142006,10518.603832065372,5957.142857142857,0.0,0.0,1.564639144540791,1.0660144251615649,0.6288062768643752,1.485948492897205,1.0523420233496719,0.5679214751667369,0.33904577826772053,0.2709186842925271,0.41461959577997115,0.2834109081933208,0.36959930471603686,0.3019666992551344,3.961664927636503,6.3465250560203375,3.866806242878234,0.8564905248833365,1.8147540556834718,3.5468128871995397,3.6281824770516997,1.3387461311394853,2.294424686971102,95.404221,0.0,4.862282036435194,0.32047323153350443,1.4189623500703852,7251.000281769512,11383.854606931529,11515.835446604677,11923.724992955762
LOG00008,Idle 35,116.5,117.0,37.7723865877712,2.5224097821195786,33.95933780475919,22.979881656804732,135.0,2.8738809563863468,7.634457593688362,15180.705832628912,7971.428571428572,0.0,0.0,3.599998985120636,2.647126513551171,1.195095575744176,5.102880668451807,2.7290176404726787,1.184646955819107,2.977147234404529,1.1818914319407343,0.8534465439189634,0.49086204134957434,0.5595440078264061,0.5301981103031868,3.5757631159770225,5.558740777790199,12.249732336132515,2.328162553088527,3.246766127744776,10.522447124653288,8.969815699799128,3.1596891834178242,4.546469348979645,116.734006,0.0,8.036201905608971,0.5276188891303327,2.8250514297862344,9017.187940264863,16714.25753733446,17171.85122569738,17819.526627218936,LOG00004,Idle 35,65.0,65.5,39.27948717948718,3.6036269989645175,34.83812254644502,23.512978303747538,137.0,2.965928553972789,9.126193293885601,15819.723865877711,9442.857142857143,0.0,0.0,7.691029177512466,9.467432894857787,3.196026068136444,8.592240595652525,9.656796780222376,3.3241769982601737,3.0964146742016814,1.370109284088141,1.5603881614225563,0.7078204579083577,0.8870604929696684,0.5013573698189773,3.7003215994682357,4.135241511897846,4.596358172541519,3.8993102965617665,5.646308161966006,22.31931615814558,23.330614099089445,8.625085954006007,14.345107934822645,65.286329,0.757396449704142,4.160092577155127,0.7162972686189703,4.8520828851513125,14432.403493941954,15644.94223724993,12717.357001972387,20484.192730346578
LOG00008,Idle 35,120.0,120.5,15.056607495069033,4.42030132865147,11.860697638088451,22.947514792899412,72.0,0.9087344348524203,1.6734911242603552,7310.235277542969,3500.0,0.0,0.0,2.3982800354116462,3.172972038825699,0.8041193765348107,2.5622569343738477,4.162461720379873,1.3943104217857913,1.5256182780779333,3.764228174172025,1.3760359620643334,0.33060425057936965,0.4015359872009201,0.347239151919829,1.254773235102838,3.3432193608224248,1.5174943999558803,1.1577368873206353,2.1567230734508493,4.566190821607151,10.402548618078134,2.812427660174018,3.712321184962219,120.333033,0.0,2.2401161294306315,0.361065713384035,1.7308681515092577,6206.2834601296145,7760.185967878276,6886.700479008171,8387.771203155819,LOG00004,Idle 35,119.0,119.5,17.999802371541502,4.935923407214865,16.321601372077136,23.2601581027668,81.0,1.004169592846502,2.1893083003952567,8383.14511575381,4557.142857142857,0.0,0.0,3.0103301262035327,1.3099075210448388,0.533019726599254,3.29188174882206,1.2921144705232674,0.5214138103408088,1.6364331107411016,0.7431653845220223,0.24683950869064467,0.34071323113940916,0.5102294614917511,0.30151965560044924,1.477316739575545,4.453523227608024,2.213533030745769,1.3385540215539884,2.518485973427115,8.64369358174952,4.409162217751871,2.3214160745564763,4.417760066017902,119.019692,0.0,2.9953331682289184,0.3946870963016281,2.016742232781309,8569.282891022021,8481.140598531905,7433.6815358554495,9048.475437605874
LOG00008,Idle 35,121.0,121.5,37.91264822134388,0.9696776810391857,22.060711527294128,22.805276679841896,38.0,1.9194019191770906,7.376284584980237,15141.14201016375,12242.857142857143,0.0,0.0,1.849118017782268,1.4976245188912418,1.0027303719940415,1.830640576812012,1.3632127209073075,1.0160711032675374,1.4810852141494641,0.8058243807979065,0.9019925873814529,0.3632634357835786,0.43829011095112796,0.2821314864958698,2.8113556713207695,5.3567148426599305,6.62894470320239,1.682518555303121,2.4109044196510316,4.532927401805541,4.835025372811525,1.6825749081796102,4.553601329316981,121.040417,0.0,5.181409798319234,0.3668136315202456,2.0788613240945377,14534.556747600227,15672.416713721062,14517.363071710899,15840.231507622811,LOG00004,Idle 35,112.0,112.5,38.45325443786982,3.528285850907636,24.464179688097946,23.35560157790927,66.0,2.34980201090065,7.738560157790927,15656.431389123698,11457.142857142857,0.0,0.0,2.0945165357225424,1.754572064726181,0.854143634512376,2.9747207187315343,2.19180530640801,0.9598519234408225,1.5072310108394782,1.0739568606962355,0.6589495321953921,0.43701485305359006,0.5478088257342585,0.2840525985592754,2.049879967554722,2.568491548060377,6.322189006088855,2.0802743060772437,3.16119971928638,7.37820234355803,8.681409096761046,1.9320355391054087,3.3707820970968334,112.418502,0.0,4.113766746853402,0.43656323333131436,2.675885353835384,14995.12538743308,16011.496196111584,14946.210200056354,16672.89377289377
LOG00008,Idle 35,121.5,122.0,42.83392504930967,6.818963071835264,47.33118864151123,22.71272189349112,31.0,2.569374446660054,9.29457593688363,16832.093547478165,10228.57142857143,0.0,0.0,1.373061705543498,2.0015666116325814,0.7627740358392099,1.4781598681356698,2.3147964342771705,0.9126144101569814,0.643349721213038,1.1963082687338087,0.7060940857590717,0.3503814549452927,0.47432318958639985,0.3211469997168306,2.7024602903343866,4.482034706651774,6.899378707737138,1.4338614405661043,2.491332939795556,3.528413828055297,6.216190605268281,1.7163285448934813,2.8983301359116136,121.958931,0.0,4.999778437932422,0.38767901137243155,2.0325720710042074,16698.9010989011,17406.198929275855,15311.383488306567,17911.890673429134,LOG00004,Idle 35,93.5,94.0,41.2974358974359,1.917503033367021,52.39607986910545,23.199112426035505,75.0,2.6889690553608974,8.879763313609466,16598.753169907017,12685.714285714286,0.0,0.0,2.5976703869183226,1.5423124656782208,0.8829284186714743,2.6263179831903676,1.5825383406720104,0.8039329607825655,0.4877914188249573,0.38210664925645194,0.4154893395545417,0.46559791450672694,0.5825084514868083,0.32853823584050734,2.8607294910541836,3.588204251601178,4.733146732932461,2.3198077691646573,3.3129289477831945,6.803381222247275,5.536858742439418,2.1361904387084523,3.709715898024831,93.756686,0.0,3.806208129169376,0.47047312585515655,2.8598082364851467,13882.445759368837,17242.716258100874,17471.456748379824,17798.393913778527
LOG00008,Idle 35,123.5,124.0,41.72134387351779,3.002538282631547,68.50755118198424,22.665434782608695,92.0,3.2851319374518377,9.66794466403162,16116.247882552232,8542.857142857143,0.0,0.0,2.765591407701228,2.3602460942895567,1.163841781970782,2.8944869769418418,2.061049473234649,1.1322780243712527,1.5496160841463282,0.8373345722034262,0.775478556253618,0.5007717550401853,0.9437213193046955,0.44645249586081853,2.551576959783369,5.7919065166218635,6.4789392591654495,2.6327327002887637,5.7745162198279045,7.155113707965307,8.470945460575663,2.5709198217719633,4.307727304815906,123.999184,0.0,5.229193054475981,0.6685063226369107,4.487556074536858,10032.411067193676,18887.549407114624,19537.01298701299,16008.018068887633,LOG00004,Idle 35,109.5,110.0,39.0585798816568,2.6795338644619533,62.36744295312559,23.213412228796845,48.0,2.1542780054810224,8.04552268244576,15610.453648915187,10957.142857142857,0.0,0.0,1.288513112160348,1.650942329458572,0.7665687347166618,1.4232949289158578,1.7738079038177552,0.8534389464004647,0.8164077668493146,0.6167412145148043,0.4300395316556731,0.40802539246388975,0.5609807010116624,0.3102915917355285,2.415041501250042,3.086454407904527,5.237437072681855,1.8593452070652463,3.3653065265726023,4.676729078297659,6.574560979335876,1.4808572880948454,1.971208492291583,109.57521,0.0,3.776655193648457,0.43873490086255007,2.718680986878442,14647.84446322908,16560.21414482953,14730.515638207948,16503.240349394197
LOG00008,Idle 35,124.0,124.5,34.80118343195266,0.6293280752622366,52.65751063996206,22.726666666666667,94.0,2.50233641166933,6.975857988165681,13888.095238095237,6357.142857142857,0.0,0.0,4.115182691252146,2.49177553665778,1.4260107751300457,4.704739946708775,2.532842013534305,1.6509503060354296,2.130833429993801,0.7610119708709576,1.0686553277409165,0.5167906337777708,0.9871444336182359,0.70937672265186,3.5882626280543115,9.776112065865531,14.62373497800889,2.784583176348206,5.467469534764983,10.969295500941811,9.612614985731268,3.401740283110062,5.478248544654383,124.016943,0.0,10.36503128342752,0.7626143688269957,4.338613060621141,7372.499295576218,16857.95998872922,16866.356720202875,14455.564947872637,LOG00004,Idle 35,93.0,93.5,35.85375494071146,3.372715993549935,56.095569108917005,23.22922924901186,76.0,2.2499922116462696,6.850316205533597,14664.772727272728,10557.142857142857,0.0,0.0,1.8093529097551202,2.146535111086187,0.8582704977094672,1.9017866783892046,2.1121670008294027,0.7795577394612505,0.5425509705538417,0.3470831345262601,0.3178218065592586,0.4579726647640229,0.5425038829973564,0.32660466957748197,3.753753676782812,5.365871065105804,4.572051175555495,2.3144526970583534,3.18178324743591,5.368072795109698,6.780581434138243,1.9851159834081622,2.9844863621826865,93.484395,0.0,4.611105829234406,0.4511910293612104,2.782124720477542,12809.909655561829,15829.39017504235,14870.01693958216,15149.774138904575
LOG00008,Idle 35,124.5,125.0,38.49309664694281,6.946661513984283,36.5909135196927,22.89846153846154,78.0,3.594946023697652,8.490059171597633,14780.621301775149,7114.285714285715,0.0,0.0,4.228681236400033,2.5867126806167873,1.2568284663797484,4.676670629095097,2.4990374051962996,1.2492319650534587,1.9955699382853687,1.1780061835668891,0.762048965062575,0.569166130784911,0.9721651590328031,0.5670375525882808,3.247446829153992,6.939569363260573,9.444218694994184,2.8050741688268865,5.707548510844291,9.815456956569683,8.995615850873644,3.505198103613074,5.7960043305119875,124.551657,0.0,7.021319928488392,0.7281453075944043,4.496918450242385,9062.186531417301,17123.555931248236,17739.81403212173,15196.928712313327,LOG00004,Idle 35,114.0,114.5,34.40296442687747,1.9495847096847403,43.72363296679143,23.05922924901186,32.0,1.717017531725914,6.010256916996046,14376.948051948053,11485.714285714286,0.0,0.0,0.9209266849276748,1.2528073424953448,0.6313452063401078,1.0009713657657255,1.3864969517837362,0.6313452063399977,0.5659975118640344,0.6813527291158475,3.3089210096230874e-13,0.27228832937048464,0.37146518085394253,0.24263341214089476,2.554218992195441,3.4334448894219567,6.0893809576226685,1.0219267855174474,1.8574641622885986,3.3698265868285335,4.904825404941997,1.099461731126219,1.6619829084422897,114.376855,0.0,4.29701985550634,0.30055409251655796,1.499084298687787,14492.010163749292,14562.958780350082,13077.837380011293,15374.985883681537
LOG00008,Idle 35,125.0,125.5,38.132741617357,20.546398950680782,34.27036366984713,22.669151873767255,108.0,6.119236784324646,7.482189349112427,15162.327416173572,8242.857142857143,0.0,0.0,3.403572539888945,3.3318840152233236,0.7994567020549997,4.365226651091069,4.188761857734122,0.9273997952582523,3.0847684536469266,3.0721807102668954,0.7436145547195958,0.5283127252976562,0.7030614826115362,0.4668197383076082,3.806834363837397,6.655345080301519,5.961885012283508,2.2217201636520527,3.572145827581029,10.63292864631533,12.497731549589373,3.3679190255398646,5.258568850543257,125.185028,0.0,5.60742599628022,0.5748421383640764,2.9745811721217703,13013.243167089322,16335.643843336153,15516.962524654835,15783.460129613975,LOG00004,Idle 35,111.0,111.5,42.272924901185775,20.827516719709415,33.65267025017231,23.132411067193676,147.0,5.4564592502666,10.970849802371541,16513.6222473179,5742.857142857143,0.0,0.0,6.565226708713787,3.5312944703122255,1.4476181899218719,7.367003511239051,4.078246349863725,1.3826271441036422,3.2495508871712593,1.5729569354864708,1.4992402161104814,0.7462453407067734,0.8537573343332642,0.6246851688109499,2.986569875152444,7.417421286062443,5.25693650815948,3.5658122890574604,4.45111210206156,17.054550932518904,11.15804536128909,5.271254232764088,13.487145976048396,111.000804,0.21739130434782608,5.524886713919127,0.7474434771465495,4.032828797873281,13586.109542631282,16819.536984754373,16298.701298701297,19350.141163184642
LOG00008,Idle 35,128.0,128.5,31.56627218934911,10.243284542268725,23.6489502548794,22.704437869822485,49.0,2.642921216843431,5.713076923076923,13108.41081994928,5228.571428571428,0.0,0.0,6.588150839780306,7.753966634880228,1.1818100574429637,6.274336502211631,8.13852374125118,1.151834556756695,2.2299472785746803,1.5760271925522997,0.14600236088019466,0.7097545424876148,0.9112863509364398,0.5702101871270036,4.634153485055998,6.639580335342508,5.620587874385888,3.6946639748924874,5.328548928478257,13.982589907196038,17.42688303930118,7.194710906719385,16.493226512307658,128.002721,0.3609467455621302,5.690647696182957,0.7437145468274478,4.584974131364055,11620.540997464073,15947.421808960271,11287.996618765848,13577.683854606932,LOG00004,Idle 35,104.5,105.0,29.91617357001972,8.791825073315257,22.18815231658437,23.1592899408284,60.0,4.208667235142729,4.569881656804734,12807.431670893207,7714.285714285715,0.0,0.0,2.3158191606613974,1.792628970966666,1.278677191734909,2.226261259511458,1.9714332473510223,1.5576376563660281,1.075997115653846,0.6583892798634171,1.01868040085714,0.4993748951949687,0.6445352697319124,0.3658699990571616,3.618209607137204,6.880112210268281,5.901111704895568,2.5324977674271447,3.634072803832547,7.897394272284575,6.495940167425891,2.0708134889984016,9.166278488978675,104.5003,0.09072978303747535,5.634728746524187,0.5159657146521338,3.1320943540687622,11263.003663003661,13522.936038320653,10146.069315300085,16297.717666948436
LOG00008,Idle 35,131.0,131.5,18.720355731225297,1.2841849939754544,65.549586643721,22.681600790513833,124.0,1.6528256121782663,2.828063241106719,8024.0471485036705,4671.428571428572,0.0,0.0,2.0093147726578673,1.7044840170197475,0.9936685379614733,1.9009986494300473,1.5536578387128503,1.2784209293142124,1.166531863697596,0.966751534040445,1.2060975319376628,0.3412998090346394,0.3977244268115182,0.3700671341568454,1.9909333365755058,5.301455507487708,5.865999682428766,1.2114185379008595,1.8668363413767346,4.186133707255391,6.0536142146067204,1.8631440658060925,3.1908050630036078,131.282046,0.0,4.707412534957105,0.37041416599652005,1.5736284185688076,6010.784867306606,9447.713156408809,8544.014680971202,8093.675889328062,LOG00004,Idle 35,84.0,84.5,19.972189349112426,1.067724330620126,63.36081268258267,23.368777120315585,98.0,1.6926660229212311,2.6477909270216964,9009.136376444068,4471.428571428572,0.0,0.0,2.0295275780748616,1.230363103109538,0.7891624996405816,2.107564006682538,1.1780355276815555,0.7775794958971847,0.7413357895819884,0.5564755455976531,0.4802564593503005,0.321155147667475,0.3837390851958325,0.3089513158205448,2.3391509839485876,4.346700904859465,1.8555609258048495,1.241575917845142,1.6171841143282522,5.861652869197762,4.70741577870592,1.6782096942366507,3.1194273789339,84.000607,0.0,3.0445876804250243,0.3395326346256463,1.4416648742701368,5312.848689771767,10645.252183713721,9362.271062271064,10716.173570019724
LOG00008,Idle 35,143.0,143.5,26.043392504930967,4.828336265677919,24.733839713755074,22.62800788954635,47.0,1.5433820340002522,3.5413214990138067,11245.224006762468,7514.285714285715,0.0,0.0,1.4378024037083512,0.9491899136759231,0.618658647741741,1.7480023634156339,1.4425191786410476,0.7380196273125128,1.4609361962406946,1.262700434036186,0.6834136926513972,0.2819320237243334,0.5346184726915209,0.27519518708824087,3.610444089026954,9.749578494234443,4.689704821244832,1.106059861387384,2.9854918999341242,4.1812958175670785,4.188836483417874,1.2182440733148716,2.6847010324249827,143.493788,0.0,6.584904925804054,0.38342099070553615,2.251280780083257,9692.561284868976,11931.614539306845,11532.516201746972,11824.204001127078,LOG00004,Idle 35,122.5,123.0,24.636686390532546,5.161046946893589,31.083969604644256,23.213964497041424,36.0,1.7687709766667248,3.0630571992110456,11054.268808114963,6528.571428571428,0.0,0.0,1.3130431082533311,1.2102607694996803,0.6418271835025123,1.2108544498058142,1.350117987811911,0.7120541952362756,0.8233430650459219,0.7296233292815759,0.6388221648764,0.3700230622592225,0.4525835508338013,0.3277778274857893,4.695348886651605,7.86336808707769,5.103329473036584,1.5047151159168657,2.3058634245820295,4.459327480451427,5.2692775592158005,1.2626981694612383,1.796313839520926,122.788444,0.0,6.0531763163542545,0.3869484208867845,1.946942951513202,10281.882220343758,11227.359819667514,11247.05550859397,11460.777683854607
LOG00008,Idle 35,143.5,144.0,19.38974358974359,3.5940139435131573,26.712371276925246,22.620650887573966,61.0,1.1518153126611015,2.38905325443787,8600.887573964497,6614.285714285715,0.0,0.0,2.059638657939938,1.0044435075591902,0.38134735315425894,2.6126175491933408,0.9769164936444953,0.340999912030198,2.2619384356289296,0.8609895298261456,0.14615369647035514,0.27729983965403915,0.35951793270797894,0.24953855846781442,2.0625703928891084,5.513534912734735,3.8076581864494097,0.6576345279391775,1.664927517120525,6.059859197301886,2.7642405179408036,1.6203422726631607,2.8048128109307355,143.518409,0.0,4.047695835262442,0.29911972919048624,1.2657935869648926,7577.23302338687,9371.851225697379,8719.836573682727,8734.629473091012,LOG00004,Idle 35,120.5,121.0,21.664694280078894,6.033773785117178,33.53585688549532,23.119171597633134,23.0,1.8981482516997739,3.3119329388560157,9455.93124823894,7042.857142857143,0.0,0.0,0.7164629587777614,1.0695934426429432,0.47324014589656527,0.7500087471084609,0.9871127164533429,0.4733313885132686,0.5369727195578883,0.5800924776029396,0.026330042032859213,0.42511749820862543,0.4149901719329059,0.31127443035358004,3.227189868582167,8.321312897309408,8.859003350301911,1.8354153228448007,2.1393803342028783,2.80988674342012,3.766613429307322,0.910315688056997,1.6457981459297915,120.68308,0.0,7.260416497315375,0.38722667826309387,1.9932006449060145,9245.87207664131,9171.231332769794,9307.55142293604,10099.07016060862
LOG00008,Idle 35,147.0,147.5,22.19033530571992,3.760309338013344,30.872858360232136,22.638757396449705,47.0,1.2897764136369032,2.9512426035502957,9816.272189349113,6928.571428571428,0.0,0.0,0.9678001279689602,1.8461691639672435,0.49516277217958954,1.0211647005107132,2.0702592898797194,0.4825846102759597,0.49208992469968027,1.8080104362840301,0.28547874287179514,0.2978112748533781,0.35668470927085094,0.2515660927442287,2.4511530464527453,6.394148323667496,3.773233602578697,0.8870040569057283,1.6387256139447477,2.6032902864609344,5.244138269848907,1.4739365097724266,2.822480805521603,147.433146,0.0,4.514073395571653,0.3050688645076843,1.317611064534184,10098.929275852353,10000.309946463794,8468.272752888137,10697.576782192167,LOG00004,Idle 35,121.0,121.5,21.30473372781065,4.096356354462833,34.643228060694575,23.173076923076923,23.0,1.9269823271253281,2.6890138067061145,9795.005635390251,7914.285714285715,0.0,0.0,0.863726385485942,1.0788353440444909,0.39203926645128934,0.7888724230602552,0.8953299629289473,0.39203935927439054,0.5803946586832253,0.48012929289161416,2.887888079330577e-07,0.40363322955443803,0.3933445300410084,0.3318899404662637,3.065922776573415,7.259882017978183,5.61843829517031,1.6879223043569977,1.8135901147804485,3.95711727401597,3.9603558105246814,0.977217726134817,1.4610242614969307,121.178344,0.0,5.587862389844346,0.3776200188445291,1.7518833879535471,9480.924204001127,9573.908143138913,9621.527190757959,10503.663003663003
LOG00008,Idle 35,148.5,149.0,38.08856015779093,7.758854920816504,51.51926502495843,22.543510848126235,74.0,2.638072659484566,7.719546351084812,14795.259227951537,10557.142857142857,0.0,0.0,1.3128517776586552,1.6022805840230823,0.7840005359551163,1.2346365306778029,1.652372683049959,0.9882431565885892,1.1075085874354957,1.0132240009490459,0.6822386143570064,0.34148726942031477,0.42010238588674803,0.3082483026541911,6.768410631633594,6.749934434305566,6.657262425810001,1.5126998784438932,2.1497561487441756,3.379366559459815,6.096851452441341,1.4647325455588884,2.567802269537819,148.929789,0.0,6.725378312827128,0.35968346542159846,1.8587243503687627,13714.370245139477,15981.769512538744,14199.295576218654,15285.60157790927,LOG00004,Idle 35,109.0,109.5,37.51538461538461,9.94279694278048,54.45071453451891,23.16554240631164,55.0,2.974695736689024,7.125917159763314,15319.484361792054,9300.0,0.0,0.0,2.2468250746841925,1.3995837349662745,0.7435161409284328,3.34195684516835,1.4150702616170343,0.737167642558139,1.6141287022531696,0.2155493302641477,0.28289048360005103,0.3932633709747829,0.47775880307139446,0.2761655524373105,3.6944469441315886,3.869322865431817,4.878413317608319,1.714151925304506,2.7646924012403225,8.067760370539627,5.276758612971232,1.8717715602353526,3.3038873963484856,109.021744,0.0,4.180092270009316,0.39122754044829466,2.3002000887424034,15007.072414764722,15687.630318399548,14163.060016906173,16420.174697097773
LOG00008,Idle 35,149.0,149.5,33.122134387351785,4.61089363447285,58.638899697596656,22.45930830039526,90.0,2.266364930442594,5.546877470355731,13721.259175607001,6914.285714285715,0.0,0.0,1.5430226038921164,1.3514043277595262,0.7158750182211874,2.227119623488644,1.5974627832834378,1.0365755206909097,1.7373280749207232,0.9038164887419662,1.025482329234979,0.38248754099023213,0.5950448409942861,0.4473526480154679,4.7259266265139255,7.100060292241112,6.5260710783304665,1.7303315604448501,3.325840993383741,5.067138179294427,5.964320793656581,1.4503814003925286,2.0750386966522747,149.06791,0.0,6.200398975121778,0.48321819553666123,2.650968278039484,11481.338226990401,15686.420101637494,14410.813099943536,13306.465273856578,LOG00004,Idle 35,97.5,98.0,35.680473372781066,6.453825782552509,55.72603138997361,23.099861932938854,53.0,2.646328967271688,7.486607495069034,14245.153564384333,8000.0,0.0,0.0,1.337971345669444,1.322186841046514,0.7940358384179812,1.6949187074073586,1.3065222277173112,0.7940359644520758,0.8182349526187883,0.41143280586013015,6.946474319836834e-07,0.3628142265958791,0.502716818586465,0.30064931435083153,3.8692846199011868,4.811354415031313,6.190594244602456,1.4772254079119098,2.6345901073501743,5.514370682468548,5.091664689437502,1.3301025081678968,1.7550274505713102,97.943613,0.0,5.047902266557538,0.3978058039335641,2.135797267945615,15001.859678782756,14060.21414482953,12368.554522400676,15549.985911524373
LOG00008,Idle 35,151.0,151.5,26.031952662721896,5.128983729393037,21.179356992067937,22.51041420118343,37.0,1.9969324190245206,4.369842209072979,10811.43279797126,6928.571428571428,0.0,0.0,1.547498739783681,1.0649507022606395,0.5949736877718801,1.7758655610897074,1.134699360685694,0.7836354649370703,1.4239540835970488,0.7006213735202845,0.7487300240023447,0.4556241379215318,0.6901454903493962,0.5003278806679331,6.270316416369712,10.35226861665461,5.9034114762119145,2.116460801755247,3.928730688746748,4.5771924075032855,5.475604854325233,1.3283208098719057,2.0543588230973544,151.373524,0.0,7.774672566100733,0.5580388699364985,3.1554976746994248,7788.081149619611,11062.97548605241,11723.189630881938,12671.484925331077,LOG00004,Idle 35,111.5,112.0,25.086982248520712,7.489207762174202,19.414017784920986,23.05591715976331,47.0,2.201214225517333,4.090986193293886,10600.422654268808,5300.0,0.0,0.0,1.0987345824977368,1.2278417884317703,0.8107201167061924,1.1421440353759498,1.0220467645720825,1.1280850570141268,0.5355731781314947,0.6551172004410257,1.1075207003228276,0.368530087246297,0.46766467453496047,0.26130651978407626,3.688422143371186,5.246631210494578,3.2317346706454217,1.4966489547909758,2.432154989250373,3.819135873017357,5.132754392415436,1.1650779244745402,1.8007082966405823,111.970598,0.0,4.146311853044758,0.3754134477680661,2.019323647364682,9118.737672583826,11245.928430543816,10904.987320371936,11132.037193575656
LOG00008,Idle 35,152.0,152.5,28.173122529644267,3.2048488665947663,30.831973578165346,22.54393280632411,30.0,1.5289533090342116,4.188339920948617,11744.536984754377,8557.142857142857,0.0,0.0,0.8642132316582403,1.4013725841342708,0.4631483377843774,0.8473780411092372,1.2123540420387011,0.46314830986315925,0.32001221242178113,0.9115756114374267,4.3645218334557933e-07,0.2797301480274649,0.43937262645680414,0.25542546564268265,5.581398718396114,7.7004658747902575,5.907875765485445,1.0125196562381353,2.215102654467902,2.1269027751685696,3.929467071048006,1.1641970686564072,2.0709968990046965,152.000985,0.0,6.464059158220767,0.33493254499665004,1.7221898594666227,10275.437605872388,12356.60643704122,12265.782044042913,12080.32185206098,LOG00004,Idle 35,122.0,122.5,27.728599605522685,3.151173134205029,34.53383640967264,23.15447731755424,29.0,1.8127650363115952,4.383214990138067,11871.491969568893,9242.857142857143,0.0,0.0,1.1462554785271755,1.0450376352162423,0.6994986634348156,1.279301935462339,1.1724522942759428,0.7833751823449226,0.6462815565182544,0.6176988370821331,0.5158899388290415,0.3889692030365388,0.5287107737391783,0.3019395857057432,5.613714245749907,5.718999481985,3.1069230083432653,1.671569770238042,3.068800020517563,4.216292247411445,5.705286658704203,1.0968147703855748,1.4015065955571335,122.170845,0.0,4.962315094377251,0.41713292709275795,2.470999702822955,11063.144547759934,11740.152155536773,12216.624401239786,12466.046773739083
LOG00008,Idle 35,152.5,153.0,27.94990138067061,2.409140833647792,33.67973776654978,22.560808678500987,22.0,1.4042942434400325,4.256015779092702,11887.764158918004,9400.0,0.0,0.0,0.8917853204930591,1.189239132434538,0.5660842210963251,0.8619962070683324,1.1386244729335264,0.5660842210963916,0.5082504809161693,0.870638350766301,7.056105405867388e-12,0.28088667284035285,0.41477020498746825,0.23801188679672208,5.227526296733018,8.273086091455758,3.9106176533195343,1.045327948842873,2.313130717947974,2.3742537496759057,3.753499353463339,1.051087715645217,1.7425506658018457,152.548536,0.0,6.084513540953194,0.32019853434039186,1.7948933448740847,10860.101437024516,12487.207664130741,12051.225697379543,12152.521837137221,LOG00004,Idle 35,116.0,116.5,28.20394477317554,0.03239641217773909,34.273248026004175,23.165818540433925,1.0,1.1566452175720416,4.262347140039448,12197.668357283743,10842.857142857143,0.0,0.0,0.8634855984260144,0.7900585337450432,0.5137462346624116,0.7388391931003633,0.7901292378916737,0.5136902031747212,0.2539673553178618,0.00033621198840778655,0.0013436218854257795,0.2545986336415891,0.3383680997278705,0.24417822498942343,8.220423027534682,5.856697863121946,3.1602395798905882,0.8829671386691536,1.4559442279428148,2.0342239456716618,2.6483592479334064,0.8275868127974548,1.270117187884624,116.042195,0.0,6.106373141066815,0.282215308304729,1.204035830623323,11999.436460974923,12400.535362073824,11291.913214990138,13098.788391096085
LOG00008,Idle 35,153.0,153.5,25.43491124260355,1.7103652394962763,33.89610921135733,22.655384615384612,17.0,1.1570643057727956,3.6576331360946748,10937.85573400958,8942.857142857143,0.0,0.0,0.7032600964820043,1.1545815861093391,0.4896345479764278,0.7823625157917268,1.1092197789809206,0.48963454797642764,0.5070158537974613,0.7953348915723724,7.943431904819465e-14,0.2374020578624248,0.32461877704561376,0.23489225587151671,4.218824473566557,10.919287927194983,3.404235625643071,0.6595452445352915,1.3651762882351113,1.873199332597834,3.0592440829352534,0.9559376031642008,1.585489582718782,153.416727,0.0,7.038421910500669,0.26889369606861013,1.0720788747915224,10139.673147365454,11433.220625528316,11024.626655395887,11153.90250774866,LOG00004,Idle 35,84.5,85.0,21.447731755424062,1.826597753230843,43.78161950408239,23.354536489151872,57.0,1.5174620987811138,2.88396449704142,9652.944491406028,6142.857142857143,0.0,0.0,3.1347464348089105,2.8331211671486294,0.9390703231935864,3.136563702070993,2.756699434365882,1.0649537057021314,0.5639839291038512,0.3239444054885395,0.528687977857796,0.37521815580808743,0.44538621010333396,0.3049441975755134,3.1301816594243097,4.235762240024553,1.7221504279977722,1.6101785923143346,2.3149257517264905,8.272360767200732,7.128435709238704,2.9877425222308553,4.665761339871219,84.999979,0.0,3.199245800271633,0.37953853745182314,1.9939353468898915,7427.106227106227,10467.117497886728,9138.010707241478,11579.543533389686
LOG00008,Idle 35,153.5,154.0,23.683234714003948,2.174909594833378,32.930754944652705,22.66102564102564,2.0,1.2698273768213728,3.245601577909271,10201.951253874331,8785.714285714286,0.0,0.0,0.5497565999356853,0.5631696545953523,0.4717044004356771,0.5397798076483523,0.5490307474028002,0.47170440009575354,0.0868437482313266,0.2986614666921709,5.044908760358735e-09,0.24755131332498775,0.29799897847715384,0.2311225860702065,2.855947630620853,7.723518903071139,2.9536403959708117,0.5788886360593247,1.1433004404570328,1.3910108707711635,1.8589301497837802,0.5565035395349671,1.14414521431122,153.507493,0.0,5.050847212882763,0.2604500551571795,0.9061589126935383,9398.224852071005,10880.95238095238,10374.18991265145,10154.437869822485,LOG00004,Idle 35,114.5,115.0,21.335108481262324,4.202538696681753,42.73644512819806,23.26171597633136,5.0,1.1202346753445183,2.441163708086785,9837.116089039166,7257.142857142857,0.0,0.0,0.939781414308926,1.0767924197291583,0.37670566232841707,0.8245166382535473,1.0013789116868812,0.37670566232841707,0.4703499447778407,0.1940810465996541,8.258473238626802e-18,0.3095957787949876,0.3263163099283074,0.22410948392471652,4.041185320232277,4.967047107831521,2.888100269752653,1.1794707757046445,1.3813786400051973,2.074547549350645,2.657652417230041,1.0106114539887876,1.7205198626006526,114.761619,0.0,4.055607596568143,0.2901476297553281,1.2843983528882164,9540.602986756834,10334.939419554803,8619.723865877711,10853.198083967316
LOG00008,Idle 35,154.0,154.5,26.2560157790927,3.0808593897860184,32.200014742798466,22.643471400394482,5.0,1.5664248952921243,3.559546351084813,11254.247675401522,9371.42857142857,0.0,0.0,0.6715980731511743,0.8039709293551112,0.5124724095087511,0.6071715634883518,0.7750735313287299,0.512478256129994,0.22995675098524357,0.5463305863666296,0.00033233641058774113,0.3058917549732773,0.373377155482399,0.23292324547711205,5.458588554406945,7.94855686109453,4.221524429970271,1.1540504962892255,1.7743230786117394,1.9143391235825735,2.602532524754746,0.740747334490139,1.077569716181031,154.064912,0.0,6.077198194705387,0.3094260839470121,1.4966721309758608,10475.091575091576,11825.077486615948,11246.153846153846,11470.667793744717,LOG00004,Idle 35,115.0,115.5,24.72879684418146,3.973079918105196,40.400088515439144,23.12027613412229,21.0,1.3743143973318561,3.6701380670611443,10775.112707805016,7357.142857142857,0.0,0.0,0.7934134943779119,0.9089446452589109,0.4137465193775688,0.7841246551068362,1.0639438592533965,0.4137465193775542,0.27904395140068017,0.763529427983078,3.698024917997341e-13,0.25844303680779596,0.3093961976681652,0.2184203454259628,4.786099427300431,4.68658602998898,2.3108466724693475,0.6016411422255401,1.268057139540971,1.80400606147055,3.400603264731504,0.8531369588775931,1.2369337506708116,115.192753,0.0,4.091081710589348,0.2647176216914614,0.9924567933062084,10753.648915187377,10833.558748943364,9873.992673992674,11639.250493096646
LOG00008,Idle 35,156.0,156.5,17.07593688362919,7.751193383970029,29.904920601380805,22.60128205128205,85.0,1.4150684635327668,2.6359960552268245,7653.205128205127,3442.8571428571427,0.0,0.0,2.2792064149051123,1.7714342284993068,0.7009790053050959,2.0295710113919814,1.473340184868906,0.5654324520242265,0.6816285072473085,0.6166507364621892,0.35338852360012685,0.3066029428472135,0.4203784796297101,0.2924663658834463,2.118460307809531,5.558968056596328,3.3257404925322076,1.056792378612701,2.0535993556652508,5.169703885552808,4.58859747901879,2.041171368068289,2.9480992241139496,156.381406,0.0,3.9349099843025295,0.344606058116331,1.6331075355105407,7988.278388278388,7443.082558467174,7293.293885601577,7888.165680473373,LOG00004,Idle 35,112.5,113.0,15.707100591715976,9.452505009904407,31.821402980525427,23.21800788954635,80.0,1.0677769832716186,2.1343392504930967,8244.258946182024,3257.1428571428573,0.0,0.0,1.8185092036797557,1.1285892907694066,0.6161179335108191,1.6430742875845379,1.0514966336245826,0.8603851740963032,1.3307182327801117,0.2950237270229822,0.728765210958051,0.35765724214520844,0.2996152164500497,0.27011237299209784,3.530199326755729,4.2682110557025466,1.9541552566041527,1.5385647766998176,1.1915046940861669,7.738706220325013,2.7947541730130694,1.5133885011964663,2.973995181278219,112.500387,0.0,3.3910989206824826,0.31126016707932536,1.3760205318473133,7749.647788109326,8752.831783601016,7261.8765849535075,9212.679628064243
LOG00008,Idle 35,162.0,162.5,29.124505928853754,2.166952709320453,42.15984792918058,22.56980237154151,40.0,1.6112386042840776,4.304466403162055,12085.262563523433,9900.0,0.0,0.0,1.652664020013132,1.7402455389047715,0.6033268328003469,2.0376903821088304,2.275255880906337,0.5737236408489956,1.6126140417185224,1.785954816004441,0.17139199986639864,0.3468064820196977,0.4434385715867274,0.27915361683830753,8.91333467264914,9.727357806781143,6.214712604143289,1.445513888255686,2.535282435398079,4.539027076193639,6.27372965583204,1.6970198730014812,3.0472272933014968,162.498201,0.0,8.420049042610398,0.3627851726737028,2.0636336191749356,12350.705815923206,12334.359119141729,10994.184076792772,12661.801242236026,LOG00004,Idle 35,115.5,116.0,29.16094674556213,0.5228633530104796,37.813689369642944,23.20005917159763,20.0,1.4678843767850447,4.373767258382643,12501.17638771485,10985.714285714286,0.0,0.0,0.8677779858240066,0.8305433390549233,0.5459989366036972,0.8051061024840462,0.7955091285024711,0.5459989399663886,0.1782489757620789,0.3211780202363912,2.3571710018159517e-08,0.27233591879932767,0.3372505260878439,0.217622258028882,6.814206034701472,5.647840540819201,2.879752293685151,0.6418434892387261,1.4762291392813978,2.127587182452205,3.2665901854750943,0.8493647245822231,1.0846652324872317,115.689012,0.0,5.373530184489763,0.28003822191764627,1.138247674353354,12499.633699633701,12426.148210763595,11801.859678782756,13277.063961679347
LOG00008,Idle 35,168.0,168.5,24.81913214990138,3.2073954293367217,29.106658950363993,22.614378698224847,66.0,1.3462607414645906,3.426646942800789,10733.143138912368,6171.428571428572,0.0,0.0,0.9905204618702784,0.8819090132656983,0.5243020787294914,1.444405718780157,0.8664047125155211,0.6706902379909574,0.9772041352591647,0.5571970927088632,0.5650533490959366,0.2983927203395915,0.5676853947988334,0.2996649325051847,6.488531819204192,8.438243208564227,7.090110163140286,1.0083438052543274,2.8376218693542365,4.852255011664664,3.8121574441119592,0.937788433779972,1.5709561236841991,168.009265,0.0,7.38409677936692,0.40869874593760225,2.1294195339378534,7300.056353902508,11605.043674274444,11475.260636799096,12552.211890673429,LOG00004,Idle 35,96.0,96.5,26.963708086785008,7.03278490838776,35.10587378641882,23.25554240631164,73.0,2.2601497392926553,3.7103155818540436,11621.104536489152,8185.714285714285,0.0,0.0,2.4885401760470023,1.1979416778679632,0.7342486632779135,2.2924567338857123,1.1408926414638592,0.734175775170292,1.5644046487522034,0.46923153847458454,0.00019039670958659539,0.38982155813669095,0.5802880854269716,0.3244033950123335,3.5206981248941336,5.178761043024327,3.83864212357404,1.637416217305852,3.318144936890353,5.497892728818351,5.366636652004225,1.9529332389220526,3.909373398880717,96.068169,0.0,4.2406781918405665,0.44494669042936874,2.61641144422158,10835.981966751197,12105.550859397013,11120.850943927868,12422.03437588053
LOG00008,Idle 35,169.5,170.0,18.78873517786561,6.231848866705464,37.323922860650356,22.567154150197627,44.0,1.1156365359268223,2.112075098814229,8718.146527385657,4100.0,0.0,0.0,1.2081651345613287,1.9778421336785528,0.39968444130307523,0.8255169895932349,1.5213449505961376,0.399662873806075,0.990720881572689,1.5041978638282791,0.0009083030667654209,0.3128723427994724,0.39616562722579174,0.2978782748985437,3.387728726216771,6.075580426340818,3.2433217225124427,1.2228732462200218,2.0591898515159626,2.373270120992062,4.0673674853484245,1.6388292312080173,2.826934729387541,169.925188,0.0,4.431272173807843,0.33841186629144077,1.6934700795861473,7197.656691134952,9995.623941276113,8869.734613212875,8809.57086391869,LOG00004,Idle 35,121.5,122.0,21.12885375494071,6.097339330188713,35.08136790798904,23.190335968379443,41.0,1.6747242544005827,3.0008695652173913,9362.23178994918,5985.714285714285,0.0,0.0,1.3410950665718704,1.2549981566770574,0.5352095317952291,1.4983373348010907,1.4023781189373894,0.5353136657346229,1.0306613785779006,0.8030082683088361,0.004404507726972148,0.41693626786446003,0.6903879214550583,0.3602191318068786,4.0249491438017895,7.377605332882579,5.5313013000242055,1.6320350189900008,3.722276169086165,5.75556098164538,5.815170292742667,1.2987602455507752,2.017050413136848,121.957744,0.0,5.8087454219081796,0.5099768479945871,2.873923988396047,8978.37380011293,9252.202145680407,9291.191417278375,9927.159796725015
