before_file,before_group,before_start,before_end,before_th_mean,before_th_std,before_speed,before_voltage,before_sp_max,before_acc_max,before_current,before_rpm_mean,before_rpm_min,before_motor_top_pct,before_motor_bottom_pct,before_shake_err_roll,before_shake_err_pitch,before_shake_err_yaw,before_shake_gyro_roll,before_shake_gyro_pitch,before_shake_gyro_yaw,before_shake_sp_roll,before_shake_sp_pitch,before_shake_sp_yaw,before_high_gyro_roll,before_high_gyro_pitch,before_high_gyro_yaw,before_high_raw_roll,before_high_raw_pitch,before_high_raw_yaw,before_high_D_roll,before_high_D_pitch,before_D_roll,before_D_pitch,before_shake_combined,before_shake_peak,before_shake_peak_t,before_shake_time_gt8,before_raw_hf,before_gyro_hf,before_D_hf,before_motor1_rpm,before_motor2_rpm,before_motor3_rpm,before_motor4_rpm,today_file,today_group,today_start,today_end,today_th_mean,today_th_std,today_speed,today_voltage,today_sp_max,today_acc_max,today_current,today_rpm_mean,today_rpm_min,today_motor_top_pct,today_motor_bottom_pct,today_shake_err_roll,today_shake_err_pitch,today_shake_err_yaw,today_shake_gyro_roll,today_shake_gyro_pitch,today_shake_gyro_yaw,today_shake_sp_roll,today_shake_sp_pitch,today_shake_sp_yaw,today_high_gyro_roll,today_high_gyro_pitch,today_high_gyro_yaw,today_high_raw_roll,today_high_raw_pitch,today_high_raw_yaw,today_high_D_roll,today_high_D_pitch,today_D_roll,today_D_pitch,today_shake_combined,today_shake_peak,today_shake_peak_t,today_shake_time_gt8,today_raw_hf,today_gyro_hf,today_D_hf,today_motor1_rpm,today_motor2_rpm,today_motor3_rpm,today_motor4_rpm
LOG00008,Idle 35,5.0,5.5,21.935305719921107,1.7579001883542207,38.76846921967808,24.85090729783038,103.0,0.9233648900952538,3.150236686390533,10556.896308819385,7171.428571428572,0.0,0.0,1.78599984856442,1.2479689717048865,0.8737942582698854,3.038530539232275,1.1328211142605769,2.0319072120481736,2.3709595093036415,0.9432420059454124,2.1314495130068405,0.41751700137201514,0.4693457293921587,0.35547116888165453,9.578456835490632,6.794658375815757,6.862057619495026,1.7280475102952695,2.583386444482376,6.636965395773454,3.6732950666864213,1.5406527859012045,2.5500761926761872,5.000099,0.0,7.85285622277377,0.41671957478998045,2.197729933291733,11378.275570583264,10999.098337559877,8280.614257537336,11569.59706959707,LOG00002,Idle 35,34.5,35.0,22.590335305719922,0.8983028519395984,34.00438255205518,24.513116370808678,54.0,1.3234936014329868,3.2169822485207105,10701.648351648351,6400.0,0.0,0.0,1.2592303004134282,0.6510421326577248,0.7826537726489953,1.2048737857974072,0.5625344919510493,1.0360775397405546,0.6019694998254771,0.3429430423991063,0.97306689567748,0.2727503129245477,0.3550650065294567,0.2527819222487681,5.5107188781434,5.878845793255289,3.726601124485628,0.921316271640042,1.5952597780871962,3.014756606502373,2.6150075142918348,1.0023763784065374,2.002627839054545,34.898994,0.0,5.12563512668817,0.29685158596959077,1.30262761984604,12621.189067342913,11320.28740490279,6831.220061989293,12033.896872358411
LOG00008,Idle 35,5.5,6.0,21.601380670611444,1.4208846825570993,39.497919620334216,24.861656804733727,52.0,0.995330398374686,3.283609467455622,10395.49168779938,7000.0,0.0,0.0,1.2985453646246026,1.399654207181632,0.9842026982194928,1.831750556445429,1.5632644343218747,1.6918724060440944,1.248244324538635,1.037083944779352,1.774764367730313,0.23816710477089295,0.4879992038934449,0.25824506795904506,5.1702383323334935,10.452567812580899,4.606737697621835,0.7154459983125275,2.564735380723747,6.062137156428668,4.323232043936564,1.350046659132433,1.92439576379639,5.500477,0.0,7.239004777463612,0.34715861308665874,1.8827812604810992,11283.34742180896,11150.577627500703,8086.3060016906165,11061.73570019724,LOG00002,Idle 35,38.5,39.0,22.6,0.0,39.74374237575838,24.50424063116371,35.0,1.1071149343494093,3.3968639053254437,10616.582135812907,6885.714285714285,0.0,0.0,0.664190178495672,0.6609966059681726,0.5174221090025333,0.5683987432461672,0.6144903421128266,0.47921227523712523,0.27842116063333977,0.38423591955693737,0.4336892448463963,0.2928163812600248,0.35967205672414726,0.25072970895290775,4.248102962256277,8.393768860589525,3.8859864959420105,0.7812459587571245,1.4741440161719177,1.985648707338394,2.538073008339348,0.6625953162796867,0.9220789245349899,38.951021,0.0,5.876581361913761,0.3043960186303385,1.1797130643698512,12784.192730346576,10133.107917723302,7234.065934065933,12314.961961115809
LOG00008,Idle 35,6.0,6.5,31.75118577075099,6.701209891427628,42.53760259847584,24.748181818181813,75.0,2.1163825162258765,6.465671936758893,13893.435911914172,8700.0,0.0,0.0,1.9446265610359912,1.3829387722106272,0.9777416051345533,3.1979093948677035,1.9671744919806553,1.3200487488584864,2.881471430421673,1.658545348824549,1.1051956278497752,0.43388090657952433,0.7727700853958401,0.318214359435583,6.303516587687572,7.098034917952479,6.366578579041446,2.023458612794919,4.669424309236697,6.53177094060664,6.719977884398015,1.6873191917313832,2.6570965584952186,6.226842,0.0,6.599235912104634,0.5436563327838531,3.598465515840366,14311.405985319028,14573.235460191983,11912.281197063805,14776.821005081872,LOG00002,Idle 35,54.5,55.0,28.48478260869565,4.997492024382699,48.392214418466395,24.119584980237157,38.0,1.8190193658461595,4.689189723320157,12450.529361942405,9142.857142857143,0.0,0.0,1.9724804991360272,0.9857484007170048,0.8045787320292999,2.4132383681843397,0.929519191188492,0.9399656207255357,1.4174115045852587,0.37148865166929557,0.7073805342274232,0.42806156327328154,0.39728899779168214,0.238752152961416,4.89425603907216,6.603540366883609,3.297426425252974,1.8363951579119138,2.078582236041286,5.6589500276128755,3.0157688339922624,1.5592272491506882,2.926131675554852,54.998048,0.0,5.113169551364798,0.36426997326250404,1.9612306452822823,10701.722190852624,13252.682100508187,12592.20779220779,13255.505364201017
LOG00008,Idle 35,7.5,8.0,33.37845849802372,0.37615486894593875,48.120292387978836,24.456185770750988,105.0,2.208401900852396,6.835592885375494,14558.872106154715,8857.142857142857,0.0,0.0,1.5668246259086953,1.8854107683187682,0.8650525728448736,2.2562702201654843,2.5967413907973222,1.1646009661162455,1.9476641384707387,2.199679129208591,0.9754839416237719,0.34855605665886147,0.6434541795291395,0.358716974079017,2.930903440186241,5.935279608313045,9.673057752610527,1.585061007528381,3.892914297534249,5.830782427377566,7.671233674380968,1.7334522164810742,2.702551023244987,7.655842,0.0,6.767219647927572,0.4705324902984913,2.972137288680778,9657.086391869001,16329.418407679277,16941.869000564653,15307.114624505928,LOG00002,Idle 35,63.0,63.5,33.60295857988166,0.6364434620102998,42.595796312920406,23.777416173570014,125.0,1.844832603593446,5.663629191321499,14604.8112144266,12242.857142857143,0.0,0.0,2.6669212369766444,0.9139682425509293,0.9538992730157517,2.872310899913569,0.846332518136303,0.9642156925721127,1.0991893542808149,0.39585269437827664,1.0735438583978287,0.2893864875316296,0.38329395633691543,0.2565580992149525,2.5972199170530352,4.164919900034949,5.238422432389139,1.2220755621281894,1.8472442798569622,8.050016232357725,3.7276619362340417,1.9934651781042814,4.565802967862481,63.383913,0.0,4.144602057753428,0.31436754200727557,1.5661705062053746,13926.429980276134,15263.905325443788,13544.829529444913,15684.080022541564
LOG00008,Idle 35,8.0,8.5,32.02564102564103,0.8951178854923727,31.968467077370253,24.665049309664695,65.0,1.9410451633833627,5.867357001972385,14181.311637080868,9857.142857142857,0.0,0.0,1.2321423869658399,1.427878964730919,0.8060249848696601,1.5555901920967588,1.6430436755608018,1.001901803523121,1.134628393048386,1.1612009980512297,0.9640958261138072,0.4268056315171291,0.5870365290648254,0.30021044193881335,2.706322194602495,6.8811608486967915,8.255125811895924,2.0896852068024434,3.4796169497429164,4.481828311064797,6.198555535750489,1.333606613600675,1.888898629733303,8.000244,0.0,6.39848046067361,0.4534685740674543,2.8700625760135594,10772.724711186249,15217.131586362355,15555.42406311637,15179.966187658496,LOG00002,Idle 35,12.5,13.0,29.716962524654832,2.022952186019005,31.747811568034287,24.640433925049308,26.0,1.596007300606381,5.11749506903353,13493.399549168778,10985.714285714286,0.0,0.0,0.8372389365345665,0.9214773760914099,0.8388733356090465,0.8923683019873194,0.8232073981705818,0.9153401166316727,0.38273157191009277,0.43991825581653293,0.581557310287091,0.3139903730662111,0.3454835523082189,0.2664775357330145,5.655836127759178,5.276092000174603,4.637827343928936,1.1295105620765358,1.5431935157388434,2.5244367817572213,3.394217149678494,0.8803662849910376,1.2230347839883686,12.618453,0.0,5.206888756588631,0.31035416131902405,1.3522648292514419,12498.450267681037,13925.274725274725,13224.175824175823,14325.697379543531
LOG00008,Idle 35,8.5,9.0,33.38362919132149,0.1633845809066578,26.456517378076047,24.57940828402367,76.0,1.9378574410788272,6.177337278106509,14643.512256973796,11585.714285714286,0.0,0.0,0.9821031335960072,1.243623945454646,0.8873821122096353,0.9752313319194109,1.807958062794042,1.069241064579365,1.0038224863910044,1.3238419498956537,0.8204834532551751,0.4898925053853987,0.7006091376462511,0.319880675656906,9.077777168782454,6.057977403022162,8.957415162529996,2.7485731324032914,4.545097498025518,4.567918312758183,7.507524167936451,1.1205193177110506,1.706144205527121,8.576576,0.0,8.15149096659659,0.526995090819932,3.7558331652728554,12122.344322344321,15477.937447168217,15554.83234714004,15418.934911242604,LOG00002,Idle 35,10.5,11.0,28.878458498023715,0.9993230887102353,22.3528253440773,24.809011857707507,33.0,1.5403150699382757,4.561778656126482,13210.580180688876,11371.42857142857,0.0,0.0,0.7497507536110499,0.8991301049552614,0.6293630145062872,0.7937242484128669,0.9403868241224791,0.8108587781689524,0.394517937710252,0.5597867197001308,0.5773223572887455,0.2743711279428352,0.32137416226122634,0.23417175770408155,5.956100934237852,5.700348625076431,5.004363386262327,0.9126396175785052,1.482173367958216,2.4112712931173585,2.9384328053877047,0.8278167484948579,1.1482752085154129,10.848106,0.0,5.568146480592462,0.27892488841021207,1.230802373303375,11892.094861660078,13767.758328627895,13086.702428006776,14095.765104460754
LOG00008,Idle 35,9.0,9.5,30.949011857707507,1.9082639638138692,28.56974719516052,24.654051383399207,38.0,1.8291240472832158,5.452292490118577,13904.001976284584,10471.42857142857,0.0,0.0,1.318681178038149,1.2255332629340383,0.8206597703455605,1.2042554169275759,1.3629347165727212,0.963120033368652,0.8149475835863533,0.9628659359412439,0.6889972966284831,0.413033749801332,0.45022427401541576,0.3071318165768833,9.360224110792952,8.323454349440237,6.6033564276690075,1.992181645162563,2.320211553749557,3.9607760648101684,4.720445815349667,1.2729595099353774,1.9277783546051432,9.230787,0.0,8.175124949551183,0.3948116547340321,2.162425647447277,11856.973461321286,14690.76792772445,14566.911349520047,14501.355166572557,LOG00002,Idle 35,14.5,15.0,27.538461538461547,0.9584257309029243,32.589734765839026,24.50850098619329,39.0,1.2938950093406085,4.334161735700198,12612.172442941674,10714.285714285714,0.0,0.0,1.0227181501857971,0.6949715028832675,0.8603706755818908,0.8644477765565304,0.6242071386520189,0.9698491053855649,0.6469217487611307,0.46976566771430117,0.862427428107885,0.2991873718701387,0.37463683257812136,0.26353420598872396,4.9711141597847535,6.917981675211846,3.3617017172949106,1.176948711940672,1.9945494881064558,2.387095484489677,2.935197542821371,0.8743391231493893,1.3062802760819936,14.520008,0.0,5.287453227034823,0.31586712266227557,1.637595177546107,11432.234432234432,13426.880811496198,12350.183150183151,13239.391377852915
LOG00008,Idle 35,9.5,10.0,27.08599605522683,0.07036915890411596,29.654809090617082,24.703175542406317,34.0,1.2382529463075413,4.349842209072978,12444.146238377007,10042.857142857143,0.0,0.0,1.0033558638085807,0.9140246205943842,0.8040908191816311,1.1719197715701362,0.9514572316415872,0.8807014780802539,0.8393224740118752,0.5762667834232662,0.556555725053765,0.2690261134732319,0.3424181040117495,0.24486477741690765,5.913536533261509,8.270322279163942,4.1838945338460425,0.9179435229134375,1.7889676096500466,2.9482719841133536,3.670877983215032,0.9597301694986385,1.215809572804526,9.811032,0.0,6.347522309316205,0.28843483776233025,1.4217991102184118,10758.298112144268,13540.65934065934,12877.909270216962,12599.718230487462,LOG00002,Idle 35,14.0,14.5,26.849604743083006,1.4172183137789,32.44553714469715,24.71788537549407,31.0,1.2193380062214652,4.139683794466403,12461.024844720496,10714.285714285714,0.0,0.0,0.8407699506615545,0.987344156315781,0.7274826481609069,0.8281108318234828,0.9532754195955778,0.8842650566119183,0.3384969204643772,0.7037791863616392,0.6806007346258294,0.2535437688639065,0.2819563393368805,0.23816012875646972,5.3470647581356845,7.376200133978662,3.921189324804465,0.7262525768507746,1.2297441634459099,2.6300182599044497,2.8617692639620866,0.9169903469901834,1.32567892545065,14.133187,0.0,5.726405378163047,0.25852405881030777,1.0098795752246081,11757.25578769057,13044.353472614343,11825.889328063242,13216.600790513834
LOG00008,Idle 35,10.0,10.5,27.799605522682445,2.4213628129631997,34.74125606968776,24.772110453648914,59.0,1.1371484317971514,4.543786982248521,12703.62073823612,10128.57142857143,0.0,0.0,1.7482334366854648,0.9617826712356413,0.4982213608020027,2.15989517827322,1.1395323496137921,0.5129214768884506,1.4295993798074846,0.6810451353936365,0.26925756504051085,0.328321472055044,0.44110511352636145,0.2603422003325821,7.190611693753685,10.53310535842908,5.6016011343914665,1.2793561066913604,2.1231994508568155,5.491251783869153,4.396071403762938,1.410912126220878,6.1187753218524925,10.499829,0.0,8.042162650492513,0.351258106177165,1.7528160137115298,11451.817413355877,13731.248238940545,12521.470836855453,13109.946463792616,LOG00002,Idle 35,15.0,15.5,26.941617357001974,1.5790366534671132,32.94677090049652,24.73674556213018,45.0,1.2755332504837338,3.9946153846153845,12446.816004508313,9857.142857142857,0.0,0.0,0.7702165224678055,0.8168951548290622,0.7610830018197773,0.832194536848603,0.8652299607216836,0.8314758430841827,0.5153286914554402,0.5018303660306505,0.6389034720288524,0.276903271754705,0.3624390770537188,0.2523894404970572,5.96215051989319,7.95909839118991,3.9643552889784193,1.056764026528895,1.766675297012201,2.2098934796323326,2.891530173725,0.7938989814408374,1.0988867694076134,15.211741,0.0,6.180900659282475,0.30096397135339925,1.4556599556281526,11107.551422936038,13118.343195266272,12413.581290504366,13147.78810932657
LOG00008,Idle 35,10.5,11.0,36.68478260869565,2.8273413907932663,44.52566797132884,24.576363636363634,97.0,1.841305097699545,7.315671936758893,15877.879728966687,12242.857142857143,0.0,0.0,3.702655881188815,2.254731865002494,0.8197581969059484,4.62686041853515,3.5382153516760564,1.1188943846311696,2.1867389454399433,2.7997485617135403,0.9165312239266822,0.37459941423634924,0.483314087433016,0.2887492889035707,3.178752792228942,4.187161778674776,7.017440227807022,1.60712368427053,2.948581278359107,10.745529450057607,8.780705581776102,3.0654099528089014,6.2847968669743866,10.528446,0.0,5.0623202988926765,0.3904242906120394,2.374550282857062,15657.368718238282,16398.475437605874,14415.8667419537,17039.80801806889,LOG00002,Idle 35,53.0,53.5,33.2905325443787,1.6517963183586626,43.67930024300157,24.137218934911246,60.0,2.1385388755377535,6.162465483234714,14403.472809242041,9085.714285714286,0.0,0.0,1.1330007568737737,1.1194526554696027,0.8784816900879646,1.137656492189623,1.0711622309397908,1.053570233640522,0.8197862590785474,0.566749816313221,1.0842067409625447,0.3810863951182189,0.44068791477653463,0.2858469122125142,2.0124798836165363,4.766526816742351,5.0104290997705325,1.7473968440204855,2.5288942900630276,3.851278637029454,4.763230302970049,1.12624707833461,1.3855435309618316,53.428408,0.0,4.1582950408595964,0.3746736962548071,2.1735572296130297,10316.004508312202,15267.11749788673,15843.758805297268,16187.010425471963
LOG00008,Idle 35,11.5,12.0,27.303747534516773,0.2568312429319927,41.74227837510912,24.681479289940828,108.0,1.7995633787847833,4.614792899408283,12373.781346858272,6285.714285714285,0.0,0.0,1.9246396993191048,2.503527567335048,0.9168868968101341,1.7373028197745357,2.1460075084152366,1.2505973803034711,0.7177988142762213,1.7463387547603986,1.102910480823994,0.3685122085772198,0.767498334433172,0.4522647464037495,3.8894152366171464,12.96691504904515,8.42207109771567,1.5738025982716017,4.095315755828723,5.139282906869808,6.8783455191541405,2.2329227766093567,3.4253586523599813,11.994833,0.0,9.205065966574434,0.5565963055536155,3.1022947763120006,14265.539588616512,13825.58467173852,7263.623555931248,14140.377571146802,LOG00002,Idle 35,34.0,34.5,24.914792899408283,0.125292976221375,37.06718744848298,24.571794871794868,58.0,1.3406469312176676,3.893688362919132,11517.927585235277,7142.857142857143,0.0,0.0,0.9244544680915129,0.9908760895167477,0.6825812514603109,0.8668479508770244,0.9518712275101027,0.879160573304202,0.3950224520682535,0.28516800256068053,0.7105292682762108,0.3006358636062909,0.4215895518773434,0.30340950482650514,4.475329019552739,11.005413569004055,5.496544023827448,1.140401117160627,2.050033585101571,2.753158487411274,3.437523534077589,0.958240963523884,1.4195886112048752,34.051483,0.0,7.557770700057497,0.34649531038553494,1.658787570496235,13907.523245984785,11292.927585235277,7550.493096646943,13320.766413074105
LOG00008,Idle 35,12.0,12.5,28.27727272727272,0.09605495342944405,26.590607083868623,24.512727272727272,81.0,1.840573305916367,5.017766798418973,12743.739412761151,6600.0,0.0,0.0,2.596237609522736,2.579052456590301,0.8609575574969911,2.6447024938750547,2.596152407561673,0.9491809614001928,0.6448860086185524,1.3369729881168992,0.7270000559755384,0.5334687087141584,0.6816108227768863,0.47039539964727867,6.586074021150149,8.59716761964006,9.28457865762561,2.5461196226687184,3.6227898449964653,7.654340781956609,9.073045690547733,2.587659299342245,4.127873034336377,12.472422,0.0,8.235918547069565,0.5687571271093543,3.1310805957327434,12942.461885940147,16122.868435911916,8105.5900621118,13804.037267080748,LOG00002,Idle 35,46.5,47.0,26.411834319526626,1.4898400123807953,30.375993844477822,24.42854043392505,44.0,1.466186965537058,3.988461538461538,12115.757959988729,8657.142857142857,0.0,0.0,0.7487413119547953,0.8405943265956302,0.5775268238234159,0.883449436813677,0.882456474984994,0.6998020720860368,0.5188169981968518,0.41082286897104064,0.535416291494821,0.2808424364351473,0.33844626444602766,0.2486989386097284,4.075705499340029,6.288424704428867,3.9970547853122667,0.8873151818718386,1.547408231595695,2.6036690846130246,2.9782247204009136,0.7959938360730403,1.0858446592367041,46.719549,0.0,4.903471815540819,0.2917016227162645,1.261308936619092,9303.296703296704,12503.437588052973,12990.10989010989,13666.187658495348
LOG00008,Idle 35,12.5,13.0,29.658974358974355,2.1858278806890015,18.252983631312862,24.617573964497044,77.0,1.9169405727657236,5.242504930966469,13161.362355593124,7942.857142857143,0.0,0.0,2.918101510837569,3.3288279859533323,1.1221885846397242,2.96440799317717,3.4728300020505936,1.1538819670177294,0.5679237795994085,1.41401577923383,0.7624671681343524,0.47960606758144214,0.714800441823761,0.4060959952483157,4.211922631726708,7.800713151773619,7.588423770292082,2.3787186062418386,4.332723706995853,7.866740212941398,8.959144612592718,3.1302086342302,4.512912613285627,12.647077,0.0,6.737348470762057,0.5495075398479072,3.495053427978248,13849.478726401803,16044.829529444914,9621.499013806706,13129.642152719076,LOG00002,Idle 35,9.5,10.0,25.15029585798816,0.18476199104767443,17.736064497509513,24.782840236686386,53.0,1.1614898312435953,3.972662721893491,11751.000281769513,10114.285714285714,0.0,0.0,0.6975869023594419,0.544246267635994,0.7199974713250058,0.642918689905888,0.6211010311085045,0.7679838667970056,0.5080068462184755,0.5129997392142334,0.4563474275424818,0.2085979139367414,0.27783659305647884,0.21064062708131964,5.388175613345484,4.3744946113934216,2.90056891456625,0.5725629806843643,0.9316644007037487,1.598816130063579,1.9980266398746827,0.6256322746546695,0.8621703763136913,9.500077,0.0,4.342884585676096,0.2345746049889765,0.7732486412496433,10570.047900817131,12013.271344040573,11696.59058889828,12724.091293322062
LOG00008,Idle 35,13.5,14.0,32.39940828402367,1.0192330164321686,43.166254358593775,24.590986193293887,83.0,1.2544590572215248,5.631439842209072,14414.327979712594,11671.42857142857,0.0,0.0,2.389357202139894,2.4978909583670794,0.5216091787649165,2.4141486258461646,3.7558739567027595,0.5228958981746454,1.8879709391427923,3.3839751631505472,0.05190507898333975,0.3999300232823847,0.40648921570350843,0.2943764719627465,5.997519944503739,5.32762750335152,6.654126484518101,1.7163297480716635,2.1553388030352045,6.588795701556103,9.249020418305111,2.4442265728968127,3.5076096476843177,13.973266,0.0,6.017509439714321,0.3705109144821224,1.9482393538763358,13819.301211608905,15261.453930684702,13327.78247393632,15248.774302620457,LOG00002,Idle 35,52.5,53.0,33.054635108481264,1.1251443979169273,49.768854884547906,23.978757396449705,65.0,2.054330831110343,5.958757396449704,14346.907579599889,10014.285714285714,0.0,0.0,1.3149102096606844,1.1449516099911443,0.8661548051040732,1.418618149180983,1.1032147340626883,1.3032684000133579,0.7711074121561404,0.36240568806191625,1.0903691639561617,0.5405768258050986,0.4426566926767917,0.28789790061193493,4.3288195830686895,4.032516719439181,6.121409007142265,2.6892404655152804,2.513295074076061,5.061164353721841,4.824739009405145,1.232863140963184,1.6014704890222418,52.545419,0.0,4.9149946866040475,0.4362925063707571,2.602754926106166,11122.287968441815,14762.834601296141,15434.714003944773,16067.793744716822
LOG00008,Idle 35,14.5,15.0,31.412031558185408,0.9564858093775203,61.37541811385485,24.413984220907295,115.0,2.1294877404323347,5.889211045364892,13884.234995773457,9742.857142857143,0.0,0.0,1.553360378838363,1.1122181378327782,0.8593440823894369,1.855947758450908,1.465236996296067,1.5782233199316416,1.5614353138826766,1.2415740181716461,1.4705854007718087,0.31501105237789356,0.5215782986677081,0.26770995085321947,1.910079469347578,7.284081305819508,8.205057442804746,1.296349948799677,2.8357819801932775,4.5284548527126995,5.575375558944362,1.3509177718627206,2.137838833760554,14.999465,0.0,6.429857740487939,0.3842501366502303,2.204788269759914,10306.790645252184,15032.88250211327,15240.546632854324,14956.72020287405,LOG00002,Idle 35,52.0,52.5,31.202569169960473,1.2929778877993416,51.377259422047686,24.02695652173913,66.0,1.9245195879237935,5.571363636363635,13687.182382834557,10685.714285714286,0.0,0.0,1.0730805486227415,1.311769323492028,0.8946900322776091,1.0693543752521315,1.3103495848374982,0.9830974459228683,0.904986734503968,0.7229340944368322,0.6056196848120785,0.37149692325828193,0.47179038703318404,0.2699839286939515,3.225603799420435,6.261311161513265,4.467118302279018,1.596029142243443,2.6826930677768024,3.3745150434775257,4.45264943112769,1.1983823725938259,1.685991283269099,52.226748,0.0,4.815381025376992,0.3801260558640656,2.2072778618456774,11258.695652173914,14641.44551101073,14120.016939582156,14728.57142857143
LOG00008,Idle 35,15.0,15.5,33.81005917159763,0.4213688087973795,55.35152515541978,24.486863905325443,92.0,2.4079835765348254,6.721143984220906,14527.972668357284,9114.285714285714,0.0,0.0,2.207902693671264,1.6296428287622744,1.345787370825544,2.2265383958635794,1.5895885298896162,1.2824147444956406,0.5890586569293085,0.8778794414704009,0.983809395548856,0.39938012596693306,0.5844279409806535,0.33891290665949847,3.027928992856016,6.1394354463001966,9.795880369038292,1.920879011284117,3.5491188541588112,6.168412248277046,6.68301742429953,1.9404342367183094,3.0005005152148496,15.22246,0.0,6.8997655464896095,0.4531086924483056,2.8535960485795298,9619.385742462664,16289.771766694843,17006.593406593405,15196.13975767822,LOG00002,Idle 35,57.0,57.5,30.922332015810277,2.74202315898134,58.08298720192032,24.207114624505927,64.0,2.2224094139836246,5.1680632411067196,13502.025691699604,6085.714285714285,0.0,0.0,1.7289691380403398,1.7507920323533306,1.159636109235837,1.7982673960326088,1.591543127274165,1.0340217500803581,0.6551198546672381,0.5849113405112459,0.99147500160959,0.5104246845559101,1.0075439961501829,0.4701509611827461,3.3878998190208094,12.573536111844254,11.357885643242353,2.4128340201533396,5.269308562437468,5.9063842995585,7.845343020838828,1.739914799760015,2.7914847913105234,57.004756,0.0,9.976192356882184,0.7063332992960524,4.09801053774793,7280.124223602485,15424.308300395256,15577.470355731226,15726.199887069453
LOG00008,Idle 35,15.5,16.0,33.123076923076916,0.24494897427831827,44.97749846536359,24.411893491124264,72.0,2.2324919869000373,6.521617357001973,14327.993801070723,9000.0,0.0,0.0,2.133651092028857,1.8040603274220754,0.9431728624413652,2.4883399779073594,2.0119154518740583,1.1785301196362261,1.2086919175548883,1.1932632815075754,0.7269498051663945,0.4014107773246346,0.5492545275436005,0.38122646796111326,3.040422184409989,7.223701631582462,9.801568639339457,1.8359844249195743,3.1391038577356096,6.061649094395826,6.465658027440877,1.9757404494890238,2.8672707378934708,15.902287,0.0,7.245614308284756,0.450238739653241,2.5714598809040226,9466.018596787828,16075.71146801916,16826.796280642437,14943.448858833473,LOG00002,Idle 35,92.0,92.5,29.554437869822483,0.3063995753730028,41.532661971874276,23.71785009861933,50.0,1.495597896625257,4.721834319526628,12955.607213299521,10400.0,0.0,0.0,1.4926199806635823,1.4099098257483365,0.8253400098908844,1.6445550420348418,1.4578788096720103,0.8895266043681443,0.886631805824616,0.8849783905033508,0.8638822374918852,0.28959247313509284,0.4464972435651609,0.2655586608812648,3.41972534371068,7.069496307350303,4.455523074874768,1.0424724283227815,2.4908860656414946,4.483368344891632,5.831966591084574,1.4518540084006137,2.1221998957790658,92.331582,0.0,5.212932167114086,0.34338753198916855,1.9093535759282725,11058.861651169344,13143.223443223442,13426.063679909836,14194.280078895463
LOG00008,Idle 35,16.0,16.5,34.11403162055337,1.3221960229522745,34.4226477634258,24.288932806324112,70.0,2.248116499603974,7.040158102766798,14627.470355731226,9371.42857142857,0.0,0.0,1.8644060999104912,1.46972817007452,0.8569829836298704,1.8193477974172103,1.5528395932067367,0.8731024058187367,0.8608097807637046,0.7696253779419846,0.5490165386690795,0.38642217973684384,0.5816571875944314,0.3293567249227366,3.101697371249801,5.208480988133697,10.018210427002373,2.0017527862824855,3.3350617251174257,5.362179074488045,6.085036399578044,1.6787064959804678,2.2829036491304264,16.123302,0.0,6.760506414617846,0.445766395146108,2.7504227791135056,10086.335403726709,16085.714285714286,16849.011857707508,15488.819875776398,LOG00002,Idle 35,65.5,66.0,30.684812623274162,0.2849722544341123,30.73577802186603,23.95321499013807,71.0,1.2515643821063993,4.779940828402367,13520.991828684135,11714.285714285714,0.0,0.0,0.8346454398429077,0.8314253108516391,0.678786052525151,0.7861205076987369,0.796745711723995,0.8302265424213939,0.4842570788578897,0.42631216594197713,0.7401614627636448,0.2539147740522928,0.3029732603906244,0.2153245486670968,5.859595930543103,3.194835223835968,3.9889184425930755,0.9619858718342719,1.3285286929135187,2.9146301709703364,2.757095919490328,0.8330369312867542,1.0234642679163277,65.507987,0.0,4.488997917811928,0.25989111197604853,1.1598287169886867,12344.181459566074,14174.302620456469,13072.72471118625,14492.758523527755
LOG00008,Idle 35,16.5,17.0,36.07948717948719,0.8055608832488357,27.940904438432707,24.283688362919133,51.0,2.2375784364729867,7.361400394477316,15463.348830656523,11457.142857142857,0.0,0.0,1.5398310724225286,1.5867355188893322,0.9853668842535479,1.762199476080546,1.6876653451112857,1.0715284359718715,1.0282919434711835,1.312739567247821,0.6586857499347265,0.510413097477161,0.4649276312929677,0.30459793038420574,7.1220806756178865,5.206836438707073,12.221814124544029,2.5976386305430683,2.6646808872665013,5.604661345419916,5.611343821864731,1.563459199739941,2.2110736669886144,16.985653,0.0,8.702641731956287,0.43568303907399664,2.6313732808034906,12437.249929557622,16321.217244294168,16433.24880247957,16661.67934629473,LOG00002,Idle 35,29.0,29.5,33.15652173913043,1.2945182984498456,35.72990168187467,24.447806324110672,34.0,1.9444872472986874,6.4302766798418975,14441.763128176171,11242.857142857143,0.0,0.0,0.8876897930427488,0.7917413583461606,0.7298872826719386,0.8382634635502969,0.7323310468793653,0.8155903371269677,0.43314398249065267,0.43369793744134155,0.511805430477069,0.31550557983959354,0.4153033588434948,0.24091328481569096,3.3222907329096403,3.35535714554747,6.5862418728291,1.2577010774220747,2.31937433134552,2.9137808045690567,3.8678772354226023,0.8410848789474528,1.3374861953437194,29.498155,0.0,4.678839574636753,0.33169255924590413,1.865651265517369,15585.6295878035,14539.892715979673,11933.032185206097,15708.498023715416
LOG00008,Idle 35,17.0,17.5,32.54773175542407,0.7678768745796913,27.810251364616164,24.484082840236688,60.0,1.9119923510019377,5.945601577909271,14315.363482671175,11400.0,0.0,0.0,1.4227268530203256,1.3722030545312818,0.6944328972066413,2.3714306985885867,2.1965327289882617,0.8669659099652418,1.5562103414517146,1.9222239651606028,0.7452998040068103,0.46986051070961243,0.505771510001945,0.3247213168018445,8.193417026331932,5.692608968804899,9.778883578427422,2.2622466125018716,2.868222839640286,5.636245060556097,6.519429313972325,1.3976932641266644,2.205499969247992,17.017227,0.0,8.065656482468151,0.44046099087186263,2.583066200623822,12099.6336996337,15073.034657650041,14979.318117779656,15109.467455621301,LOG00002,Idle 35,51.0,51.5,30.05936883629191,3.9118600321710217,29.802471688572876,23.996923076923075,41.0,1.4187545910731574,5.055956607495069,13121.66807551423,9628.57142857143,0.0,0.0,1.0002993724138336,0.9372061085927476,0.8415507511521492,1.2024847309058557,0.7973907498153069,1.2157990488903776,0.917434114233904,0.28085507664195364,1.0642593204333761,0.27954609786385415,0.3286900701089274,0.23870105091461022,4.463948559628058,4.6261766886836275,4.590468957881483,1.0039697266600582,1.5994811376747864,2.3441563585926968,2.610478052148592,0.9692662493956627,1.331319988701506,51.29046,0.0,4.560729208916731,0.2846994758962852,1.3353454837283305,12371.034094111017,13725.781910397294,12401.859678782756,13987.996618765848
LOG00008,Idle 35,20.5,21.0,37.683629191321494,2.901993507254942,17.61191700150049,24.26463510848126,43.0,2.6905015108522186,7.750078895463511,16043.371372217525,13428.57142857143,0.0,0.0,3.336573659110001,2.9833002780687243,0.8880063172503279,3.515481918463939,2.8458337679112526,0.8880226466260192,1.0937099306944569,0.9308762023959312,0.00015750974403132243,0.44113327648719275,0.5001583083149201,0.3687591252500716,2.7392711050662943,4.232509330039521,7.693173880280478,2.231857931760922,2.9780785715332985,9.05287993450047,8.60221062363694,3.1648700077405727,7.3432905908096515,20.503168,0.0,5.3104508838124245,0.43997734542283223,2.631552945105794,15463.736263736264,17378.557340095802,15208.114961961115,16123.076923076924,LOG00002,Idle 35,25.5,26.0,38.87652859960552,1.8941676758125996,23.733010899818268,24.349191321499017,60.0,2.709726552363988,8.199151873767258,16440.73682727529,13228.57142857143,0.0,0.0,1.7793532022412577,1.1065814628877009,0.9911151367000891,1.7852290454303914,1.108009301141352,1.0714042092092464,1.3269330078206896,0.7027794192330443,0.9545551332383311,0.3699059374962756,0.38376331019896454,0.23990700368467796,2.1939955964953657,2.222994188545432,6.619517750778398,1.5497643448985081,2.103137893627831,4.698398736839532,4.998619138710771,1.4816579146909894,2.7631436944742576,25.959988,0.0,4.225846467183357,0.3374710117263532,1.8472897071564087,16697.154127923357,16400.0,14649.563257255564,18016.22992392223
LOG00008,Idle 35,21.0,21.5,33.92544378698224,0.9868581979473421,24.961623885084897,24.38936883629191,26.0,1.9116644960350655,6.384457593688363,14751.366582135812,12285.714285714286,0.0,0.0,1.4579495375319595,0.9671685938627256,0.6224514138511327,1.3697096452776598,0.9445165371089306,0.6224514584109767,0.6761700763104547,0.2868545017650465,5.535740425322743e-06,0.3533948041414896,0.38759085592201786,0.266848896752989,4.695010698038421,4.271017220572536,7.894471598577699,1.5582603757734768,1.9655377890675505,4.042183876705344,3.773937406780332,1.2371402392097786,2.2153134545225908,21.146478,0.0,5.848287366795865,0.33976604347052874,1.7736282303456736,15050.239504085659,15106.790645252186,13044.94223724993,15803.493941955481,LOG00002,Idle 35,28.5,29.0,30.921499013806702,1.786623351326723,25.856195376676265,24.47814595660749,21.0,1.8492438369035613,5.442327416173571,13677.747252747255,8628.57142857143,0.0,0.0,0.8102217223704747,0.8366836634833545,0.7461346803425868,0.7741108251905352,0.8040058640448483,0.992454716273345,0.36887524884655826,0.47318684503345715,0.8262551997800521,0.37670647663600615,0.4805164512350963,0.282294287929071,3.554917907951773,4.829536538276708,7.036906365595951,1.6458951251476155,2.776618905370628,2.843380492173737,4.253783557753382,0.8235589815371168,1.0939562042116007,28.50065,0.0,5.337912066997444,0.38837005310419515,2.2823872708905326,15182.135812905044,13773.879966187658,10956.21301775148,14798.760214144831
LOG00008,Idle 35,22.0,22.5,18.437549407114624,6.521022035075965,29.874449650315043,24.56916996047431,29.0,1.422647036041303,2.9319565217391306,8563.876341050254,3814.285714285714,0.0,0.0,1.596938941798101,0.5991047959184351,0.9286082401360781,1.8848564901175173,0.5629061662034017,1.7834622115039638,1.454206382310416,0.27917725696508605,1.6633400691138231,0.27585376539840845,0.6624989884752155,0.2825782351819717,3.0643097253180227,6.0335731643739186,3.742880832848629,1.0342271757683235,3.976326394978683,4.6534020025813865,4.340497776593901,1.2060556662782416,2.726290080599192,22.405471,0.0,4.464793991195165,0.4452904178225418,2.9052364319020483,8617.50423489554,8837.859966120835,7484.839073969509,9315.302089215133,LOG00002,Idle 35,35.5,36.0,19.39288537549407,1.9213767232255425,29.779736161058157,24.50804347826087,26.0,1.124770882905484,2.5972727272727267,9319.438170525127,5700.0,0.0,0.0,0.5700250665463931,1.0447071329340363,0.6379592426411809,0.5667409617451837,0.8312109125527541,0.9629335061329009,0.0190970019493136,0.5608013274727757,0.8856398405683243,0.2682929844212272,0.3054824398155079,0.2976087503228059,2.7220928611699287,4.689976552218946,3.5707986177367728,0.7717224299983975,1.1435344003729022,1.6787441193290353,2.761966418699495,0.8415288379177733,1.4413317226587845,35.57877,0.0,3.7486118485659294,0.2909018246728533,0.9755066462610196,10820.581592320723,9704.009034443816,6772.783738001128,9980.378317334838
LOG00008,Idle 35,22.5,23.0,26.417751479289944,1.5383847651910667,31.698574475918033,24.54749506903353,124.0,1.520529607813845,4.159388560157791,12051.52155536771,9485.714285714286,0.0,0.0,1.9560251703975244,1.597151330253663,1.3399794590714174,3.1958282067395514,2.4105126204134124,2.787462184436437,2.8716878659958764,1.97273631288589,2.5292645680276182,0.31488808817777647,0.5565760454612756,0.29000349400843367,7.728028267364503,11.48994540549521,5.49985596380612,1.178229672604032,3.0095351756675575,9.63986626962493,6.092968107173185,1.7856268981732595,3.0764977469205403,22.948139,0.0,8.602125356465868,0.4053942233574074,2.285336642049149,11257.650042265426,13084.220907297831,11985.263454494225,11878.951817413355,LOG00002,Idle 35,65.0,65.5,30.198616600790515,2.364012563092589,33.39340138554983,23.884920948616603,76.0,1.6491678075543905,5.146640316205533,13259.789666854886,9542.857142857143,0.0,0.0,1.4033084259343884,1.4326897544598238,1.0235326860048108,1.7995125054996766,1.3539749951946907,1.5191108064312422,0.8988356501656393,0.7517144874352663,1.2123367534204998,0.342267526979235,0.4199407997639483,0.2559287610763602,4.039786161206946,4.867936499421162,4.843273057822745,1.4661390566454164,2.3409765055188902,6.187294133597672,4.626995883842011,1.4180751867994525,1.837570250320508,65.31166,0.0,4.599781585514235,0.34592719179857623,1.953168545314581,13458.215697346133,13697.967250141162,11530.942970073405,14352.032749858838
LOG00008,Idle 35,24.0,24.5,25.110079051383398,3.3844560392325844,14.502516084394525,24.438339920948614,96.0,1.572310737294383,4.284426877470356,11313.431677018632,6171.428571428572,0.0,0.0,4.85579521197856,3.9512486685826866,1.3207986359190187,5.435589802962741,4.014318601934825,2.004661407837238,2.0115572916173274,1.5890008544070928,1.592976060193689,0.5860807529876695,0.745784903118566,0.4794045651974348,7.494636302238887,8.545891104900553,7.544970456824004,2.9501171688985175,4.391390014924706,14.661597818549156,12.68359246375258,4.426686863877451,6.244335993649638,24.323538,0.0,7.876725361764715,0.6135998989228252,3.740821939989272,8659.514398644833,11738.283455674758,11052.682100508187,13803.246753246753,LOG00002,Idle 35,24.5,25.0,23.72662721893491,6.606486342973117,12.416492717312954,24.558086785009863,92.0,1.955287438162372,3.807593688362919,10724.07016060862,6314.285714285715,0.0,0.0,4.7366549452596525,4.156174481227284,1.4463786767677207,4.571298297425792,3.837953558952042,1.5954025833163594,0.6141749786015416,1.1384923057387202,0.48564366541918924,0.48590651024175646,0.49445582957056555,0.3286602974212106,3.376427339487717,4.1450170136903575,3.03300473194189,2.4959536014327925,2.687185839979775,10.855151750511238,9.601220336637564,4.455877376502723,10.779339675301184,24.999955,0.14990138067061143,3.54873429674133,0.44294818929254653,2.5933330020548016,10810.03099464638,10833.953226260917,9679.430825584674,11572.86559594252
LOG00008,Idle 35,24.5,25.0,29.96390532544379,2.15448226296052,11.719627071906782,24.291854043392505,70.0,1.8383846125824452,5.361045364891519,13350.725556494788,9700.0,0.0,0.0,2.480995628937038,2.6635390045866036,0.8156797971838957,3.910808683954064,2.9920398769780268,0.7928525592414911,2.920119646621861,1.8525047644046964,0.6253797273055384,0.4336329688775171,0.5766530005959088,0.37170522165092906,5.533746548800753,10.442403899152223,6.02244142662057,2.079094449686758,3.428311520613793,7.920462600798699,9.274894535198406,2.5738861027402598,4.135567241843354,24.73403,0.0,7.658023043328903,0.4685904418559851,2.835132590646471,11121.414482952945,13861.087630318401,13476.894899971823,14943.505212735981,LOG00002,Idle 35,9.0,9.5,26.71383399209486,1.293082203531391,18.944284610868348,24.794367588932808,60.0,1.4075469076630194,4.363557312252964,12390.94438170525,10257.142857142857,0.0,0.0,0.8507374178714744,0.9836502730981906,0.6375061212893045,0.735565663064162,0.9482077969771933,0.9456859671921578,0.5418154542909951,0.6051757270871033,0.6884003450721363,0.26445780542758895,0.30366457152392856,0.280798939187398,4.512253589052509,6.716449954486142,4.395303384665167,0.7582866766034901,1.4092599962676373,1.897054092336065,2.610029303365554,0.9195982856478061,1.3654775490680902,9.149744,0.0,5.316321544272355,0.28343026602626353,1.131594543331362,11112.902315076228,12655.307735742519,12202.343308865049,13593.22416713721
LOG00008,Idle 35,25.0,25.5,30.594082840236688,2.970134792802773,22.129614905515044,24.299980276134114,78.0,1.9235813660355086,5.781577909270218,13471.407438715132,9757.142857142857,0.0,0.0,2.3292106293244688,1.5338866930302717,0.9508157646353902,3.3967565163256275,2.0785654326985687,1.169798319048664,2.4550320446273974,1.592849607291204,1.1110324108079055,0.3452371392344119,0.5472476367837359,0.3100131972677608,5.996886717035174,7.421875140795015,6.042136205947374,1.4313064335001124,3.1524014123242456,5.9713319061770305,6.800481477327279,1.9720586379229996,3.128704509262436,25.369391,0.0,6.520590229770203,0.41423698561424305,2.4480883124391886,10831.360946745563,14435.784728092418,14408.763031839957,14209.721048182586,LOG00002,Idle 35,43.0,43.5,27.60631163708087,1.666161542445788,24.023263021109983,24.256015779092703,55.0,1.672944626944657,4.237021696252466,12524.049027895182,10800.0,0.0,0.0,0.8842927709249807,0.9443450774947164,0.8318576615953177,1.2641721180137557,0.9305625827364302,1.130202809756283,0.9686516280849865,0.4096852459506152,1.0186436576798021,0.2572448329009952,0.3288564600623202,0.24504115026609077,5.243054788069103,6.852532380279578,3.508500553086065,0.7597197974356805,1.5078021693343102,3.6915063232928698,2.920376620493097,0.914811819474006,1.2374375105833773,43.042488,0.0,5.377620281142942,0.27950351262116563,1.1938679894496216,12054.804170188787,12955.931248238941,11978.951817413357,13106.508875739644
LOG00008,Idle 35,25.5,26.0,27.887376725838266,2.46274778428581,27.303346356026992,24.338500986193292,79.0,1.7611993332689397,4.26396449704142,12722.78810932657,6885.714285714285,0.0,0.0,1.2971214092816594,1.8941717265914513,0.9592842178880333,1.2715200705853518,2.4615414002837683,1.0278117213318674,0.8599054986151602,1.723628064740771,1.0080000376345568,0.37591123025785017,0.4718379055444073,0.32816710382992664,4.045025324450922,9.307447604073726,7.394125874610506,1.5914383520816715,2.6031790725597554,3.6601160779600983,5.526161555588249,1.623331525018115,2.4455962599103422,25.575602,0.0,7.249457640118364,0.39649880629438866,2.1574542071953102,9348.267117497888,13672.58382642998,13805.635390250776,14064.666103127642,LOG00002,Idle 35,26.5,27.0,25.508284023668637,2.4676307649067724,27.60687882110639,24.421479289940827,72.0,1.1236833709211491,3.676252465483235,11903.078331924486,8142.857142857143,0.0,0.0,0.6777337676379446,0.7065281884285513,0.8535673898483361,0.5304269886943509,0.6746021744551813,0.9834213705560572,0.3621909709999121,0.30836918412923653,0.8165529175858213,0.2529277273591906,0.2604766938535811,0.23911268396130347,4.238457828817261,5.206460301242802,4.48727338776952,0.689336202423569,1.025298034332058,1.546772423780069,2.0390661899560043,0.6922807020424786,0.9643630882601056,26.540154,0.0,4.662166023486801,0.2509949660445772,0.8736190414525455,12820.315581854044,12231.191885038039,9107.438715131022,13453.36714567484
LOG00008,Idle 35,26.0,26.5,24.052766798418975,1.0143643490253116,23.443475835132833,24.59628458498024,92.0,1.2597983659141687,3.331778656126482,11106.980519480518,6657.142857142857,0.0,0.0,1.2602692425621287,1.7693290990295532,0.91385885990333,1.265484709780528,1.7106794559952423,0.9330648998529045,0.6242136137141501,0.4168305349008691,0.8434695093918025,0.3168376285367807,0.44450098647289144,0.300437484444862,7.666651130322462,6.419542089264968,5.814084890357444,1.2253341837949094,2.0539812147543395,3.4740710931807812,4.3686359698599455,1.5360345087954328,2.192559592823973,26.104447,0.0,6.678114586772774,0.35973596423476173,1.691195241913252,7477.075098814229,11640.73969508752,12719.226425748166,12590.880858272163,LOG00002,Idle 35,8.0,8.5,23.603944773175545,0.37234824544357537,27.797222422389012,24.751755424063116,53.0,1.1530520573730958,3.5578500986193298,11219.695688926458,8785.714285714286,0.0,0.0,0.7142155101819275,0.8377848803364298,0.703695673455441,0.6505831948592306,0.7867541443274719,0.7397639017297666,0.3709831312658391,0.6134225797788599,0.4936949201589023,0.21679510146614772,0.2773899037843951,0.23144083982959995,3.313736702548406,6.403619153911633,1.8634664306621103,0.57748258179403,1.0759071090211862,1.6741449582467103,2.0925339244208376,0.7784559398915132,1.009432334238975,8.227045,0.0,4.2996006147999735,0.24324893770392503,0.8634414396812982,9177.120315581855,11552.014652014654,11524.175824175823,12625.471963933502
LOG00008,Idle 35,26.5,27.0,32.70650887573964,2.1960016206212876,17.330907161935087,24.33956607495069,97.0,2.028544399351962,6.4681065088757395,14174.795717103409,9142.857142857143,0.0,0.0,0.9833890138290733,1.4789976998775654,0.9802931205444996,1.1939679787326551,1.4485801708536146,1.2430071751868912,0.7669254936211034,1.0076956396845247,1.1251906709235315,0.3728606810630784,0.4878715201713601,0.2634674316433928,6.06863088219486,7.609992329827383,7.266835243672357,1.5310563255717087,2.7049705892512126,3.9446365854064456,5.026949071009637,1.2558837821953999,2.147120686700903,26.523772,0.0,7.013015483205483,0.38577143285193394,2.1978397758693875,11748.548887010427,15313.975767821923,14429.698506621586,15206.959706959708,LOG00002,Idle 35,81.0,81.5,28.66067193675889,1.5765245282033147,10.004304918135722,23.922687747035575,57.0,2.8421216222039427,4.238873517786561,12824.774138904575,9985.714285714286,0.0,0.0,1.8756720145070345,1.7839754788864148,0.6595576177185148,1.8934282527421966,1.711554498423338,0.6599412444140205,0.12624624158011916,0.6534914722442609,0.00341585026223532,0.31474988553481437,0.3242674384603072,0.30406895057619887,4.78003952356201,5.931919824062974,5.098398986291435,1.2586857111277958,1.447264704060629,5.244232668807228,5.9063842995585,1.8303980462283183,2.6630059436220384,81.002815,0.0,5.292451318287957,0.31447034242479244,1.3562567682811735,13111.3777526821,12990.824392998305,11413.128176171655,13783.766233766235
LOG00008,Idle 35,27.0,27.5,31.433136094674555,2.156327926235354,20.29324356746218,24.241952662721893,86.0,1.8629590921584365,5.47854043392505,13945.012679628066,10400.0,0.0,0.0,1.3414090356305959,1.3419985037679487,0.6796613341019954,1.9415322600096094,1.4469631020833484,0.9083598143714694,1.71643342729168,1.2038030809803066,0.8032278684051901,0.3911522080506562,0.4278943190436431,0.277899179547701,6.736705405929233,8.776035309893736,7.0425738438840835,1.9432560160221248,2.328836002716445,3.8304808870989007,4.311582492512882,1.341703802071608,1.8610012895733088,27.407814,0.0,7.571874312950042,0.3711790008993919,2.1447285459183987,11842.998027613412,14808.284023668639,14227.35981966751,14901.408847562696,LOG00002,Idle 35,88.5,89.0,28.789349112426038,1.271926031186896,20.436186413044677,23.63940828402367,59.0,1.417379209427908,4.468086785009863,12577.247111862496,10200.0,0.0,0.0,1.322960201775668,1.0080749038738908,0.6758506444495641,1.8359334282723143,0.8659927032770881,1.1170156046417568,1.3981009870881909,0.5325842711453841,0.9868278675010212,0.29870160654606576,0.39257766010371226,0.24406668381253052,5.085400877912939,6.348503025553062,3.6848287864263467,1.0277624175508384,2.0971356444974356,3.5827771230171424,2.8901656006552714,1.1761034621372959,2.205559363304039,88.500712,0.0,5.155668593558302,0.3177569380899769,1.6514044777630377,11405.100028176952,13138.715131022822,12480.050718512257,13285.122569737954
LOG00008,Idle 35,27.5,28.0,28.900394477317555,0.7933897529014022,22.549017471050032,24.34293885601578,87.0,1.5994782819117148,5.003826429980277,12964.750633981403,9700.0,0.0,0.0,1.1891584394886838,0.7484736187451863,0.7488291356822746,1.5406911687669833,0.8221196691390416,0.8205892007040118,1.3636676658767501,0.5911454991509333,0.609376865023592,0.2813331464772318,0.30451400092994446,0.25446136730628144,2.9718937569858315,10.478795669877034,4.959034743654149,0.8549349120759965,1.3983261949452221,3.0992777678752446,2.8161971645160087,0.9935568811509176,1.4970773512334328,27.999849,0.0,6.909639083256904,0.28084853778061225,1.1589283522626357,10211.383488306565,13908.42490842491,13711.580726965343,14027.613412228799,LOG00002,Idle 35,8.5,9.0,25.42248520710059,0.9116641357043139,23.78086590218692,24.71301775147929,60.0,1.3175606123356696,3.941518737672584,11810.841081994928,9100.0,0.0,0.0,0.7590632207976413,0.8516387366006147,0.7232045148796181,0.8852612717427889,0.9030164250654581,0.8360750869989775,0.68195670251379,0.7229776433350981,0.7507405847857744,0.2431170764810548,0.23883121523224696,0.2229956960248306,4.94184932833345,6.102943831558923,2.7570791619627686,0.6481360104600657,1.096171402040364,1.8988213929819096,2.3559065894020854,0.8066800824510236,1.1466902817250082,8.938559,0.0,4.805180666060407,0.2351406264994104,0.9004643331932218,10101.15525500141,12153.254437869822,11919.921104536488,13069.033530571993
LOG00008,Idle 35,28.0,28.5,31.462055335968383,0.7113582488470579,22.533827832207276,24.383952569169967,78.0,1.7671782826420206,5.542351778656126,13910.269621682666,10042.857142857143,0.0,0.0,0.9054665705133743,1.271339871889869,0.7223934417102184,0.8512411616118298,1.3512976736635391,0.8592215688876018,0.5841660814589071,1.1397246530509169,0.575138060267098,0.3072793985659515,0.4173576159727111,0.2435545070674322,2.194372207023639,7.641709730167502,6.338728560828398,1.099890516093489,2.237821244195753,2.647991258956472,4.147955351355406,1.1036699642950787,1.5307304348065631,28.021511,0.0,5.870561493615303,0.33061901856282544,1.7631793823043402,10755.505364201017,14931.535855448898,14797.430830039526,15156.60643704122,LOG00002,Idle 35,90.0,90.5,28.681262327416178,0.7889173068092391,32.27331847680915,23.783846153846152,42.0,1.580020559273727,4.242840236686391,12616.856861087632,10200.0,0.0,0.0,1.237555835114347,1.0159913756610637,0.6868285621276854,1.2448906547315077,1.0690620465444145,0.6998219559195005,0.9405445463652975,0.5999323082872183,0.6297074088144234,0.32153247532722734,0.4886476095280637,0.3204227123418145,4.277557918364775,7.268808511471287,4.1611006961475026,1.1967193863647836,2.747680799511135,2.7405926596692076,4.090929013957424,1.1322064565359162,1.7322075687310983,90.491622,0.0,5.429789373597035,0.3850672380991965,2.119184638688127,11092.95576218653,12479.430825584672,13013.863060016907,13881.177796562413
LOG00008,Idle 35,29.0,29.5,29.693293885601577,2.2440441441138907,41.26916630599087,24.307021696252466,95.0,1.2761773900104663,4.690177514792899,13448.661594815438,9971.42857142857,0.0,0.0,1.333858363581254,1.1473851392714194,0.8254260703756084,1.7974803046165841,0.958948897793969,1.3631760368228931,1.236946715304656,0.7458282788406052,1.3522102963284799,0.3237805023375905,0.37010093492738894,0.2597759954490109,5.580992299533936,9.537738166278917,5.068284908649235,1.269774605989869,1.7884580017963772,5.565815640814428,2.928133278565274,1.2441203301764174,1.713565019202463,29.43044,0.0,7.01910336845555,0.3210877779982885,1.5509528642428527,13206.311637080868,14207.128768667231,12249.506903353058,14131.69907016061,LOG00002,Idle 35,45.0,45.5,27.716007905138337,1.7558486883949593,32.6602555740797,24.366581027667984,46.0,1.6883047798631805,4.520276679841897,12490.492659514399,8728.57142857143,0.0,0.0,0.9034748001961067,0.6794215403511399,0.760835611988464,0.8737385133297532,0.7171702431912319,0.8209975341553726,0.4857640048953532,0.490390879502342,0.6296163208189334,0.3288598081971675,0.4136412430145244,0.2676265381817972,3.7679691147178436,6.290869648526635,3.8841649207344604,1.21266250176656,2.1827171252976054,2.647991258956472,3.338599266052836,0.7993373330711231,1.1897946983147143,45.295896,0.0,4.790941776438996,0.34199016326460413,1.7656166617159823,9667.447769621682,12915.6691134952,13490.824392998307,13888.029361942406
LOG00008,Idle 35,29.5,30.0,28.823076923076922,1.1735245047776413,44.24341513175342,24.254654832347143,98.0,1.5830470462104869,4.7504930966469425,12913.665821358129,9628.57142857143,0.0,0.0,0.9932811955643633,0.9278259338950969,0.7161280096286105,0.9956678578030359,0.9127643877561846,0.6795946851642471,0.6755897462646648,0.5600789274221293,0.4090969211079639,0.3112294433502628,0.36115854383414925,0.2719679201420081,3.754534718143446,10.581326243563236,4.274833821824293,1.0824715809829704,1.8472342667207526,3.2390005032965075,3.3618112897557166,0.9611109449668332,2.069960212168605,29.984939,0.0,6.9362622073341855,0.3168942041012464,1.5139384333226906,13939.842209072978,13667.56832910679,10081.036911806143,13966.215835446606,LOG00002,Idle 35,53.5,54.0,26.53096646942801,2.224847944377669,39.271042040132336,24.171282051282052,49.0,1.8376034584243708,3.907455621301775,12124.267399267399,7600.0,0.0,0.0,0.9205470978538668,0.8023565962865249,0.7259513859236213,1.0348195166028988,0.844460722397646,0.8030708206749227,0.5853619310129227,0.3614779225810659,0.6611819683380699,0.31195376943454706,0.34169193718484686,0.2654409106621928,3.7777985973238017,6.355783096120597,5.396774119340419,1.0884969432373683,1.7075191113685064,3.023576001082084,3.10214025500713,0.8634764232368113,1.271763292389763,53.563568,0.0,5.284975935046333,0.3079650473970113,1.431860173188323,8619.977458438996,12750.154973231894,13340.43392504931,13786.503240349395
LOG00008,Idle 35,30.0,30.5,31.721499013806703,0.8286483620856272,39.25659297900977,24.241183431952663,75.0,1.8475223678246568,5.96956607495069,13895.83685545224,9671.42857142857,0.0,0.0,4.558334050774007,1.8029555228216723,1.1073449066606142,4.945200787056025,1.9246725141883414,1.2685851439032236,1.4930384723412682,0.8086184686436719,0.7315557557105511,0.4168595762845335,0.5381796023814169,0.3428369777002984,3.15712408374157,9.02383195861545,6.099464701248634,2.0063283817071706,3.244898882824746,11.169131877784999,5.938375182047809,3.4661980566406565,8.0212528680668,30.343086,0.14003944773175542,6.547275396153952,0.4400554450059734,2.6976584601280598,14858.495350803043,15194.899971823048,10925.387433079743,14604.564666103128,LOG00002,Idle 35,90.5,91.0,28.292110453648913,0.4216255801203546,34.85463217921195,23.645404339250497,42.0,1.5270502535301975,4.217218934911242,12489.433643279797,10085.714285714286,0.0,0.0,1.0877681164734465,0.9641721424263167,0.7817154176216379,1.0873234564060803,0.9462159365381656,0.9983777969289169,0.7218541824853311,0.5996815027750061,0.7450148029153544,0.303888586257497,0.4261583573688702,0.31198689434628984,3.823813520084948,7.0168663014185775,3.1408850117658678,1.2451013025876003,2.254812791328824,2.78414785705444,3.612655816886249,1.0278296053936038,1.8782769246944473,90.532072,0.0,4.9572546564102575,0.35180252067353374,1.821326162119985,10714.652014652014,12627.50070442378,13165.201465201466,13450.380388841926
LOG00008,Idle 35,30.5,31.0,34.3897233201581,1.0794217465140656,36.306937691342384,24.408122529644267,54.0,2.035480846797494,6.7749604743082985,14852.470355731226,11371.42857142857,0.0,0.0,1.6724236533989127,1.7309039670477984,1.0442929422810483,1.847007860207974,2.1558640432678735,0.9408243616156066,0.9562078360785469,1.4381219619910555,0.9934530738940572,0.4229714352920042,0.4983839374090037,0.2997094612359054,6.761245589168648,4.613379650734081,7.283772328138664,2.0432283557064554,2.9967815184073965,5.3216687329038805,7.140736557041935,1.7019150125064966,2.108958331119941,30.562118,0.0,6.325900543190624,0.4151775304190553,2.5647106642495805,15642.236024844722,15720.863918690007,12254.94071146245,15791.840767927726,LOG00002,Idle 35,29.5,30.0,31.789151873767263,3.704597691228757,42.46598971236209,24.41240631163708,34.0,1.9527983735675907,5.554595660749507,14090.736827275288,9871.42857142857,0.0,0.0,0.9565545348084735,1.2036703367708792,0.6800016043162824,0.9655698168213727,1.2494104948930338,0.6920615876274244,0.2379713866327397,0.6057759539104867,0.4635532889966044,0.3219629495839834,0.39639684503747774,0.2814516530729215,3.1546052177267825,3.9010225906039215,7.389780515172144,1.2446054985464796,2.0939392850414653,3.3500566688368343,5.525983093701407,1.0871565797263927,1.5883845838160586,29.687592,0.0,5.156819672192318,0.3366529531916435,1.7224436966780796,15011.383488306567,13995.548041701888,11676.049591434208,15679.966187658496
LOG00008,Idle 35,31.0,31.5,32.19270216962525,0.12034629542987481,39.12065030985688,24.33364891518738,60.0,1.8323894223812025,5.769408284023668,14167.920540997462,10800.0,0.0,0.0,1.0166521067357968,1.4129777894677107,0.7525827925385703,1.2191419325646302,1.4896745601454284,0.8560266169457514,0.7154246014277992,1.2044177003909426,0.619344433457982,0.42322103475231754,0.5559823137507115,0.31560616538975095,3.4155842263082974,12.080094649799515,9.27529721150286,2.12328606812977,3.083041961620952,3.720511936948772,5.16073019006754,1.2308711832802386,2.096181377136228,31.025832,0.0,9.01158588922863,0.4426584948137937,2.647025827625181,15026.007326007326,15194.449140602987,11466.159481544095,14985.066215835446,LOG00002,Idle 35,91.0,91.5,28.960946745562126,0.48469015614083083,36.38471038955166,23.724852071005916,48.0,1.5246471590935575,4.615739644970414,12708.544660467736,9971.42857142857,0.0,0.0,1.1813189133247022,1.2727681663619583,0.7079212462300416,1.5310120998175591,1.0870068360037568,0.9396009787086561,1.2204646441585592,0.6598449464329162,0.8848152232197214,0.3047555918779813,0.3986604134970398,0.3082632681606179,3.9225780523365303,7.291855376148707,4.201974078119888,1.282808506687018,2.0876619122045,3.6522938672971876,4.273675210256547,1.227895186952664,2.1260166045431763,91.485102,0.0,5.360794703416414,0.34001585186948485,1.732617950457908,10581.713158636234,12963.172724711185,13621.4426599042,13667.850098619328
LOG00008,Idle 35,31.5,32.0,29.259368836291916,2.0409916557669905,40.052661608715546,24.428619329388564,51.0,1.8337008223540991,4.718441814595661,13143.265708650324,9257.142857142857,0.0,0.0,1.0033201470121675,1.270014337894305,0.7327690343899044,1.034216680513122,1.1859777419383828,0.8085727836488298,0.4744071664817591,0.5296170258831374,0.5787360311659877,0.39672790428502364,0.49834374126914915,0.28294610114497476,4.231354981847628,10.748237493123543,5.5226669995811335,1.8447247297488367,2.8104763571697284,3.635785322491223,4.743104618297845,1.1444622614699071,1.5797454909113222,31.536902,0.0,7.392086421285397,0.402408586163227,2.377160773144819,14023.386869540715,14332.882502113272,10447.337278106508,13769.4561848408,LOG00002,Idle 35,45.5,46.0,27.20414201183432,2.0188858322107466,32.872793861547365,24.177712031558187,44.0,1.7138625272595116,4.246587771203156,12437.052690898845,8000.0,0.0,0.0,0.9167522666928061,0.8160476956042808,0.6461816065934002,0.8357658900215198,0.8475748319525631,0.68720905786898,0.48393606711451376,0.5844729374181368,0.44716233551235424,0.27654382232685326,0.32620462796421384,0.2732874663470014,3.8048649013048306,5.289107260192938,4.218077813333264,1.0207320201133026,1.5605004962596145,2.382132702646465,2.9048011674614163,0.8678619014530636,1.242389172634377,45.807939,0.0,4.481213859597323,0.2930142113929976,1.3185324523331026,9469.005353620738,12900.873485488868,13519.723865877711,13858.608058608059
LOG00008,Idle 35,32.0,32.5,38.24536489151874,8.152609558805908,42.20847566813774,24.1167258382643,66.0,3.895353852139376,8.977179487179486,15626.014370245139,9628.57142857143,0.0,0.0,1.0506552283526644,1.7704290455013658,0.7173303537364604,1.189423429506719,2.08955067809477,0.7254571421118625,0.49032626638090987,1.0125182050272803,0.4530969415646968,0.47640240148699436,0.753090943212621,0.3688632649745952,3.830661797805683,8.42743663461709,7.120984059964197,2.291177881895658,4.542191694677388,4.2458937118383915,6.8680146510143905,1.455729269819713,3.0092756267497673,32.499831,0.0,6.742998146767214,0.5568259228697269,3.5972907498341087,16238.010707241478,16291.2651451113,13413.60946745562,16561.172161172162,LOG00002,Idle 35,63.5,64.0,40.72366863905326,5.253010027759169,47.38639655397487,23.906232741617355,84.0,2.8445147649281566,9.274556213017753,16554.085657931813,12314.285714285714,0.0,0.0,1.3314927958435552,1.7187407620828667,1.059728451804978,1.2647689022455761,1.706312335357949,1.1305210885903882,0.4920171650788363,0.7914491537548667,0.9262098364451887,0.34817233713291496,0.4537070981581173,0.2584743954704381,2.40429298710486,2.4025903563677335,6.076942228411416,1.4548134005815863,2.373713601926604,3.9844371804522676,7.186855193613163,1.5373585906724045,2.0213490024774634,63.928497,0.0,4.020045274861248,0.3623456546712747,1.9686287479465405,17076.697661313046,16986.02423217808,13975.176105945337,18178.444632290786
LOG00008,Idle 35,34.0,34.5,22.596252465483232,4.860406976345593,40.3390839846178,24.327889546351084,105.0,2.1135950331501787,3.6460946745562133,10167.061143984221,4842.857142857143,0.0,0.0,6.183428841782511,2.969554781643752,1.6497227253750135,7.0143432400361645,2.801689104775046,1.681880086821934,2.342517238674867,1.5677930751637874,0.40357084551094086,0.48083671645211035,0.9074532264660623,0.4704672373715066,2.824220661064533,6.874025601780081,5.198924293814042,2.386511349628983,5.465931146901724,13.753894911862178,11.772665830197802,4.850414819506219,9.709823156302384,34.261919,0.20512820512820512,5.236323905474196,0.6521796090935101,4.217335635479963,7537.503522118906,12889.82812059735,7933.896872358411,12307.016060862215,LOG00002,Idle 35,33.5,34.0,23.793083003952567,0.531991913728394,37.898977988343454,24.567766798418972,73.0,1.3156098353583412,3.460019762845849,11062.189440993787,7142.857142857143,0.0,0.0,0.9830032546501477,0.7699879619282072,1.0299052171553655,1.0277875582303775,0.7719184362573802,1.2400501039357605,0.635772232485593,0.5262279630143478,1.0973716213897702,0.2982797174796263,0.3943355624054901,0.30644938659973925,7.751419601360139,9.896848338992882,7.107863342022153,1.053014505557101,1.5755854888920782,4.035661193016844,2.7733913544148585,0.8829430503059458,1.3964092227825748,33.655845,0.0,8.337742183793695,0.335848454011,1.340020369569239,12958.356860530772,9956.832298136645,8161.03896103896,13172.529644268774
LOG00008,Idle 35,34.5,35.0,17.838461538461537,1.9231487166085968,23.979279845081173,24.317317554240635,15.0,0.8787141717197092,2.5456015779092707,8550.133840518456,4971.428571428572,0.0,0.0,2.2921707294278155,1.8111725526145745,0.7593134263102688,2.527285824280737,1.8345251996427363,0.6803885063872743,0.6920345707951573,0.5934861221650195,0.2923826636104604,0.2882213642068301,0.3967666415976489,0.35701448988568135,1.2968982533922226,4.027237972584219,3.404160911395759,1.0442901146662704,1.7992800974218588,5.658248765537104,5.100179832077162,2.065719326069014,3.226915658734385,34.500681,0.0,3.1352247276259075,0.3502164419604237,1.471045667640557,7060.58044519583,9714.060298675684,7150.239504085658,10275.655114116655,LOG00002,Idle 35,35.0,35.5,19.380670611439843,0.6169700282538301,30.831875879017378,24.529013806706114,26.0,0.9681323143403842,2.6575739644970415,9432.748661594816,5357.142857142857,0.0,0.0,1.2204536202779481,0.8069470636492027,0.6288862422757179,1.0590652643850063,0.5893791826095023,0.6532681067892543,0.7639861265578187,0.6032493460828959,0.6289574980885042,0.2554925371883247,0.2646932454073497,0.290752872246766,3.7009331817586157,5.782019939703828,4.160321161767626,0.6855886821079611,1.0690344993267962,2.523264533362573,2.23606797749979,1.034570104628396,1.6594773245065149,35.143674,0.0,4.63454180288358,0.2707250656065099,0.8980163143800409,11509.298393913778,9641.053817976894,5849.9859115243735,10730.656522964213
LOG00008,Idle 35,35.0,35.5,19.837154150197627,2.430106579575354,13.544068189324246,24.393517786561265,24.0,1.0972871533159747,2.523616600790514,9356.648785996611,7257.142857142857,0.0,0.0,2.9496733353990545,3.3190151003271393,0.8385509699441978,2.6389098004052847,3.381069363944685,0.801874050623426,0.7599450104532662,0.9803712732681739,0.3409609902100468,0.3776128634984023,0.5066801354662993,0.3231791760533504,3.1066930832572246,7.185037531673545,5.810982787872341,1.6865447178062571,2.6258332798116077,6.3759057327601285,7.484239038946769,3.1397797710797932,4.472167886966207,35.257418,0.0,5.628612238852025,0.4097808415035745,2.206743471557849,9413.071710897797,8352.258610954263,9099.830604178429,10561.434217955957,LOG00002,Idle 35,28.0,28.5,19.607692307692307,3.087117726616231,22.16578242329531,24.64321499013807,30.0,1.2047170039224129,2.9057593688362915,9289.250493096646,4442.857142857143,0.0,0.0,1.2369756637044438,0.6562266818804514,0.7830974250380534,1.440861762752516,0.6730923753463698,0.8672666305185517,0.879695817160999,0.3585582561799241,0.7453107389922098,0.26775745381198734,0.34249451068478176,0.2895717964603312,4.472672409375207,6.2377084775216325,4.621929943969018,0.8371873207325837,1.249227628147737,2.9676094949299547,2.3903982816202776,0.9901369225033672,1.8124948130462188,28.08527,0.0,5.172879338082706,0.30157827575736174,1.0633560732235985,10906.98788391096,9499.859115243731,6396.308819385742,10353.846153846154
LOG00008,Idle 35,36.0,36.5,36.25443786982248,2.772255298031071,24.86632331340737,24.101617357001974,32.0,2.3286735861215226,7.233037475345168,15420.069033530572,13228.57142857143,0.0,0.0,1.2692544165735509,1.6557302979571131,0.6820267881006542,1.3772265318569694,2.314593233086208,0.6801842808550943,0.8180073487759146,1.7315120830362905,0.2385630860751175,0.32509078987946183,0.42614199013212606,0.28097778402453777,2.591216421729918,5.356836107301947,7.447425111872346,1.273953319427386,2.037170695995356,3.233515316459031,6.095395487894625,1.475203306931729,2.3425035032276265,36.000341,0.0,5.503763452453346,0.34939449172034814,1.6989734407433,14698.112144265993,16103.21217244294,14876.049591434206,16002.90222597915,LOG00002,Idle 35,26.0,26.5,32.71873767258383,2.0503292621084293,27.774236372547076,24.384792899408286,70.0,1.7398647682211936,5.954792899408284,14448.175542406312,10128.57142857143,0.0,0.0,1.3110521675062696,1.0423005526098854,0.8131033167854381,1.2002267575653056,1.0222476986718074,0.9914071254911271,0.6554989408289253,0.14057687828459262,0.9078277586962824,0.3108739604525278,0.34007190274038424,0.27620310556504163,2.4922250935592705,2.9964731089754326,7.07319220873826,1.2335531592254942,1.6707118436488166,3.0897169910547833,3.45126681141147,1.1843243280228943,2.74594885968806,26.000442,0.0,4.66262033022688,0.31015032583392993,1.4684909705448692,15103.747534516766,14592.279515356438,11895.745280360665,16200.929839391378
LOG00008,Idle 35,36.5,37.0,31.689743589743596,1.5458965640427773,40.660187830531854,24.076429980276135,12.0,1.5293924391936637,5.598086785009861,13894.04761904762,11800.0,0.0,0.0,0.6757906479131885,1.6660613273018394,0.6561216521360419,0.6030430532302052,1.7031928626453123,0.5832965265474219,0.2064013038351448,1.2319373667813673,0.27407709740128877,0.29440930191946946,0.3430094096739697,0.2526041949944213,6.619300775458195,7.159860828095256,6.321790054863824,1.1802432641151468,1.6266859864288323,2.134066688546473,4.27736577675626,1.2713090391674429,2.158131012900668,36.889287,0.0,6.709291550565019,0.2989655339724933,1.4211054607123856,13630.290222597916,14425.866441251055,12844.096928712312,14675.93688362919,LOG00002,Idle 35,91.5,92.0,29.589920948616594,0.34799992287362497,38.57062643885555,23.653833992094864,38.0,1.5088144244682713,4.771620553359683,12962.083568605307,10685.714285714286,0.0,0.0,1.5196150640367545,1.124403867427145,1.0238819196368332,1.7701700360577721,1.1406891281972844,1.3681859628802793,1.1314835737226228,0.7336330053372316,1.304562984138855,0.3173036557640845,0.4576271302007415,0.2888719855544425,3.627341127436832,7.819798527966767,4.5611669808301425,1.2836883533108203,2.5338926030115805,4.053739794820417,4.005184387301612,1.3366963005732733,2.2318034560528552,91.547256,0.0,5.630603783485424,0.36219296159882564,2.008540205226503,11265.302089215133,13115.330321852061,13412.05533596838,14055.64652738566
LOG00008,Idle 35,37.0,37.5,33.22470355731225,5.9960463267421416,53.2414393879691,24.130276679841902,39.0,1.9839972789845728,6.134664031620553,14492.398362507058,10957.142857142857,0.0,0.0,1.239049538117372,1.2782524235113029,0.668941585282575,1.2410685077804087,1.2408112023226767,0.6856234075959946,0.9526774852365163,0.6824667483952703,0.3752242606427511,0.3240823836967066,0.3992109626175114,0.24486894455155134,5.024752921070444,10.609127081301605,7.305192111330318,1.2751790421926812,2.0780795619489174,3.5581004835984325,3.9417698318286702,1.258803601861981,1.7319095215196494,37.388518,0.0,7.982638476269523,0.3288158471963348,1.7240209185849873,13909.457933370977,15359.627329192548,13513.241106719368,15187.267080745343,LOG00002,Idle 35,62.0,62.5,31.112820512820516,2.668793530532618,53.80123318996385,24.07019723865878,47.0,2.3200393156304844,5.153609467455621,13706.220061989294,8371.42857142857,0.0,0.0,1.0088862147416773,1.0698239409740482,0.8267754303780701,1.0605092089121457,1.0887035918590504,0.8537171636579701,0.544541167460618,0.42217005539723046,0.5295926639068246,0.4053512772783682,0.5226400685520062,0.320852090208849,2.686804219065046,5.005939539707798,5.3314200163988055,1.8580925335048168,3.000184999562447,4.02286365076704,5.281242158590399,1.039801581787851,1.3372971129654652,62.037262,0.0,4.498236209080677,0.4244244585469589,2.495357478866092,9698.788391096085,14670.83685545224,15570.245139475908,14885.009861932938
LOG00008,Idle 35,38.5,39.0,29.16351084812623,1.279681104483558,38.10341312010221,24.02923076923077,136.0,2.4899426337991395,5.2578303747534525,12772.597914905607,7757.142857142857,0.0,0.0,6.8206670596924575,5.451390574278801,1.5411899632575834,6.979918302029205,5.667354424217463,1.728081938567502,1.800881928317366,1.4407907241043332,0.7297571753854114,1.0713617343571793,1.2582444027271487,0.6312200526973673,5.363246361499311,9.547039235329658,6.2138378359957676,5.920376718872728,7.953648739344492,17.21507985340104,15.393266798243104,6.1741055357237595,9.322254275565784,38.903013,0.21696252465483234,7.269162041278945,1.021344489348279,7.011112207141118,9624.852071005917,14638.856015779093,11048.041701887856,15778.641870949565,LOG00002,Idle 35,62.5,63.0,29.984387351778658,4.301292815140484,43.796890273563335,24.029624505928854,127.0,2.1074812123285924,5.253181818181818,13015.273856578204,8142.857142857143,0.0,0.0,2.4102202101822217,1.8759251665991485,1.5024931135333133,3.238611008547412,1.783563984641605,1.9122352780559881,2.3850382801974703,0.8777744116068261,2.450080601602578,0.5244445426539122,0.5675240173044447,0.3911823846613378,3.7401559702128657,7.237940611724444,5.4828707911531,2.5710226325436225,3.189203622443059,12.391983893716711,6.209612591583263,2.159659312513304,4.1216976838186135,62.857092,0.0,5.669756699449244,0.5000497463940221,2.896651266760935,10065.697346132129,13206.775832862788,14059.909655561829,14728.71259175607
LOG00008,Idle 35,39.0,39.5,30.676528599605522,2.83004822560345,13.7998634313722,24.263471400394476,40.0,2.0159782868911442,5.506469428007889,13327.909270216962,8657.142857142857,0.0,0.0,4.30039567375867,5.500276742026412,1.1877300414732532,4.496057442389485,6.641685624978315,1.1055015007907767,1.4124267690690948,2.19716107302872,0.6084216497015621,0.6474134994078206,1.2911092791121417,0.5155578813671605,7.35711797084721,10.356175878618956,7.010377961231057,3.317082162332467,8.105548629595072,12.578902847394183,15.892575766597478,4.936924507715252,9.055670383887296,39.055894,0.22879684418145957,8.377011456463581,0.8854203029945247,6.192856879437583,12954.240631163708,13919.498450267682,10839.053254437868,15598.84474499859,LOG00002,Idle 35,10.0,10.5,27.537672583826428,1.6546929577167442,18.12358210434966,24.748954635108483,42.0,1.5574121417986946,4.5639447731755425,12585.270498732036,10114.285714285714,0.0,0.0,0.8009918816130358,0.7771673697527416,0.6284520112507456,0.8411367617058665,0.8106903712923704,0.7089933500062663,0.5701320746491751,0.5889507258720577,0.49437702035354086,0.2670449581001617,0.3249204954825983,0.24449610077804684,5.2798017534807276,6.603230178896358,4.23286898052896,0.7921780622912501,1.442043976628542,2.3617597824962986,2.7351896328072343,0.7891695366074345,1.037341627181452,10.365543,0.0,5.4588196269239395,0.2808704810210827,1.1634081211909644,11231.614539306845,13006.424344885885,12733.727810650886,13369.315300084529
LOG00008,Idle 35,41.0,41.5,14.948520710059173,7.842652108297305,42.16436899435392,24.17954635108481,149.0,1.6092470729315904,2.4440828402366868,7387.306283460129,3428.5714285714284,0.0,0.0,2.126276965861977,4.553843370881651,1.0297211033943838,2.161382137963532,4.771117438361971,1.1674898814174002,0.3824321060715576,3.3363013393726444,0.9789740353483295,0.3285924260130937,0.40857322963559484,0.31955877231441343,2.08597207608399,6.153358594517617,3.6789929030681203,1.2082199508858553,2.0336861381745845,3.750082181873976,9.881247555568976,3.5537686462456985,6.628457631693247,41.499728,0.0,4.3108425423866406,0.35450570064580816,1.6726737216687053,6731.558185404339,8057.988165680474,6817.187940264864,7942.490842490842,LOG00002,Idle 35,49.0,49.5,11.167258382642999,7.784359032106206,40.04495929053568,24.174654832347137,144.0,1.4656298346531234,2.7132741617357006,8550.612848689772,3428.5714285714284,0.0,0.0,1.5252317305950132,1.8121009906909658,0.5616654857406613,2.3388549936678347,2.361780620605325,0.6513302423757873,1.6555203084017436,1.6488914971101645,0.5124434665454507,0.375453376363397,0.4031077638552763,0.3363124626581127,2.714507244290591,5.122954072884513,4.849619832904361,1.2878483518735688,1.6557249295893663,6.297208297899954,11.883806295585853,1.6748196667816262,2.4510392167297357,49.30738,0.0,4.363943955334036,0.3726335016439255,1.4832360600873988,9869.935193012116,8967.061143984221,4125.415610030995,11240.039447731755
LOG00008,Idle 35,42.0,42.5,36.45790513833993,3.2398376781444753,16.223864628524236,23.881521739130434,46.0,3.124392107012274,6.894446640316206,15423.136645962733,12642.857142857143,0.0,0.0,2.5123672973985727,2.1494620070415427,0.7703565804017366,2.847836662954388,3.095416831660893,0.7572231934491536,1.5887635317834667,2.5522192768879433,0.27823981255727936,0.35870044272443113,0.43877175576194816,0.28679144140471635,3.0672905335697287,5.274681461196544,7.508664861970658,1.5573268449774407,2.487733673460412,7.01677831099235,7.845720869899684,2.3379666760620084,5.570024426390344,42.000924,0.0,5.586011807596122,0.36671332678634244,2.0753416263541067,14486.30717108978,16533.088650479956,14829.36194240542,15843.788819875777,LOG00002,Idle 35,42.5,43.0,37.283596837944664,1.8002271781073427,11.825574495797262,24.233735177865615,18.0,2.3440352711318533,7.31298418972332,15900.021174477697,13185.714285714286,0.0,0.0,2.161803924721455,2.574727282865361,0.7331924934080465,2.166256461781238,2.5685736912296315,0.7459492242807267,0.5472464041690431,0.46046578799929805,0.18250514374804494,0.35511393811347586,0.4233044768571416,0.23386882300609602,1.965378113066661,2.2659912830158744,7.931236002118009,1.6296834502543387,2.3613736581948905,5.9754107471234095,7.837403982555113,2.3772480718335163,5.0724499121744655,42.504789,0.0,4.895642012488191,0.3464040105349131,2.02878703929831,15895.7086391869,16118.831168831168,14537.323546019199,17048.221343873516
LOG00008,Idle 35,44.0,44.5,29.63333333333333,1.0082956372238787,28.69273025240786,23.94059171597633,103.0,1.9118219457661931,5.251301775147929,12963.010707241478,10957.142857142857,0.0,0.0,2.6127549396583074,2.7835957123939954,1.0425597932800748,2.529167495964951,3.332977929279953,1.0458717328794067,0.6782763709601577,2.2612497992884935,0.8875176310654285,0.5229180892755951,0.5736370520724575,0.35377228540942784,7.4484911777259315,9.601883686503013,5.400479934859125,2.8450622954511187,3.4533479356943895,9.264681296549126,9.62553310596169,2.699527131255316,4.590905674690331,44.027414,0.0,7.677703100116377,0.49249623535814235,3.16385772672874,13920.738236122852,13376.444068751762,12309.044801352495,12245.815722738798,LOG00002,Idle 35,84.5,85.0,26.640828402366868,1.3697383473421119,26.059629656534682,23.78613412228797,112.0,1.3398798723606449,4.094003944773175,11849.753451676528,8214.285714285714,0.0,0.0,1.9662203218401062,0.9362538139074782,0.9462897390539912,2.374497209811332,0.9040075419203852,1.3807298071978271,1.5022797430434822,0.38242328345011556,1.2211051009621539,0.26249258712776596,0.3208560170054142,0.23681741585846258,4.506515870815264,6.077839437864208,3.659126029060949,0.8750257991609427,1.418458719930997,5.4783057891584175,2.769942928370543,1.5399015484882972,3.4031436767529044,84.829694,0.0,4.85242279083067,0.2756407265502727,1.178493803408726,13103.747534516766,12276.13412228797,9134.573119188502,12884.559030712877
LOG00008,Idle 35,44.5,45.0,34.94802371541501,1.947280978421898,18.032846126199523,23.90213438735178,80.0,2.290041404999468,7.010988142292489,14747.61434217956,12428.57142857143,0.0,0.0,1.5220164543513415,1.9802729763571447,0.7465626771628547,1.4443662864741407,1.9947110818524663,0.6994897550700654,0.22812394209239584,1.3889104465498683,0.262816878112969,0.42317673462495914,0.44897879448493505,0.29260735021241235,4.04881289339129,7.48121159317543,5.793992578969926,2.007149783826128,2.580208650624374,4.265404539938511,6.083574724035606,1.7660712256597426,2.5819243425453333,44.903513,0.0,5.942271247952043,0.39424170590443536,2.3115067526907787,14656.098249576511,15326.821005081874,13999.745906267646,15007.792207792209,LOG00002,Idle 35,95.0,95.5,36.3439842209073,1.3382914361949845,27.50523905343397,23.29116370808678,52.0,2.194200172859083,6.69802761341223,15165.039447731755,13228.57142857143,0.0,0.0,1.1749156964564236,1.5882769211940269,0.8042902573057672,1.485847634907943,1.5343179645334668,0.9058753713021047,0.9790705788389942,1.1009300426173052,0.7566217539136566,0.37075566042888336,0.3938982900142371,0.26497310108171945,2.457121107083485,3.5109109932220024,4.82221347026456,1.675466460951763,2.2472626696118776,3.794005445113942,4.778114141944672,1.3969700197529757,2.0683552709879645,95.148223,0.0,3.7245886972032793,0.34776733932954873,1.9820919968565196,14270.357847280926,15112.397858551705,14938.884192730346,16338.517892364049
LOG00008,Idle 35,45.0,45.5,33.558382642998026,3.9640723471583414,33.974412700956975,24.08459566074951,56.0,2.4978571768308404,6.095167652859961,14427.387996618767,12071.42857142857,0.0,0.0,1.5545216424612869,1.5805468819053468,0.5076549059402338,1.6194732403304988,1.8003645730904658,0.6071658195347927,1.074555164312853,1.2412152480705496,0.37306577229371884,0.3553155922529588,0.38577153403417896,0.28420959254468414,6.20461274855416,8.079010263702353,6.870994898315917,1.6009739385035242,2.126341963886733,4.01820315657323,5.516337578152204,1.5675882722802643,2.2853849067108145,45.04065,0.0,7.094086671146425,0.3444047710972124,1.8820796607945653,13624.93660185968,15194.702733164271,14282.361228515076,14607.55142293604,LOG00002,Idle 35,104.0,104.5,32.61420118343196,1.165224031823001,29.537817165043883,23.423806706114398,70.0,1.6073916908665484,5.687712031558186,13779.029304029304,11800.0,0.0,0.0,1.0635171222173765,0.9855258633041212,1.2951832742331997,1.018373553764805,0.8884571822951882,1.552641543715275,0.9594460911445036,0.5989925661031559,1.6211459017576129,0.3093375817098074,0.280564991291187,0.23401046360362138,4.930996753498256,3.19834439590583,4.169911711594607,1.1751260274738555,1.112557914159287,2.4357624793923933,2.5994992690332004,1.0252633555557475,1.5570798629892624,104.219641,0.0,4.160620928832875,0.2763858117874827,1.1442697000281332,12416.849816849819,14576.979430825584,13563.398140321218,14558.889828120598
LOG00008,Idle 35,45.5,46.0,32.692110453648915,1.2180500161501513,44.9094796340602,24.075956607495065,38.0,1.6716204297918853,5.8339250493096655,14077.359819667514,11900.0,0.0,0.0,1.3747292901191945,1.545689623020121,0.7879944706375972,1.526902273460503,1.3539864492676688,1.1810409014437184,1.0505534668425969,0.6761216210525197,1.2924152468489092,0.4121227295721283,0.3622459801211275,0.2716479746092318,7.239163085702324,7.595177693833563,5.908707533197947,1.9122741650160302,1.808830950089128,3.8327973212420092,3.893807352732957,1.4627093067017292,2.092602826251994,45.922666,0.0,6.952338481766937,0.35348734840782997,1.8612713246848358,12792.533107917723,15026.739926739927,14226.120033812342,14264.046210200055,LOG00002,Idle 35,17.0,17.5,31.03814229249012,3.467487002735583,48.34530904434545,24.580711462450594,11.0,2.100942357114562,5.320830039525692,14007.439299830603,10628.57142857143,0.0,0.0,0.6300582809190631,1.110840571013548,0.6091479834588053,0.6450726187836723,1.073532942875807,0.6015985713274103,0.14445438552509607,0.7027551331794855,0.2958486674333779,0.43723844746202817,0.4549631429611205,0.2615604443235975,4.009207178978466,4.334442516180201,4.624899754130698,2.2455268787633185,2.5268282294249524,3.1236064086320847,4.614592766773907,0.9030338342399997,1.517045366039768,17.039229,0.0,4.330159037333432,0.394369871832194,2.39031921134682,13166.036137775267,14717.560700169397,13264.737436476567,14881.422924901186
LOG00008,Idle 35,46.0,46.5,32.04635108481262,0.7567197317891868,51.31327296161679,23.87165680473373,42.0,1.548889851632922,5.603116370808679,13916.138348830656,10042.857142857143,0.0,0.0,1.9342911884458192,1.190971182433106,0.7421283697801893,2.4835704381127703,1.1318435583165647,0.9283353330198032,1.7281373626763428,0.32978443655639633,0.913638624269658,0.3507393835167982,0.4921819751933555,0.2973023536407812,6.722969949718954,8.282298783713077,7.325868377934377,1.7191682244817135,2.711259048470853,4.607471849526751,4.443597881241901,1.6062214603044707,2.2460488489828463,46.145636,0.0,7.47134850787411,0.3888658300473846,2.2700732380236857,11634.657650042265,15368.413637644408,14591.687799380108,14069.794308255847,LOG00002,Idle 35,17.5,18.0,29.446548323471404,0.8536745722336204,55.576433394905976,24.423037475345165,21.0,1.1434738951565178,4.938284023668638,13430.050718512257,11614.285714285714,0.0,0.0,0.981260659719605,1.1527435163706028,0.6561536931887184,0.9344135962852678,1.264793771463186,0.7555917593630048,0.5711784436659494,0.539789003555517,0.559574078141667,0.25764342148012126,0.3105192608923954,0.23361170009209162,5.049977200413955,3.2996023529569074,4.412221702719837,0.8313916841917974,1.2278041035272464,2.839562707673257,3.870436168459866,1.0704415203194932,1.633541571686337,17.652005,0.0,4.314987283345164,0.26918195236497583,1.0485025153001821,12669.033530571993,14269.005353620738,12325.75373344604,14456.410256410256
LOG00008,Idle 35,46.5,47.0,27.812648221343874,0.6562846849608999,51.53411379851796,24.13304347826087,81.0,1.4088048826424395,4.314525691699604,12430.717108977979,8000.0,0.0,0.0,1.3335762277072403,1.0199506677878456,0.6907332318335063,1.6922120378740773,1.0200504367477141,0.8205312077507311,1.0517438012576419,0.00564418538768587,0.6244184628846218,0.3468793256232768,0.47960630208621524,0.2925266011812146,4.582671306396128,8.279783884825688,8.035769882831703,1.512881456601981,2.659309403474322,4.396144555917348,4.373609321604264,1.1871657255469321,1.7106180329132348,46.821453,0.0,7.167735465071019,0.38119080259292143,2.163415910676573,8906.549971767363,14398.927159796725,14109.147374364766,12308.24392998306,LOG00002,Idle 35,74.0,74.5,26.26055226824458,0.21460961928149652,55.32670732103376,24.087810650887576,46.0,1.4071918300601858,3.8880670611439836,11840.067624683008,8185.714285714285,0.0,0.0,0.9251832004916035,0.957091381075094,0.8019643770164396,0.9196166021259006,0.8621091571315042,0.8443792423090482,0.4869537860989345,0.3800180264778899,0.640202798260448,0.32659509624757094,0.3713849026605149,0.2650635322363311,4.1593838596281705,6.250468903909554,3.3899220000364596,1.230688784506113,1.66947002851082,2.753158487411274,3.163213106915706,0.9412725073537732,1.199816289738644,74.253825,0.0,4.756063034934349,0.32395976032974666,1.4665819207267377,8934.77035784728,13371.20315581854,13500.648069878838,11553.648915187377
LOG00008,Idle 35,47.0,47.5,24.73333333333333,0.636755004869351,44.809708187005974,23.953471400394477,93.0,1.4249104388016662,3.6754043392504934,11261.763877148493,5228.571428571428,0.0,0.0,1.4601253168801767,1.2140011284417633,1.0231604213214012,1.3963976627753287,1.0629478450427534,1.017799738125216,0.7111846714301953,0.5574873521646403,0.8065202459102647,0.364838649802758,0.47661706619855454,0.38976190747360784,6.04756967973533,7.911692108416259,6.504173406369568,1.6066227798522872,2.3836159110370274,4.377862546194522,4.693358436368226,1.3427145416752422,1.827997619356296,47.395644,0.0,6.867125617747097,0.4131930189387207,2.032592134208087,6173.006480698788,13285.770639616794,13062.073823612285,12526.204564666104,LOG00002,Idle 35,113.0,113.5,26.527218934911247,0.2659669519378788,45.52771446731432,23.29276134122288,79.0,1.5349935586154246,4.099723865877712,11578.324880247957,5957.142857142857,0.0,0.0,2.315252090533518,1.7444001498818344,1.165305985733471,2.1558127961923215,1.8417774360667478,1.4623474039385649,0.6524235701121808,0.5732213088907653,1.2686639404074413,0.3639417326635608,0.4905854373808836,0.3587969646349375,4.580052963039904,7.6906056943929135,5.438152477274145,1.575474868558956,2.60639773659121,5.559787999874662,5.782719274620979,2.0497956148879326,3.6400825039561195,113.04258,0.0,6.046922177354973,0.40900811645393714,2.153535491090017,6611.27078050155,12980.755142293603,13058.889828120598,13662.383770076078
LOG00008,Idle 35,47.5,48.0,23.638067061143985,0.2371565022262051,31.42392110785107,24.100591715976332,82.0,1.5998864312397272,3.679388560157791,10755.480417018878,6228.571428571428,0.0,0.0,2.009700648402285,1.2971388403011854,0.7332252644610515,1.983722877829193,1.3470625796201314,0.8231726850065639,0.9414164374992519,0.9172947746744321,0.707865670643272,0.39592449040903754,0.6871396183381255,0.3974391512954616,5.073023489644373,12.045120717675223,7.196745808592119,1.8189093072404305,3.7131832805188605,5.216420742701984,5.382050671259784,1.691370135009849,2.6573734713253625,47.854404,0.0,8.614206302446766,0.5121441646574323,2.923710069645302,7346.463792617638,11939.870386024231,9522.344322344321,14213.24316708932,LOG00002,Idle 35,44.0,44.5,22.799013806706114,0.9477987649407341,30.67470758271073,24.404378698224853,55.0,0.9508824466209638,3.1986785009861936,10737.39081431389,8471.42857142857,0.0,0.0,0.74801902337193,0.48912004264640246,0.6020576743624403,0.6874267974185484,0.48697677564959463,0.6964185364077742,0.4831870584135574,0.03437954655006808,0.6267884459569134,0.24968183455059328,0.28830499240800944,0.2275934405387035,3.7838510490599635,5.866135038422694,1.966921895783405,0.6304503160523003,1.2249468840136368,2.1196925831220907,2.0201158011605718,0.6319694911325685,1.1708018450740925,44.043895,0.0,4.1871967868171165,0.2564238427084974,0.974156678790728,9200.929839391378,11379.149056072132,10988.165680473372,11381.31868131868
LOG00008,Idle 35,48.0,48.5,23.230571992110452,1.7451969218684713,14.03840669407789,24.00930966469428,67.0,1.4969475204962508,3.407278106508876,10645.611439842209,6500.0,0.0,0.0,3.295267024340968,2.663763448643758,0.9760513970659614,3.8625227114949325,2.50705606445348,0.8274589006749258,1.9775626024209088,1.6195304729925755,0.7300942183760859,0.48062850869166013,0.9196470479590755,0.48317704935459244,4.76470398193095,10.102949560670643,6.57954489094023,2.218646300232831,5.358853740618262,8.649315053087959,8.170882058227708,2.9961992984479076,4.354892456577023,48.359533,0.0,7.4847045105954075,0.6608616893142926,4.101201337344652,7782.163989856297,11805.269089884476,9280.980557903635,13714.032121724429,LOG00002,Idle 35,50.5,51.0,24.926232741617362,2.9687395317490894,20.06685909694924,24.05662721893491,29.0,1.2893552505526495,3.2935108481262327,11504.606931530008,8757.142857142857,0.0,0.0,0.7865910598813055,0.9414301847104403,0.8185259757465935,0.9231960097858967,0.826664276759632,1.2028440280875106,0.7446632553155474,0.7163286649867688,1.189014955526715,0.24746503863788766,0.3473163911976121,0.23472021246917907,3.3505219767345658,4.9590944420009535,3.4234636732471606,0.7809563846894874,1.3653678415236399,1.9153691689213435,2.3613421784292914,0.8674722728044768,1.0957364413189972,50.612659,0.0,3.980733547279486,0.2810463775987637,1.1122324886133739,11490.02535925613,11862.890955198647,10074.41532826148,12591.096083403776
LOG00008,Idle 35,49.5,50.0,26.01972386587771,0.17587628643067513,16.259701093485422,24.11794871794872,4.0,1.2579078401245563,3.58094674556213,11756.55818540434,10257.142857142857,0.0,0.0,0.5133534405782126,0.6668254263036649,0.46032862256027984,0.5141441603345881,0.543738400524579,0.4930620822846316,0.007409769340141671,0.3092941269346995,0.3423285414052206,0.24198196837748187,0.2969758331010062,0.1936981266883879,11.356016816279993,8.232063256944883,7.77280169674492,0.6429543415871257,1.159275851141205,1.462887366727786,1.9317752001884474,0.5950579400859015,0.9477493118937655,49.624345,0.0,9.25819330133939,0.24783656089478823,0.9373661996266185,10574.330797407722,12375.147928994083,11799.71823048746,12277.03578472809,LOG00002,Idle 35,81.5,82.0,26.172978303747534,2.434515047457,17.140426878543852,23.902781065088757,33.0,1.45889915207191,3.751755424063116,11820.315581854044,9900.0,0.0,0.0,1.0028996612570287,0.9011199150979132,0.5135893707332997,1.3785361870831205,0.9260474622119703,0.5135888180109308,0.8731694944657031,0.244484731774333,3.1979976469982e-06,0.3019309880096496,0.3350196227554434,0.25906961650635474,5.043043734273715,4.97380051355414,3.3791636207614744,1.099490235680052,1.3293058579619874,3.8170695204391913,2.713106475161292,0.9533689820671568,1.5149334624572657,81.500039,0.0,4.5309943143606874,0.30028738199067045,1.2198222908210505,11743.589743589744,11711.806142575373,11120.991828684135,12704.87461256692
LOG00008,Idle 35,50.0,50.5,25.20493096646943,1.0330415754533036,22.716160099324707,24.08236686390532,1.0,1.1222114972167563,3.5914792899408288,11489.842209072978,9528.57142857143,0.0,0.0,0.6503592352834777,0.4341424193697056,0.4391915308243799,0.6117079915249123,0.40417269112072046,0.4391759713526609,0.2433493297545106,0.24871936744713227,0.00026076495235842864,0.25310930861742503,0.2928887406602754,0.2178395124094766,8.390045855969905,9.17469459527129,5.818730035179808,0.6237040209826377,1.120764152143736,1.64802194504835,1.6605410111479155,0.5529225873549983,0.9439422746354806,50.41856,0.0,7.925181587910812,0.2564515481731077,0.9069506575664351,10423.92223161454,12174.640743871512,11530.600169061707,11830.205691744153,LOG00002,Idle 35,77.5,78.0,25.328402366863905,1.0918119188343738,25.364769184687948,23.984852071005918,24.0,1.3692272556123022,3.8047731755424055,11532.227387996618,8942.857142857143,0.0,0.0,0.875422623206846,0.8919512862690645,0.6740228378651026,0.9115536455994798,0.9026312468483358,0.8699107380210164,0.5207393238873121,0.43105342634053895,0.631813163543528,0.29080309039739255,0.3492918480826894,0.2538374917527454,4.152986106321484,6.13110967328468,2.7077538480169934,1.0034906482680872,1.6873405904993182,2.4502948339282646,3.005255094896994,0.8837255983333836,1.218852727528361,77.657405,0.0,4.552278928426768,0.30055765100948584,1.3881843806764456,9694.280078895461,11557.001972386588,11979.966187658494,12897.661313045928
LOG00008,Idle 35,50.5,51.0,24.956213017751477,0.6812911645367953,27.444610638751563,24.03757396449704,20.0,1.1381220070612612,3.668954635108481,11344.540715694562,9585.714285714286,0.0,0.0,0.5729887654482033,0.8230663515223847,0.5798182246517605,0.5614827013589303,0.7456748781905209,0.6908379708151763,0.4768971582864906,0.5628482273521608,0.3801325059422874,0.24843328915493157,0.2935212705873925,0.254047901164758,6.661666989539224,10.951654833896944,4.8791652953597495,0.7472275021406772,1.3359743292770156,1.6581637142794607,2.5712720280454717,0.7091383307713052,1.6625541775368036,50.99967,0.0,7.918813140443416,0.26609157041251413,1.0823992674707812,10293.66018596788,11978.444632290786,11419.27303465765,11686.785009861933,LOG00002,Idle 35,76.5,77.0,24.757593688362917,1.5208727020165942,28.80743968399001,24.09422090729783,38.0,1.4562334018792802,3.676528599605523,11228.465765004226,7042.857142857143,0.0,0.0,1.4908104296381794,1.5508709806677414,0.8353887501641548,1.6286051970173414,1.5189816172344037,0.8841466678674267,0.7620948023069226,0.5508891164133162,0.7379303951665799,0.3381977859994266,0.4262706492073658,0.29296337974121656,5.25082875683114,9.048256026364934,6.075585772203296,1.3920742853967905,2.1411521954832082,3.812933455813455,4.374256769780261,1.5211371627495165,1.9843566000729909,76.592923,0.0,6.984623163960799,0.35679683794375155,1.8058797773226152,7771.4567483798255,11654.015215553678,12475.316990701607,13013.074105381796
LOG00008,Idle 35,51.0,51.5,24.95680473372781,0.4256657940012563,31.487635464831143,24.18331360946746,37.0,1.1844709815435641,3.725108481262328,11399.591434206817,10471.42857142857,0.0,0.0,1.11053610577058,1.1127738429388725,0.6146915253273983,0.8905968987653244,1.0758313015776202,0.8677977077406146,0.9886534158050341,0.8450484872234663,0.6621835608996774,0.2699043586869822,0.2939279314737959,0.22892497397193887,6.093225018744345,10.26558491901295,4.63037431662385,0.9111292444366365,1.243234796711275,2.311535261741034,3.5211393171429304,1.1116555374190846,1.6706301558305088,51.003616,0.0,7.392563632249366,0.2656116434739189,1.089905789465631,10961.143984220907,11620.822766976611,11106.480698788391,11909.918286841363,LOG00002,Idle 35,47.0,47.5,25.104536489151872,1.6506884380992253,31.60050866418112,24.33934911242604,34.0,1.3268625879268698,3.817613412228796,11499.323753169907,8457.142857142857,0.0,0.0,0.7924171487577258,0.953052587540365,0.7032832580832097,0.9317960064914482,0.9160880097733897,0.9651895574414838,0.7743854236183715,0.43580585951013123,0.9566846889884667,0.2514213435756963,0.30327822795515574,0.23131705467139116,4.533862067765906,5.716622869934537,2.5589155286145364,0.8771008382695323,1.3767581600909446,2.5877118204087632,2.7297759117919562,0.8764228922907904,1.24729068809756,47.371685,0.0,4.464068808055782,0.26375364473871893,1.1542895892864407,9315.131022823332,11708.678500986194,12050.859397013244,12922.626091856862
LOG00008,Idle 35,51.5,52.0,23.464624505928857,0.5298906939565474,32.86185842041076,24.121798418972325,36.0,1.1310491056836451,3.3659881422924904,10818.111236589497,9457.142857142857,0.0,0.0,3.3394151180796197,0.7107883303427958,0.7266253430585948,3.493193816545802,0.7039489258089985,0.9678763879757628,2.0125224490015685,0.31401209332395896,0.6967762029713017,0.24137190310669024,0.30934680000135645,0.22173020232523258,2.275742290252285,6.741332690679867,3.044524997573679,0.7153945912195778,1.5078468062092738,7.232447745767467,2.5237997577841442,2.414219685675913,5.26065128437156,51.710025,0.0,4.468172701784732,0.26020512479171326,1.180125292530783,10614.878599661208,11277.922077922078,10245.087521174477,11134.556747600227,LOG00002,Idle 35,67.0,67.5,23.985207100591715,0.5891173708489432,32.466219236302074,23.975739644970414,48.0,0.9263113572445837,3.2342209072978303,11034.368836291913,9042.857142857143,0.0,0.0,1.0315748123613675,0.8837233657191046,0.5733485171317385,0.9479259156749047,0.7871380230745387,0.5498001992559324,0.7162112334535874,0.22241226151767607,0.546105273039751,0.2810979469596195,0.30588491450004257,0.2454553617119774,5.63483943125776,6.190433497580473,2.481595901325445,0.7639977389095699,1.1841623565844472,1.931264621297492,2.2475057399886773,0.9604981990134841,1.4772491257707971,67.237436,0.0,5.040872957517673,0.2785856967474395,0.9964770523726492,9439.278670047901,11555.649478726402,11148.069878839111,11994.47731755424
LOG00008,Idle 35,52.0,52.5,38.06568047337278,11.553434971705915,34.10726455255995,23.732978303747533,31.0,4.419059450140256,8.800532544378697,15206.473654550577,10714.285714285714,0.0,0.0,1.7778492452997698,1.4339158980453868,0.9784516328446008,1.974193158386323,1.5080094271163766,0.8436169386353933,0.6093227319188799,0.9599248919599166,0.5262997070928218,0.40756229674454403,0.5113973895410788,0.3307903906629171,7.388479802559043,7.801129397787226,6.103990226220339,1.9223893208647582,2.937840738051306,4.435823328267879,5.456299401225939,1.6150638906371888,3.128567244718536,52.477603,0.0,7.134562597095828,0.4231062113748915,2.4825882565508834,14671.766694843618,15796.985066215837,14580.839673147366,15776.303183995491,LOG00002,Idle 35,54.0,54.5,34.35128205128205,15.622296478800159,39.64560260147849,24.053076923076922,23.0,5.076655389435521,7.046410256410256,14385.834037757115,7600.0,0.0,0.0,1.8514536872102214,1.2465932470069123,1.0854686678803915,1.71997926549442,1.2719876010397124,1.4834083282607409,0.5764646443720235,0.344492565381703,1.4820508508062187,0.42434468406105624,0.8037097540897865,0.47561459052842814,3.983654275440784,5.931579376079268,5.73510284334443,1.7793883234617354,4.2817215685413785,4.841267377710635,5.765981991254517,1.5782704900250093,3.0491526107962006,54.298567,0.0,5.289755504895099,0.5922350373608628,3.2786706449553926,11894.533671456747,14926.232741617356,14862.524654832348,15860.045083122006
LOG00008,Idle 35,54.0,54.5,20.21877470355731,2.3159916819757025,24.393506492717112,24.05656126482214,89.0,1.2389215685055794,2.921857707509882,9350.239977413892,5757.142857142857,0.0,0.0,3.39697249899235,4.696336997017214,1.4769278171940494,3.7354377192232193,4.203624905097945,2.279998724186936,1.6376429073290555,2.4453675065603573,2.148688792619735,0.3572739152468676,0.4637655901096444,0.3265794977281229,2.400795050742822,7.370717130009924,3.7336499278126927,1.3854752759132087,2.3783591134741964,9.616048016032382,8.875956776351053,4.098475530515157,6.04406271436979,54.022618,0.0,4.9676094072752495,0.3870302922778034,1.9462956883285418,9524.957651044606,9803.162055335968,9289.130434782608,8783.709768492376,LOG00002,Idle 35,27.0,27.5,18.252569169960477,3.309031138453527,25.76692789830623,24.553498023715413,52.0,0.7843134517762698,2.334150197628458,9083.99209486166,4514.285714285715,0.0,0.0,1.4086274100599345,0.5297239135025685,0.629781065111652,1.1598017499042446,0.46403816890576366,0.6088532965476193,0.8306925857037529,0.1868563536652227,0.5821515722227767,0.25723669690986006,0.2932956207452926,0.23978114400611333,3.2546495793696986,5.923686986219049,3.1800840482473274,0.64399715735248,1.0694372184299028,3.251025985819601,1.6722567648979734,1.0641519169997853,2.3904730596736914,27.190372,0.0,4.312607330030926,0.26437853947597073,0.8827310753681331,10073.376623376622,9347.430830039526,6604.121964991531,10311.038961038961
LOG00008,Idle 35,54.5,55.0,28.35128205128205,2.6258864068030943,10.933434422262978,23.95662721893491,66.0,1.9161724683550945,5.019960552268245,12567.047055508592,10400.0,0.0,0.0,4.445238242420681,4.20384528751564,1.153137318740055,4.403727270935907,4.571981209827302,1.175190552552035,1.728684867313326,1.0651492361369201,0.9097243553816384,0.5735871844488059,0.5454087618900622,0.4224753841628629,8.793929210839904,7.585971013178056,6.104296679613898,3.18824292610338,3.209672968834039,11.691632909003578,12.33506571339797,4.3262257357451155,6.4546921595683475,54.755662,0.0,7.57501562442363,0.5179956325214586,3.198975892587514,12931.811777965622,11871.456748379824,12729.191321499013,12735.728374189912,LOG00002,Idle 35,88.0,88.5,26.29211045364892,4.162481158172279,11.748781038161198,23.768264299802762,47.0,1.6725515262438624,4.098836291913214,11723.168498168498,8500.0,0.0,0.0,0.7072771270467398,1.4617424209265863,0.47566047290572716,0.7245601430341855,1.6746722695947283,0.4756140014480438,0.4140675952917404,1.0978244406640525,0.0007222821349722941,0.27589363252303306,0.3478280316599213,0.22619374349445306,3.6167695566029994,6.0800145235896075,3.718935154495244,1.0046862500561495,1.573818906384858,3.431206135225092,5.743017370747721,1.1482447125024808,2.223248100708903,88.473091,0.0,4.61440055030522,0.287671830199624,1.320284138196456,11152.409129332205,12002.90222597915,10818.709495632573,12918.653141730063
LOG00008,Idle 35,55.0,55.5,31.520512820512824,4.186063726229284,18.98994545725164,24.200473372781065,42.0,2.3006221282286106,5.7786982248520715,13440.694561848408,10742.857142857143,0.0,0.0,1.7987200212289514,1.2968347612217657,1.1614503222883206,1.9508282657935985,1.3841141337513705,1.5341995086468123,1.0287653798271499,1.048596998428847,1.2698906257059654,0.37069109483888485,0.5955164281299342,0.3185074411363385,8.63843125207311,8.916809561959282,6.777189237988103,1.6690857756239186,3.4461860784014555,4.445594854399966,5.659991427429894,1.5679882194523964,3.199355662356805,55.000338,0.0,8.166237020573258,0.44478410269279495,2.7075861771472853,12226.908988447449,14263.595378979995,14275.147928994083,12997.125950972104,LOG00002,Idle 35,83.0,83.5,28.370216962524655,1.2780195139263608,26.212234496367408,23.81289940828402,28.0,1.5137866954939014,4.233313609467457,12529.282896590588,11457.142857142857,0.0,0.0,1.070464668287037,0.7544824260188225,0.6094301634325462,1.524393876561463,0.8544497579587186,0.6098269873107749,1.092981039866482,0.6948049590714341,0.004134595634532585,0.2950498384174755,0.2911070614873214,0.24232572654104673,6.6001200614681315,4.952375808952879,3.8997602820113824,0.9801497808885027,1.3287173661932536,3.7616354662128826,2.968274058703806,0.9260503056589644,1.5680639175590576,83.003562,0.0,5.269273866357972,0.2771999796426205,1.1675151888089756,12072.048464356156,12491.913214990138,12132.769794308255,13420.400112707805
LOG00008,Idle 35,58.0,58.5,39.853846153846156,4.50068589995122,36.49226847974888,23.821242603550292,81.0,3.7680374585332763,8.410907297830375,16449.936601859677,12071.42857142857,0.0,0.0,2.9135972548377533,4.15971513008152,1.1379638983365392,3.1531549444259466,4.459261158276819,1.2110791931329936,1.1256083111475002,1.1297212287849452,0.8736551918071529,0.6293157224147831,0.6607846202969152,0.3872670803380415,3.994451842096586,4.434506033045968,5.202781200886804,3.2892711997652926,3.9576620487113012,7.705117539136779,10.141601008022212,3.591119527865037,7.433947633062447,58.036088,0.0,4.571266108357398,0.5723199525943885,3.6388455530164467,17173.203719357567,18891.46238377008,13303.91659622429,16431.163708086784,LOG00002,Idle 35,98.5,99.0,36.90631163708087,0.4914652302122463,33.880243867952295,23.30812623274162,61.0,2.512262644397804,7.442623274161734,15055.12116089039,9400.0,0.0,0.0,2.589325935043804,2.8592112520458435,1.2979267064051472,2.8798814182020123,2.8111607413386164,1.6938039344481615,0.9800274420286434,1.2388099396453598,1.242178209163482,0.5085678247068334,0.5073994263564797,0.3558345743068649,2.4924206052549094,2.6693147155662,8.031929972709273,2.666716432382711,2.894002568668503,8.331992002503545,8.150337900329431,2.727608639606865,4.204697946059174,98.569622,0.0,5.0940913684628475,0.4628583852778561,2.782681027193009,17075.063398140323,16228.176951253874,10949.563257255564,15967.681036911805
LOG00008,Idle 35,58.5,59.0,32.535305719921105,2.1987705133643796,29.46861160937997,23.85936883629191,39.0,1.9123359834239184,5.773885601577908,13981.00873485489,10614.285714285714,0.0,0.0,1.6165451511441316,1.1579410813359756,0.7796142256766876,1.7583834711429749,1.3413798661018264,1.016651106514547,1.2939519614386574,0.9496752862738678,1.03366621151111,0.39993506051692196,0.5894305409734542,0.32193262252087285,5.217348842511162,8.726273973460186,5.465104628901036,1.8262035752332348,3.25897640552297,4.385739846815446,5.36718791495122,1.4060664588726113,2.022437062232942,58.537267,0.0,6.664231763906393,0.45130072335642585,2.64158538665231,14329.754860524092,14920.766413074107,12121.358129050435,14552.155536770924,LOG00002,Idle 35,121.5,122.0,30.985207100591715,3.8903103858095625,33.98971890823461,23.294023668639053,48.0,2.0538710796120747,5.75956607495069,12935.39729501268,7257.142857142857,0.0,0.0,1.443195427794642,1.389805648448827,0.8540327176626683,1.2406420966936242,1.303743759413914,0.8709512089784258,0.3765381786114106,0.43752626095233477,0.8177602674053306,0.3779149610550145,0.5043226773120785,0.2896971160828415,4.416191045739744,6.734478998029567,7.133601637663779,1.7509416368814226,2.8931741082433526,3.7768107978506604,5.150783628935548,1.4167520572188392,2.1749541938208368,121.537087,0.0,6.211393377019698,0.40045203612382485,2.391260445494668,14799.577345731192,13626.796280642435,9427.162581008733,13888.05297266836
LOG00008,Idle 35,59.0,59.5,39.026679841897234,11.907807069889245,34.978019411696884,23.719328063241107,38.0,3.547654288971205,9.034822134387353,15848.517786561264,8371.42857142857,0.0,0.0,1.3751375126499839,2.1084703555691493,0.9474492632695789,1.4950558420676712,2.9421109609848863,1.6471370644166419,0.7090691478149375,2.115461847973227,1.3800522745490684,0.576162286821868,1.0186225990529536,0.4937694844806374,4.968797396074083,6.1811152120624255,5.47725709386381,2.9524340990306475,5.927015590987969,4.315382908186569,9.396303200407706,1.7799789913101616,3.0220489918939926,59.319636,0.0,5.56463470200586,0.7333401402399555,4.682220676395621,16345.623941276115,16341.163184641446,13558.949745906266,17148.33427442123,LOG00002,Idle 35,58.0,58.5,40.32544378698225,15.939669403738868,42.35450501880723,23.85151873767258,33.0,5.682815634826517,8.734102564102566,16271.005917159764,7785.714285714285,0.0,0.0,1.685680463704374,1.8912570575651984,1.1262934586485964,1.6980275465549621,1.9108368947528318,1.3323947316293483,0.19324608867185922,0.7747254555002662,0.7499321304409693,0.49190445827827406,0.6949549386068093,0.4644725885951289,3.8538255592988246,6.7358394723413175,6.158481782558392,2.018465051777767,3.5164814858786615,4.472356469087384,6.726408844018004,1.7914200908085134,3.111294569757716,58.330694,0.0,5.719860216962179,0.559960459414858,2.8670405652672244,13736.23555931248,16910.98901098901,16747.73175542406,17689.067342913495
LOG00008,Idle 35,59.5,60.0,41.323274161735704,7.556684589291428,52.964436021182415,23.681972386587773,41.0,2.536574943937744,9.265522682445757,16756.98788391096,11428.57142857143,0.0,0.0,1.216448934115003,2.0205092200157915,1.1916930353693955,1.170216548915014,1.7930281253369282,2.0586212981283762,0.2098906745445511,1.067950035999904,2.2984390414227773,0.5561517260414084,0.7836823845782185,0.45247028922371374,4.464516408425326,6.142267744272756,6.228872356021841,2.524810448590881,4.205355259577159,3.57257800607173,6.049597766471311,1.6676638626351463,2.452072076071027,59.923416,0.0,5.670338338848504,0.6132406229497067,3.468406021544115,17055.45224006763,17241.391941391943,14761.932938856016,17969.174415328263,LOG00002,Idle 35,51.5,52.0,36.58145956607495,2.5857848849517207,43.10517145054294,23.900808678500987,55.0,1.7936580222336884,6.887889546351084,15547.781065088757,11842.857142857143,0.0,0.0,1.260860587727063,1.126619419607645,0.8094870789069426,1.342678536675824,1.0719086522123862,0.929829223793441,0.7348610630193518,0.6671808713019497,0.6936192720054133,0.3639074440015702,0.42750218253996053,0.28006839769971464,3.14994209576021,3.904308483708116,5.159735744136274,1.610582492168555,2.2265742614282433,3.823265227782711,4.439601240156331,1.1956255137626706,1.7009096615165427,51.675237,0.0,4.154861926783883,0.36222693221527624,1.9431429316618223,13776.021414482953,16490.617075232458,15461.510284587208,16462.97548605241
LOG00008,Idle 35,60.0,60.5,30.140631163708086,3.365582557703374,60.591593956741804,23.795759368836293,93.0,1.507962471416582,4.376706114398422,13573.260073260073,9257.142857142857,0.0,0.0,1.5471206630108187,1.9181494879482206,1.2430244902813405,2.3691392888931255,1.9397051231769775,2.4463351350371236,1.8487779006815124,1.4349354550245061,2.5936984605494984,0.4381834151104608,0.6907513859035005,0.36606263749680173,5.72272417466532,8.327239371459056,6.125041175482405,2.1616162072695957,3.947612832209484,5.965218053850192,6.516554552423697,1.7425383502280596,2.337034960423336,60.186834,0.0,6.821745058517691,0.5174115180320167,3.1824700863131126,13271.625810087347,14455.42406311637,12189.60270498732,14376.387714849252,LOG00002,Idle 35,61.5,62.0,31.74852071005917,3.316085472512875,63.3423095597348,23.930335305719918,53.0,2.422318448722774,6.279980276134122,13609.305438151592,8885.714285714286,0.0,0.0,1.2034427208215972,1.1089322569653364,0.8606785928904872,1.0623558240638344,1.0684821517355287,0.8802763955598004,0.5375297783788359,0.4894824408053816,0.7850997894374292,0.4363097311555833,0.6633306047665157,0.3402311563867067,2.742162635448111,5.722802648482505,3.8885787895442157,2.068958697509976,4.054557381050445,3.992102657646885,6.037359037030333,1.1571527843886311,1.6395091993634623,61.518326,0.0,4.296935771578752,0.4987086365461649,3.218697380015153,9768.07551422936,15391.828684136377,15647.92899408284,13629.388560157791
LOG00008,Idle 35,61.5,62.0,31.71561264822134,1.3066617545744919,27.909264671728252,23.885988142292494,119.0,2.6356158175002053,5.7010276679841905,13584.761434217955,7414.285714285715,0.0,0.0,5.302645783154381,5.655933606213582,1.9695709289312302,5.511468163013079,6.127018688315878,2.20638195426801,2.4053140808935543,1.4044018079363056,1.5697523117614751,0.7245257740771119,1.0627005464681678,0.48535476229810576,5.360023245455864,9.450869293545498,5.945474940749681,4.116014512657709,6.749563182591914,16.219894581567235,16.55831711293899,5.4821363198802855,7.214131178147925,61.693345,0.0,7.15069814462408,0.793691647524661,5.590088488754408,12929.616036137775,14036.871823828345,10069.565217391304,17302.9926595144,LOG00002,Idle 35,134.5,135.0,28.57514792899408,0.5149574653646298,35.68170407056396,23.18907297830375,71.0,1.3069793307794102,4.334260355029587,12332.283741899128,10800.0,0.0,0.0,0.8917204753524048,1.0637853194123486,0.7868583241942043,1.092060618278084,1.0251827776020241,0.8908303640146464,0.7569537375187056,0.633178510639731,0.7586568006941938,0.30285693847469247,0.34088009375177764,0.28435491728758394,4.114982337720039,8.038845786966538,3.2757554675371092,1.0320710681245087,1.597845190732532,2.834000385568841,3.337078763612902,0.9815305935017896,1.2991872923634564,134.866702,0.0,5.546371039081223,0.3102575717497282,1.3450427396939364,11422.738799661876,12631.727247111863,12226.627218934911,13048.041701887856
LOG00008,Idle 35,64.5,65.0,25.383826429980278,2.2402307647078827,54.61015142441369,23.692524654832347,151.0,2.155066400288281,4.293984220907298,10983.375598760214,5671.428571428572,0.0,0.0,3.8929855762702674,2.6365968555626904,1.4751589527398805,4.002384490418731,2.6775200269926196,1.4828965606568263,1.7050494107977654,0.9310905280363909,1.2651870667990657,0.6363448529176391,0.899169968887191,0.4086602052023845,6.091189117671892,10.921019147265863,5.39051801961382,3.286816129980088,5.415303698357319,11.59890153270067,8.99440983522675,3.324678907489519,7.2276102867760414,64.975703,0.0,7.861910891591465,0.6783422361658404,4.479323298096475,6552.2400676246825,13255.762186531418,11208.227669766131,12917.272471118624,LOG00002,Idle 35,162.5,163.0,28.233201581027668,1.5959324615458141,64.44900883446664,23.06464426877471,111.0,1.51246313255082,4.585276679841897,12023.609542631282,9457.142857142857,0.0,0.0,1.767951476762038,1.2619313048569951,0.8378730325811456,2.921245921799486,1.7455778235783692,1.3048084882117208,1.9637527553039456,1.1441973175657532,1.307924154705509,0.322877625563356,0.38491273472800824,0.27233446883088996,6.698716176127789,5.372786043443901,3.7924638467620686,1.2270009632473058,1.7657138224427804,10.02743272800294,5.520174998658129,1.5359236703630734,2.2460890695124363,162.774179,0.0,5.419791210798284,0.32993627534148057,1.5204072919082092,11915.894974590627,11949.01185770751,11057.90513833992,13171.62619988707
LOG00008,Idle 35,65.0,65.5,27.414792899408287,0.4022595285540178,25.202767582236785,23.61625246548323,45.0,1.7053824346545687,4.324970414201184,12003.113553113551,9257.142857142857,0.0,0.0,7.616867624549242,6.3060587284449285,1.651606533181251,7.799718680876216,6.378923776357032,1.8365153875271585,2.4194165518115667,1.189764660093035,0.7794348549285837,0.5796337401396797,0.9002811396711256,0.44053114867408266,6.447861147489068,11.548916911084902,5.876762882472989,3.1580035136101454,5.463215475894219,18.083686677939255,15.388845572275306,6.9922474604558635,10.267094224774974,65.438406,0.2445759368836292,8.356409459675332,0.6684681732907362,4.462046028898859,11284.446322907861,13030.853761622991,10426.289095519865,13270.865032403493,LOG00002,Idle 35,105.5,106.0,27.1508875739645,0.3643023122862556,25.954489790129973,23.40301775147929,55.0,1.362287361280949,3.9371400394477316,11920.32967032967,7914.285714285715,0.0,0.0,1.2537338566841247,0.6623590417588126,0.7283767076109673,1.308835726595349,0.6987620951136094,0.8838876429306015,0.8386227506796894,0.4027144215480094,0.9271584708738481,0.2712554016097813,0.3351825992842451,0.2663184586999312,3.9425858125485163,7.286310886906286,5.449627344859465,0.8817247073379262,1.4370191811313782,2.885726281817113,2.565512432905462,1.0026385399523854,1.6992233924348332,105.500204,0.0,5.725170956044251,0.29260461901670515,1.1921540559989814,8422.795153564384,12886.89771766695,12749.112426035503,13622.513384051845
LOG00008,Idle 35,66.5,67.0,24.346047430830044,1.7217264837095458,21.742226338413676,23.70911067193676,22.0,1.4186093063165401,3.220494071146245,11103.317334839074,8857.142857142857,0.0,0.0,1.5690378646231165,1.577321828421594,0.5253929842610873,1.9747762738172379,1.5197785752322297,0.526567183732125,1.4499807307868997,1.4482894870659297,0.012947194568605993,0.22056126845899016,0.4364690217625468,0.24593703088044425,4.9439485215503485,9.639673868064225,4.3463272909229005,0.5912311446224978,2.226417759063226,3.6252299913410426,3.5747246224684517,1.5731852991679507,2.508178580776476,66.908416,0.0,6.7393496270337865,0.3160366557120033,1.6288784951990352,10872.670807453414,11638.961038961039,9989.723320158102,11911.914172783738,LOG00002,Idle 35,82.0,82.5,24.378106508875742,2.229887970160057,21.90376882442881,23.958007889546348,14.0,1.2645518144495353,3.3355226824457596,11079.621020005634,9300.0,0.0,0.0,0.8909541608135647,1.1171189068974585,0.47029935562209885,0.9137286573015767,1.0004633853055045,0.47638105726050817,0.7661289244248177,0.6325998217637241,0.1565519172353274,0.27290718014389453,0.29757942706359336,0.222782336519494,4.144516788684413,5.9332303039788155,2.6417299054201733,0.8500679163821819,1.1845190040046065,2.86101456466941,2.5800784355766804,1.010384572531364,1.6781830123095842,82.43234,0.0,4.448182330830229,0.26624788816106043,1.0309463451873744,10698.703860242322,11052.94449140603,10696.703296703296,11870.132431670894
LOG00008,Idle 35,67.0,67.5,21.485207100591715,2.2417497450951123,25.668393815582444,23.690986193293885,63.0,0.8726591405590136,2.4922682445759365,10038.102282333051,7042.857142857143,0.0,0.0,2.006062281278801,0.7434860929403945,0.9359639876475602,2.799557214603205,0.5946828843540893,1.5526445915956955,1.9568320592010802,0.32487397837760595,1.5212359755422418,0.23906570950645858,0.3600405732373991,0.19936710328862128,1.7457199451548087,6.765155317269098,2.7280146067225735,0.5493158086318543,1.6798437164046947,6.474193955754325,2.1951174077768707,1.512788393458464,3.2706946856793215,67.220179,0.0,4.330393680647577,0.27479014399637,1.2497245234765149,10155.19864750634,10155.311355311356,8945.393068469992,10896.506058044519,LOG00002,Idle 35,131.0,131.5,22.029783037475344,1.2696582622220212,29.582272961662227,23.3076134122288,49.0,1.2945569935404684,3.1665285996055226,9858.861651169344,5814.285714285715,0.0,0.0,1.7955203311116563,1.0474585216977248,0.7066175963639972,1.8943383504915647,0.9918696051815598,0.7165910291757293,0.6590732489345926,0.4419495037196705,0.6944040976580403,0.32506982464612877,0.3536036274160946,0.33335823261700975,6.236001019509356,7.793971967252342,5.941166422288999,1.2789397672632423,1.5124099108203488,4.365003372034187,3.7942653708118534,1.4698745888871771,3.1310025499589953,131.074345,0.0,6.7064935249098045,0.33755672484824506,1.4005482259877693,11817.695125387432,9879.57171034094,6830.402930402931,10907.776838546068
LOG00008,Idle 35,67.5,68.0,17.92800788954635,1.7728960294666753,26.689606513726428,23.748915187376728,30.0,0.8330641947690473,2.3823865877712036,8496.604677373907,6242.857142857143,0.0,0.0,1.2619564432590549,1.2100955802593463,0.7037033884149075,1.5166123898172688,0.9467279990583413,1.061845886065258,1.1523916457714487,0.9114672417112116,1.1058460337774914,0.2511058498285202,0.33028296998781714,0.27869670881628866,1.4713307750141615,5.042438267238735,4.401839009471095,0.6453730533508156,1.2253370632943168,3.508232077228117,2.6483592479334064,1.23629797744036,2.232349426670557,67.542795,0.0,3.9567320098670167,0.28856705955872597,0.9792745520726286,8724.42941673711,8832.206255283178,7648.5207100591715,8781.262327416172,LOG00002,Idle 35,130.5,131.0,16.3836291913215,2.0972387793499827,32.27404077765366,23.30575936883629,50.0,0.9408181280546702,2.50534516765286,7615.476190476191,3414.285714285714,0.0,0.0,2.9693541578984823,1.046723707719356,0.6966334794004443,2.7415758186614725,1.0531830806128846,0.6758938573690223,1.5385470010779463,0.2043671874941654,0.4958799458904193,0.3751800839738833,0.4138435110821994,0.46120814047522574,2.9823585866291555,6.145881628877294,7.336822294133767,1.2548463186314194,1.8091343300603466,5.216609794826453,3.2599415539103216,2.2262855427068176,4.430328852115854,130.675772,0.0,5.7877826816813105,0.41822621307776653,1.5568568186550946,9736.74274443505,7135.897435897436,4790.448013524936,8798.816568047338
LOG00008,Idle 35,68.0,68.5,29.5069033530572,3.984106946638983,27.89727223552027,23.75285996055227,27.0,1.859163544756384,5.200710059171597,12677.592279515356,8571.42857142857,0.0,0.0,1.475933554494323,1.5560522325148802,0.7067721968102515,1.7043419371091673,1.3814025213724026,0.8155171406192356,1.3738740671303358,1.0006621952340278,0.7167713625040357,0.40295814348595543,0.43217678810960414,0.29949317188715285,6.591111740537875,9.812548629759815,5.776220695560131,1.9320980708371602,2.4207690264029087,3.9351247884395884,4.337352104010203,1.5165220749459585,1.9976261457005344,68.431719,0.0,7.595910963833867,0.38246925871648363,2.1901056634925586,12491.462383770076,13463.341786418709,11874.83798253029,12880.726965342352,LOG00002,Idle 35,143.5,144.0,28.428599605522685,1.4172196199333762,28.327568647768008,23.264339250493094,44.0,1.5028679768743183,4.4305128205128215,12286.207382361228,9571.42857142857,0.0,0.0,0.8507074154861771,1.0655814510088668,0.7173919144190476,0.8298026131216882,1.1104106242113385,0.6325504243787212,0.38867909539060086,0.8354688039570667,0.45778181156768893,0.2490011544515313,0.3180329008395824,0.24591249106784452,3.4604820630687563,5.71614919695479,3.686379611246913,0.7941930122085266,1.2784984118274285,2.2320950966995246,2.907515935500161,0.9641490900004345,1.4025605455764871,143.809952,0.0,4.40600697491067,0.2730198125886518,1.0642604779108618,10315.976331360947,12352.21189067343,12465.060580445197,14011.580726965343
LOG00008,Idle 35,68.5,69.0,31.394466403162053,3.4048513708482053,28.752773691786455,23.560237154150197,22.0,1.8344012386908426,5.2450790513833985,13646.661490683231,9971.42857142857,0.0,0.0,1.5912498743470402,1.552436923728455,0.6813238525428188,1.6354620140945917,1.6364063565963538,0.8152639999495497,1.006659479200133,1.3367705306306377,0.8461539574641663,0.3212359720427777,0.43266776046797417,0.2580847495485967,6.885770941906961,6.57924315772448,6.570287907772308,1.3050716702138785,2.3289158984407075,3.5232149350076374,4.4413169716524115,1.5719631937111223,2.082223362453137,68.641864,0.0,6.680044041369131,0.3449645772308621,1.8877316184252368,13646.950875211747,14114.511575381139,12516.82665160926,14308.356860530772,LOG00002,Idle 35,117.0,117.5,30.199605522682443,0.9994277663576988,31.538302105398014,23.327909270216963,27.0,1.4085510078161434,4.931459566074951,12954.374471682162,11514.285714285714,0.0,0.0,0.5298367418653528,0.886236210418553,0.5616471210444391,0.5182559147830453,0.9090741894572933,0.5616471210444391,0.11282814571712688,0.5238539238533774,3.13356990111046e-17,0.2603488608919343,0.3151003127148634,0.23702089506347931,5.154100214031188,5.664349349671265,3.8936381771867734,0.8062827077694908,1.3869750196342903,1.7880823970883222,3.1504046263400345,0.7301169747675815,1.2891512643492304,117.34113,0.0,4.9601754278870684,0.2727933534976157,1.1344142783696005,12644.80135249366,13183.77007607777,12255.593124823894,13733.333333333334
LOG00008,Idle 35,69.0,69.5,24.991913214990134,0.5672467923530564,26.590136995464636,23.74136094674556,22.0,1.1460593376376078,3.6944773175542402,11244.484361792052,9585.714285714286,0.0,0.0,1.3619903192608263,1.5926408560107677,0.6343033302147322,1.2525408946763807,1.384639661951645,0.7509933162958613,0.9771874541083737,1.2640899364550102,0.7935928671232968,0.22094331345266918,0.300123504996656,0.25465565260654505,5.00363824058703,9.054251095564872,4.090259993645252,0.7110155041302865,1.4030653177430457,2.334882551350197,2.9881422460853897,1.481810130548937,2.1982997123064973,69.363068,0.0,6.422514703754217,0.260601590821051,1.1122354366246021,11469.202592279516,11384.67173851789,10136.799098337562,11987.264018033247,LOG00002,Idle 35,78.0,78.5,25.743392504930963,1.1930149803651997,26.17792556047757,23.95625246548324,28.0,1.40061516870251,3.7586587771203153,11637.785291631446,9785.714285714286,0.0,0.0,0.9439744099428684,0.7972232848800789,0.5302082515131584,0.9379223717410746,0.698040692414392,0.559135189747367,0.6192705042095068,0.47086702656261104,0.41683264519545526,0.28545480096524734,0.36070715368582834,0.2676494673864673,4.3875601855491775,5.058841359518063,2.212243478962407,1.0035745669092255,1.8058755464871705,2.7827306272059005,3.2130159352848655,0.8736854847661055,1.4907807446252963,78.170411,0.0,4.071714687646904,0.3072622829150477,1.4608813094751016,10463.257255564948,11516.455339532262,11896.787827557058,12674.640743871514
LOG00008,Idle 35,69.5,70.0,22.9629191321499,1.987268590070726,24.02869230252241,23.77045364891519,47.0,1.1518837220663278,3.214714003944773,10578.853198083969,7785.714285714285,0.0,0.0,1.0975181573112547,0.9984924375418346,0.5584088009327437,1.0004961382926292,0.9404691116124649,0.8176222229828592,0.7929042883641362,0.7617950772746,0.7626281579642081,0.23993700016753283,0.34996911551096643,0.21193281568005645,3.962128005044091,9.497761127272884,3.244199018858402,0.6339377282517739,1.6160820057261345,1.8647567010847907,2.6131211925327738,1.0491742594669695,2.3335734868495845,69.999424,0.0,6.229787370182399,0.2738391646100557,1.2275174321639644,10770.10425471964,10619.188503803887,9593.829247675401,11332.29078613694,LOG00002,Idle 35,89.0,89.5,24.123122529644267,1.5402757994418306,26.63852816976184,23.71381422924901,53.0,1.187648362378323,3.50994071146245,10922.028514963296,8628.57142857143,0.0,0.0,1.311938224852494,1.0190085551810135,0.7964548465206541,1.5321566524590478,1.2187398938025915,1.0297514966266044,1.1344677899786644,0.7808727141375703,1.065105809190132,0.262826444469123,0.3516192537640724,0.24088385351996142,3.798387976093276,5.034741335037632,1.7134764029971563,0.7837117987805113,1.4250794729798404,3.022968726425832,2.9538612768184875,1.174640443148713,1.9077171334691134,89.402444,0.0,3.7732555753749564,0.28910140690105635,1.150012105991994,9533.229813664595,11365.217391304348,11304.884246188592,11484.782608695652
LOG00008,Idle 35,70.0,70.5,18.565877712031554,0.8545269686061628,21.67989222230872,23.848086785009862,49.0,0.785520857992367,2.5962919132149906,8794.857706396166,7242.857142857143,0.0,0.0,1.4617782585935448,0.7313904301904883,0.7092833816770809,1.0538170297397538,0.5449398297224872,1.1780054254861658,0.8798136094885576,0.43988140504959705,1.1522718177207203,0.2333224067100025,0.31022218738132695,0.26931503017381153,1.5215858208623807,5.7587286417532395,4.586001346145482,0.5696963006369419,1.0931221032333,2.5926614686696485,1.768115590570186,1.1557957515649129,2.3859361784866953,70.01521,0.0,4.340107038866158,0.2727683611260196,0.871627732330899,9041.335587489435,8936.460974922513,7962.581008734854,9239.05325443787,LOG00002,Idle 35,136.0,136.5,19.671992110453647,1.6065707583283302,16.96591049003257,23.168540433925052,37.0,0.8771826904512926,2.5223076923076926,9036.10876303184,6957.142857142857,0.0,0.0,0.7597165736758515,0.7789518341943822,0.6474389687291411,1.028058395342581,0.8017788359374873,0.9697263301655165,0.7978823899975985,0.7190117568308542,0.9518785635770881,0.24481287435082674,0.30675967493114153,0.22485961407001792,1.5115333763661105,3.1504691105468763,2.4975678061630875,0.594114250516093,0.9739573573949172,2.3779891394075037,2.655053608629076,0.7693943177306964,1.4810207822059056,136.495522,0.0,2.4797872026151135,0.26114918319579367,0.8067108145704969,7613.750352211891,8952.521837137221,9255.029585798817,10323.13327697943
LOG00008,Idle 35,70.5,71.0,24.448915187376723,0.9878222050466119,19.542413171580975,23.753313609467455,37.0,1.240331066297308,3.6146745562130183,10995.484643561567,8928.57142857143,0.0,0.0,1.2723259521619348,1.6564639104905037,0.9211076637681318,1.4837775149844465,1.8312849876129875,1.5137383032710154,1.2496190035274102,1.5166934657185467,1.5244325153749454,0.23126333192432494,0.306243237441208,0.2670215356598774,3.7448557601826113,8.867677673531906,3.1329994354842565,0.7375154897042645,1.3246945688171572,2.8200465815112863,3.5634568682770675,1.4769370357774672,2.389661533699896,70.83014,0.0,5.844522719292363,0.26991859864125195,1.0720878691150733,10882.10763595379,11542.096365173287,10381.290504367427,11176.44406875176,LOG00002,Idle 35,116.0,116.5,23.853648915187375,0.5560156041736791,22.54921298550267,23.2961932938856,14.0,0.8527332622190547,3.2979092702169623,10711.658213581291,9371.42857142857,0.0,0.0,0.9593744816697249,1.0413381846335306,0.4437217051668066,0.8202708156208506,0.8902753753034921,0.44372170481799733,0.556353454977629,0.7791751374250526,4.667175155723885e-09,0.20936701677338287,0.22471349462491952,0.18829643110903457,2.591345798609345,4.389789750757302,1.5538476623917254,0.49140562097258245,0.8059776033146255,1.5255871569890787,2.179788817739193,1.0011954381775092,1.476119146811993,116.324938,0.0,3.076782391923115,0.20799539125305086,0.6674875959028141,9849.563257255564,11287.179487179488,10213.750352211891,11496.139757678218
LOG00008,Idle 35,71.0,71.5,29.693675889328063,4.9533195965319115,16.53042160937069,23.579308300395258,34.0,2.081907744618248,5.161541501976284,12729.898362507058,10400.0,0.0,0.0,2.184275836836338,2.1085857455778236,0.686870838339708,3.2311891157314263,2.358545407290937,1.1088492766182667,2.1677000958730557,1.4488925738877236,1.0113356099118183,0.46261809722602837,0.4379146593105017,0.28232054528756423,7.4914602305395075,9.440864425639056,6.120892285660081,2.2748606154430373,2.4227038834633023,6.013489447564399,5.257593792802805,2.146764399956486,3.429793335894615,71.385595,0.0,7.804212961849628,0.402280848417923,2.3499452043230753,12371.993224167138,13493.788819875776,12121.710897797855,12932.100508187463,LOG00002,Idle 35,146.5,147.0,28.116765285996056,2.8971275630367006,15.204152658006992,23.22960552268244,32.0,1.534846228436676,3.9328994082840243,12212.475345167653,9942.857142857143,0.0,0.0,1.174667121443336,1.338759800748013,0.6376552809812105,1.206596229222943,1.58177743208659,0.6376552765581079,0.8138373649610783,1.2493101345590023,8.042948090829825e-08,0.2537184382666365,0.2665412934250031,0.24856610622937333,4.859164212845856,5.916494129132545,3.948542329336299,0.7202816653850562,1.0841404184319279,2.297413003548935,4.061412196949551,1.2593888697099938,1.9966820946990853,146.827903,0.0,4.973508692865371,0.2563866976419062,0.9203711545804837,12364.018033248802,12096.224288531981,11278.641870949565,13111.017187940266
LOG00008,Idle 35,71.5,72.0,27.722090729783037,6.093598118940944,11.98866731071864,23.752130177514793,44.0,2.0832516527058336,4.1426232741617355,12413.306565229641,8628.57142857143,0.0,0.0,1.3504305198071922,1.1704553883687059,0.486666862941579,1.3201941578227205,1.2611698077504307,0.485812511903396,1.0107572686767525,1.0351326325252277,0.007333747126815094,0.28513614288318667,0.39059888685259603,0.24122650259495815,4.898648991910483,8.309623243335261,5.429380821355797,0.9945405886888404,1.9869478368812326,3.0556960101601853,4.874965230240645,1.2636511395531722,2.0450066423109226,71.50596,0.0,6.3907426927660875,0.31201513635451694,1.571157644706055,12034.122287968441,12855.170470555087,11791.20879120879,12972.72471118625,LOG00002,Idle 35,126.5,127.0,26.11932938856016,3.160764947483263,11.807980392536447,23.1807100591716,29.0,1.5773308899399145,3.528520710059172,11622.464074387151,8757.142857142857,0.0,0.0,0.8412367534550874,0.7019221860047272,0.6115276751620397,0.9451605433202287,0.7942177670101126,0.6826400923436093,0.7008387347688431,0.5603060442546898,0.49517590763757313,0.2532677398447981,0.2742750233482456,0.223135602216906,3.763795996594714,4.98788399416034,3.325424027014723,0.7170010615779143,1.0572754375287086,2.51268968785555,2.8193470784417354,0.7747173776834074,1.3579934110147625,126.972139,0.0,4.08670984218479,0.251104781220559,0.903305561010608,11731.727247111863,12051.14116652578,9862.073823612285,12844.914060298675
LOG00008,Idle 35,72.0,72.5,22.691715976331363,0.691631018449607,11.275534478429062,23.726942800788958,40.0,0.8865225822812712,2.961558185404339,10379.409692871232,8728.57142857143,0.0,0.0,1.226151851758962,1.470962566738222,0.4904691454004806,1.4162597197203832,1.4670052618722003,0.7433177624447679,1.064166582453608,1.2028791452726593,0.4804437044778516,0.24165385482542254,0.29264985344151373,0.18865103581089163,1.1766370315051216,6.59616786942992,2.4803345873497156,0.504807965564538,1.0315810665662426,3.2581259360842107,3.1960898200875176,1.3541010369091795,2.0390295907949727,72.373182,0.0,4.124963229363872,0.24469691156193493,0.8120931532143819,9927.528881375036,10895.886165116934,9832.967032967032,10861.256692025923,LOG00002,Idle 35,151.5,152.0,23.314398422090733,0.3554170579007424,11.187702552311139,23.103510848126234,48.0,0.9863346515099666,3.263471400394477,10402.993801070725,9171.42857142857,0.0,0.0,0.6716960541854262,1.3358893504180727,0.3947327898513049,0.4994371798761047,2.0067479031643902,0.39473279065642464,0.38675921573688316,1.6147688624454446,1.2930752011186736e-08,0.22121828622097495,0.2582402130560691,0.19080793629639467,2.3520025402097913,3.4242178481811245,1.5236645305115684,0.5118588116498938,0.6704620451737615,1.317459751657962,6.483327122087247,1.057302214546222,1.8709481478740178,151.635545,0.0,2.5546517977012386,0.22511715938704613,0.596455697048081,10074.18991265145,10495.378979994364,9826.26091856861,11216.145393068471
LOG00008,Idle 35,72.5,73.0,22.024852071005917,0.24881123246160688,14.198268678460934,23.734260355029587,38.0,0.871184203237093,2.9179881656804736,10154.860524091293,8628.57142857143,0.0,0.0,1.1085409190079312,0.7956909049374844,0.7670282287986526,1.144895275532579,0.6134330697364321,0.9454581140918816,0.9377463408708003,0.40792913654405266,0.9620669934630323,0.23948401914965778,0.2737041518275546,0.23031867459260855,1.7643120722999408,6.339131803601614,2.7825861685768567,0.5464322876532036,1.062120401313961,2.178431116693276,1.6952189411349328,0.9648800405530162,1.6850047696797659,72.990795,0.0,4.124729279902379,0.24853789115666752,0.8445969428896968,8985.094392786701,11020.315581854044,10389.799943646098,10224.232178078333,LOG00002,Idle 35,147.0,147.5,22.60927021696253,2.039581903040814,14.596187701445862,23.255364891518738,32.0,1.0077572593039503,2.9003747534516764,10195.886165116934,8300.0,0.0,0.0,0.5262172028953388,0.7659513645719158,0.3793170187209649,0.5202455376728479,0.7525491909060521,0.379317018721036,0.30266860338122575,0.7110933275694893,1.6884597822010906e-12,0.2337779384308502,0.24423794407532584,0.21176010906157577,2.65932516936794,6.13599698832485,1.9417721154792347,0.5123245341898552,0.6834716764769793,1.3507248401093255,2.329385219957957,0.6571095941745846,1.1399008768402807,147.000556,0.0,4.020487049501099,0.23032342594193564,0.603990877778425,10224.683009298393,10252.719075796,9348.689771766696,10957.452803606651
LOG00008,Idle 35,73.0,73.5,24.02899408284024,2.2113227484461335,16.91212079210375,23.767672583826428,31.0,1.3387297957006135,3.4970611439842214,10784.967596506058,8514.285714285714,0.0,0.0,1.658342344140156,0.5626155869979743,0.7142879921402198,1.943366796349222,0.4805788220866385,0.9102638314399512,1.7569488899349972,0.37697396840614383,0.827889144327841,0.28313197514648225,0.3117788757451057,0.2530740676166203,7.047299658019539,9.297800220028975,5.12825581249492,0.9235244892538301,1.6069892886834074,3.123367423649733,2.1951174077768707,1.2382721084441302,2.227580347445397,73.180223,0.0,7.357819629026911,0.28367602789758367,1.3105937692883236,9391.828684136377,11300.112707805016,11320.42828965906,11127.500704423781,LOG00002,Idle 35,148.0,148.5,23.902371541501974,2.106059934317433,16.729209353233692,23.276581027667987,18.0,1.2487265776154965,3.542312252964427,10562.041219649913,8585.714285714286,0.0,0.0,0.5610518917186834,0.7828319438136148,0.5610766090381848,0.5681521071168044,0.8245595633157047,0.5610766090381848,0.152243884193523,0.391442666935749,4.461695766400057e-22,0.25626944141250396,0.28026585999626646,0.19500700793568607,3.2930721445432636,5.968278323944474,2.5048280195194,0.5579977766010468,1.000100315304546,1.5225576567676569,2.516349699520454,0.6810304976490097,1.0284080569360101,148.340341,0.0,4.1928046980750935,0.24647563234888784,0.8098031116771424,10711.970638057592,10496.950875211747,9840.880858272163,11198.36250705816
LOG00008,Idle 35,73.5,74.0,27.002766798418975,0.9333057047411624,20.89320141836538,23.76136363636364,31.0,1.3366316391849473,4.2403162055335955,11968.80999435347,10257.142857142857,0.0,0.0,1.1750368346080429,0.7805852039675798,0.6330659665255738,1.302681373374556,0.791696013438919,0.6769002571165924,1.1172913651307461,0.7140135312408191,0.35713738920043064,0.26233027729765457,0.33790282095588053,0.2551076203876719,9.074917245156815,7.459665437092105,6.805053980565324,0.838252480363489,1.5574701255840973,3.063878551551306,2.6513476325775733,0.9975030885513085,1.5183131678000437,73.986278,0.0,7.838143724084145,0.2875618129358547,1.2506758998482554,10755.335968379446,12345.53924336533,12207.679277244495,12566.685488424619,LOG00002,Idle 35,77.0,77.5,27.049704142011837,0.6619370528796179,25.557676002152096,23.878145956607497,33.0,1.430193118546758,4.369802761341222,12114.842209072978,8757.142857142857,0.0,0.0,1.140333915744181,0.8026492612336821,0.8635586073337183,1.0374608047103282,0.7089565149048432,1.081678941379649,0.5910030727725466,0.4037738864126924,0.7456226917315507,0.28704555122033065,0.3259239315888339,0.29191909051246023,4.452249683895404,6.951002886183105,4.090468629009922,1.1068863656407535,1.5414679531948072,2.9328446786814704,2.8444208167986456,0.9860545816422726,1.3875873957669056,77.094087,0.0,5.318862722311569,0.30212487101822005,1.3418868948551483,9562.299239222315,12125.528317836008,13091.321499013806,13680.21978021978
LOG00008,Idle 35,74.0,74.5,28.454240631163707,0.9309476229162451,24.81535637949366,23.741321499013804,29.0,1.4110681010789552,4.620571992110453,12462.080867850098,10685.714285714286,0.0,0.0,1.1511186317506727,1.5106592314652625,0.5055199790748655,1.1264337787392793,1.588838732323779,0.510921281185333,0.8955212522078124,1.2689545017809292,0.04204000426476149,0.348123855676969,0.37051630804614905,0.26308128932559777,11.317140077967197,8.010335874602623,7.490351946267622,1.3735325007027022,1.6696294529585893,3.087801283322163,3.7371739895284364,1.3429753195749277,2.0072328466831997,74.278313,0.0,9.098507435237796,0.33049675652103194,1.5287665028828663,11606.98788391096,12999.239222316144,12383.347421808961,12858.748943364328,LOG00002,Idle 35,83.5,84.0,28.00197238658777,0.5988121503008709,27.300889862743208,23.786883629191326,32.0,1.3644135153520154,4.423372781065088,12399.316708932092,11428.57142857143,0.0,0.0,1.0088139626412598,0.8035583042635019,0.4747920920344007,1.1814471102242148,0.9224506569406938,0.5364433662061635,0.845505818320274,0.7383677208466558,0.37027013638877226,0.2602532703392544,0.28840325512908094,0.21715935185350135,7.5354250430486704,5.222547026820564,2.9612169370286705,0.7099075836330971,1.1157977849557894,2.7481390511718904,3.2825520451310566,0.9119790456942513,1.4121391236252672,83.577743,0.0,5.5625663673914305,0.2569477160751837,0.9351399558921727,12192.392223161452,12440.039447731755,11801.211608903915,13163.62355593125
LOG00008,Idle 35,74.5,75.0,26.996252465483234,2.5950046382147094,27.190036046962682,23.7098224852071,56.0,1.516671753270489,4.007948717948718,12049.485770639616,9171.42857142857,0.0,0.0,1.885049745288786,1.1401962590844794,0.7995348316177785,2.2588314775506664,1.1907113397116569,1.0869392015521642,1.8347049123375005,0.6222311250269745,0.965788442008893,0.2980162014734152,0.36804882733574446,0.274419095050732,7.843891068472491,9.08713353555921,5.55335860981327,1.0573362072405361,1.9247476988465473,4.105848044640775,4.261427379835244,1.557796528986305,2.6196157762469148,74.966963,0.0,7.6363694435758,0.31600603125695903,1.5528382979816153,10800.87348548887,12941.899126514509,12346.379261763877,12108.791208791208,LOG00002,Idle 35,89.5,90.0,27.43688362919132,1.0650816713914326,29.473806431746514,23.737810650887578,53.0,1.4344420872376806,4.174516765285996,12101.190476190477,9571.42857142857,0.0,0.0,1.2718996219090375,1.003591808527847,0.6498268138547937,1.4024246550016508,1.1670577353495335,0.7966978307076276,1.3044508601932203,0.7645046721087426,0.6006556194356124,0.29909116289683674,0.33492872406381696,0.26586926691433693,3.939213186906715,5.331699915816557,2.929539270979684,1.061652447084305,1.4579628687484327,2.8210955109065,3.342393997292374,1.145627593582781,1.6862735437339316,89.987483,0.0,4.1843607582054965,0.3012857121380333,1.2752963665456853,10399.690053536206,12241.504649196957,12709.01662440124,13054.550577627502
LOG00008,Idle 35,75.0,75.5,21.23786982248521,1.8182251242305512,27.617227681869956,23.86613412228797,79.0,1.0204644736984667,2.699664694280079,9892.814877430263,6100.0,0.0,0.0,1.8678410621457633,0.47442320750365585,0.5833414244609184,2.205510254071745,0.41589523348652024,0.7678880252473926,1.780082628132721,0.295492900735294,0.6736073371956571,0.2703745724646216,0.38313804493514975,0.27520723928075724,3.8731252948767456,12.019183998021111,5.955517057190922,0.8605987052548881,1.7424532159499106,3.5205791167866463,2.256264564061022,1.3627009233973302,2.452563192547356,75.010374,0.0,8.060811930705103,0.3139194140033881,1.3741858209973958,7698.1966751197515,11068.131868131868,11085.207100591717,9719.723865877711,LOG00002,Idle 35,121.0,121.5,22.095660749506905,1.2628124068324367,31.674518265497873,23.404930966469426,53.0,1.2776962867034984,2.9268441814595656,9871.146801916033,4028.5714285714284,0.0,0.0,1.115330877634559,0.8687236008418884,0.6634105930028543,1.0522167086555423,0.7708820150459444,0.7182220110922806,0.34092251656755806,0.42144019690636336,0.645873789460489,0.2950078838657291,0.30425620820286103,0.2945845800505874,6.86759133975239,4.1886693036664076,3.36043711242921,1.1323632675942947,1.295851950266817,2.771366697638742,2.791576509480624,0.9996608578074799,1.8110209217316497,121.499597,0.0,5.033265968597024,0.29798297858350864,1.2168563692579217,12184.981684981685,9916.59622428853,5711.552550014088,11671.456748379824
LOG00008,Idle 35,75.5,76.0,24.89013806706114,3.7906535869221774,26.20421601378789,23.629704142011835,116.0,1.5300958916278071,4.15560157790927,11011.031276415892,5971.428571428572,0.0,0.0,1.5288620001141953,1.3407583303818105,0.824779293252439,1.786364027027235,1.1538892479029494,0.9720184486603778,1.289946070459141,0.9649269308163158,0.8775477001010853,0.35641656058905574,0.4716768531800999,0.35330476402008054,4.746542638292594,8.831078741626467,6.282689030521032,1.385256807173647,2.5753125617304944,3.36620869031401,3.9523792549738856,1.4378894108869082,2.0460812452869575,75.964416,0.0,6.831051656764761,0.3976330279572268,2.067748922430841,7597.802197802197,12307.889546351085,12789.349112426036,11349.08424908425,LOG00002,Idle 35,84.0,84.5,25.40671936758893,0.8136400838623824,27.338535784929245,23.821067193675887,117.0,1.2367332240768016,3.880790513833992,11423.74364765669,8500.0,0.0,0.0,2.572415885595047,1.2790866839705062,1.2428076267937667,2.897764946377337,1.3332479557345318,1.9485813393539833,1.728447091743298,0.8899335557318119,2.1363776150948732,0.3070694825642138,0.373452965690512,0.2639757848246985,4.065287744747577,4.777876850836947,3.7162615171994204,1.1672173549434424,1.79808254554511,9.462115014802963,4.332522474049303,2.0314263749361454,4.581925368240549,84.11542,0.0,4.209721737184685,0.31803668534678425,1.5158326415332193,12716.629023150763,10559.796725014116,9315.330321852063,13103.218520609824
LOG00008,Idle 35,76.0,76.5,24.301185770750983,0.4046158782938318,23.911998702315095,23.836422924901186,88.0,1.286490353740491,3.472569169960474,10992.7159796725,8057.142857142857,0.0,0.0,1.377520354379829,1.131255002310359,0.6816671948622992,1.6050377716063824,1.0896727446246945,0.7323819670058255,1.3740535742842013,0.7643339279873126,0.619319629028815,0.28798102522825064,0.40308032463712673,0.25426358511159736,5.751127371276645,7.840981077259702,7.828858068338192,0.9909378099752625,1.9844932592938316,3.282785378591971,3.1400133430395485,1.2604166388506104,1.8820639351883928,76.00092,0.0,7.207576313592436,0.3214844681136183,1.5684660084651538,8450.84697910785,11077.978543195934,11808.72388481084,12633.314511575381,LOG00002,Idle 35,85.0,85.5,26.300394477317557,1.619701144362863,26.33003244615059,23.86749506903353,66.0,1.370537452110868,4.011183431952662,11752.634544942235,8028.571428571428,0.0,0.0,0.7901578414176311,0.8901841086970289,0.9901972846657574,0.8068147996648068,0.8579950663640155,1.2991270274572269,0.47586615305202895,0.6160376653666306,1.1272014484694701,0.28630372466769854,0.30470802697351346,0.23539375050157071,5.944146434776453,4.734184941996586,3.2660659757029977,0.9351550878514941,1.4810886744951253,2.243992637817665,3.173174046687637,0.8416582328149872,1.258496481374356,85.276652,0.0,4.775373313879506,0.27702407972105025,1.2385755326285646,12555.593124823894,12639.025077486616,9376.190476190475,12439.72950126796
LOG00008,Idle 35,76.5,77.0,26.176923076923075,1.822714450604322,21.82484454411859,23.631696252465485,71.0,1.4682989848373906,4.045996055226824,11597.872640180332,8742.857142857143,0.0,0.0,1.672414766365349,1.8989735382088218,0.6359174142818931,1.6061445103504242,1.9529337020924078,0.8496802951680639,0.9392188884293297,0.6083924864122748,0.7535107719105576,0.32803588761096114,0.49337108006837144,0.2959049198309646,6.694083550745308,8.888178505784422,4.941747852240061,1.4162698395638038,2.8237978418628606,3.866357193627866,5.4145687031038,1.789283606583121,2.9370928724826064,76.921413,0.0,7.029256565008998,0.38235336526513103,2.233792124411695,9629.219498450268,11410.453648915187,12313.130459284303,13038.686954071569,LOG00002,Idle 35,82.5,83.0,26.869033530571993,1.4211725486642655,24.795359737571932,23.821084812623276,46.0,1.4437688058396247,3.9910059171597636,11929.40969287123,10157.142857142857,0.0,0.0,1.5229871042157714,0.6343543992583534,0.7168883451026504,2.354183838367383,0.6255663923666527,0.7173417900885706,2.011620850332986,0.4497268008260951,0.3540634184417317,0.3090331243692308,0.36233138274556387,0.2285112056322028,4.673131313687873,5.996351787238122,3.2205679455643073,1.0093647414833538,1.8309972692299767,4.069417377331431,2.6002579146845575,1.1665965934002138,1.750072047842614,82.965085,0.0,4.766775602133312,0.30496058432700424,1.4784059289108302,11234.122287968441,12005.60721329952,11788.362919132149,12689.546351084813
LOG00008,Idle 35,77.0,77.5,32.851479289940826,1.6297084058904125,19.51591498372884,23.661479289940832,58.0,1.9155993461446867,5.813629191321499,13988.574246266551,10714.285714285714,0.0,0.0,1.5571442250365515,1.1398533336720675,0.739230248577161,1.7834166705760848,1.1811099861622056,0.7244444438002955,1.2398897559778321,0.573211938267049,0.5044979206854215,0.394060213412615,0.6326841998028361,0.29550550523905517,6.592179356397843,8.966371677715777,6.94442843431669,1.791706043992202,3.8705751367633505,4.61175070617839,5.638169440085007,1.3645445686836337,1.9091390079298864,77.468973,0.0,7.573588669607201,0.4629241306094481,3.0159212885459077,11971.484925331079,14101.437024513949,14415.976331360947,15465.398703860244,LOG00002,Idle 35,103.0,103.5,30.340828402366864,1.968562011880085,16.441459684282812,23.450986193293886,70.0,1.5355156630646019,5.184891518737672,12880.959425190194,10085.714285714286,0.0,0.0,1.7171260764959408,1.7147383698378798,0.9381084330074972,2.7955915459543554,3.270075906739269,1.2430242205939965,2.1859781014026343,2.2983991542710553,1.3462961981263286,0.2671387585739282,0.30364229636826895,0.23855415725352747,4.625177811611758,6.458745259427754,4.624779864099471,0.8587297541942549,1.3764098615212192,5.818931220788595,6.74675756734921,1.7159326384763203,2.1350240170061556,103.132443,0.0,5.307109976455679,0.27109029640764587,1.1471531932639574,12827.895181741334,13275.2606367991,11752.719075795998,13667.962806424346
LOG00008,Idle 35,77.5,78.0,30.388560157790927,0.8459599415530277,21.105183532096667,23.69556213017751,36.0,1.6257153917031593,5.132879684418146,13194.582981121443,10628.57142857143,0.0,0.0,1.2172664411597212,0.9578486254377466,0.829194920014145,1.4075504227756446,0.9796316850491148,1.0486644764590882,0.8307446572373722,0.2864656505496482,0.904563087769744,0.2843314798946465,0.4024359152684185,0.24681204982336494,3.7722049959541364,10.677403786802032,4.91711196435433,1.046087240399016,2.2050172241950103,3.919304370109845,3.449265994010305,1.0952651683557353,1.8853056400730996,77.503504,0.0,7.127750281538397,0.3181798465726686,1.725746139141313,11253.592561284868,13775.147928994083,13728.57142857143,14021.020005635391,LOG00002,Idle 35,103.5,104.0,30.24714003944773,1.3719961652389463,23.280681275801612,23.32471400394477,60.0,1.3847923114825422,5.024181459566075,12913.151591997746,11342.857142857143,0.0,0.0,1.2955559480692957,0.7665509764147076,1.0329581686425888,1.5518965786372918,0.901055289542358,1.4922630196648323,1.1570470861647102,0.6405263029588963,1.5473496823237782,0.25715743235126265,0.26959858253169594,0.2531823059809227,6.1930878539395,5.859257380335877,3.76112342686544,0.7670544205468972,1.0853677753124933,2.979879933511744,2.332346931541913,1.0644401378236528,1.662804374894008,103.874342,0.0,5.379940633121937,0.2600734644790528,0.9397860638909599,12024.344885883345,13586.53141730065,12450.887573964497,13590.842490842491
LOG00008,Idle 35,78.0,78.5,36.3818540433925,11.214724494061835,23.245636796018424,23.447278106508875,36.0,4.42748995839579,7.986824457593688,14571.696252465483,10300.0,0.0,0.0,1.9090635730228827,1.8247116486536532,1.0318349458891767,1.8670496625299162,1.9211820189636826,1.075420386390354,0.46364997666669844,1.2293034471446556,0.6060023143323973,0.46238055541533585,0.5425959330530257,0.37359986932865,3.7226460671671755,11.189956937627665,4.478106024481381,2.197699978299971,2.911007337443808,4.335077785724729,5.3855310576744,1.867363961119421,3.59356293142673,78.499966,0.0,7.283009075326239,0.4646801720733169,2.579132500790854,12463.510848126232,15451.028458720768,15099.295576218654,15272.95012679628,LOG00002,Idle 35,110.5,111.0,34.74714003944773,9.7787883141831,28.55081848166313,23.18368836291913,64.0,6.803920768348236,5.642406311637081,14826.54268808115,10300.0,0.0,0.0,3.1672450134981274,1.6597451092615922,0.6699085726348306,3.7998618931586488,2.0479412664657097,0.78999908882317,2.2831949790043624,1.0205554695953198,0.3948482154631156,0.3645253315540408,0.43830576585570746,0.28766974461648515,4.281184315112339,5.248650654680258,5.093205659185912,1.354546436856137,2.0987257025894572,6.8172828287854434,5.311778434579803,2.52845751430062,8.91542989276949,110.503116,0.045364891518737675,4.892770746097512,0.3686663096869827,1.7662737081649134,15248.267117497888,14804.705550859397,13293.265708650324,15959.932375316992
LOG00008,Idle 35,79.5,80.0,10.621301775147929,1.611136012919774,23.24362091335445,23.64828402366864,142.0,0.6976261008520007,1.6184812623274163,5726.761059453367,3457.1428571428573,0.0,1.183431952662722,2.8661553844568526,6.326909896446367,1.343772283256763,3.1766555380381147,6.00754420890468,1.8217804961488215,2.2074609260084226,4.362190239183427,1.730858207287457,0.2987100420442079,0.3872665868124185,0.32999105114768257,1.0949932964815785,3.1460857498460633,2.5199445310915487,0.9290549609861914,1.5595061446201128,8.375200548100763,14.40420988209406,4.911447623949686,9.86506541225351,79.610872,0.32741617357001973,2.411568390384307,0.3406352850762555,1.283589213035257,4703.860242321781,6579.120879120879,6726.063679909834,4897.999436460976,LOG00002,Idle 35,101.5,102.0,10.913214990138068,1.9111535285777066,26.012199552222807,23.478875739644973,113.0,0.8252840073450721,1.6034319526627216,5908.044519582982,3557.1428571428573,0.0,0.0,1.5615457250444236,2.68065898128382,0.3373169137569385,1.3150278886967461,2.246531860376614,0.3373169746970025,0.7282403228133781,1.8998648946156524,9.420741431972791e-07,0.2517705267338649,0.26132231795035343,0.27258856043946716,1.1685899904760948,1.3433819319191775,1.4661584228538695,0.6984050339196715,0.9298535341676265,2.5287303766028995,4.328703337470291,2.1936678902402384,3.2518337999316818,101.920949,0.0,1.3316528704024395,0.26203197977425985,0.8223129533238432,6710.622710622711,5909.749225133841,3951.0284587207666,7060.777683854606
LOG00008,Idle 35,82.0,82.5,32.267258382643,3.7045620601494536,38.04178622764838,23.47950690335306,132.0,2.1158977676422372,5.640848126232742,13510.228233305157,10471.42857142857,0.0,0.0,4.943222618198915,3.810002574991395,1.1188378745288858,4.841736245792497,3.4654373900816084,1.3534536916638797,1.5854727909635855,0.8840815067410908,1.0553118456416752,0.6991196301193222,0.6769473630220719,0.44673847067734057,7.4754250973605965,6.774137907546787,6.081221106511121,3.8210038990402424,4.023943894685768,13.486643257352247,11.338089267798871,4.413137742837537,6.986575112143579,82.430561,0.0,6.8007885553315885,0.618223597819819,3.9237861348485596,13313.60946745562,12169.991546914624,14339.025077486616,14218.286841363764,LOG00002,Idle 35,119.5,120.0,30.314003944773177,2.865709178655674,31.54911387784513,23.24706114398422,110.0,1.4793047594253677,4.642347140039448,13025.507185122571,8371.42857142857,0.0,0.0,5.352481908719807,1.3947053447882618,1.0097035999441712,6.000581909930379,1.288820718886914,1.1537922570716999,2.0597559025197945,0.3895178937841766,1.0003983644975298,0.32500564020955475,0.3795535123416837,0.3058624753479256,3.6130837813859804,4.23941417449149,5.880333621937168,1.2582751961099665,1.9864570822789627,12.725054879891578,3.8841710840103234,3.9111549177930636,7.281701901634332,119.597463,0.0,4.676370760161433,0.3382510846126447,1.6627188891814844,14061.651169343477,13270.104254719638,10159.650605804452,14610.62271062271
LOG00008,Idle 35,85.5,86.0,22.20375494071146,7.290513472378614,16.654381688184024,23.458241106719367,43.0,1.773511036427963,3.806501976284585,9556.655844155845,4185.714285714285,0.0,0.0,3.531695646833468,3.0565873335498286,1.1819770172213722,3.702274948644297,3.038267623985838,1.2168616987911336,2.3810785214896755,1.2978534277789033,0.5563621088445712,0.6681810419150735,0.6121267250277809,0.46444324389901454,4.736443747218377,4.29319255336543,4.3840643272724735,3.4195630409714513,3.5410047193002065,8.533357007542918,9.091758853565322,3.302695888927689,11.27984635870432,85.999053,0.03162055335968379,4.475318301398589,0.587898108822549,3.480813540918577,7705.477131564088,11409.627329192548,8211.095426312819,10900.423489553923,LOG00002,Idle 35,150.0,150.5,23.085996055226822,2.567222680621542,16.78282030423855,23.156528599605522,33.0,1.2522116169559865,3.24439842209073,10248.21076359538,8628.57142857143,0.0,0.0,0.7134178812008652,1.0427709668899539,0.3912573608398693,0.7013919038334845,1.019585262617915,0.3912573608398693,0.18986379364212927,0.581217804681117,6.00309101158666e-23,0.2573311137907998,0.28227913353381046,0.21688566498530087,2.417355652464561,7.252695728240577,2.5278309511125103,0.6295523491086099,0.9539352393536035,1.8235799370968766,3.8773097080310865,0.8934025863533588,1.3376768098857723,150.454595,0.0,4.648839747519227,0.25360086949741095,0.8081858081990754,10180.163426317271,10138.207945900253,9676.162299239222,10998.309382924766
LOG00008,Idle 35,86.5,87.0,36.7792899408284,3.156731808189243,11.867969796747166,23.3638067061144,25.0,2.4244747851557875,7.182031558185404,15090.750915750916,11714.285714285714,0.0,0.0,1.401320336712083,1.4821752586470165,0.8370211642639881,1.4525009629794456,1.7813012741095346,0.6680668466869917,0.34560562076260054,1.0498293593536,0.35340924167123977,0.3496576089966398,0.37416361281250293,0.29780898136631095,4.193448119900291,4.411878836650627,6.918534291455513,1.49819927914251,1.8943282633484877,3.6848214706030142,5.805866583466233,1.442314491265379,2.1087221795465783,86.518987,0.0,5.320269377441549,0.3420277971474402,1.7077881381108189,14318.963088193857,16541.081994928147,13656.607495069033,15846.351084812624,LOG00002,Idle 35,115.0,115.5,36.03774703557312,3.2421596007476965,14.542712118690815,23.061739130434784,35.0,2.2587411943864626,6.947608695652173,14813.48814229249,11400.0,0.0,0.0,1.2892372179461518,1.4472569761117715,0.7210929539869912,1.292025045084229,1.823682595766897,0.9107243388642863,0.2600121747013383,0.9840789026294019,0.6445253907952888,0.4083479992118381,0.38802967469733046,0.24680704061820385,3.200184442079459,4.196105252056719,5.025950757602118,1.9090863453550349,1.8538977705221982,3.41294906845583,5.386815994747251,1.3705264242329882,1.9245444919154178,115.275206,0.0,4.207479877848763,0.35507221434742126,1.8816943983506225,13667.927724449464,15147.600225861095,14109.09090909091,16329.33370976849
LOG00008,Idle 35,87.0,87.5,26.464102564102564,2.3529857094443734,17.112698442451226,23.468224852071003,9.0,1.4944263060476262,3.7875936883629193,11748.562975486053,9142.857142857143,0.0,0.0,0.6017497623974511,0.48281387415835264,0.6165012502690064,0.6093178768355191,0.495374315398421,1.1037636748557351,0.043462361762003444,0.06997235261032701,1.045734676255869,0.2810633127702127,0.5179876417375407,0.2353582016817317,5.888259484112515,10.953565370667858,4.532063711370209,0.957315650168123,2.824451090311696,1.6384194047790717,3.2735265893774175,0.5455327733625114,1.1406499280436602,87.000446,0.0,7.641810334505254,0.36637925063020166,2.1087884217744253,11794.928148774303,12340.490278951818,10172.44294167371,12686.39053254438,LOG00002,Idle 35,115.5,116.0,28.021104536489155,1.8984807491129836,18.51652548018756,23.3060157790927,12.0,1.3492317168159929,4.147041420118343,12253.902507748662,9714.285714285714,0.0,0.0,0.6675478858468286,1.009086848371672,0.5508137475994461,0.6697957611604974,1.0687865249002693,0.5508174279121525,0.05092411516466617,0.9663183447354273,0.0003254616158506408,0.26952631461410664,0.289461953727753,0.2205470670508967,5.883433944226711,6.487505309467926,4.312322681788561,0.7943556532672534,1.052774700371178,1.8165359234931808,2.490217547113638,0.855533882279143,1.4208447582226555,115.959899,0.0,5.63615255969063,0.26145341567865266,0.9325597765342629,11438.320653705268,12697.689489997181,11680.867850098619,13198.732037193575
LOG00008,Idle 35,87.5,88.0,24.70098619329389,1.6483028788666199,19.584322554750347,23.486291913214988,38.0,1.1937903392427054,3.745700197238658,10981.656804733728,8885.714285714286,0.0,0.0,1.1634906102354572,1.595639187626384,0.48888866167319484,1.971916772667563,2.253482462018067,0.6480231184199451,1.5362230511647892,1.9881151538055903,0.618473974772832,0.21999490058387589,0.3777178218344798,0.2199667296059223,5.694097921415213,9.889991469838355,4.017922654130929,0.7388514880500792,2.0190149196147655,4.69671923768423,5.994244445251462,1.396383689605952,2.3150090256345255,87.911078,0.0,6.98518396003806,0.2825207197993439,1.5202504344713792,11109.946463792616,11245.421245421245,9677.59932375317,11893.66018596788,LOG00002,Idle 35,149.0,149.5,25.01143984220907,1.0321399696710134,17.946911420399488,23.253017751479288,24.0,1.2318228884686702,3.4403944773175548,11078.874330797407,9800.0,0.0,0.0,0.7977176942422326,1.1530558526506616,0.4826384304683654,0.7281041678800294,1.4113387932478787,0.4826384304683654,0.28530043373351344,0.9586078797744533,1.1910971033036135e-31,0.2655343492258671,0.29114627615991473,0.2097464564234534,3.976922084689302,5.4171899090622535,3.032413499455975,0.7279076418950905,0.9979146391183615,2.13729907529997,3.7035086514494533,0.9914361600827076,1.500603621995317,149.428544,0.0,4.256657037716266,0.257726095382149,0.8734080266679486,11080.980557903635,10776.838546069315,10606.029867568328,11851.64835164835
LOG00008,Idle 35,88.0,88.5,23.69802371541502,1.274807606747068,20.71760197449046,23.550731225296442,78.0,1.1597986151736814,3.163122529644269,10718.450028232637,8342.857142857143,0.0,0.0,1.536391969350762,0.801580843116379,1.0369147845807434,1.9935411605303968,0.7585448864945599,1.4771934952960442,1.7501913131118683,0.7799006175637355,1.6298327248459639,0.27310949148236624,0.35250049060048366,0.2464485644061846,6.755314285892719,7.4716703076578375,4.775985623725795,0.855584411211129,1.8480395360598219,4.278358075954718,2.4247570270681154,1.2253636463386444,2.1543834835421647,88.499093,0.0,6.436100448914634,0.294155449328643,1.4400129880573458,11429.22077922078,10422.7555053642,8963.749294184077,12058.074534161491,LOG00002,Idle 35,135.5,136.0,22.76942800788955,1.8460663088874265,23.23187578282152,23.234615384615385,51.0,1.0150364270744001,2.837061143984221,10292.025922795154,7357.142857142857,0.0,0.0,0.7711028696106024,0.7210268003847253,0.6570486774320851,0.9275006040923873,0.6884615699458992,0.9821652308117358,0.6113574602036755,0.4673902711950911,0.9625250156940536,0.2763055992323554,0.27292380127149524,0.23567049182441288,3.803107082412629,5.541519805234064,1.9569229974400928,0.7534784994878647,1.1201012860300548,2.5643589615397433,2.1196925831220907,0.7464848566430338,1.0533944307184093,135.578017,0.0,4.041518396593389,0.26228023574311643,0.9545566353435156,8638.60242321781,10443.533389687236,10583.9954916878,11501.972386587771
LOG00008,Idle 35,88.5,89.0,22.68481262327416,0.2438718630757177,18.430171023064545,23.504063116370812,66.0,0.9718937470323749,3.0447534516765287,10315.581854043392,8342.857142857143,0.0,0.0,1.978317661685666,1.268971207533443,0.6843259246194277,1.4665946666440592,1.3074843036051444,1.0208675497658732,1.1922800851826765,1.1303802122644344,0.9238939354556667,0.235474251692965,0.30281250655054825,0.23765837933315004,0.9983294318843903,6.239327988204952,2.2296048975703364,0.5367394454297878,1.1589034435918246,3.6941768773014854,3.147272699304428,1.6619309095275776,3.269667849682443,88.619459,0.0,3.8685489699297637,0.2605283366552456,0.9030909211838157,10601.183431952662,10513.834883065652,8918.709495632573,11228.599605522682,LOG00002,Idle 35,125.5,126.0,23.636686390532546,1.0500470855753261,17.417500917185844,23.19609467455621,52.0,1.4613367035060039,3.0974358974358975,10562.010425471963,7100.0,0.0,0.0,0.6150759853233758,0.6452396156983637,0.6340598559092081,0.6529700633859762,0.6328144391844888,0.8618210435253745,0.2922412961264673,0.050205964147534914,0.7897648243419354,0.2582823909380434,0.36333831884897405,0.25093480564572773,3.9943453330500116,4.538654004616793,2.5941706180030115,0.8693983959770157,1.6899647318861395,1.9470303083661158,2.286224935913719,0.6303382541890082,1.1576786182431902,125.500162,0.0,3.798416161533321,0.29534883561484265,1.3438441810616288,10206.198929275854,11559.70695970696,8028.796844181459,12453.338968723583
LOG00008,Idle 35,89.0,89.5,23.361932938856018,1.90017922217107,15.487619261736553,23.477928994082838,54.0,1.313021783199166,3.5053254437869827,10469.139194139194,9114.285714285714,0.0,0.0,1.6006436853412476,1.3444213876706286,0.6949968497243333,1.9608035371455936,1.1713620395867501,1.1972710450046358,1.2294032026803539,1.071378270486366,1.1866520203014788,0.26150870212152516,0.3514833589119659,0.248156958272652,2.537426135222296,9.035730347196624,2.6994649962236767,0.756601338977135,1.6723514941333883,4.697559062319943,3.2310744666554774,1.47809490139318,2.4912225146106017,89.484714,0.0,5.638264081695006,0.29069412837577635,1.2979223986957322,9982.417582417584,11233.446041138348,10109.157509157507,10551.535643843335,LOG00002,Idle 35,149.5,150.0,23.29112426035503,1.7235519372555475,16.762775251030938,23.249822485207098,24.0,1.0878974188381894,3.2591715976331357,10447.35841081995,8942.857142857143,0.0,0.0,0.6500479701664764,0.8852402003049201,0.5359372412144167,0.5535031779045128,0.7876199678441141,0.5359372412144167,0.28149081687308475,0.6625451952258156,7.583884778414936e-28,0.24677567243171775,0.25810485928113375,0.22953137068700735,3.155315472967931,4.051744695176955,1.723982906753224,0.679497197852698,0.8261191471714492,1.5870531410711572,2.4325212770525995,0.7765991809657833,1.2663964562402916,149.544962,0.0,3.127553243438217,0.24508569998955923,0.7563693830440755,10105.860805860804,10371.99211045365,10073.73908143139,11237.841645533954
LOG00008,Idle 35,89.5,90.0,34.78678500986194,2.6283995398637487,14.162630485000557,23.39096646942801,48.0,2.1294964733358803,6.626863905325443,14369.590025359257,10800.0,0.0,0.0,1.6016076745068935,1.6462962418660896,0.6760043797447474,2.1881907982761812,1.7768352447045157,0.6482883947269135,1.3368282257328041,1.3485249105321278,0.35249449590446613,0.4480642789897795,0.48755543527929546,0.30447134152226424,5.9131107423164435,6.624196722195322,6.653878147134593,2.163845374880767,2.7163638292788854,5.373615137407071,5.4116537264709415,1.6241056706725996,2.4523033540072556,89.5005,0.0,6.406219770976656,0.4207828808246921,2.4556933093739066,12887.123133276978,15279.938010707241,14417.920540997464,14893.378416455342,LOG00002,Idle 35,137.0,137.5,30.25424063116371,2.365047248254322,16.035137114735097,23.022583826429983,20.0,1.887495114149629,4.4932544378698225,12986.15102845872,10871.42857142857,0.0,0.0,0.870323817736176,0.9175192620363386,0.7670415788936743,1.132655958241225,0.9303540680434187,0.7304321770990853,0.7944373744239686,0.612901059512389,0.15749200357677684,0.3650094098727526,0.42131726173749573,0.2555596247278082,4.649800934799889,6.234923201085895,4.258352329615631,1.5979608446859395,2.1130148235079638,3.2405225185599136,3.697112258676282,0.8942329517319805,1.2363199796970685,137.000645,0.0,5.119520831088523,0.3540484082366208,1.8732739395926323,11975.739644970414,13461.115807269654,12675.598760214143,13832.149901380672
LOG00008,Idle 35,90.0,90.5,26.391518737672584,5.574578380776089,16.190947122204072,23.46652859960552,56.0,2.136820565819326,3.7420315581854044,11842.216117216116,8571.42857142857,0.0,0.0,1.6175337019511487,2.017850536662234,0.5050539607724993,1.9820631415349248,2.6512926711141778,0.4845850569572418,1.6909759701705966,2.2426516776117094,0.22734990623134732,0.30630935531933084,0.41493002839397336,0.2430247290088616,3.371290743421274,7.465485978483971,4.647931646031355,1.1424675725084228,2.0514644220835057,4.114965231446771,7.575263387144726,1.8286793137748147,2.4944152828592903,90.304586,0.0,5.437595999391596,0.32916731739800564,1.6603822495599767,10792.448577063962,12665.82135812905,11696.224288531981,12214.370245139477,LOG00002,Idle 35,136.5,137.0,26.669230769230772,3.9939105522049196,13.428816025724332,23.11838264299803,35.0,1.7230031881629464,4.187080867850098,11425.521273598197,8757.142857142857,0.0,0.0,1.072861380695566,1.2854513187238843,0.7624444019462121,0.9443107722717967,1.4548111955597507,0.8043382057195227,0.6450987695699795,1.2361761189721863,0.705052509744802,0.3015938995272576,0.527711536143109,0.2609510233156072,3.530521511911717,6.343490176206713,2.5626043132482295,1.1608604318313334,3.1405865795471586,2.913614915147034,5.224166269845375,1.1839376324361364,1.6537751986757667,136.563595,0.0,4.444899347491118,0.38189605138049454,2.3675811502273114,10192.166807551423,11541.420118343196,11413.778529163144,12554.719639335024
LOG00008,Idle 35,90.5,91.0,20.788932806324112,1.2387661396908998,19.189527581044725,23.556837944664032,75.0,0.8799855027305105,2.596600790513834,9554.01609260305,7600.0,0.0,0.0,1.4355940912117877,1.5965772104932434,0.43949607953012587,1.3517330760863824,2.117454744204197,0.4625215680843843,1.1289417805242155,1.865048605563072,0.28209663819405906,0.2290623566895668,0.35819309217786954,0.24659796823185773,1.1577788241966924,7.627251551682749,2.9645995966279415,0.5712140580681646,1.6541795378730058,3.507191933287512,4.797685542140587,1.5182208640030908,2.414042979437423,90.535453,0.0,4.7715919358473995,0.2837736260191694,1.2374561494559009,8404.46075663467,10487.77526821005,9587.408243929982,9736.420101637494,LOG00002,Idle 35,127.0,127.5,22.5025641025641,0.45174801119067176,19.951621210772288,23.30325443786982,29.0,0.7007271464034093,3.1493688362919134,10173.231896308818,8557.142857142857,0.0,0.0,0.975633807163616,0.37998909988018437,0.6594720888976281,0.8259870036672159,0.3782593667740958,0.6887449804782529,0.7403709880719408,0.015674419601267836,0.4202811153605886,0.18819596595903615,0.250932730550112,0.19503175322104366,2.161389124947733,4.2117031368761,1.6034658585996744,0.4734288720282276,0.8598983495755199,1.5384615384615385,1.303916116419602,0.7403556718592504,1.2538983647179134,127.072771,0.0,2.8856627789994853,0.2132466034345087,0.6941037633065472,10097.886728655958,10336.010143702453,8983.826429980276,11275.204282896591
LOG00008,Idle 35,91.0,91.5,28.9930966469428,1.8210070681188084,24.63927481905597,23.43552268244576,84.0,1.5085027824328148,4.690690335305719,12496.463792617638,9214.285714285714,0.0,0.0,1.7290029275203522,1.4341910332169316,0.6706174392869921,2.1460303824665288,1.8996012963785853,1.1341473343308162,1.8105322686998657,1.4047745621661947,1.0692628921296758,0.3445895754432841,0.5373196991450556,0.28130122929430745,5.8681402352722545,8.865581665424898,5.355790313227454,1.3297720164916256,3.0512116793675514,4.5875227401636645,5.405636622806825,1.5884512965674773,2.1490064934507864,91.409637,0.0,6.873089988411329,0.4027343277298341,2.3535278124714347,10416.877993801068,13728.994082840236,13258.861651169344,12581.121442659904,LOG00002,Idle 35,114.5,115.0,28.840236686390533,2.7841192260900196,22.275461730390198,23.30990138067061,54.0,1.8381716506262786,5.026785009861933,12214.33502395041,7514.285714285715,0.0,0.0,2.7212609078747594,2.589097972547446,0.92205884730041,3.1486915653658456,2.4722588864498523,1.488496171728962,1.4992509101600187,0.42267287304040674,1.5699704424702323,0.4096246266362552,0.5863103141911205,0.4042828840919206,4.055338902444046,5.449884090201624,5.130072681827853,1.8806835816248055,3.329730339814381,7.6792196349097495,7.149157548195115,2.656001622757096,3.419640624517675,114.714826,0.0,4.914761979016051,0.47434051399230887,2.7040779269534285,10569.033530571993,11993.124823894053,10943.42068188222,15351.761059453367
LOG00008,Idle 35,91.5,92.0,33.65838264299803,3.8012434054594335,34.34979005621032,23.431913214990136,112.0,2.416798100240744,6.484358974358973,13947.203437588052,10257.142857142857,0.0,0.0,1.4858987228486227,1.967793028047763,0.9913538194228242,1.6478395020698513,1.989300309665659,1.176766195511203,1.2791370346519366,1.545504746169138,1.1725371750662272,0.38581152665798224,0.6620712254928712,0.3238169304179123,4.207579444912196,7.056520818018138,7.2928529543136085,1.7717197877692883,4.064797614773266,4.432487202552192,7.080266768617754,1.7435745489936116,2.651975814941154,91.938456,0.0,6.342552458162033,0.4802937455880774,3.1354083191380107,11047.590870667793,15520.569174415326,15236.094674556212,13984.559030712877,LOG00002,Idle 35,104.5,105.0,30.12332015810277,2.587674044531091,32.891040696681664,23.434249011857705,71.0,1.5437189909874711,4.741600790513834,13031.648785996611,9485.714285714286,0.0,0.0,1.055686163604213,0.8534663974625923,0.952664936920952,1.128120870761442,0.885165671788112,1.155585167702046,0.783596400878399,0.44683847085178674,0.9980462119366185,0.30496494900586674,0.3441541755608685,0.2825329646985734,5.451179112313158,5.528690398281987,4.017755973513368,1.2094148212601707,1.642582437319079,2.8631500936028527,2.9178474929466174,0.9599161858264392,1.3939211090271089,104.829341,0.0,5.0472479067731255,0.3115929999318007,1.4423524661595128,11119.734613212875,13581.36645962733,13200.564652738565,14224.929418407679
LOG00008,Idle 35,92.0,92.5,34.22899408284023,4.78065294472149,36.13203309645354,23.364773175542403,119.0,2.5354546369866373,6.259368836291913,14364.095519864752,7142.857142857143,0.0,0.0,2.7245125567594575,2.362291396068658,1.1702793758174355,3.8111741632375775,2.368034998263066,1.640532874716206,2.737559366722845,1.314367439424457,1.3013156424578765,0.6978369614855775,0.7443420830350639,0.5251477698674876,5.183890336057474,8.851884829746952,8.90115783929349,3.766003402515134,4.168060029059832,8.325005700965288,8.32382100091219,2.5498420845103307,3.5338366332935407,92.499789,0.0,7.841326310758708,0.6625208780582433,3.972121979093909,9906.48069878839,15440.772048464356,16047.957171034093,16061.17216117216,LOG00002,Idle 35,119.0,119.5,31.27317554240631,3.176496273365915,29.400355545616314,23.1150493096647,105.0,1.5575369021971623,5.299940828402368,13126.549732318961,9742.857142857143,0.0,0.0,1.984450517790874,1.060873545536975,0.6810350593348157,1.9394010627688019,1.106294652759261,1.012446514802049,1.7936572937652944,0.7543433798874892,1.051023567256501,0.33499258252108544,0.35009618115336255,0.27793078795390297,3.9273407736834023,4.962842601460815,5.2676882546078705,1.443005725756005,1.6531758103220517,5.32438845559145,3.8043886211933042,1.5911468406750933,6.862778475614283,119.496831,0.0,4.75402817924772,0.322507307046415,1.5516532770562155,13542.321780783319,12840.602986756834,11610.735418427726,14512.538743307974
LOG00008,Idle 35,92.5,93.0,29.595857988165676,1.347348409008116,21.949991808959652,23.38994082840237,109.0,1.7235620586797098,4.934714003944772,12757.727528881376,7357.142857142857,0.0,0.0,2.323938549319473,2.6875515246143933,0.977187579878622,2.415472437950749,2.9085250224671544,1.0028668725746004,1.2536447218480264,1.827444679903935,0.755838043606849,0.36683870006289665,0.5966232949857455,0.4176726798728749,5.469773962135254,8.435163746527897,9.005040555650213,1.5991217385910672,3.31995526587714,6.912812904203376,8.387437774793653,2.5123319424859294,3.9472151249349516,92.587595,0.0,7.792328920943049,0.4708079776638146,2.605695041851584,9449.873203719359,13370.695970695971,13085.573400958017,15124.767540152156,LOG00002,Idle 35,158.5,159.0,27.932149901380672,0.21153126611303255,23.004803190138027,23.070256410256412,130.0,1.4629777339980095,4.617357001972387,11956.389123696816,5528.571428571428,0.0,0.0,4.94789705949368,1.6685346988928504,0.8314209866758774,5.560476748316704,1.5883249638675248,0.9343304368610924,3.262069164704503,0.7702559594223263,0.8142184061361879,0.3429405651647526,0.3381876863189885,0.3402823123874998,4.130282143966951,4.6328275398781,4.86411786408113,1.4084790579941326,1.4968746787102043,11.907930826472219,4.348479069394554,3.6922685000386744,8.84834363188023,158.999478,0.021696252465483234,4.552726809239285,0.34047574291330174,1.4533490737898822,14142.547196393349,12767.624683009299,6567.568329106791,14347.816286277824
LOG00008,Idle 35,95.5,96.0,33.26903353057199,6.055327389639629,49.76466541812762,23.13846153846154,138.0,3.345636530812997,6.1091518737672565,13884.495632572554,9500.0,0.0,0.0,8.535843685908072,6.857377343994239,1.7975688266185075,9.467096122998129,6.60343063567047,1.8838599285547235,2.9978566753682916,2.169288313965442,1.3178208085580125,0.9979952574136197,0.853320788402634,0.5547643539132803,5.619643039494142,5.628972711833666,5.711260497939625,5.610925338641066,5.443358573969419,26.08081810408377,17.349749470989902,7.742230023326037,11.37973078480791,95.759509,0.45956607495069035,5.653441965069557,0.822985295557782,5.527776936554638,12823.020569174416,14343.702451394758,13026.176387714848,15345.083122006201,LOG00002,Idle 35,125.0,125.5,32.02213438735178,1.6251312472759993,44.34154007770324,23.10450592885375,116.0,2.6650952885037356,5.7939328063241105,13258.265104460757,9142.857142857143,0.0,0.0,2.1964088971389906,1.9523213709990563,1.3853387637714594,2.4751250115197645,2.0159071770840407,1.339459979900591,1.3237828843203447,0.6090872928181977,1.0047267058147216,0.39044174465607995,0.4883573171355981,0.3222805477778568,3.319727943466028,4.5292078850033,3.989461361596415,1.849803268389261,2.7706146670151424,7.396586115635233,6.237239938894123,2.0779522106019366,3.0465424650541593,125.15092,0.0,3.9770223216151703,0.40612082629268437,2.3556398031981693,10842.77244494636,14674.985883681537,10571.76736307171,16943.53472614342
LOG00008,Idle 35,96.0,96.5,28.893491124260354,2.9932364654149297,15.663961737814272,23.14465483234714,40.0,1.9673519923222524,4.6499999999999995,12182.0090166244,9200.0,0.0,0.0,6.8025506114723555,5.765523135293189,1.210160769845258,6.501262333154072,5.335575017517943,1.1791543751974876,1.3033497517621795,1.6764801526715114,0.20446752417177955,0.6253829437084447,0.7852165040673947,0.44062773139786177,7.12615686259174,8.105920501041652,5.276199695842099,3.308843316190485,4.996451446195844,15.879663349290029,14.054206134078566,6.305392606541006,9.070609329803387,96.255761,0.22287968441814596,6.936049356559178,0.6329353790654266,4.237509359593853,11706.649760495913,11562.5528317836,12239.532262609186,13219.301211608905,LOG00002,Idle 35,146.0,146.5,29.076725838264302,1.861647255186818,14.518397808880634,23.13976331360947,34.0,1.5060010712253769,4.585956607495069,12439.50408565793,10714.285714285714,0.0,0.0,0.8091362678925095,0.6518367200107468,0.6247400491460661,0.7584593299422718,0.6802858336021627,0.624566945963913,0.38795980040847194,0.466942742428548,0.006292518747276605,0.23733748358494064,0.28646495502696373,0.22410308194975337,5.100512176499463,5.306638804059717,3.802519253397772,0.7108385665181826,1.1683651182913282,1.9691907047206436,2.278879962964609,0.7347083127246445,1.0365489036739473,146.176756,0.0,4.7831228478137024,0.250741196530347,0.9670492534740756,12140.15215553677,12464.863341786418,11621.189067342912,13531.811777965622
LOG00008,Idle 35,103.0,103.5,35.45632411067194,19.245180330006733,75.57065487326534,22.639288537549408,125.0,7.144956814880348,6.202509881422925,14853.832580463015,6571.428571428572,0.0,0.0,5.034097837043213,5.487934639115268,1.2398665663233774,5.4593122375600664,6.936387305487511,1.491201684557159,3.03441497932313,4.878830150776632,1.287288287904244,0.4069472634079098,0.8054954010339209,0.36300297260947273,3.433891086352068,7.913444224742606,4.616905422647577,1.6121828860592424,4.0482442166287775,10.320745446006544,18.20632735428058,5.265907691752882,18.441877425639984,103.000976,0.2015810276679842,5.648894380694122,0.5616048653651122,3.0811860456300466,13295.962732919254,16004.630152456239,14767.193675889328,15347.54376058724,LOG00002,Idle 35,123.5,124.0,34.59467455621302,21.238466442913175,67.11533311626307,22.879033530571995,82.0,5.488363092972951,6.66930966469428,13568.491124260356,8871.42857142857,0.0,0.0,1.7514992950514503,1.6692739349396595,0.7350653483146969,1.757827982897209,1.687683845583258,1.0566506986911335,0.8325112891223407,0.7881443548305423,1.2828542633494726,0.48841438000176196,0.8790289636408383,0.4112541520741685,3.8442330696092903,6.237731573311573,3.581835607250517,1.9598142314410467,4.274009577413701,4.3740313100594825,5.539351780303956,1.7108806577950817,3.5660341088955847,123.97591,0.0,4.708749635573241,0.6272613764373496,3.324757862580591,12492.95576218653,14675.767821921667,13058.861651169342,14046.37926176388
LOG00008,Idle 35,105.0,105.5,27.19802761341223,2.575126824250254,14.57407017346475,22.88483234714004,23.0,1.613694034258974,4.077968441814595,11621.041138348832,7971.428571428572,0.0,0.0,5.0232185667491915,4.7367028277765115,1.7409589030256958,4.9639947594604426,5.1429233716992995,1.9706995797238502,0.98782422104765,1.2139314210469905,0.7820419474785552,0.7402076231919347,0.8022067961057833,0.5840382883928761,7.335534633013928,9.638690611903868,7.079100071108199,3.972977955311232,4.68595477953174,13.06839842809153,13.299018961015275,4.8820630090157495,8.661468016296128,105.000731,0.009861932938856016,8.099960553009186,0.7147362663851703,4.344118209096374,10194.026486334178,13307.664130741054,10745.759368836292,12236.714567483798,LOG00002,Idle 35,201.0,201.5,27.8258382642998,2.172379746906278,12.732710660235245,22.807751479289937,28.0,1.4355917994937,4.247751479289941,11853.486897717665,9442.857142857143,0.0,0.0,3.2970205739502623,2.4701290490297554,0.9825841091994038,3.093538105873397,2.715896141518455,1.0524250117598084,0.8367559756317436,0.5452307543271375,0.4703814420866778,0.3838351605373415,0.4693885365420919,0.37081378012033755,4.835361393484788,5.406277204357253,3.8433755227768507,1.9069070235174583,2.4455931708876983,8.087904622547917,7.077062428951306,2.9130638667828723,4.134125379531212,201.358719,0.0,4.739201354132581,0.4103485868660885,2.1928543446650486,11003.634826711748,11029.332206255282,11804.001127078049,13576.979430825586
LOG00008,Idle 35,106.0,106.5,51.14753451676529,23.15308817304953,22.65660838953927,22.539842209072976,16.0,6.958655380364981,12.922386587771204,18301.58495350803,11371.42857142857,8.086785009861932,0.0,1.661511597033691,1.9301983078465186,0.8812904421379102,1.6134690857127456,1.9851179505873695,0.8157999472482207,0.12022688091770818,0.7841160606640352,0.3546799537608056,0.6121947208839342,0.9017778503447004,0.38861434638777786,5.1547066502477294,9.327381637667918,6.102642834249729,2.3644877116305536,3.7067139325514176,3.7658278726031744,5.456660877220984,1.8008728848382125,3.104937980105739,106.333585,0.0,7.09021152545847,0.6680835221908676,3.1089009566262074,18127.72612003381,19024.288531980837,16657.452803606648,19396.87235841082,LOG00002,Idle 35,204.5,205.0,54.31521739130435,22.96350829239804,30.686785819913133,22.225256916996045,28.0,6.6761727527976955,14.154347826086955,19151.00931677018,11371.42857142857,0.0,0.0,2.2426830515476497,2.117549708416685,0.8711701571028512,2.247938708537542,2.234102001773664,0.921823809789773,0.28832255496476056,1.9484367349829772,0.3911818114597484,0.46376209527526463,0.795396607781041,0.3239012623722281,4.432590741143034,6.025701172804067,4.272898676813584,1.8208867024604247,3.280647771248805,4.606877484598734,5.953210181276199,2.181013988643204,3.6736061450283826,204.922245,0.0,4.973751046065552,0.5635137006468178,2.6531375936989168,18706.182947487294,19446.92264257482,18146.49915302089,20304.43252399774
LOG00008,Idle 35,106.5,107.0,30.811242603550298,9.93012330986041,55.13279510137515,22.913925049309665,14.0,2.8168900030704416,4.032958579881657,13595.548041701886,6600.0,0.0,0.0,1.1540260214387756,1.231416066311814,0.5131183769145587,0.8760579783547184,1.0176936483146102,0.48405975713923494,0.8670062208573761,0.5166548261431364,0.15506600328108708,0.44979552076711543,0.5973210893833364,0.42740135731696316,4.2522758303116985,5.774714979624133,5.92947968396443,2.0442543929676034,3.317683785766183,3.028138908066855,5.127179384594867,1.1933485631886167,3.1223044535212034,106.999521,0.0,5.372395870109083,0.4972525899247581,2.755540031055907,13594.899971823048,14062.299239222317,12153.141730064805,14571.851225697379,LOG00002,Idle 35,176.5,177.0,34.70887573964497,9.19386319412526,61.280340060754966,22.648560157790925,42.0,3.4106300260853866,7.407278106508875,13639.363200901664,8871.42857142857,0.0,0.0,2.696002973555725,2.790009538444972,0.8428711023538039,3.680688089854562,3.516667564810368,0.8593681054884227,2.2047816191160936,1.7585496360462356,0.23779923465274933,0.7029159605941249,0.7587034378422478,0.43350271767862814,4.601359587244208,5.0932974218555005,4.034985168964703,3.6675923669159762,4.598408422618783,9.610049802119189,9.882345344446497,2.7434089430884363,6.898723745037251,176.526858,0.0,4.596929917251629,0.6474684961412827,4.159122130394328,12133.079740772047,14385.150746689209,13987.48943364328,14051.732882502114
LOG00008,Idle 35,107.0,107.5,19.53786982248521,4.91143111731547,55.50534015364307,23.057712031558182,25.0,0.7619830333292632,2.5058382642998027,8904.360383206538,5442.857142857143,0.0,0.0,2.816207940051101,2.04351190236525,0.5409781869757305,2.4808067150217217,1.6987904097339817,0.4735880531243435,2.1382956792657666,1.2995740750334825,0.32095280025935,0.2668742786274634,0.4002046997675255,0.30787149570519123,2.0245027878847224,4.930505212426518,2.886782638683276,0.9329687548580117,2.1579276015909197,3.874510849065547,4.871524958784787,2.460382902793313,4.459774868493513,107.06957,0.0,3.49961936934677,0.3297324876202402,1.662390181523166,8534.03775711468,9479.233586925893,7446.858269935193,10157.311918850382,LOG00002,Idle 35,161.5,162.0,21.69112426035503,2.6290630466569334,54.08249088969633,23.04534516765286,1.0,1.1142799582524847,2.234891518737673,10092.237249929558,8028.571428571428,0.0,0.0,0.5882664309616218,0.506888895797537,0.4567749772595161,0.5492329112257021,0.6464607135959967,0.44793006934080215,0.3952852070566702,0.4969444814678012,0.24095069587079498,0.21985860962449472,0.2712664300564329,0.26231483648561965,2.019257498476271,5.994879632390337,2.0573294001191376,0.7310450242398395,1.1870213536317726,1.2482729686808292,1.6658775252082858,0.5490873093048005,2.1805531598580146,161.999704,0.0,3.840511550674629,0.2521456971290309,0.9857602450503958,9690.025359256128,10625.95097210482,8813.834883065652,11239.137785291632
LOG00008,Idle 35,107.5,108.0,37.17001972386588,2.43148492377029,58.57894580032093,22.908382642998028,45.0,1.5788546848701053,7.019408284023669,15117.765567765568,11800.0,0.0,0.0,2.600736225043187,1.9557079714843348,0.9958571202023989,3.1702044974036254,2.186859337527729,1.0804991255144978,2.235037595162723,1.7113739881215895,0.9377770958205157,0.41804209839597495,0.6435578857255777,0.3420390774010123,3.5214429934006084,5.823915390349646,6.692817988030265,1.993879895512049,4.052492380037133,5.204117623256261,6.210952977090487,2.3009370462899743,4.173427791680482,107.604292,0.0,5.510969783096958,0.48508304401762736,3.1936070146455227,14652.07100591716,15962.806424344884,13823.386869540716,16032.79797125951,LOG00002,Idle 35,163.0,163.5,33.96074950690336,1.070962363944207,68.12594633557036,22.924930966469425,82.0,1.7194731838157438,6.035049309664694,13921.513102282335,9757.142857142857,0.0,0.0,1.8773485309861595,1.1246205778414646,1.0819422427632528,2.6235164815090353,1.0994594117074912,1.204488004514031,1.8628079035940175,0.29628559778189373,1.2278761055846457,0.40713991813591444,0.4411569553487772,0.31304947710682907,2.957205427721984,3.462230653923656,5.807912861806208,1.8991124592255861,2.576066725915697,6.113973389821045,4.814098296286818,1.5474509605962248,2.267892604701465,163.447028,0.0,4.260827652504887,0.3908888790560906,2.263045283368836,15207.692307692309,13796.393350239503,10855.19864750634,15826.768103691182
LOG00008,Idle 35,108.0,108.5,39.50256916996048,2.362899446574617,66.50821316049391,22.977114624505933,84.0,1.9855788176355758,8.017450592885377,15738.474025974027,12428.57142857143,0.0,0.0,1.7533950244710463,1.3636838988957674,1.0214539133467064,2.2186473451714543,1.449980172813971,1.5389116281639745,1.5270659711651662,0.8677682394604809,1.6878388409898504,0.38109011442600926,0.44462533933065623,0.3089484288888579,3.559461309834829,4.7045873705095955,7.062426083685482,1.7184204052744758,2.497583082233191,4.798921156757496,5.303813230366308,1.5706730862829765,2.8477138401428395,108.46656,0.0,5.312901571661527,0.38226103620476576,2.1436988993234496,14218.915866741954,17376.08695652174,15427.131564088084,15931.761716544326,LOG00002,Idle 35,166.5,167.0,36.05305719921105,3.999788643661926,72.03377499121981,22.99266272189349,38.0,1.815960310472849,6.773727810650886,14628.071287686675,9542.857142857143,0.0,0.0,1.735306199046716,1.7676842648374673,0.7120550489847596,1.8005951662437318,1.7452588074967479,0.7262934070187959,1.103494091913138,0.8225280809000932,0.15733695775956513,0.33892625462209874,0.4679296999047933,0.2727928529933033,3.3243277775799602,4.038500768709699,5.834828903214479,1.5213663261281511,2.6734044631854923,5.387728038072152,6.839956861116373,1.7515700477862624,2.427332204535817,166.729338,0.0,4.524226341281848,0.3688925547136002,2.175045622746426,14687.658495350803,14871.963933502393,12412.228796844181,16540.43392504931
LOG00008,Idle 35,108.5,109.0,35.38323471400395,2.4756197777849147,65.79201927519772,22.846272189349108,90.0,2.159539298446978,6.764930966469428,14361.644125105662,8514.285714285714,0.0,0.0,2.8546045068500767,2.047193527496177,1.5383751468255322,3.7154137817193766,2.117926248021494,2.1183920056819705,2.7044658899650704,1.4828538147612496,2.4452116547251475,0.518721777175098,0.5490186718645557,0.44969988168342456,5.815736841272632,5.98177760492573,9.997106774302903,2.8092505767867526,3.111575937076901,7.213427103117637,6.912384906004395,2.4839251427479665,3.5649537274526693,108.606654,0.0,7.517681428440106,0.5075180679075044,2.964270029482191,10541.448295294449,16626.542688081146,16673.51366582136,13605.071851225697,LOG00002,Idle 35,167.5,168.0,31.955533596837945,1.9999157620248322,71.45937539431814,22.96112648221344,91.0,1.4420801257068694,5.088754940711462,13455.420666290232,10928.57142857143,0.0,0.0,1.3130727070483217,1.2624031561168303,0.5768881409814269,1.2677979855818784,1.1717273434227529,0.8234996031611511,0.9317060813369288,0.6449643359614029,0.7127683955855282,0.3392652564201333,0.37302757656034746,0.2682748111931081,6.437516586362989,4.372326843435747,4.259424815638423,1.5846242258276713,1.9409007524898143,3.5237758225277087,3.917377924373846,1.2879871238814737,1.7517208780561997,167.780026,0.0,5.121899438867182,0.32975842744298056,1.7717406226780876,12168.548842461885,14786.109542631282,12297.571993224168,14569.452286843592
LOG00008,Idle 35,109.0,109.5,30.838264299802763,0.987773054235746,53.36322034457834,22.976429980276134,89.0,2.0807710021917383,5.448007889546351,12785.967878275571,7714.285714285715,0.0,0.0,3.5399545001178137,2.9744223484107706,1.4586688909832926,4.227730806607625,2.950133657291605,1.6504042495085998,2.1365543708237875,0.8785165569615946,1.6500128821933364,0.469625692299952,0.6640285064633172,0.5583522253909852,3.7537620804345586,9.352586791016067,17.634438350748113,2.2636250681460917,3.78581857618604,9.06822703825599,8.506291904959916,3.269439261527105,4.8754975916023735,109.354472,0.0,11.726537218155135,0.5695727509467597,3.1190079144605147,8159.6787827557055,14688.44744998591,15195.970695970698,13099.77458438997,LOG00002,Idle 35,162.0,162.5,29.122287968441814,3.440763339564169,56.77798643293528,23.030927021696254,95.0,1.569028186829371,4.631873767258382,12301.627218934911,7571.428571428572,0.0,0.0,2.452132993945808,2.985025789858253,0.7793055474791207,3.253253253292088,3.910519921893758,0.7756121424416634,2.3784345749338804,2.9741980641597756,0.3570368733598356,0.2987797059664067,0.36774191002284456,0.2201120781004899,5.312593093895166,5.953538689627755,3.487931602753023,1.0461709710308893,2.0013787253539963,8.374965041582666,10.457295519674235,2.731605314290165,4.3463953251738205,162.166438,0.0,5.027720993839405,0.3016359571903073,1.5968704554420348,11691.180614257537,13077.486615948155,11221.329952099182,13216.511693434772
LOG00008,Idle 35,109.5,110.0,34.717751479289944,1.4830536735373017,38.562672079619325,22.99412228796844,84.0,2.1820087173560507,6.503510848126232,14026.429980276134,6471.428571428572,0.0,0.0,3.9314596503429007,2.8617071153646494,1.3300063215766262,4.330486758373407,2.92736264256488,1.4315025549134883,2.024052061157258,1.022999801871307,0.8078063018170829,0.5099529856426097,0.7709594452486564,0.5543101550415159,2.8653197981873384,6.126299264364587,9.740667800639315,2.666556653348738,4.323252856045271,10.999641378410885,9.594747083567817,3.438440242057652,4.732437131217315,109.562636,0.0,6.8464640368794285,0.6222781429998638,3.5917293636089855,7785.319808396731,16134.375880529728,15563.34178641871,16622.68244575937,LOG00002,Idle 35,128.0,128.5,34.49861932938856,2.3097294570478555,36.90403211443052,23.14459566074951,40.0,1.842243290154264,6.410788954635107,14201.627218934911,11071.42857142857,0.0,0.0,1.1676897919563838,1.3803486213136529,0.6726970532224803,1.3543468704660855,1.2974044427141107,0.6273488054693471,0.7773792236887406,0.7084633226667308,0.19087665832803233,0.30615564614700286,0.34252391271239585,0.22386809873388588,3.802650433841834,3.820511892387307,5.245814842969122,1.1711902444110975,1.7244153278485284,3.329978587986671,4.248680036350355,1.2784486236454025,1.8059277204239677,128.193538,0.0,4.342619593770006,0.29505413970898214,1.4739903004298702,14380.276134122289,14305.438151591996,12831.079177233023,15289.715412792337
LOG00008,Idle 35,110.0,110.5,29.960552268244577,6.233806009781151,28.64058869063034,23.052248520710062,46.0,2.150552769506427,4.935936883629191,12798.175542406312,7471.428571428572,0.0,0.0,2.3554772695526878,1.311647538337456,0.8666291069261934,2.3786657381467338,1.4729730267447652,0.8348702145439707,1.3509764595836369,1.027858032218306,0.7580024241967552,0.35174718073166006,0.5719672500777093,0.3335270784817821,4.150134897118045,7.504650804363975,6.85377054523203,1.536446869231725,3.243869792265327,5.175804733093056,5.77247771877958,1.906396133048703,3.349177496664395,110.000667,0.0,6.338179918725567,0.4328636915530186,2.5380465136737995,9619.357565511411,13358.861651169342,13762.440123978584,14452.042828965907,LOG00002,Idle 35,118.0,118.5,30.543589743589745,5.256161344950815,32.62007629282852,23.203136094674555,35.0,1.8945299286198678,4.937041420118344,13087.827557058325,9257.142857142857,0.0,0.0,0.5410668638953859,1.2263816857616205,0.5493694731215216,0.5520752312112954,1.434071964853929,0.5493694766910304,0.1570122406083316,0.9681481197936965,1.1982253008889409e-07,0.2816193651578399,0.3034631562099225,0.23530857290909318,3.661514291459133,4.754445827883181,4.632751866809685,1.0445409521722293,1.407048944253579,1.891536219641845,4.4464821101426395,0.947830520287541,1.6218734778269366,118.227091,0.0,4.3769788628026625,0.27493604013376566,1.2391231844110535,12957.001972386588,13168.3572837419,12307.382361228516,13918.568610876302
LOG00008,Idle 35,110.5,111.0,27.20335968379447,3.7566710855930845,28.985648965683282,23.073952569169958,56.0,1.5846036366076366,4.3200790513833995,11601.983342744212,7514.285714285715,0.0,0.0,1.0848435297677976,1.5835070921826178,0.5954060531365742,1.4830175556726395,1.4908186140421367,0.6125051868994035,0.9501442997287236,1.1598697772900917,0.42791777407063203,0.31550421843906257,0.5344347546107385,0.27584096984533946,4.604911482326802,9.21538705000377,4.8184352925718485,1.287863071479486,3.101688832036026,4.277896125073282,5.959348453656227,1.3572730372094821,2.196397244013805,110.507759,0.0,6.566223849117146,0.3921103838775936,2.374769978509243,9456.43704121965,11992.828910220214,12236.222473178994,12722.444946357991,LOG00002,Idle 35,135.0,135.5,25.456324110671932,1.8845349196371286,30.095626346151263,23.23513833992095,53.0,1.2514680824431366,3.4428260869565213,11289.61038961039,8557.142857142857,0.0,0.0,1.1686214587509256,0.7348776792387552,0.7996900117642296,1.2945741735450402,0.7143076641716555,0.8540445033825037,0.6634025355875495,0.6001445476353028,0.7650777153231789,0.2452759982317522,0.3032862946919767,0.2596325795426087,4.176537030314297,6.52846992229726,2.461126355009743,0.7589461979150324,1.3658444736343622,2.785479003803908,2.476769539496692,0.9761458183326097,1.4340335994451654,135.125182,0.0,4.694731942196846,0.27052539512124685,1.1048824501926013,9738.735177865612,11757.171089779784,11449.661208356862,12212.874082439299
LOG00008,Idle 35,111.0,111.5,29.12386587771203,0.6178815096120632,36.81871778411672,23.099072978303745,56.0,1.525560435515512,4.511203155818541,12424.753451676528,11042.857142857143,0.0,0.0,1.262283147516677,1.261960564490802,0.7738698148702918,1.4069585818798942,1.206001247535941,1.251240902758409,1.0638006107310618,0.7565451650121054,1.2151479016206381,0.31443808176634025,0.37045019117126116,0.28799949977703343,8.609990631685195,10.236702310595993,6.754883289591297,1.1835098452722055,1.8585774723947328,3.7919253981126886,4.1502833723742185,1.2621218663097773,1.5909733865369264,111.441046,0.0,8.651598332667936,0.3261126407013079,1.5580445716906546,11565.82135812905,12888.64468864469,12267.202028740492,12977.345731191885,LOG00002,Idle 35,169.5,170.0,28.78560157790926,0.11821228788654731,34.911432596893505,22.893412228796848,58.0,1.7038212324268298,4.497357001972386,12198.14736545506,8842.857142857143,0.0,0.0,2.0835487379306263,1.865702496631452,0.8574197725272296,2.7628920545308344,1.7680225347846308,0.966286704212998,1.2611290623636022,0.535341997656731,0.8806536338737071,0.29430793414212664,0.4265793427972657,0.32767942741296263,4.107796376796621,5.148848457441977,5.090384231259605,1.1804130277694544,2.395813307220863,6.5434370209651505,5.9514803488876,1.9776275115993334,2.6668984378104854,169.52721,0.0,4.806129528452271,0.3540060747831128,1.8885571634430902,9264.384333615106,11740.264863341787,11770.357847280926,16017.582417582418
LOG00008,Idle 35,111.5,112.0,37.70216962524655,4.039344863936126,44.02279526645066,22.957988165680472,44.0,2.5085917180283883,7.893136094674556,14992.561284868976,11900.0,0.0,0.0,0.9276641259839842,1.4446204856723865,0.7000965755885693,1.0426622334109945,1.5918985981376923,0.9192666934717456,0.33988523189378905,0.906068184668858,0.7470880808020258,0.3917041114217411,0.47405579268499154,0.2915809807751366,5.7664357418368155,7.186915923242204,6.469634193814596,1.817990469529664,2.526145085817039,3.1722415372743415,4.697139168771634,1.213978805058381,1.9606075712569782,111.981686,0.0,6.500248924829995,0.3929293718692466,2.200738324051528,14289.292758523527,15620.991828684137,14698.47844463229,15361.482107635953,LOG00002,Idle 35,122.0,122.5,37.49625246548323,2.465790750052849,40.99664091114466,23.01729783037475,36.0,2.4386844691510903,6.975798816568046,15336.749788672867,11514.285714285714,0.0,0.0,1.0579802394626499,1.3935902818843209,0.8588351737861712,1.0530221316769999,1.345392230038816,0.793322538252087,0.42003961846850174,0.4580063651465108,0.5741677159816605,0.3838187552912691,0.41527940038795114,0.24824647365265218,3.391780412656791,2.5218715212918053,7.010486670274128,1.700566853180747,2.250077876329757,3.6123828236628355,5.443451451798462,1.2372178589189269,1.629251929638877,122.012618,0.0,4.726201212096815,0.3565576760174489,1.9943392479322195,16779.99436460975,15541.589180050718,12471.315863623555,16554.099746407443
LOG00008,Idle 35,114.5,115.0,39.827021696252466,5.921798030890738,12.074575073463446,22.951676528599606,43.0,3.0926123174502362,8.15792899408284,15731.452521837136,11585.714285714286,0.0,0.0,3.4812212140555117,3.3046971083622396,1.0104514808384892,3.7716114373256597,3.1590468027166843,1.1664051227164185,1.2629985955790337,1.090004416522988,0.6684147530326879,0.46146798832985325,0.5030747539223497,0.43015019507215885,5.422829849150573,5.115173727754969,7.546147837916748,2.2816765341068246,2.7501006934409586,8.321332581797439,8.750542389500987,3.3941069605426306,9.065734616963462,114.500397,0.0650887573964497,6.124171591043931,0.46585623769851664,2.5267668699702166,13801.775147928995,16586.22147083686,15584.305438151594,16953.508030431105,LOG00002,Idle 35,156.0,156.5,35.3199211045365,1.4599781123188327,22.01654556779323,23.102090729783033,0.0,1.6614859966338862,6.6224654832347145,14458.537616229925,10714.285714285714,0.0,0.0,0.6676269624872126,0.676354289138375,0.6341696502008225,0.6676269624872126,0.676354289138375,0.6341691058708341,3.930839711598972e-16,4.065340187796044e-17,1.246481973449377e-05,0.3338177474012041,0.46364080541454544,0.2752294333562287,2.4948599585088154,2.903269763398585,6.8591668970203,1.5764805092144154,2.6806336868651646,2.6739299505915652,4.136955211516161,0.672004793686689,0.8084947639155973,156.255768,0.0,4.535102793866757,0.3661276307114105,2.1989870121364143,15250.746689208227,14642.631727247111,11882.586644125106,16058.185404339252
LOG00008,Idle 35,115.0,115.5,36.35424063116371,6.7269803816067935,25.565995735627887,22.98205128205128,27.0,3.0439423752918335,6.452169625246548,15034.347703578473,9314.285714285714,0.0,0.0,1.7697412511765278,1.333400132582315,0.9169014928033857,1.891682587082219,1.3770871505663764,0.8628292871041743,1.3987031731747595,0.5151326326770401,0.560780090970535,0.37964638145712465,0.4446483434038421,0.27704124833818267,4.103408919631222,5.331991396232964,6.1502461085611255,1.7285153144688883,2.3619478462432597,4.227737841728439,4.517552880008007,1.5668343897308354,2.8130188703870203,115.499798,0.0,5.2628770397658196,0.3735395461108272,2.0696089993917512,13813.863060016905,15881.600450831218,14778.33192448577,15663.595378979995,LOG00002,Idle 35,99.0,99.5,35.42800788954635,4.019553364055026,33.997807749514585,23.270059171597634,30.0,2.2513825089823607,6.436686390532545,14782.086503240349,8514.285714285714,0.0,0.0,1.8296500119651269,1.5410720046828388,0.8162006734385794,2.5579244260292264,2.132251008092359,0.8104533074826993,1.6377796581807327,1.4188255531856815,0.7086156489169547,0.4128117099885557,0.43859185995394206,0.25948648196349666,3.148906494815164,3.3505057375861895,6.808153881212468,2.0002262993340754,2.4773787113721375,5.8294295193191985,5.94119772224031,1.6915262471952912,2.5129313614513147,99.499943,0.0,4.743151557103339,0.3786421185602246,2.251478461823204,16241.166525781911,15684.643561566638,11265.567765567765,15936.968160045086
LOG00008,Idle 35,115.5,116.0,24.791518737672583,5.194875629109626,35.84166816012567,23.03280078895464,130.0,1.5699004586366188,3.8189151873767253,10673.746125669202,7742.857142857143,0.0,0.0,2.225170722762193,1.6288433099688198,0.7386710882244948,2.609585623719094,1.4738863519423022,0.8424446609835898,2.179606276473316,1.153092874728861,0.8342635376250737,0.3283783623138686,0.6318806935613954,0.2894106142848524,3.79040281150515,8.086757632092791,3.87967794028963,1.3401522395464582,3.6239865557033255,6.053508934015145,5.602725456809275,1.9499378546338604,3.320281677047089,115.55406,0.0,5.621823648190063,0.4437957726223117,2.732149939249293,9138.884192730346,12195.519864750633,10722.879684418145,10637.700760777685,LOG00002,Idle 35,113.5,114.0,25.131755424063115,1.3309535500577803,40.223271381535746,23.3591124260355,83.0,1.4571534788188032,3.9114595660749507,11114.180050718513,6828.571428571428,0.0,0.0,2.053526611778473,1.5094015448037612,0.8606567461323554,2.0129548306251146,1.610012149711071,1.5259015932739934,0.6279712885989781,0.5628784490229185,1.327501307473927,0.36075239727276454,0.521794294728031,0.40674210228320723,4.4109694222105995,9.226490136965621,7.663430739133996,1.3536671427549465,2.45989345493774,5.333271695896293,5.333641509833977,1.8021188319223507,3.1060698969639,113.738113,0.0,7.3781872702515185,0.43506731889771283,1.9853829029962793,7526.880811496197,11768.019160326854,10426.76810369118,14735.052127359819
LOG00008,Idle 35,116.5,117.0,37.7723865877712,2.5224097821195786,33.95933780475919,22.979881656804732,135.0,2.8738809563863468,7.634457593688362,15180.705832628912,7971.428571428572,0.0,0.0,3.599998985120636,2.647126513551171,1.195095575744176,5.102880668451807,2.7290176404726787,1.184646955819107,2.977147234404529,1.1818914319407343,0.8534465439189634,0.49086204134957434,0.5595440078264061,0.5301981103031868,3.5757631159770225,5.558740777790199,12.249732336132515,2.328162553088527,3.246766127744776,10.522447124653288,8.969815699799128,3.1596891834178242,4.546469348979645,116.734006,0.0,8.036201905608971,0.5276188891303327,2.8250514297862344,9017.187940264863,16714.25753733446,17171.85122569738,17819.526627218936,LOG00002,Idle 35,98.0,98.5,37.56568047337278,1.5415116177077555,33.30392083513692,23.179447731755424,143.0,3.141705341421484,7.650986193293885,15277.317554240632,11614.285714285714,0.0,0.0,3.7171445919911887,3.80193716097662,1.465730002495695,3.8110868494579178,4.737246159815675,2.0949474487833903,0.6296824328509932,2.3174726561112275,1.7436276967063704,0.6452003907671451,0.7495895543599346,0.5005351047453037,3.773674110531644,3.6939175736658685,7.309631493152172,3.514039444022888,4.607736554618146,12.815794003372698,15.718743444165977,3.7597799200075723,4.965616292349344,98.042798,0.0,5.206289654485761,0.6399748524574994,4.09754251783389,17337.278106508875,14084.389969005355,14150.943927867005,15536.658213581291
LOG00008,Idle 35,117.0,117.5,33.55246548323471,1.0427588371231082,22.502045703734566,22.858836291913217,70.0,1.8499218718037673,5.84258382642998,13806.424344885883,8342.857142857143,0.0,0.0,1.6253514148650618,1.5118483751789553,0.9565470317879262,1.712481419428035,1.481946494907012,0.8747044482930969,1.0920873041973571,0.6190134622019584,0.9526295374361269,0.3164346634220079,0.5877849976132586,0.42133187352169765,2.165290266363967,6.430853373693388,8.424178317076853,1.3286927250510623,3.39731505270672,4.867474467555808,6.416202370558503,1.5696261866022598,2.582234207742609,117.024056,0.0,6.2452952257269105,0.4557567506464831,2.579454780079629,10006.227106227107,14613.299520991828,14790.363482671175,15815.807269653424,LOG00002,Idle 35,225.5,226.0,32.34260355029587,0.8347716541800537,17.651603340562314,22.5739842209073,59.0,1.5928199896917943,5.247948717948718,13338.067061143984,11842.857142857143,0.0,0.0,1.0414717272622167,0.8200964765380568,0.748511760136085,1.1421401720401876,0.7748190084715546,0.9062189769233485,0.760238365508036,0.3705237723858268,0.7840352810071062,0.3036155579588005,0.3348141303861041,0.26367890155174306,6.8791876851831795,5.923307816499689,4.249951662944034,1.2522558334472933,1.3888907736479714,3.636870145825073,2.827380915306016,0.9373424106260959,1.3122050960855558,225.918831,0.0,5.787080087987462,0.3021089605116949,1.322339263110499,12324.65483234714,13721.527190757959,13327.810650887574,13978.275570583264
LOG00008,Idle 35,117.5,118.0,53.05147928994083,12.797574843493498,22.606143166047808,22.357790927021696,47.0,5.472004842824354,14.495502958579884,19047.99239222316,11900.0,0.0,0.0,2.8581468932956207,1.7831551964457808,0.982251855992586,2.7801214605927935,1.6967160124815412,0.8899359259687799,1.0489589660478273,1.1128268231628318,0.4116103641156619,0.4621566518127579,0.5427139097460018,0.3589683440360429,4.140475035493031,4.637397697715631,7.970004406649798,1.9973795829500969,2.661682746244717,6.248313381893005,5.367004166926894,2.3820837640883874,4.722859851911203,117.99188,0.0,5.835807889468159,0.4607911423723871,2.3530916089309737,16715.86362355593,20510.22823330515,18712.341504649197,20253.536207382364,LOG00002,Idle 35,240.5,241.0,53.50828402366864,13.375412781486375,16.501965946971563,21.8156607495069,72.0,5.565276021152938,14.163017751479291,18888.87010425472,11714.285714285714,0.0,0.0,1.346512136313303,1.8246370648445907,0.8353054444120512,1.3235719298997057,2.3345992908870645,0.8310912790896692,0.18378429344840208,1.3741793260038977,0.1558084776874472,0.4353897238806971,0.6299580069063832,0.3372139840817813,3.0556987679321894,6.353810173909526,7.255664291320414,1.8628222347095835,3.1343812205914,3.716003027580332,7.5117265327592015,1.6034954555039593,2.9087687708160406,240.961347,0.0,5.841029104383367,0.483088871460411,2.5782215104723303,18648.71794871795,18965.08875739645,17566.187658495353,20375.48605240913
LOG00008,Idle 35,121.0,121.5,37.91264822134388,0.9696776810391857,22.060711527294128,22.805276679841896,38.0,1.9194019191770906,7.376284584980237,15141.14201016375,12242.857142857143,0.0,0.0,1.849118017782268,1.4976245188912418,1.0027303719940415,1.830640576812012,1.3632127209073075,1.0160711032675374,1.4810852141494641,0.8058243807979065,0.9019925873814529,0.3632634357835786,0.43829011095112796,0.2821314864958698,2.8113556713207695,5.3567148426599305,6.62894470320239,1.682518555303121,2.4109044196510316,4.532927401805541,4.835025372811525,1.6825749081796102,4.553601329316981,121.040417,0.0,5.181409798319234,0.3668136315202456,2.0788613240945377,14534.556747600227,15672.416713721062,14517.363071710899,15840.231507622811,LOG00002,Idle 35,156.5,157.0,35.02879684418146,0.3945875585604692,26.18463235901889,22.96197238658777,0.0,1.4596710427593158,6.120631163708086,14505.100028176952,11585.714285714286,0.0,0.0,0.662702893746042,1.0191832602666697,0.6739854295348845,0.6627028937433671,1.0191832602665445,0.6739854295293103,3.651609891651185e-11,3.964370941401988e-12,3.0374487802185283e-10,0.27328456109825655,0.31560138548833766,0.2440712263879472,2.14810453348978,2.5109935009917823,6.816376520263057,0.8990657073782726,1.6296397604252288,2.0525637021732823,3.811381274411537,0.859624814493851,1.323082437493707,156.935529,0.0,4.373497087183808,0.2792009129685059,1.3160632384012536,15223.245984784448,14769.23076923077,11887.771203155817,16140.152155536769
LOG00008,Idle 35,121.5,122.0,42.83392504930967,6.818963071835264,47.33118864151123,22.71272189349112,31.0,2.569374446660054,9.29457593688363,16832.093547478165,10228.57142857143,0.0,0.0,1.373061705543498,2.0015666116325814,0.7627740358392099,1.4781598681356698,2.3147964342771705,0.9126144101569814,0.643349721213038,1.1963082687338087,0.7060940857590717,0.3503814549452927,0.47432318958639985,0.3211469997168306,2.7024602903343866,4.482034706651774,6.899378707737138,1.4338614405661043,2.491332939795556,3.528413828055297,6.216190605268281,1.7163285448934813,2.8983301359116136,121.958931,0.0,4.999778437932422,0.38767901137243155,2.0325720710042074,16698.9010989011,17406.198929275855,15311.383488306567,17911.890673429134,LOG00002,Idle 35,306.5,307.0,41.0145956607495,9.515069745024645,48.989830632734666,22.051775147928993,37.0,3.5008473392404054,8.323234714003943,15931.748379825302,12571.42857142857,0.0,0.0,1.3037211029386948,1.3944267091976006,0.7178589209017869,1.3632642566007689,1.4756423379373347,0.6368652469425897,0.6883146596200583,0.5414549993836756,0.34389517507467604,0.36917773158956163,0.4130753672405155,0.3017601413501954,2.6764407088287685,3.493753416780699,4.966874011525526,1.6036939856460204,2.0600494533122125,3.953876084891199,4.388662100183358,1.349836019961562,2.3719563977766813,306.500552,0.0,3.8314264206911397,0.36422641283968354,1.8460279182191635,14909.298393913778,16761.735700197238,15209.157509157507,16846.801916032688
LOG00008,Idle 35,122.0,122.5,29.582051282051278,9.866436107973097,61.335787971807655,22.86733727810651,27.0,2.6335890442594834,4.951222879684417,12153.634826711748,8242.857142857143,0.0,0.0,1.295953177034088,1.1443333093979753,0.8449954572212889,1.0523727036285273,1.3635925423339583,0.9660223502643214,1.0256382813930818,0.6477319321627683,0.6071556386959586,0.3321430667381996,0.6357319356847762,0.393296048085735,5.415404914755654,8.536774680723347,5.1235917234135355,1.3864312217470687,3.656624584877574,2.9499440037476217,5.369943380820229,1.2224960858960792,2.588426511840946,122.000368,0.0,6.543554703890707,0.472283774960078,2.7652391295660266,11570.89320935475,13137.61622992392,10496.13975767822,13409.89010989011,LOG00002,Idle 35,177.0,177.5,31.305522682445762,5.809083639843087,58.40767722546217,22.804674556213012,17.0,3.483288856538768,5.017120315581854,13157.593688362918,9300.0,0.0,0.0,1.2364839760438415,1.838136150420654,0.5606685155919781,1.4526690417139918,1.882154878626704,0.5536415646257504,0.6240012542075176,1.3467041302131821,0.1337321719670558,0.3621953593589483,0.4446654857345427,0.31205253104986735,4.01927332606114,5.1808334529194,3.831064833238168,1.693152816249652,2.430693970707084,3.718390778317434,5.960090808516207,1.5664669052515034,2.441069742984185,177.000405,0.0,4.384542967172653,0.3769569624768513,2.0946407375020057,11320.090166244012,14371.174978867288,13565.793181177796,13373.316427162583
LOG00008,Idle 35,122.5,123.0,41.296252465483235,7.877797287186112,69.4460944291526,22.820848126232747,86.0,2.8129167883723265,8.87767258382643,16415.588898281207,11485.714285714286,0.0,0.0,1.5090233550652752,2.0794244751611295,0.7939026986783059,1.6712419630589512,2.1128319151529875,0.889582641825651,1.161640930466433,0.8442888741660195,0.7762207455663421,0.34200615994456707,0.4859190709871093,0.3139900911796888,3.216386308631235,4.8237747054148405,6.174167280562463,1.4570496337680707,2.6097156011745635,4.644141184038025,6.419429334318101,1.8167495196134775,2.480203017402469,122.530166,0.0,4.889931318649188,0.38801861396417286,2.113481624509376,15026.599041983658,18023.696816004507,15643.927867004792,16968.131868131866,LOG00002,Idle 35,189.5,190.0,39.49842209072978,4.6973110646425145,61.52054871754261,22.610236686390536,39.0,2.169763760166729,7.728796844181459,15550.22541561003,12871.42857142857,0.0,0.0,1.1639861344748517,1.6774899768947789,0.6840301070617624,1.1223795403958352,2.080280207550133,0.791099587315568,0.6321436681310724,1.3425414033446146,0.4348014633354654,0.32254974736223946,0.4409652908583835,0.2508606813082712,2.319951075042906,3.219019503255755,5.480060058393034,1.4094403001769678,2.1707636035528823,3.500915631147123,5.374349187699056,1.443751423173697,1.9949388298785544,189.973683,0.0,3.9062052257286033,0.3470925950865337,1.830127943925347,14421.329952099182,16522.062552831783,14642.969850662159,16614.539306846997
LOG00008,Idle 35,123.5,124.0,41.72134387351779,3.002538282631547,68.50755118198424,22.665434782608695,92.0,3.2851319374518377,9.66794466403162,16116.247882552232,8542.857142857143,0.0,0.0,2.765591407701228,2.3602460942895567,1.163841781970782,2.8944869769418418,2.061049473234649,1.1322780243712527,1.5496160841463282,0.8373345722034262,0.775478556253618,0.5007717550401853,0.9437213193046955,0.44645249586081853,2.551576959783369,5.7919065166218635,6.4789392591654495,2.6327327002887637,5.7745162198279045,7.155113707965307,8.470945460575663,2.5709198217719633,4.307727304815906,123.999184,0.0,5.229193054475981,0.6685063226369107,4.487556074536858,10032.411067193676,18887.549407114624,19537.01298701299,16008.018068887633,LOG00002,Idle 35,230.5,231.0,39.75956607495069,2.263726965042675,65.32838206977333,22.262662721893495,91.0,1.618968480510801,7.4759566074950685,15797.548605240912,12000.0,0.0,0.0,1.3698251701719506,1.5785269726137738,0.9390395247212733,1.3460325339237644,1.4401229827874857,1.2582629930390956,0.5354127425639067,0.6773217932878997,1.3367941821156017,0.3575375478761788,0.46275405909375955,0.2736379627172506,2.542774249506509,3.0671808820261,5.8021384216869105,1.5454007072594365,2.482965109642279,4.2109090971028,5.431662598126071,1.4778647434907264,2.1392285465561454,230.788698,0.0,4.063582561871371,0.3727609385782032,2.0680158463729024,14177.17666948436,16804.36742744435,15503.888419273037,16704.76190476191
LOG00008,Idle 35,124.0,124.5,34.80118343195266,0.6293280752622366,52.65751063996206,22.726666666666667,94.0,2.50233641166933,6.975857988165681,13888.095238095237,6357.142857142857,0.0,0.0,4.115182691252146,2.49177553665778,1.4260107751300457,4.704739946708775,2.532842013534305,1.6509503060354296,2.130833429993801,0.7610119708709576,1.0686553277409165,0.5167906337777708,0.9871444336182359,0.70937672265186,3.5882626280543115,9.776112065865531,14.62373497800889,2.784583176348206,5.467469534764983,10.969295500941811,9.612614985731268,3.401740283110062,5.478248544654383,124.016943,0.0,10.36503128342752,0.7626143688269957,4.338613060621141,7372.499295576218,16857.95998872922,16866.356720202875,14455.564947872637,LOG00002,Idle 35,168.5,169.0,32.136686390532546,1.2831618009312085,60.22604841965679,22.9360157790927,82.0,2.298627068373606,5.6274358974358965,13325.979149056071,7357.142857142857,0.0,0.0,2.3566483284949045,2.5439333793689776,1.0328435374067069,2.5189930376134746,2.379323890426413,0.9654824652966095,0.4922909806485446,0.4991466219149116,0.39114007080205004,0.495384350476801,0.5673129295790736,0.3234483501572407,3.0534359551173784,5.351712604847318,6.0072679081503315,2.4712266387394886,3.2421381848814685,7.544476930172255,7.765929737918061,2.452079564661952,3.7129436761354557,168.830708,0.0,4.968284970932393,0.47324005535751584,2.8825701300993685,9050.718512256974,14769.794308255847,15016.342631727248,14467.061143984221
LOG00008,Idle 35,124.5,125.0,38.49309664694281,6.946661513984283,36.5909135196927,22.89846153846154,78.0,3.594946023697652,8.490059171597633,14780.621301775149,7114.285714285715,0.0,0.0,4.228681236400033,2.5867126806167873,1.2568284663797484,4.676670629095097,2.4990374051962996,1.2492319650534587,1.9955699382853687,1.1780061835668891,0.762048965062575,0.569166130784911,0.9721651590328031,0.5670375525882808,3.247446829153992,6.939569363260573,9.444218694994184,2.8050741688268865,5.707548510844291,9.815456956569683,8.995615850873644,3.505198103613074,5.7960043305119875,124.551657,0.0,7.021319928488392,0.7281453075944043,4.496918450242385,9062.186531417301,17123.555931248236,17739.81403212173,15196.928712313327,LOG00002,Idle 35,134.0,134.5,34.74260355029586,3.3761723840894127,38.47120937953602,23.22984220907298,52.0,2.2665879406534075,6.262248520710059,14390.539588616513,11400.0,0.0,0.0,1.3826988438569292,1.2540195009257686,0.8555177827341913,1.6039077077055675,1.3740622163701017,1.023735044265609,0.9382199229769942,1.0226698850888603,0.6743536825407044,0.36482956370669556,0.42762059868814695,0.24727103780993895,3.899361525327397,3.999773133909419,5.2509588635865425,1.6672197907486752,2.282515141213165,4.017957717660466,4.753489323592397,1.319928218030322,1.8386391458001505,134.212609,0.0,4.426276629968854,0.3545433462528154,1.9986867188896076,14350.295857988165,14526.85263454494,13480.586080586081,15204.423781346857
LOG00008,Idle 35,126.0,126.5,42.44980237154151,5.122731828220944,76.31821583283306,22.646719367588933,67.0,2.168305681869901,8.154031620553361,16790.266798418972,13871.42857142857,0.0,0.0,2.424519709647166,1.944373094755283,0.745719874680451,2.9797709471544116,2.0221792263432716,0.7124030644126516,1.6383133360446154,1.0836194111298643,0.1333955505833793,0.3129729645535046,0.4567160661780606,0.30369047489395945,2.399077679951813,3.889218982772282,7.311125995791098,1.3544313068732643,2.4303577880449057,4.611808181565807,6.281757262764966,2.1975989800320503,4.215158826409691,126.445865,0.0,4.977755897883157,0.36458631634035604,1.9673742835247368,16440.372670807454,17602.795031055903,15281.225296442688,17836.674195369844,LOG00002,Idle 35,163.5,164.0,38.20591715976332,3.3976387695173886,69.28472209761155,22.80134122287968,41.0,2.3222686023227865,7.392287968441815,15339.349112426036,10114.285714285714,0.0,0.0,1.6904361032016297,1.7561477319846035,0.7933280112451888,1.863851043642615,1.949734207478811,0.9434699904901458,1.1984158237256513,1.4938724991485457,0.6819289961986773,0.40510990616267106,0.5500430448281969,0.288354019916578,3.069717071458825,2.989777540384,6.8144972954455305,1.8227704229523014,3.2141715621709803,5.10191981501244,7.021522281380939,1.7236050991399072,2.3730150841532125,163.594027,0.0,4.647555128933377,0.4281002328260101,2.6127945619449626,16942.74443505213,15510.284587207665,11559.509721048184,17344.85770639617
LOG00008,Idle 35,128.0,128.5,31.56627218934911,10.243284542268725,23.6489502548794,22.704437869822485,49.0,2.642921216843431,5.713076923076923,13108.41081994928,5228.571428571428,0.0,0.0,6.588150839780306,7.753966634880228,1.1818100574429637,6.274336502211631,8.13852374125118,1.151834556756695,2.2299472785746803,1.5760271925522997,0.14600236088019466,0.7097545424876148,0.9112863509364398,0.5702101871270036,4.634153485055998,6.639580335342508,5.620587874385888,3.6946639748924874,5.328548928478257,13.982589907196038,17.42688303930118,7.194710906719385,16.493226512307658,128.002721,0.3609467455621302,5.690647696182957,0.7437145468274478,4.584974131364055,11620.540997464073,15947.421808960271,11287.996618765848,13577.683854606932,LOG00002,Idle 35,180.5,181.0,31.88441814595661,8.984791764091634,20.510266597295356,22.74242603550296,31.0,3.08385982829672,5.87447731755424,13066.715976331361,6514.285714285715,0.0,0.0,1.9472427491309563,2.42479933559531,1.112545268878921,1.8850942149384973,2.4671534869460827,1.202136592016759,0.5443471909431666,0.4676057546181679,1.2603255923178778,0.4521076510636556,0.7913014773649448,0.4351735652500861,4.05973122644137,4.3013940156121935,3.999912462804708,2.1473944889355963,4.547089746918128,5.541309808919015,7.375261169447103,2.199023208375317,3.80375063846997,180.752258,0.0,4.122406571352385,0.5830767211161584,3.5557930379620624,9727.472527472526,13462.69371653987,13897.210481825867,15179.48717948718
LOG00008,Idle 35,129.0,129.5,46.11538461538461,8.119817722228072,24.08959443100926,22.429151873767257,16.0,3.8045969174860126,10.975207100591717,17508.74189912651,13600.0,0.0,0.0,1.9465253030017646,2.1745620155609906,0.9731825968164366,2.3605478373431636,2.626479149496,0.9960491858642645,1.5180573478349026,1.2876785852128907,0.42640102339212904,0.37277898945699994,0.5724915105469022,0.3608431312593188,2.6849785201483973,4.267401199144138,6.725248621156471,1.6079379808847882,3.189372625131846,4.44093385349571,5.832981110808885,2.063695800590143,4.016898736211711,129.003062,0.0,4.852792723936809,0.4460636987418896,2.5256249021095996,17440.46210200056,18164.412510566355,15725.274725274727,18704.81825866441,LOG00002,Idle 35,316.0,316.5,48.40828402366864,7.321728114189141,18.223739267266904,21.808185404339252,29.0,3.5630088911157034,11.74005917159763,17418.251620174695,13228.57142857143,0.0,0.0,1.4984579220868202,1.9950160387050382,0.8042581339966455,1.4314108541917419,2.695263537501696,0.8021965367687315,0.33592329203396026,1.55415760402865,0.0330218957340392,0.3398304614708482,0.4567881792334501,0.27285601942280235,2.404800537981927,3.405191786578017,6.5875248611113495,1.4252526291883116,2.5023414689910473,3.7271327770382134,6.878058760122096,1.7642937877455518,3.089216408773903,316.220246,0.0,4.500884377046236,0.36450449954523056,2.036302762906399,16820.850943927868,17582.812059735137,16578.275570583264,18691.06790645252
LOG00008,Idle 35,131.5,132.0,41.828007889546356,10.339457587851653,34.34724733344234,22.45382642998027,81.0,3.9076090470301352,9.889980276134121,15651.465201465202,6671.428571428572,0.0,0.0,9.819038559412187,6.062969371319499,2.4621209540609192,9.717467924802756,6.14424140700225,2.479516117099982,1.4829960267091522,1.0483799094045223,0.7699967674217056,0.7438261006658554,1.1503667216222417,0.5599580343566469,4.356108705897308,6.062265668013319,5.718287504015704,3.942827170147014,6.856792179247303,23.214504409746464,18.27248284145648,8.160058695523631,13.773060867654534,131.901605,0.5759368836291914,5.429105514592911,0.8544342889671183,5.5929189643260715,14352.57819103973,15628.148774302621,16115.948154409693,16509.185686108765,LOG00002,Idle 35,229.5,230.0,39.39250493096647,13.317516124906895,37.684350126585784,22.2512426035503,57.0,4.07293841981404,8.335424063116372,15256.776556776558,9100.0,0.0,0.0,1.3141558259954222,1.795485515078155,0.799277152962235,1.5004882135232012,2.0028279130884883,0.8608138140126512,0.8640395320548807,1.1678340228688702,0.41714212907441417,0.5653991595762347,0.552729744015971,0.38217881625147326,4.184694407541693,4.4237493947003,4.92689942772743,2.5977214953881393,2.8836895535080207,5.173898991015458,5.260473726427115,1.5733362275516916,2.7585807929547173,229.736972,0.0,4.522372679710023,0.5070328809721814,2.744432765492069,14415.41279233587,15949.281487743026,14306.058044519583,16356.353902507746
LOG00008,Idle 35,136.5,137.0,40.07648221343873,6.906588785561632,31.332349330864005,22.49197628458498,115.0,2.8406048244183686,8.32567193675889,15287.747035573124,9314.285714285714,0.0,0.0,6.475551419788746,7.664127667971754,1.3113783687852445,6.218208261827245,7.637055416385014,1.3245320280352013,1.0072741815807227,1.580461814634439,0.19160202839747797,0.6506295915647713,0.931007310298356,0.48551589833339814,4.186085803556563,5.685501377164389,6.651544915725196,3.4256141458754263,5.8975618822841644,16.069758994776418,19.18430476736425,7.094773396708953,11.889574618739648,136.692355,0.45454545454545453,5.600336002728932,0.7131664520019637,4.822658417916043,15468.887634105027,15392.998306041784,15089.073969508752,15200.028232636929,LOG00002,Idle 35,310.5,311.0,38.35976331360946,10.40402357037196,36.32149461374703,22.19047337278106,73.0,3.7330303564485163,7.853136094674556,14789.44068751761,8114.285714285715,0.0,0.0,2.271157226513413,2.2192411135948698,1.1786828244907852,2.4232090568846942,2.3694383774490357,1.0744362977047737,1.5655142727924873,0.7510887686617174,0.5048196153570084,0.4419002943897144,0.7184746324292071,0.40828082846585123,3.5361890441260604,4.841628106821273,5.602824730428793,1.9593456877283901,3.786635402887969,7.309851233049115,7.46986054542167,2.2453492231514787,3.104053456264594,310.859233,0.0,4.737708329296751,0.5410406338772109,3.0147672545674533,11854.015215553678,14964.187094956327,15535.981966751198,16803.57847280924
LOG00008,Idle 35,139.0,139.5,38.49525691699605,9.82114245713006,11.386886826925695,22.57646245059288,56.0,3.0739820842456624,8.126067193675889,15154.616036137775,8142.857142857143,0.0,0.0,8.021661358488956,6.7028730391116955,1.5108173979935653,9.016055681485474,7.130344242188233,1.4993099873027684,2.75188383116777,2.950212308435791,0.17345149096107584,0.46707207503795306,0.7110323140651962,0.44998341765329375,2.7619088104916663,5.212595550693454,5.638087828140432,2.1908438017870187,4.163774545082537,18.829482391043694,16.282522942089898,7.3917372088273465,16.046980427597447,139.047287,0.35177865612648224,4.711239292387442,0.5556402766443127,3.32692162712814,14580.0395256917,16798.221343873516,13359.23207227555,15880.971202710334,LOG00002,Idle 35,184.0,184.5,40.84595660749506,14.60519747609293,10.574970689118,22.21994082840237,32.0,4.801139675383428,9.514753451676528,15617.702169625245,8185.714285714285,0.0,0.0,2.118295645778019,2.62765972509199,0.7326985104112563,2.188349481976456,3.4097974603394627,0.8100189849517256,0.4201443809671985,1.6123396448789238,0.3207649639939276,0.3926808848683814,0.4616264054850295,0.29964479952879536,3.608124046676844,4.491622364639425,4.95595062145193,1.696171799347328,2.3971769112011083,4.803434011594989,7.970854205496798,2.3866055469843177,3.8789622311782446,184.361135,0.0,4.387659860905602,0.3903349935063026,2.0764700715994966,15830.48746125669,16066.525781910395,13810.143702451393,16763.651732882503
LOG00008,Idle 35,139.5,140.0,25.473570019723862,2.1256885823749565,10.501629327371539,22.518343195266272,53.0,1.2315926399405022,3.6569230769230767,10863.024795717103,8728.57142857143,0.0,0.0,3.142678121239674,1.8719118089098532,0.46850113806427524,4.399489322324275,2.0383139537235095,0.4738177581509882,3.0064337802190373,1.54955030470664,0.022755394775271855,0.31354989736538075,0.4428188674831306,0.2834594313124769,5.4197911902772296,8.882795528475512,4.518334453829444,1.2153475235962614,2.3292188241469436,8.85116914685694,5.103465968488351,2.5865497863036286,4.498759413921737,139.93421,0.0,6.549644753307198,0.35343615016806845,1.857731134189234,10941.363764440686,11902.507748661596,9910.932657086503,10697.295012679628,LOG00002,Idle 35,227.5,228.0,24.70591715976331,0.8847182197983797,12.514858158657555,22.535108481262327,51.0,1.067121217157711,3.203629191321499,10697.590870667793,7785.714285714285,0.0,0.0,0.8845273265267867,0.7642890786673767,0.7658022731560586,0.9029418029676445,0.6860912397633762,0.8365118109965786,0.535555051270149,0.535875212408817,0.668832213723067,0.23283231655952008,0.2553970004680779,0.21462873352431577,3.8281895434716393,5.484208473605727,2.12580681767701,0.6394190263891586,1.066296525814031,1.8338263636860228,1.9148542155126762,0.8265973587977559,1.0822945774548518,227.540796,0.0,4.051774606630059,0.23487869829397454,0.879160102675142,8657.283741899128,11131.896308819387,11013.271344040575,11987.912087912087
LOG00008,Idle 35,140.0,140.5,37.78520710059171,11.306696193108897,21.38804057166477,22.50005917159763,86.0,3.218034423987776,8.364280078895463,14463.285432516202,8728.57142857143,0.0,0.0,2.488849255808153,1.7463774601615842,0.6902421313719752,3.384831396121742,1.6921857640197726,0.664737615188206,2.472568611644755,1.3876649274973734,0.3467845278851476,0.4555779192519941,0.8173859267042157,0.36918983056970894,4.756781255805037,6.728148097310117,5.329235412512634,2.1622019692129193,4.53973864160957,7.950165294201637,6.2959553091201235,2.149907538883617,3.425335003060671,140.018069,0.0,5.665559543325344,0.5807960412744382,3.5555832355459844,14535.305719921105,15354.77599323753,13122.090729783038,14840.969287123135,LOG00002,Idle 35,160.0,160.5,33.217193675889334,12.131491409721631,19.284100315525475,23.050256916996048,55.0,3.9319003417811818,6.324525691699603,13709.02738565782,6271.428571428572,0.0,0.0,4.103545966724672,1.8851789433283814,1.364835549247902,4.5365865689063885,2.3182984747845747,1.6328648757345379,1.669468368697104,1.4379817068048864,1.491016255459113,0.4954889632030135,0.5946235748597546,0.40737816087181006,5.033821730179297,4.50990551693668,4.116582304575218,2.265158286324385,3.386456487665558,10.30627806673839,6.49809944850706,3.193195041756065,6.702326012769045,160.365902,0.0,4.568911571817478,0.5049895954011626,2.8808878496876766,13827.780914737436,14328.853754940712,11502.936194240543,15176.538678712592
LOG00008,Idle 35,140.5,141.0,36.42110453648915,1.2203438108523081,40.85477923840983,22.513076923076923,88.0,1.9598613080759848,6.346074950690334,14688.045928430543,12285.714285714286,0.0,0.0,2.028272355612444,1.7688454472721864,0.9634168189922364,2.8534274859298403,2.1640152371204353,1.0939283046148962,2.2616231609018365,1.729960458083193,0.9654830413365423,0.3861146253355467,0.38086728083925786,0.27659792761488644,3.933783128614236,4.478850955645654,5.783530686381257,1.6457440963289778,1.9224753573694848,5.2969046820804095,5.3076923076923075,1.9029848876012119,2.743214467568433,140.500503,0.0,4.795274854346085,0.3514971802033647,1.78946711764908,13639.954916877996,15830.45928430544,14251.028458720768,15030.741053817977,LOG00002,Idle 35,235.0,235.5,37.57100591715977,3.2066818143288915,42.92721442364393,22.41230769230769,78.0,2.512972458026268,7.321183431952663,14674.852071005917,8985.714285714286,0.0,0.0,1.6326161680030415,1.6210306904895115,1.0713136193765866,1.5611646332928222,1.551521117409466,1.1050284337767138,0.4996962960253522,0.3230539549812349,0.9271889781607252,0.5566238348841388,0.5703153691386995,0.35468763629243444,3.4767910963429576,5.021531454049838,4.875030325517831,2.911951938726036,3.3267481195827133,5.242633603504227,5.571836761025823,1.6268337425093322,2.2059894610834565,235.291481,0.0,4.511827979372295,0.5036179217011147,3.126237126690605,10961.256692025923,15126.993519301212,16050.464919695689,16560.693153000848
LOG00008,Idle 35,141.0,141.5,34.99211045364891,0.7740979885562144,46.9216804289228,22.700177514792898,110.0,1.9658939292832223,6.289901380670611,14114.856297548607,9700.0,0.0,0.0,2.3665104280076843,1.506528024925048,0.9273277778835636,3.3551657039749667,1.583182045334774,1.1907236569139261,2.6431592981371215,1.4110619896793621,1.2253627043708606,0.43722457770583384,0.5296239567482992,0.31333751484730504,4.684067235549026,7.311000163069774,8.067051494051057,2.1149124075190766,3.096478169429459,6.172567676095284,4.760537983620247,1.983683227704676,3.266348580020335,141.421964,0.0,6.842721901388404,0.4358314908013777,2.6515119785917767,11315.187376725838,15228.261482107635,15072.161172161173,14843.815159199776,LOG00002,Idle 35,112.0,112.5,30.377712031558186,2.981665918380126,46.19646774504837,23.272287968441812,70.0,1.8169098186798067,5.068856015779092,12861.848408002254,9142.857142857143,0.0,0.0,2.1842643818750918,1.2010980934336692,1.2224979666092355,2.615607638897312,1.1320226359827446,1.714615417555157,1.840142906718421,0.5942529879134933,1.6778551039605856,0.4968570423011533,0.45824891587301414,0.2757593829527909,4.716000096168465,6.956197238594174,4.2276341076390676,2.5918219101349185,2.67441247291866,4.919469832405994,4.084414983736206,1.7626184385706065,2.9287120060020615,112.211881,0.0,5.431458584866481,0.42146657703371393,2.6334409893861594,10657.593688362918,13566.582135812905,13715.384615384617,13507.833192448577
LOG00008,Idle 35,141.5,142.0,32.40158102766799,0.7606668792198243,41.618974190604725,22.426501976284587,108.0,1.929908214718871,5.765138339920949,13175.663466967815,7285.714285714285,0.0,0.0,2.3558799738961045,2.0350484020304878,0.9033379054323053,2.792450948815076,2.2656214163069883,1.1982437495129097,2.500054598014211,1.847727464511313,1.0264935412583862,0.3800432893278743,0.7153328833243346,0.5478795936304046,2.972386087922983,10.961246569856964,14.026692996398845,1.8163836500688049,3.820159570332833,5.830612954984239,6.676902550433411,2.2013169297049835,2.7579189672229245,141.861973,0.0,10.420046734317841,0.5645960458135456,2.991059068878682,8143.534726143422,15140.90909090909,15644.099378881987,13774.110671936758,LOG00002,Idle 35,262.0,262.5,30.112623274161738,0.6279160156994908,36.340626364561196,22.386015779092705,73.0,1.4487611608593736,4.725798816568046,12480.46632854325,10128.57142857143,0.0,0.0,1.2757002834217281,1.2529816701786378,0.5960922715860649,1.7052556537764512,1.249316951318563,0.6418181255206222,1.30290352317506,0.8833300983871676,0.1649419852045917,0.2866797928256754,0.3746897604500711,0.2678258653148986,4.4221351232144395,7.291858763227121,3.4703594100340234,0.9401227609821158,1.8957762532348872,4.101762742247333,5.427485024241239,1.2643920038749703,1.6717152569152083,262.077418,0.0,5.315696182239619,0.31321367271793754,1.4962951593930156,11305.860805860806,12527.528881375036,12843.195266272189,13245.280360664978
LOG00008,Idle 35,142.0,142.5,37.655029585798815,3.946639814769907,30.53797722540533,22.459723865877717,110.0,2.6643864499015426,7.5400197238658775,14638.778529163144,7342.857142857143,0.0,0.0,2.6079232906766956,2.0213202925248512,1.0921707269874772,2.9899352696528214,2.8639798614388265,1.0771538489844492,2.6204817195052126,2.1604639235106156,1.0059096909489358,0.4245834993319302,0.7551914470541704,0.46513527589901,3.5732159604416247,7.699331026096781,12.392195788293296,2.037665407081536,4.140296958189631,5.409466463171166,7.84250795131694,2.3331309023527504,3.4363456885430037,142.428258,0.0,8.672064095026924,0.5677253134202508,3.262984769594479,9550.831220061991,16446.210200056354,16604.14201183432,15953.930684699915,LOG00002,Idle 35,282.5,283.0,34.690909090909095,2.9426058541842486,31.8175381831757,22.30302371541502,84.0,1.8955219627925266,6.343083003952569,13809.577922077922,11342.857142857143,0.0,0.0,1.2013742596613783,1.1884203287308763,0.8406964211411887,1.4013269520490212,1.2570603827366178,1.143099595177153,0.5849568874062736,0.7577094651485927,0.9841036432536346,0.30341115508015987,0.40631494452697686,0.247527206783199,3.4956109359891188,4.536585844542806,5.671940093197177,1.2026905999011819,2.1439073110533067,3.860973274254295,6.078537373479785,1.1949148483297314,2.269660584121877,282.990202,0.0,4.6537014429924675,0.3257912835292609,1.7382179433946832,14179.079616036137,13947.233201581028,12061.40598531903,15050.592885375494
LOG00008,Idle 35,143.0,143.5,26.043392504930967,4.828336265677919,24.733839713755074,22.62800788954635,47.0,1.5433820340002522,3.5413214990138067,11245.224006762468,7514.285714285715,0.0,0.0,1.4378024037083512,0.9491899136759231,0.618658647741741,1.7480023634156339,1.4425191786410476,0.7380196273125128,1.4609361962406946,1.262700434036186,0.6834136926513972,0.2819320237243334,0.5346184726915209,0.27519518708824087,3.610444089026954,9.749578494234443,4.689704821244832,1.106059861387384,2.9854918999341242,4.1812958175670785,4.188836483417874,1.2182440733148716,2.6847010324249827,143.493788,0.0,6.584904925804054,0.38342099070553615,2.251280780083257,9692.561284868976,11931.614539306845,11532.516201746972,11824.204001127078,LOG00002,Idle 35,215.0,215.5,26.237475345167653,2.602959917523198,21.13950803768597,22.644102564102564,40.0,1.5105540596746967,3.972228796844182,11209.699915469144,8871.42857142857,0.0,0.0,1.5408441451383728,1.0763337886912367,0.7196351212190611,1.7958176211323016,1.1138566892989528,0.743446688958621,1.3211605016263324,0.47241970504522324,0.5380266352688846,0.36171645350258314,0.40945945520985083,0.2751656195958795,5.842355282598212,5.929918597580492,2.8529125332363985,1.489013712358529,2.1131700439915093,4.657500154837109,4.382365594644997,1.3290400867328338,2.0993602473562905,215.361318,0.0,5.080556391588475,0.3531817079081806,1.8279290837467956,10549.845026768104,10665.68047337278,11371.344040574812,12251.930121160889
LOG00008,Idle 35,143.5,144.0,19.38974358974359,3.5940139435131573,26.712371276925246,22.620650887573966,61.0,1.1518153126611015,2.38905325443787,8600.887573964497,6614.285714285715,0.0,0.0,2.059638657939938,1.0044435075591902,0.38134735315425894,2.6126175491933408,0.9769164936444953,0.340999912030198,2.2619384356289296,0.8609895298261456,0.14615369647035514,0.27729983965403915,0.35951793270797894,0.24953855846781442,2.0625703928891084,5.513534912734735,3.8076581864494097,0.6576345279391775,1.664927517120525,6.059859197301886,2.7642405179408036,1.6203422726631607,2.8048128109307355,143.518409,0.0,4.047695835262442,0.29911972919048624,1.2657935869648926,7577.23302338687,9371.851225697379,8719.836573682727,8734.629473091012,LOG00002,Idle 35,199.0,199.5,18.559486166007904,0.6870908288726272,27.183612355102234,22.756521739130434,60.0,0.8750005449565825,1.9982608695652173,8515.817334839076,5971.428571428572,0.0,0.0,0.7869123569932758,0.945921368026216,0.5176955741277155,0.7213917881317155,0.7940986004076352,0.5960580179172742,0.2975776964257637,0.3610577521441075,0.5195751697824997,0.2735803916987844,0.2912367779060444,0.28518963587431634,1.602424546892035,3.526292343354682,5.328854947757591,0.7250486515964651,1.057944342303981,1.805787796286538,2.2793973269074974,0.870056978616142,1.2227105614786196,199.275085,0.0,3.803471974110171,0.2834303088575626,0.9069018079689923,6344.692264257481,8727.188029361942,9302.48447204969,9688.904573687183
LOG00008,Idle 35,144.0,144.5,47.2300395256917,12.447547133580434,33.033824782908745,22.28401185770751,53.0,4.676950255995033,11.922015810276681,17068.69706380576,10271.42857142857,0.0,0.0,1.3630113360817528,1.9998203492970794,0.7615665814142555,1.310492577424839,2.6375385666984523,0.717292348556788,0.2838112116990846,1.6786747568373803,0.24032628823321642,0.4295124351188033,0.6120626448449933,0.35305812142154697,5.852440690126766,6.381540318694308,8.407720413792823,1.8632456736319547,3.331843665520035,3.4250876333960694,6.944870430500679,1.7112979477212693,3.154622055742527,144.499066,0.0,6.96813895352939,0.47740676235890794,2.699339423986375,15602.90796160361,17792.828910220214,17044.918125352906,17834.133258046302,LOG00002,Idle 35,181.5,182.0,42.518737672583825,12.535743923839693,27.653923776391814,22.46802761341223,29.0,4.978417019561579,9.099506903353056,16002.599323753171,11871.42857142857,0.0,0.0,1.7522716362026065,1.6951956946806008,0.9141334055962763,1.914562121150384,1.6482523687405246,0.8354926094946552,0.7121887269330311,0.7424822544653394,0.46342101082689413,0.39303834877691807,0.4880432770571508,0.280029638181468,4.530883504558704,4.034925918513649,5.34628613858918,1.7806484660824455,2.7120491703442378,4.253551712348781,5.7197881369296315,1.7239698852218688,2.915261951133367,181.95092,0.0,4.668772428788471,0.3962667376696379,2.2941141713226303,14565.539588616512,16407.072414764723,16004.42378134686,17033.361510284587
LOG00008,Idle 35,145.5,146.0,21.34102564102564,5.627410141856375,36.182289065468595,22.6067258382643,128.0,1.5331373455733983,3.3556410256410256,9130.5438151592,3714.285714285714,0.0,0.0,2.0714181085353234,3.474631104631922,0.7556677745335639,2.176977865418834,3.5317957758682508,0.5818648286642839,0.7460138282920606,1.6383447706665928,0.36500115499237196,0.40334630655118076,0.4527648153363287,0.33712215567265735,4.475600775604567,7.253274227920125,3.721492986076606,1.9128421585889892,2.3451425379950406,5.938873374851888,7.6377552801802375,2.8604050669130507,5.29864914198694,145.91875,0.0,5.369373004160414,0.4005561004655064,2.1399367569146994,10097.154127923359,8605.438151591998,8391.2651451113,9428.317836010143,LOG00002,Idle 35,158.0,158.5,22.346351084812625,2.288424153759238,29.429317325528164,22.97644970414201,129.0,1.187680983554978,2.962090729783038,9926.394759087068,4685.714285714285,0.0,0.0,2.704647527696911,2.095914389221372,0.9078276084592422,3.2006937517262815,1.9773783708264132,1.1259053509545294,2.507888113481919,1.4814633418670164,1.1110394326281043,0.364340328524282,0.3894371866127881,0.33270436574480916,3.5210773105726,4.859067328368283,3.1677315732687026,1.457730884704496,1.7666165955869002,10.079075910179258,5.299324507584565,2.4195015370962474,3.6399681507541857,158.144104,0.0,3.9176116894918116,0.3629037486220099,1.6195544955364112,11496.08340377571,9441.138348830656,6634.404057480981,12133.953226260917
LOG00008,Idle 35,146.5,147.0,39.264426877470356,13.773150807624024,24.21000808292494,22.528774703557314,99.0,4.3326569389979115,8.453498023715413,15448.228402032752,9757.142857142857,0.0,0.0,2.173977244974457,1.9687737499474502,0.6313080610350986,2.470552065627575,2.2998960055965343,0.5755928568166162,1.4788540029855464,1.3343897516725947,0.21572532311777315,0.3695598732551939,0.5314839049273089,0.29772689682660763,8.827125070139218,5.71935323088979,6.745427263995492,1.4847954374620551,2.8120067326660663,7.022971905635945,7.164360630307963,2.0739150344395596,3.200086217177768,146.603434,0.0,7.214104873034572,0.41137612400785456,2.2485550199703166,15464.313946922643,15896.809712027101,14019.11349520045,16412.676453980803,LOG00002,Idle 35,229.0,229.5,36.02924901185771,14.03502867367215,23.588998177002793,22.536818181818184,54.0,4.488884310135116,6.9084782608695665,14291.022021456803,8885.714285714286,0.0,0.0,1.1588831689726744,1.346844164318188,0.690298156722379,1.1601560941984572,1.3755606624689147,0.9914758522121349,0.8051044788767937,0.8153796162686868,1.0035358117308497,0.4358227958823372,0.41524409725561245,0.327540391283296,3.9783347353535268,4.8811796638579334,4.540771370491237,1.9550758892737259,2.10446187428535,3.7669249156517712,5.10908668926443,1.2563835804176413,1.926297460587911,229.154874,0.0,4.482248945059221,0.39566478978985076,2.0311427218612743,13483.201581027668,14674.167137210614,13452.96442687747,15553.754940711462
LOG00008,Idle 35,147.0,147.5,22.19033530571992,3.760309338013344,30.872858360232136,22.638757396449705,47.0,1.2897764136369032,2.9512426035502957,9816.272189349113,6928.571428571428,0.0,0.0,0.9678001279689602,1.8461691639672435,0.49516277217958954,1.0211647005107132,2.0702592898797194,0.4825846102759597,0.49208992469968027,1.8080104362840301,0.28547874287179514,0.2978112748533781,0.35668470927085094,0.2515660927442287,2.4511530464527453,6.394148323667496,3.773233602578697,0.8870040569057283,1.6387256139447477,2.6032902864609344,5.244138269848907,1.4739365097724266,2.822480805521603,147.433146,0.0,4.514073395571653,0.3050688645076843,1.317611064534184,10098.929275852353,10000.309946463794,8468.272752888137,10697.576782192167,LOG00002,Idle 35,180.0,180.5,22.32268244575937,2.1866139070373727,27.131594212796145,22.83605522682446,48.0,1.2711898532918608,3.1146745562130174,9791.279233586925,4757.142857142857,0.0,0.0,1.7490806355822954,1.2774779025891192,0.7566841644182793,1.726823713093573,1.1995076485223857,0.7766460221676835,0.5324730530391144,0.4611392951746077,0.47574778704121307,0.3496875546632051,0.3733327120085587,0.3209560569005267,3.7693788254500715,3.2659786144432683,2.627597540810984,1.4187077041061384,1.8075450544438885,4.808153824002127,4.510124486051845,1.5315405416397674,2.2632825047608196,180.378356,0.0,3.254694142118839,0.3486504888868563,1.6248000913242635,5650.91575091575,11545.280360664978,10815.694561848408,11153.22626091857
LOG00008,Idle 35,147.5,148.0,34.843786982248524,8.821435692142167,36.93957042607767,22.425009861932942,43.0,2.599267858345754,6.651005917159762,13759.129332206256,8057.142857142857,0.0,0.0,1.939615098670036,1.900780471647819,0.7834505560471402,2.959099436118721,2.29541989639048,0.8209965329047293,2.151521331275086,1.8094803228543808,0.5103350234005092,0.5004424044405069,1.1249250157825437,0.4194351542177921,4.871603024573218,8.270647867966355,6.189654566082458,2.334145427784642,6.704368742281648,5.865016802254686,8.768218565064041,1.920295957969302,2.8157642183327605,147.820872,0.0,6.59413769526521,0.7509604383475105,5.019800549351097,13898.788391096085,14146.520146520146,12159.678782755705,14831.530008453086,LOG00002,Idle 35,188.5,189.0,34.93944773175543,8.999722880388964,39.40759823846295,22.70585798816568,42.0,2.139881199721068,6.1179487179487175,14232.114680191604,8785.714285714286,0.0,0.0,0.9297460124721756,2.115987207524399,0.686010359415976,1.0688142377048857,2.2158563775300095,0.6788665722222917,0.651944547708326,1.6365968763724201,0.11009114154261535,0.5028226647407472,0.6219588401463888,0.311030152356371,4.041084147357615,4.071448197145979,4.535715594694202,2.430212599282695,3.4809072823441882,4.233565509482158,6.2457875350462295,1.6342933503681043,3.5981162610787445,188.504666,0.0,4.22215456309613,0.49544699907862805,3.001886805493267,13623.020569174414,14882.952944491408,13286.080586080585,15136.404621020007
LOG00008,Idle 35,148.0,148.5,30.821104536489155,5.370902719157918,46.88245904207305,22.464201183431953,35.0,1.4686409930096145,4.817317554240631,12838.179768949,8942.857142857143,0.0,0.0,1.2921067585739392,0.9591679568307525,0.6352541793406613,1.6082617675787516,0.8687743766579874,0.7762606727688302,1.274178586795993,0.6423093666670802,0.694117025080996,0.3269618921493077,0.5556634545595881,0.26205863790389505,4.317033370836613,10.260401570834729,5.218108801608549,1.278593035337847,3.0365496761818322,3.4930192429977627,3.8579306877290445,1.1378802759876216,1.61296509013419,148.278645,0.0,7.097916994563246,0.40180454757298617,2.3297461327293187,12183.544660467738,13630.515638207948,11912.369681600452,13626.289095519864,LOG00002,Idle 35,161.0,161.5,30.781854043392503,5.962713375901466,45.10570618159539,23.04171597633136,23.0,1.3245423408269863,5.465404339250493,12813.236122851507,6871.428571428572,0.0,0.0,0.9144254166176237,1.0437709288355121,1.3513466686135425,1.1929270850963511,0.8715219678828948,2.3566981587887463,0.750284650310913,0.39024434182678547,2.273267900494338,0.3106396669526868,0.47566275661220586,0.2277693415805166,2.9961637657187294,4.456613251738148,4.570631613592009,1.1530594045322182,2.510847051462773,3.513569076147495,3.975516787514631,0.9812317754838719,1.4583391760721316,161.057505,0.0,4.071407305168595,0.35337936823213123,1.953701474921321,12651.141166525782,13202.564102564103,11420.73823612285,13978.500986193294
LOG00008,Idle 35,148.5,149.0,38.08856015779093,7.758854920816504,51.51926502495843,22.543510848126235,74.0,2.638072659484566,7.719546351084812,14795.259227951537,10557.142857142857,0.0,0.0,1.3128517776586552,1.6022805840230823,0.7840005359551163,1.2346365306778029,1.652372683049959,0.9882431565885892,1.1075085874354957,1.0132240009490459,0.6822386143570064,0.34148726942031477,0.42010238588674803,0.3082483026541911,6.768410631633594,6.749934434305566,6.657262425810001,1.5126998784438932,2.1497561487441756,3.379366559459815,6.096851452441341,1.4647325455588884,2.567802269537819,148.929789,0.0,6.725378312827128,0.35968346542159846,1.8587243503687627,13714.370245139477,15981.769512538744,14199.295576218654,15285.60157790927,LOG00002,Idle 35,122.5,123.0,35.74762845849803,11.066848810620609,48.48314824683965,23.16300395256917,30.0,4.878927482760356,6.619861660079051,14193.845285149633,10528.57142857143,0.0,0.0,1.3921168702341034,1.6827232433336898,1.4159933972340761,1.3682824585427582,1.7811071457991863,1.5935453047749517,0.581254781122176,0.7008564935442471,0.796748306675203,0.35809737584973605,0.4251610101317998,0.33518724662670374,3.2777976188929028,4.136172627664063,5.752125672602008,1.4236266005872404,2.0618017263977064,3.137809714175087,4.882006974069339,1.5442711701715228,4.57527725551395,122.996238,0.0,4.506988314076431,0.37476486202593323,1.7716855049466516,15252.766798418972,14240.033879164315,11709.09090909091,15573.489553924335
LOG00008,Idle 35,149.0,149.5,33.122134387351785,4.61089363447285,58.638899697596656,22.45930830039526,90.0,2.266364930442594,5.546877470355731,13721.259175607001,6914.285714285715,0.0,0.0,1.5430226038921164,1.3514043277595262,0.7158750182211874,2.227119623488644,1.5974627832834378,1.0365755206909097,1.7373280749207232,0.9038164887419662,1.025482329234979,0.38248754099023213,0.5950448409942861,0.4473526480154679,4.7259266265139255,7.100060292241112,6.5260710783304665,1.7303315604448501,3.325840993383741,5.067138179294427,5.964320793656581,1.4503814003925286,2.0750386966522747,149.06791,0.0,6.200398975121778,0.48321819553666123,2.650968278039484,11481.338226990401,15686.420101637494,14410.813099943536,13306.465273856578,LOG00002,Idle 35,231.0,231.5,32.359683794466406,2.3452574082776616,63.301632392544626,22.39786561264822,71.0,1.6427745724298704,5.402055335968378,13426.651609260305,8600.0,0.0,0.0,0.9084225919080426,1.102513941147532,0.7315875895175982,1.0786714802128263,0.9790033892520555,0.9270028045010996,0.5572992965878673,0.40346539032674406,0.6785157386443201,0.3493125433687881,0.4610747092089637,0.29211030861664644,3.9033679600908626,5.905413126032977,3.8907623264221223,1.4436778102657162,2.607591961805335,3.4132385835828263,4.312175977401554,1.0101407317581024,1.38989709648353,231.063962,0.0,4.663625810521686,0.3741379303710574,2.1075746083027997,10601.63749294184,14263.636363636364,14326.990400903445,14514.342179559571
LOG00008,Idle 35,149.5,150.0,28.098422090729787,2.1973171456135923,53.61832466309968,22.6203550295858,101.0,1.871853349716491,4.630887573964498,11627.049873203721,5685.714285714285,0.0,0.0,2.0399763783758935,1.5938913985070746,0.9006794572579523,2.2419452238249535,1.6161611939392722,0.9139589767516176,1.0204517403196527,0.5703081094103087,0.5535406521227215,0.3705244568943438,0.6848686107540409,0.4437085137255993,3.5784976815097247,10.637858319019196,6.671602659370459,1.5633540719789027,3.734008223543308,5.350625320604967,6.633695588415503,1.8305727812035315,2.8204109385545326,149.927218,0.0,7.53834547091547,0.5174329690261334,2.8624197253252426,6563.341786418709,14139.588616511695,14459.70695970696,11345.562130177515,LOG00002,Idle 35,185.5,186.0,28.61360946745562,3.109366169762231,55.22467770108691,22.78662721893491,94.0,1.850609707239331,3.9400591715976323,12203.26852634545,8028.571428571428,0.0,0.0,1.102975521302178,1.108489591375295,0.8008478931782503,1.0967057420396888,1.0679908504812605,1.3118444601144303,0.7440164123997739,0.7765264066635973,1.0412246012768247,0.37418631211876024,0.42388452679886246,0.2846335175258677,3.7359382164163955,5.2188706014947535,4.433207632734014,1.6785659757821787,2.261349335139287,3.7634702186658804,4.194012826606947,1.1057359935308202,1.5359533669256342,185.514391,0.0,4.503597622159342,0.36547217291958184,1.9913920445995144,9469.568892645815,13573.45731191885,13200.591715976332,12569.4561848408
LOG00008,Idle 35,150.0,150.5,33.17573964497042,1.6779058503589845,39.947755663052966,22.46577909270217,101.0,2.157548043786923,5.737830374753451,13379.16314454776,5914.285714285715,0.0,0.0,2.8069248347940308,2.2766309668415956,1.190885278518384,3.0994043986463495,2.3188065393665207,1.220161838718575,1.1604274785492532,0.6190765062530877,0.8280723730966749,0.464624864798839,0.8139522429035555,0.5871694496970556,3.3329182711866543,7.339578081339013,7.561130791321115,2.2372166629241708,4.447500096574135,7.42218009727935,8.226214891421339,2.5555699547621074,3.6601729047754583,150.115652,0.0,6.380920765791987,0.6385302084669688,3.520326370231354,8027.190757959988,14970.047900817131,14183.6291913215,16335.78472809242,LOG00002,Idle 35,257.5,258.0,31.80453648915187,3.1346317652788764,41.3271854597086,22.290808678500984,72.0,1.8878923324176276,5.39319526627219,12910.531135531135,7442.857142857143,0.0,0.0,1.2962675612381982,1.238931076206744,0.850858438007652,1.4583684612977257,1.131328420126654,0.7371550899748174,0.59214039492538,0.47964520311077086,0.47870921258399046,0.3720404710842678,0.5090517279157237,0.2897985889979729,2.8847990047668115,5.825221944821731,4.897418000855102,1.8087164980735806,2.8288762006874215,3.6544533908368315,4.430929484281436,1.2679234602114648,1.7148012565109894,257.689107,0.0,4.6989353077562805,0.40063740714175466,2.3742362908121906,8835.474781628627,14106.987883910962,14649.027895181742,14050.633981403213
LOG00008,Idle 35,150.5,151.0,28.365680473372784,2.81963488908842,27.454878111433857,22.559171597633135,67.0,1.6824163935890653,4.343491124260355,11951.859678782756,6828.571428571428,0.0,0.0,2.0093863674256864,1.9510392224771531,0.7650917997123762,2.682689153036421,1.7659449434580115,1.0986522774609857,1.4149778075974961,0.6540953205505515,1.0866267921019466,0.37460800302760877,0.5377411260846632,0.36016214948477476,7.427287560540044,9.21332025718059,12.200070706970832,1.698300659745386,2.9198511686561477,7.1959061339596,5.5993800727590415,1.9804276837643493,3.1034957320967704,150.762838,0.0,9.813113605840822,0.4317458544624866,2.3884886411697965,8102.451394759087,12559.904198365735,12566.751197520429,14578.331924485772,LOG00002,Idle 35,265.0,265.5,26.935897435897434,1.7200561127186298,26.754024835604582,22.361637080867848,59.0,1.2187043205895183,3.7875542406311635,11439.412510566355,9500.0,0.0,0.0,0.9875365502076463,0.848405090714046,0.5976363355604876,1.2321318386280373,0.854820719989719,0.6702770847198869,0.8475780297486409,0.41051975617796405,0.5656789541050173,0.2646927824295634,0.29403740396319095,0.23902831025969182,3.430584358914548,6.0467652730094565,2.32392023330633,0.8252210726347683,1.2097412304261743,3.015083710784408,2.640154200266233,0.9206029643514972,1.1396513613324748,265.04312,0.0,4.232134393001276,0.26686750589341796,1.03548627786985,10819.413919413919,11718.286841363764,11367.286559594251,11852.662721893492
LOG00008,Idle 35,151.0,151.5,26.031952662721896,5.128983729393037,21.179356992067937,22.51041420118343,37.0,1.9969324190245206,4.369842209072979,10811.43279797126,6928.571428571428,0.0,0.0,1.547498739783681,1.0649507022606395,0.5949736877718801,1.7758655610897074,1.134699360685694,0.7836354649370703,1.4239540835970488,0.7006213735202845,0.7487300240023447,0.4556241379215318,0.6901454903493962,0.5003278806679331,6.270316416369712,10.35226861665461,5.9034114762119145,2.116460801755247,3.928730688746748,4.5771924075032855,5.475604854325233,1.3283208098719057,2.0543588230973544,151.373524,0.0,7.774672566100733,0.5580388699364985,3.1554976746994248,7788.081149619611,11062.97548605241,11723.189630881938,12671.484925331077,LOG00002,Idle 35,215.5,216.0,25.521696252465482,3.158202538877728,18.51813777222225,22.69741617357002,47.0,1.4439088345964688,3.6106114398422093,11000.521273598197,8471.42857142857,0.0,0.0,2.710270248235952,0.8400520706551692,0.5833154311053025,2.469191794303612,0.8752316986402562,0.7383915731176456,1.110795562946672,0.26260015366644823,0.3683534415858387,0.30538586177151883,0.3855100431420985,0.2511624821769169,4.456152015976696,4.982584613103146,2.9791335984790455,1.1487150410286786,1.7173713833002726,6.0332739435001255,3.0,2.0063963092924837,4.422144991797897,215.83488,0.0,4.225268323385396,0.31883177925390177,1.460977534677418,11042.800788954635,10475.993237531698,10375.71146801916,12107.579599887293
LOG00008,Idle 35,151.5,152.0,35.637475345167644,6.768497624698259,25.305781439561002,22.54441814595661,56.0,2.470972581727496,6.783293885601577,14424.873203719359,8557.142857142857,0.0,0.0,1.1630021454425994,1.3942764794799363,0.48611404214232273,1.1880134721312001,1.613965272810367,0.4887293832604523,0.2425815344863609,1.458883391424276,0.027971763673790187,0.4460681479220686,0.6054449707450872,0.36661534615184027,5.369247323526802,6.220624216383178,7.5389337517667,2.0734286105322184,3.4733785540479083,3.5612421652239314,5.961248959058309,1.2838576423293693,2.121469717234106,151.983227,0.0,6.438439370328281,0.4830276794088092,2.860372771396545,12159.453367145674,15318.512256973796,15013.412228796844,15208.114961961117,LOG00002,Idle 35,259.5,260.0,35.442603550295864,5.440406891637349,17.19833779506218,22.2236291913215,45.0,2.228372527467085,6.461577909270216,13946.273598196676,7942.857142857143,0.0,0.0,1.38132866288702,1.2553331654146578,0.7323246640371316,1.3736611364764335,1.5447743515092978,0.6417957463231517,0.44193614359179123,0.9499619906381865,0.5152836294807075,0.3829974589563602,0.5244322821103866,0.2781928319148982,3.144894484659862,4.60835657224575,4.289187537407503,1.7442071604715919,2.8735934804372785,3.550703461151541,5.630643125952338,1.3198352607623471,1.9244939317227205,259.801343,0.0,4.063021919198257,0.407883775854253,2.3769516307081227,11947.590870667793,14475.908706677938,13778.275570583264,15583.319244857707
LOG00008,Idle 35,152.0,152.5,28.173122529644267,3.2048488665947663,30.831973578165346,22.54393280632411,30.0,1.5289533090342116,4.188339920948617,11744.536984754377,8557.142857142857,0.0,0.0,0.8642132316582403,1.4013725841342708,0.4631483377843774,0.8473780411092372,1.2123540420387011,0.46314830986315925,0.32001221242178113,0.9115756114374267,4.3645218334557933e-07,0.2797301480274649,0.43937262645680414,0.25542546564268265,5.581398718396114,7.7004658747902575,5.907875765485445,1.0125196562381353,2.215102654467902,2.1269027751685696,3.929467071048006,1.1641970686564072,2.0709968990046965,152.000985,0.0,6.464059158220767,0.33493254499665004,1.7221898594666227,10275.437605872388,12356.60643704122,12265.782044042913,12080.32185206098,LOG00002,Idle 35,213.5,214.0,27.498619329388557,2.9227358213700847,26.586044123061416,22.688185404339254,22.0,1.6293138318858826,3.850374753451676,11776.944209636518,8700.0,0.0,0.0,0.8487618870951914,0.9863537478360458,0.798065319515135,0.7281241537233751,1.0466503735069699,0.8007682786181225,0.46918896538764426,0.6424754535228887,0.6943209791987023,0.33426458579860147,0.41853101622752775,0.27334661226869444,5.977574462536553,5.249311421478695,3.4333899869676427,1.2432135795632389,2.169785072895705,2.847885820905604,3.7658278726031744,0.9201332666672817,1.4129277366671367,213.983061,0.0,5.002493833327717,0.3471884192108226,1.768268541111821,12135.981966751198,11293.575655114115,10884.08002254156,12794.139194139194
LOG00008,Idle 35,152.5,153.0,27.94990138067061,2.409140833647792,33.67973776654978,22.560808678500987,22.0,1.4042942434400325,4.256015779092702,11887.764158918004,9400.0,0.0,0.0,0.8917853204930591,1.189239132434538,0.5660842210963251,0.8619962070683324,1.1386244729335264,0.5660842210963916,0.5082504809161693,0.870638350766301,7.056105405867388e-12,0.28088667284035285,0.41477020498746825,0.23801188679672208,5.227526296733018,8.273086091455758,3.9106176533195343,1.045327948842873,2.313130717947974,2.3742537496759057,3.753499353463339,1.051087715645217,1.7425506658018457,152.548536,0.0,6.084513540953194,0.32019853434039186,1.7948933448740847,10860.101437024516,12487.207664130741,12051.225697379543,12152.521837137221,LOG00002,Idle 35,194.0,194.5,28.87312252964427,1.4377563125354373,32.267526088100354,22.738181818181815,19.0,1.270022628762803,4.201501976284585,12227.555053642009,10185.714285714286,0.0,0.0,0.5615394627353771,0.9116260562665298,0.5225360455972925,0.5245046567936156,0.919095676482848,0.5063019352571684,0.2500448585290304,0.7359824983537916,0.15842684580104885,0.2549346692637042,0.2653548267495644,0.19749399227687975,5.563459975636033,5.31920632301219,3.8408833676688334,0.6792570152808364,0.96703338376154,1.6358145763084644,3.2830863720715926,0.7570959763045905,1.5064046091369014,194.499079,0.0,4.966502050447983,0.2411145969985683,0.8356266086349585,12208.300395256916,12385.036702428006,11082.919254658385,13233.963862224733
LOG00008,Idle 35,153.0,153.5,25.43491124260355,1.7103652394962763,33.89610921135733,22.655384615384612,17.0,1.1570643057727956,3.6576331360946748,10937.85573400958,8942.857142857143,0.0,0.0,0.7032600964820043,1.1545815861093391,0.4896345479764278,0.7823625157917268,1.1092197789809206,0.48963454797642764,0.5070158537974613,0.7953348915723724,7.943431904819465e-14,0.2374020578624248,0.32461877704561376,0.23489225587151671,4.218824473566557,10.919287927194983,3.404235625643071,0.6595452445352915,1.3651762882351113,1.873199332597834,3.0592440829352534,0.9559376031642008,1.585489582718782,153.416727,0.0,7.038421910500669,0.26889369606861013,1.0720788747915224,10139.673147365454,11433.220625528316,11024.626655395887,11153.90250774866,LOG00002,Idle 35,194.5,195.0,26.24575936883629,2.4431922010856524,35.65572032984152,22.756489151873765,26.0,1.0995228599541564,3.395660749506903,11365.285996055227,9442.857142857143,0.0,0.0,0.8775995316337246,0.8627313520065469,0.6326165933376864,0.8579920289900244,0.8947062586645265,0.724036286460289,0.621020559304929,0.39008585043766686,0.604563019618124,0.24950021296676,0.2555639539053053,0.22130351389046427,5.276255149116403,5.283086418557742,2.667164405807825,0.6656992699596683,0.9373638328676825,2.01522802288498,2.2518894105083764,0.8701971970935033,1.5786622138149153,194.548407,0.0,4.5776135147816515,0.242582313223394,0.8129595540963979,10913.412228796844,11871.99211045365,10506.706114398423,12169.033530571993
LOG00008,Idle 35,153.5,154.0,23.683234714003948,2.174909594833378,32.930754944652705,22.66102564102564,2.0,1.2698273768213728,3.245601577909271,10201.951253874331,8785.714285714286,0.0,0.0,0.5497565999356853,0.5631696545953523,0.4717044004356771,0.5397798076483523,0.5490307474028002,0.47170440009575354,0.0868437482313266,0.2986614666921709,5.044908760358735e-09,0.24755131332498775,0.29799897847715384,0.2311225860702065,2.855947630620853,7.723518903071139,2.9536403959708117,0.5788886360593247,1.1433004404570328,1.3910108707711635,1.8589301497837802,0.5565035395349671,1.14414521431122,153.507493,0.0,5.050847212882763,0.2604500551571795,0.9061589126935383,9398.224852071005,10880.95238095238,10374.18991265145,10154.437869822485,LOG00002,Idle 35,204.0,204.5,24.54358974358974,1.5411557605375266,26.930142756777006,22.798165680473378,7.0,1.1087512559679351,3.407120315581854,10622.062552831783,9414.285714285714,0.0,0.0,0.7163437453630689,0.6436564953474808,0.6162626860610879,0.6195214394377297,0.7956390218757734,0.616113761018895,0.40994444674209646,0.48787210721032304,0.00603948327383443,0.21993618721367736,0.2366381974866638,0.222146461863122,2.818436940173126,3.5644934722720243,2.1858551805297277,0.5096474267953058,0.8042803830190545,1.4955555457864294,2.1368376051282736,0.680970647503911,0.8851907728280214,204.489136,0.0,2.911309176862474,0.22636152019437883,0.6732783355152435,10253.423499577346,10674.302620456467,10295.125387433081,11265.398703860243
LOG00008,Idle 35,154.0,154.5,26.2560157790927,3.0808593897860184,32.200014742798466,22.643471400394482,5.0,1.5664248952921243,3.559546351084813,11254.247675401522,9371.42857142857,0.0,0.0,0.6715980731511743,0.8039709293551112,0.5124724095087511,0.6071715634883518,0.7750735313287299,0.512478256129994,0.22995675098524357,0.5463305863666296,0.00033233641058774113,0.3058917549732773,0.373377155482399,0.23292324547711205,5.458588554406945,7.94855686109453,4.221524429970271,1.1540504962892255,1.7743230786117394,1.9143391235825735,2.602532524754746,0.740747334490139,1.077569716181031,154.064912,0.0,6.077198194705387,0.3094260839470121,1.4966721309758608,10475.091575091576,11825.077486615948,11246.153846153846,11470.667793744717,LOG00002,Idle 35,274.5,275.0,27.080670611439842,1.5986499308986784,31.631603029145758,22.37410256410256,27.0,1.3493702479283671,3.4596844181459567,11449.436460974923,9371.42857142857,0.0,0.0,0.8552741861405165,1.04693765481933,0.717273008152811,0.850648328030498,0.9642338744015503,0.7362502251049169,0.35384195401849255,0.28082165614172433,0.5125521693266862,0.2682952555409075,0.3115199663083433,0.22894055384792253,4.772858687695222,4.82046198587743,2.731096865279105,0.9080607565989484,1.3739049923857904,2.403153746432817,2.73555016660341,0.9559216459932586,1.4517191561672638,274.945539,0.0,4.222002838208998,0.27168659073198403,1.1645147628470955,10142.885319808394,11977.683854606932,11486.813186813188,12190.363482671175
LOG00008,Idle 35,156.0,156.5,17.07593688362919,7.751193383970029,29.904920601380805,22.60128205128205,85.0,1.4150684635327668,2.6359960552268245,7653.205128205127,3442.8571428571427,0.0,0.0,2.2792064149051123,1.7714342284993068,0.7009790053050959,2.0295710113919814,1.473340184868906,0.5654324520242265,0.6816285072473085,0.6166507364621892,0.35338852360012685,0.3066029428472135,0.4203784796297101,0.2924663658834463,2.118460307809531,5.558968056596328,3.3257404925322076,1.056792378612701,2.0535993556652508,5.169703885552808,4.58859747901879,2.041171368068289,2.9480992241139496,156.381406,0.0,3.9349099843025295,0.344606058116331,1.6331075355105407,7988.278388278388,7443.082558467174,7293.293885601577,7888.165680473373,LOG00002,Idle 35,243.5,244.0,19.92529644268775,4.877381085787254,23.501274569138772,22.38270750988142,69.0,1.5653273369925012,2.806185770750988,8638.812817617165,3514.285714285714,0.0,0.0,1.3977905406455355,1.6688045452648088,0.6499245288989712,1.5195157181710068,2.2524965190308226,0.672034495176893,0.5568294514744121,1.5189079277040314,0.08036721669683221,0.3591427295029887,0.474925364667449,0.35469390624084834,2.7342861677672805,4.391930625366364,2.9137911091611937,1.3945212146040262,2.3331641759941775,3.595946334350068,7.129796076667387,1.5392736933071103,3.6415867914907984,243.500813,0.0,3.428097338811588,0.4001438779921367,1.92202295643461,8631.5358554489,10334.387351778656,5194.9463579898365,10394.38170525127
LOG00008,Idle 35,160.0,160.5,34.20828402366864,4.071482874220424,19.45135841785452,22.43455621301775,64.0,3.1040903931192783,6.420177514792899,13710.411383488306,8814.285714285714,0.0,0.0,5.851114107577147,3.6877888608341474,1.3930395290869477,5.896023406369987,4.503332989610751,1.8136820985720594,0.7937387036945656,2.0568869257194984,1.2525964579494941,0.8326097041983908,1.192672542620579,0.5517289860396445,5.639466354868199,10.073049113370942,6.084146210341703,4.646239657657674,7.514623772421694,14.338951240674673,13.575996917637111,4.890568626549513,11.29843437889927,160.002157,0.1873767258382643,7.534072256907035,0.89816694578137,6.24728394574139,11230.149337841645,15895.519864750633,11162.073823612287,16553.902507748662,LOG00002,Idle 35,221.5,222.0,31.195059288537546,3.455258251052315,19.699963465531575,22.56310276679842,55.0,1.7633999332886146,4.94302371541502,12971.160361377752,8342.857142857143,0.0,0.0,0.8808673331159386,0.6700583015595394,0.769718605771537,0.8586338456706365,0.5992860345010541,0.8054942342207908,0.34361861080126,0.35778667789590557,0.5806589812324271,0.3177081527998828,0.4704604107873655,0.2979701264558892,4.082594326344514,5.611821884186138,4.2567775733615845,1.3110274239158326,2.4813349921056207,2.425979285581628,3.215574746233805,0.782593568220325,1.2177043055452292,221.72382,0.0,4.700364404398347,0.3701610751793824,1.9844163183801908,11192.857142857143,13460.107284020327,12857.73574251835,14373.941276115189
LOG00008,Idle 35,160.5,161.0,31.484023668639054,4.970850056028515,11.574651365966,22.337692307692308,24.0,1.9790051109899491,4.940552268244576,12880.973513665822,9171.42857142857,0.0,0.0,0.9683337806631372,1.5850906279710415,0.5135281026448268,0.9395134851379001,1.8791249928215683,0.5511859127561936,0.6907057368663676,1.5241113189678068,0.16137630251280718,0.350302348290962,0.5466399728491279,0.28677067893766717,5.731890041004547,9.30822662763962,5.274008159258751,1.5093230431822366,3.0896216325116983,2.5964624697849903,5.27058751015194,1.3134273123502105,2.401250881492401,160.986754,0.0,7.007443862484004,0.40978222567319356,2.431441741103942,11185.686108763031,14091.744153282614,12110.228233305157,14136.235559312481,LOG00002,Idle 35,202.0,202.5,31.311264822134387,3.6653504678814657,17.546931224862213,22.57806324110672,24.0,1.8306438341145423,5.112845849802371,12974.343591191417,10842.857142857143,0.0,0.0,0.6681868250696087,0.7543813243144073,0.5646564967892954,0.7230498375550785,0.7733165409448515,0.5409869037806451,0.4365758696128635,0.5317604293243255,0.2448905769732057,0.3118369494491559,0.3379150785604821,0.24383500321626192,4.633422536176424,6.580033865320482,4.165484905708134,1.2983144987963775,1.4922021245582715,3.0728956615927543,3.1691447207203343,0.7125885263147878,0.9429507519998925,202.469601,0.0,5.231848448594888,0.3004909272916387,1.3986221287969653,12513.918690005647,13001.97628458498,12418.859401468097,13962.619988706943
LOG00008,Idle 35,161.0,161.5,29.3025641025641,3.4887100713397197,28.576363548463608,22.402406311637083,58.0,1.2856405441390415,4.403570019723865,12254.346294730909,8928.57142857143,0.0,0.0,0.8502270015709799,1.502938949248275,0.8791097587761899,0.8394749672127504,1.8408873534794312,1.3447427510913823,0.5272465524543857,1.5172091604247684,1.3904588756418201,0.2712384055527463,0.3850327304327636,0.29478931675934256,7.607059518501672,9.671632381976352,6.032205695721114,1.2030982779171138,2.091258443127168,2.7499327587260733,4.361839179250081,1.2210060277017245,2.5333613656388256,161.050882,0.0,7.911917867066339,0.3207913223196379,1.7059905249264704,11468.66723020569,12964.074387151311,11493.970132431674,13090.673429134968,LOG00002,Idle 35,253.5,254.0,28.484387351778658,2.892626123349558,27.009271913671096,22.319466403162053,36.0,1.3492317168159929,4.428399209486166,11804.46075663467,9785.714285714286,0.0,0.0,0.6582901353540624,0.8226058204483481,0.616765259122345,0.5662547854796137,1.1375451345346643,0.6167652591201993,0.2954256191026121,0.7811964897586677,1.0722477799229531e-11,0.27288320111640074,0.2950831992540666,0.22851057539561387,4.198010368417416,5.643638825819506,3.1870141784997,0.7272869429756226,1.1319470518364532,1.6126966589641067,3.646699737068027,0.744992026178794,1.0503270491014223,253.827515,0.0,4.458363288008862,0.26693096423431517,0.9513806876282662,11804.658385093167,11876.792772444946,10912.902315076228,12623.489553924337
LOG00008,Idle 35,161.5,162.0,24.60729783037475,1.7848380707813474,38.191078926039644,22.479487179487176,55.0,1.2193955887894743,3.3141617357001976,10544.25190194421,8414.285714285714,0.0,0.0,1.4942671943048809,0.8579418726918963,0.6702941954989262,1.782221651118176,0.7071523677719488,0.8424104367300654,1.5370116699828984,0.5508961844337269,0.7189945034205516,0.2637865061452477,0.3163741727810505,0.2492285314414898,2.6809001490655957,7.455749423418256,2.936228371368791,0.7006450059966398,1.502951127316676,3.0547276387176585,2.60442651563548,1.218379806319412,2.1913195552902414,161.742477,0.0,4.878417165532712,0.2779633062784202,1.1725539466332664,10524.823894054663,10871.625810087347,9684.023668639053,11096.534234995774,LOG00002,Idle 35,270.0,270.5,24.941814595660748,0.9074244830561324,38.23495180396612,22.387948717948724,41.0,1.0507773927525625,3.252879684418147,10696.400394477318,8942.857142857143,0.0,0.0,0.9386918282534248,0.7186187951370371,0.6636849508671019,1.1627863857109817,0.6966844807507886,0.8250386176089233,0.7258719434055056,0.40504941106549314,0.6796152262867838,0.2526428892348904,0.2853011797154803,0.21445467170598137,3.2575039833934594,5.72087144027598,1.884209091528628,0.6246095737825675,1.0183007942180813,3.5236591166030413,2.099591394454797,0.8359292198368121,1.4247104868163265,270.088562,0.0,3.953477209520281,0.2524651783543743,0.8447110829052781,9598.365736827274,11544.773175542407,10561.594815440969,11080.867850098619
LOG00008,Idle 35,162.0,162.5,29.124505928853754,2.166952709320453,42.15984792918058,22.56980237154151,40.0,1.6112386042840776,4.304466403162055,12085.262563523433,9900.0,0.0,0.0,1.652664020013132,1.7402455389047715,0.6033268328003469,2.0376903821088304,2.275255880906337,0.5737236408489956,1.6126140417185224,1.785954816004441,0.17139199986639864,0.3468064820196977,0.4434385715867274,0.27915361683830753,8.91333467264914,9.727357806781143,6.214712604143289,1.445513888255686,2.535282435398079,4.539027076193639,6.27372965583204,1.6970198730014812,3.0472272933014968,162.498201,0.0,8.420049042610398,0.3627851726737028,2.0636336191749356,12350.705815923206,12334.359119141729,10994.184076792772,12661.801242236026,LOG00002,Idle 35,232.0,232.5,28.14161735700197,1.0256973129752704,41.281509343721176,22.464398422090728,58.0,1.4634477397422796,4.091518737672584,11839.482952944492,6214.285714285715,0.0,0.0,1.1624373994394634,1.2695263525665224,0.65768878202728,1.1160022512146563,1.1084431926585134,0.7091780707064926,0.42251031808077066,0.43043098766677507,0.4591931727892165,0.3400656265112095,0.4745677477599434,0.29472500489256914,4.2429706624426835,7.773395546466493,5.495040036923332,1.1791673677031376,2.474470541134789,3.2611514042224914,4.269519509755337,1.217160192307578,1.7418568541826946,232.050552,0.0,6.017306799877744,0.3775897271101407,1.9382260110729919,7575.8805297266845,13067.089320935474,12990.870667793746,13724.091293322062
LOG00008,Idle 35,162.5,163.0,38.628007889546346,3.59195416038026,45.367027864952604,22.27984220907298,16.0,2.1947917388447693,7.80414201183432,15020.801634263174,10871.42857142857,0.0,0.0,2.1730828794626973,2.344347823334912,0.724426448526805,2.6293577318124948,2.6770576180531425,0.7053037885283716,1.2292049926104875,1.7071274999701271,0.16670977455627656,0.4294196434909488,0.6145032885342726,0.3077488816538738,3.560221414471386,6.078549823082578,6.674895323737895,2.011705727658264,3.5246975909661726,5.114854416324793,7.403021932144376,2.2603380187251885,3.4146671824772605,162.58502,0.0,5.602921025519214,0.46787637113327973,2.8697084383658034,15270.695970695971,15177.768385460691,13596.027049873202,16038.715131022826,LOG00002,Idle 35,329.5,330.0,41.321893491124264,7.99339063543055,50.55132823855764,21.80045364891519,66.0,3.221451190709576,8.01181459566075,15807.431670893207,11400.0,0.0,0.0,1.4402511237366067,2.3508887077911123,0.7660331096389397,1.9108267198257893,2.4673221754067476,0.8745420997790593,1.3763965201962938,1.508726480033072,0.429585264805284,0.3330785036250677,0.4112917952922205,0.2595493301736647,2.5745680188561897,3.232039541716204,5.114411556638992,1.476039681679136,2.0853807503982513,5.351731088257859,6.8511937657447035,1.9494872423081306,3.1959174553971734,329.633738,0.0,3.796124587594418,0.3403273351962832,1.8065860090268355,16087.010425471963,15793.0966469428,14309.298393913778,17040.321217244295
LOG00008,Idle 35,163.0,163.5,36.89605522682446,5.546676974946857,50.14732674408896,22.34842209072978,11.0,1.9582772618917217,6.58189349112426,14843.110735418428,11042.857142857143,0.0,0.0,1.2275155827908277,1.3928395157215894,0.6668017445429043,1.2328479798121625,1.318925472194722,0.595820686148627,0.9253976348205021,0.7804807814735327,0.17244822397627252,0.3277499721147707,0.4581296369593226,0.28810975582251097,4.732380860379671,7.962871617496402,6.583187835693423,1.3886356407010647,2.417279447474185,3.0447030992404915,4.65029531839898,1.3127826214857237,1.68702469548944,163.286482,0.0,6.561024185405797,0.3652898574565229,1.9712367779907054,14777.59932375317,15311.862496477883,13363.905325443788,15919.075795998873,LOG00002,Idle 35,128.5,129.0,36.18560157790927,1.990016944373332,46.59729170995336,23.036351084812623,34.0,1.8759451709128496,6.648422090729783,14897.668357283745,10957.142857142857,0.0,0.0,1.108752887061577,1.1655126907837463,0.8402721181353272,1.0867424963747725,1.0677478796834097,0.8452170358459147,0.701160780016597,0.46274835765423034,0.6028307087099605,0.38968280590013143,0.47025301635295835,0.29698975581615783,2.362819676046661,2.6481648113221525,7.159577113508039,1.884905857333535,2.6960349156831667,3.506263766686401,4.918868393460975,1.1374868783738452,1.6788730762212167,128.999578,0.0,4.61357555242158,0.39208566396600814,2.326099133484322,15415.750915750916,14830.938292476754,12897.774020850946,16446.210200056354
LOG00008,Idle 35,163.5,164.0,28.075739644970415,1.556694265664182,51.607595647748774,22.558757396449703,18.0,0.8714764357427053,3.8494871794871797,11991.715976331361,10300.0,0.0,0.0,1.736894895340115,1.3273148512939983,0.4961605039674515,1.6683000037102478,1.0753642792494273,0.5067101640166595,1.249699340951492,0.9448194468846257,0.19045241998651039,0.2662292706840315,0.4291869669161351,0.2506773108835172,7.23702350631032,12.274111251718612,5.8547256172410265,0.7888982163340881,2.3929174926701053,3.2191488210627823,3.6349714925263568,1.5457309908137569,2.6695693117614487,163.758071,0.0,8.893932919011547,0.3255347351315035,1.7816305063707356,11501.493378416455,12659.28430543815,10869.850662158355,12936.235559312481,LOG00002,Idle 35,177.5,178.0,27.081459566074948,1.8396389963591377,53.62159535840389,22.918224852071003,24.0,1.333053688685161,4.155246548323471,11619.730910115524,9000.0,0.0,0.0,0.8207483079188572,1.7619038976970314,0.5502948702546371,1.1375048896054256,2.2221518408949414,0.5391153709903286,0.9757436936033037,1.6931060754854403,0.3248524397350368,0.3149222214317708,0.4082478399492468,0.27031127350027856,4.444623144571841,6.614319358769504,2.586065484404346,1.1805826918425146,2.056519822204156,3.4069774095279133,5.466231281069797,1.374396800358553,2.46721760206943,177.807406,0.0,4.837066265368025,0.3361103434667894,1.67676016045777,9979.149056072132,12946.745562130178,11470.949563257256,12082.079459002536
LOG00008,Idle 35,164.0,164.5,30.86785009861933,3.829297924797568,52.33061945331503,22.50830374753452,28.0,1.363297864053044,4.830118343195265,12706.92448577064,10085.714285714286,0.0,0.0,0.7109092343604106,1.4772793922352223,0.5989614791749323,0.694527733094137,1.5139789417952212,0.6258000038388644,0.2936419302805944,1.1856072430955862,0.30610283771507174,0.2919901332052198,0.3816203621199238,0.2374824573592381,4.863200461230706,7.66073690537092,5.264984997890391,0.9512345567482436,1.8331179024162492,1.9616641488138629,4.071355656735136,1.1592554382494336,2.3256436408771894,164.492096,0.0,6.05688797121199,0.3094566508291191,1.4603370203673833,11875.542406311637,13631.2764158918,11902.874049027896,13418.005071851227,LOG00002,Idle 35,256.0,256.5,31.087771203155818,1.1407497633585966,44.092946995691406,22.219605522682446,25.0,1.477440386374739,4.737376725838265,12880.41701887856,9971.42857142857,0.0,0.0,0.8143306001783874,0.7302335192691984,0.5587543707232615,0.7701154637270559,0.6667159059613701,0.5354613118861107,0.4742335269018519,0.2746355700920287,0.2844680908621858,0.321574705960571,0.4513044841731569,0.25263090906448266,5.663969859873352,8.057758234572256,3.6830503568125588,1.2527066509366478,2.5459621912131234,2.532237902892258,3.4506952676779146,0.7734259237480896,1.0141618094724913,256.363083,0.0,6.071048296935982,0.3516193041549216,2.0063894727080833,11458.664412510567,13663.172724711185,12927.528881375038,13472.302056917442
LOG00008,Idle 35,164.5,165.0,41.142094861660084,1.8372051829564102,56.74130310905509,22.247252964426877,26.0,1.9168030717934974,8.446106719367588,16040.965556182948,13957.142857142857,0.0,0.0,1.2309802283320628,2.0632144965122907,0.6055772188394856,1.2188834210155195,1.8974848848165802,0.6323660293484694,0.2878475628993668,1.2557182991359912,0.23434359059317944,0.37473471752623483,0.4846435017370023,0.2725170170225336,2.1776612183721493,3.851441561284316,8.209548711427196,1.649268336340039,2.66108069482376,3.497881911330434,5.762081310400608,1.6988476066385299,2.454718467751427,164.573997,0.0,5.384313652555486,0.38711365982194895,2.2137565933970182,15125.296442687748,17074.251835121402,15446.696781479392,16517.61716544325,LOG00002,Idle 35,189.0,189.5,37.88537549407115,4.069381424149097,52.910468614763964,22.636600790513832,34.0,1.828973622081293,6.8009683794466405,15425.910502540937,12871.42857142857,0.0,0.0,1.0675947721927042,1.4371470537190543,0.7505497996250823,1.0008569486871823,1.6084263669227452,0.7505522707922598,0.6088496476633947,1.056103968327784,6.604942463665824e-05,0.3330020833473061,0.389072877179766,0.24427581455028574,2.4076190946666904,3.883406660108825,6.082080122187726,1.2229191930937986,1.9646854038502675,3.186557734865078,5.127234883385694,1.2659285626816685,2.0625899203688416,189.013785,0.0,4.392006967416009,0.32758651012355644,1.6363862760576247,14254.263128176173,16294.889892715979,14788.368153585547,16366.120835686053
LOG00008,Idle 35,165.0,165.5,29.346548323471403,1.836889929889308,58.00913007871539,22.54264299802761,12.0,1.4262056737994213,4.110907297830375,12443.272752888137,10471.42857142857,0.0,0.0,1.1388259387940072,0.7288984925340602,0.6192354802378802,1.0268628709408183,0.7153655095471009,0.6999148378886336,0.6940941642053707,0.44561770326574446,0.7358644411208183,0.2649159820278016,0.4188986839081967,0.25613316890879734,6.262824508818079,12.038996235640804,5.977352996884586,0.9343150180571649,2.082957953096459,2.350877967682481,3.0938636218252493,0.9560903543307188,1.4837808852085796,165.457971,0.0,8.56133069951533,0.3221080487088333,1.6142580938832163,11437.193575655112,13574.556213017751,11789.433643279797,12971.907579599889,LOG00002,Idle 35,330.5,331.0,29.846640316205534,0.4594619824482927,56.42040308205598,21.925671936758892,31.0,1.0254522395922758,4.514822134387352,12174.632975719931,10357.142857142857,0.0,0.0,0.9197894143796685,0.86040113815788,0.5911681982740555,0.8473371671683816,0.7652168670700414,0.5877500048365094,0.5434180113644689,0.42998953497094927,0.35769065182425164,0.2518398963891653,0.33241064262692027,0.24160454141591242,3.2124911553284217,6.346569997098557,2.612938064253646,0.6808902012932523,1.436383606442875,2.0216222500108993,2.8506985483278893,0.890590446094126,2.444278369045542,330.983374,0.0,4.37517601469779,0.2782642168741434,1.1240127515012912,11030.914737436475,13157.707509881424,11540.683229813665,12969.226425748164
LOG00008,Idle 35,165.5,166.0,26.371597633136098,1.7225909375989836,56.017143586921236,22.55767258382643,46.0,0.9609356391702638,3.5287968441814592,11365.278951817412,7757.142857142857,0.0,0.0,1.5308062591400773,0.6355338482483536,0.5887148255466543,1.7268236631093783,0.5591723859819073,0.6868999065298887,1.4229459414495822,0.31108141627037056,0.6443876949656837,0.28954339735216533,0.467467539176383,0.28340534114797555,4.662096664837805,10.838597778971742,5.004207691735509,0.8828667337714055,2.514399148555725,3.508232077228117,3.1138806119508238,1.172021986844061,1.906880371536815,165.874314,0.0,7.399379292630965,0.3571553660640599,1.8843641829351814,9600.817131586362,12988.024795717103,11391.885038038885,11480.388841927303,LOG00002,Idle 35,231.5,232.0,25.632347140039446,0.6048285441814998,52.92736200611764,22.753826429980272,59.0,1.416762750770511,3.602998027613412,10994.005353620738,6357.142857142857,0.0,0.0,1.2378839879530577,0.9571014205881503,0.6796329433258836,1.2059487427604063,0.8336517861871622,0.5953794670007894,0.3589698265782978,0.27621386872255466,0.3963890710241527,0.30921528887610344,0.40887355643494117,0.2940120452931625,4.762613783791483,7.453398273613234,4.692356937265492,1.086897929069715,1.976514801054806,3.2894547907689535,3.326422816990716,1.1064356955834402,1.8066386646957058,231.739779,0.0,5.780826051276898,0.3411914236925062,1.5949855590262807,7157.114680191603,11986.418709495632,12249.619611158072,12582.868413637643
LOG00008,Idle 35,166.0,166.5,25.45956607495069,2.596257777420712,53.68754900649384,22.408244575936884,49.0,1.3891276323905752,3.765857988165681,10766.948436179204,7385.714285714285,0.0,0.0,1.3706215909492352,0.7205195114164736,0.6241531375306527,1.5113707202209952,0.5896623313150178,0.6655096308872493,1.3035905914221415,0.33411864398536967,0.6148399715630917,0.30377856774460943,0.4997344228265652,0.334196195805492,6.286490196932866,8.181800647479772,8.436481743811843,1.0680629137630835,2.7289632373071355,2.8217945805519484,3.388692183424742,1.094931941242936,1.923122556147901,166.490933,0.0,7.694934373662195,0.38888859110274293,2.072196749627063,8060.467737390814,12579.85347985348,12020.73823612285,10406.734291349676,LOG00002,Idle 35,178.0,178.5,25.73688362919132,1.4751326461494718,50.188853761424234,22.791420118343197,42.0,1.0916385433466833,3.527179487179487,11171.090448013523,8000.0,0.0,0.0,0.7743385466746766,0.9801406751325642,0.6635706541450777,0.83249759337238,1.3988460497279978,1.0176944073146936,0.6220077195497287,1.1773311629152539,0.908476561168321,0.2515746223438033,0.41684533175035077,0.27945903693193774,4.37922432791672,4.923307977377711,3.1991826133055135,1.0051602785709954,2.003478271109194,2.681296162758981,4.44071177904359,0.8832541898897421,1.265081577468294,178.495035,0.0,4.228921712351938,0.3241127244917594,1.5849719821535655,8935.953789799943,12715.891800507183,11686.84136376444,11345.67483798253
LOG00008,Idle 35,166.5,167.0,29.160276679841903,1.8129810585621633,51.47071227451585,22.512450592885376,81.0,1.4884150087017607,4.519446640316206,12180.187747035574,6828.571428571428,0.0,0.0,2.1721851855268137,0.8840183001618667,0.7784861678064355,2.8817766773621765,0.8435193966036395,0.9262824669742165,2.30889334192801,0.2760882431669825,0.7780443128846832,0.3581317205715925,0.5511627476775537,0.3025710856973342,3.783590032707985,9.57485218394759,6.533585226939356,1.4961854239024863,3.0720519234698407,5.311074268114025,4.184008706223607,1.6582938272880394,2.55493999897853,166.704034,0.0,7.039912021176904,0.41776706652036893,2.416202996769209,8350.028232636927,13871.287408243928,14250.959909655563,12248.475437605872,LOG00002,Idle 35,234.5,235.0,27.30295857988166,1.4140500690887492,46.7250673574206,22.480611439842207,76.0,1.6748864690537566,4.278086785009862,11450.901662440123,7657.142857142857,0.0,0.0,0.8175159403870877,1.1579484020771558,0.711842992660854,0.9151871699216534,1.0739381779950707,0.6665627555111512,0.5398012193345746,0.54660153759611,0.6242849713814269,0.40603500518996644,0.41199349766424387,0.2902833063602693,4.055386519244538,8.179985749553548,8.490139947941385,1.7554719814324402,2.119877720471824,3.4228608401979983,3.980970513925168,1.0022915780001405,1.4220167982046124,234.692624,0.0,7.198166503098771,0.3736609271825118,1.9462224214291595,8274.950690335305,12968.21639898563,13250.014088475627,11310.425471963932
LOG00008,Idle 35,167.0,167.5,31.902366863905325,1.6820300732109472,46.981455876432555,22.464181459566074,95.0,1.9094569636607126,5.4668441814595665,13035.594533671458,7071.428571428572,0.0,0.0,1.0241670152264997,1.1233458209696219,0.7082965526653222,1.137752483748232,0.977660664018091,0.7655724773747307,0.802623293278343,0.5888368713149688,0.592431974438915,0.40761551705086285,0.6775275076856345,0.41044006989814585,3.1693553913437063,9.39575813621093,12.378796355094629,1.5864976685198844,3.632064726767634,3.4652401859540825,4.887491582038484,1.0749009044018598,1.5176090076201785,167.000004,0.0,9.157140815627939,0.5143458578263411,2.8025764067772236,7865.08875739645,15087.996618765848,15060.918568610876,14128.374189912653,LOG00002,Idle 35,169.0,169.5,29.25917159763313,0.22560395414148218,47.32687302742806,22.95715976331361,77.0,1.9285399696771477,4.980039447731755,12341.24401239786,6885.714285714285,0.0,0.0,2.9194126630170394,1.887806011548057,0.8398391102268915,2.879859203667432,1.738168749631421,0.8386938981046078,0.5408568704125297,0.7237866170949259,0.5550988785666311,0.46846921921130735,0.6256954078559778,0.34703917668318107,3.9912892393569894,6.730380938820695,5.172266445871903,2.1403818783579722,3.430843311797658,7.427625814925542,6.534086017102581,2.4583309209930646,4.218979146678431,169.098107,0.0,5.415433425588397,0.49375916629920236,2.8593636018623014,7798.675683291069,13947.78810932657,12151.761059453365,15466.751197520429
LOG00008,Idle 35,167.5,168.0,29.167258382642995,1.0887958072863102,38.64124316690848,22.54033530571992,85.0,1.6903698853878903,4.291617357001972,12237.235841081996,7242.857142857143,0.0,0.0,1.9874723433410362,1.186294184912374,0.7309855666228527,2.4773774426884705,1.0465205772774075,0.7874524864569624,1.7124374019324304,0.691819391886963,0.659296502519685,0.29940379100014325,0.48649570499728917,0.4124177873965597,4.061542667358494,11.424000950846644,10.98098605054863,1.0354031051191988,2.386726341835147,4.4540166479036385,3.816811147709316,1.6366643224409858,2.701199544559665,167.839573,0.0,9.444327772196779,0.4067796833697331,1.839636135340392,7839.306846999155,13663.905325443788,13224.992955762187,14220.73823612285,LOG00002,Idle 35,186.5,187.0,27.35513833992095,1.1427133304401522,36.30069630954109,22.611185770750986,83.0,1.6760580905688878,4.194743083003953,11553.867871259175,5728.571428571428,0.0,0.0,2.607838443154953,1.460457370175821,0.9145324032063096,2.6991202547530606,1.5110356872750663,0.9775608128319,0.5646991070779211,0.7066007337537362,0.9389007837726584,0.4035935918666133,0.5035932062586979,0.3378896210081741,3.7888172839603604,5.738167910589757,6.929001282798814,1.8136009193041118,2.6402457379848117,6.595153328833988,5.4806522793472885,2.113499121799879,3.220938854136662,186.591717,0.0,5.635978653803509,0.42058027405429504,2.264955391552743,7416.064370412197,12940.542066629023,10704.658385093167,15154.206662902316
LOG00008,Idle 35,168.0,168.5,24.81913214990138,3.2073954293367217,29.106658950363993,22.614378698224847,66.0,1.3462607414645906,3.426646942800789,10733.143138912368,6171.428571428572,0.0,0.0,0.9905204618702784,0.8819090132656983,0.5243020787294914,1.444405718780157,0.8664047125155211,0.6706902379909574,0.9772041352591647,0.5571970927088632,0.5650533490959366,0.2983927203395915,0.5676853947988334,0.2996649325051847,6.488531819204192,8.438243208564227,7.090110163140286,1.0083438052543274,2.8376218693542365,4.852255011664664,3.8121574441119592,0.937788433779972,1.5709561236841991,168.009265,0.0,7.38409677936692,0.40869874593760225,2.1294195339378534,7300.056353902508,11605.043674274444,11475.260636799096,12552.211890673429,LOG00002,Idle 35,258.5,259.0,24.515581854043397,1.2313996008720018,29.58229511518329,22.477810650887573,73.0,1.3963317360855576,3.551400394477318,10450.04226542688,5828.571428571428,0.0,0.0,2.0217577640443327,1.3365224197111456,0.8857337874598351,2.109486820954847,1.318479082924724,0.72624712013677,0.5937640842603608,0.10414146095923257,0.5484590423960639,0.3704431308667155,0.4639755411150668,0.32918452296352435,3.1614185119963754,8.198401162956547,5.298901812191547,1.3635758775046278,2.481739067463727,5.434566842471072,4.338261497479471,1.7137381122657094,2.37931709139477,258.704255,0.0,5.924151389355483,0.39194551752255763,2.0022946801967287,7169.0898844745,10951.422936038321,9762.383770076076,13917.272471118622
LOG00008,Idle 35,168.5,169.0,26.58224852071006,4.040085201487573,23.891490867547258,22.46246548323471,25.0,1.6891037419848236,4.155207100591716,11079.14201183432,6285.714285714285,0.0,0.0,1.5337374622591018,1.2659288278636094,0.5888415210731082,1.4972600864593013,0.9955751867788011,0.667259765421262,1.234036430536621,0.7448875399785609,0.42051814910665053,0.3020000318324656,0.44280334283684736,0.24366953966645577,4.470063210032072,8.137952198144312,5.273062126683099,0.9924310877006294,2.3110292747622845,2.965614910077132,3.866612255619345,1.4062230264707523,2.1213426638917467,168.794572,0.0,6.16476318206476,0.33992825920359493,1.7784509794541628,8460.242321780783,11788.644688644688,11978.5573400958,12089.123696816005,LOG00002,Idle 35,252.5,253.0,26.6792899408284,1.6121411542847777,23.20114896828407,22.427613412228794,31.0,1.265921569739054,3.668362919132149,11330.762186531418,9500.0,0.0,0.0,0.5658035046765697,0.9532023807706022,0.5151869045422045,0.5243247326540643,1.0866496798890029,0.5151869045422045,0.31344071060202705,0.7292183363760093,4.930261228643271e-21,0.20610391066298098,0.300848207427326,0.21410736870309802,6.158864092223224,4.72830635852562,2.8790618962649317,0.6014601486433431,1.0173088276835305,1.327898192433236,3.5584718480678084,0.7838138760608393,1.4602449222062963,252.99778,0.0,4.781125576300872,0.244151886630552,0.8356648734058744,11333.953226260917,11202.451394759088,10622.682445759368,12163.961679346296
LOG00008,Idle 35,169.0,169.5,37.929783037475346,4.773819189817443,27.989663378078,22.299763313609468,20.0,2.2945402566683017,7.366370808678501,15018.751761059453,10657.142857142857,0.0,0.0,1.5748891446107272,1.1446162010426058,0.7118068961526148,1.7615868700225588,1.0479804653158318,0.6473484379188014,1.2102501785697704,0.6224741417655622,0.34942000744294677,0.4549081156144968,0.4788841331914516,0.3022358014538393,4.421102909275161,6.57649619912895,6.778445754386817,2.1346422347709555,2.8023673213462534,4.194012826606947,4.604260097492852,1.3766666382065622,2.1826956353778226,169.091531,0.0,6.020625106989125,0.4193717071822661,2.4909797343833726,12939.194139194138,16131.839954916877,15477.204846435616,15526.768103691182,LOG00002,Idle 35,233.5,234.0,38.98122529644269,6.0164484094086195,32.35152706735561,22.410573122529645,18.0,2.3725005600248266,7.71009881422925,15114.412761151892,11671.42857142857,0.0,0.0,1.2651308315480045,1.2708957600501387,0.7808127078617424,1.351036789670026,1.1895397523114029,0.7479759419880029,0.6393698998707767,0.3972711078887218,0.3822351420585836,0.3629782240489375,0.4336866763868482,0.27330620935790706,5.164633226658225,2.7651285345960925,5.570394762903836,1.650234579109753,2.438374502279421,3.6469706959224384,4.388270387755002,1.268016572022378,1.894108197405788,233.975374,0.0,4.667214372382674,0.3626447336272694,2.0819395259536173,13784.217955957085,15829.644268774704,14840.316205533596,16003.47261434218
LOG00008,Idle 35,169.5,170.0,18.78873517786561,6.231848866705464,37.323922860650356,22.567154150197627,44.0,1.1156365359268223,2.112075098814229,8718.146527385657,4100.0,0.0,0.0,1.2081651345613287,1.9778421336785528,0.39968444130307523,0.8255169895932349,1.5213449505961376,0.399662873806075,0.990720881572689,1.5041978638282791,0.0009083030667654209,0.3128723427994724,0.39616562722579174,0.2978782748985437,3.387728726216771,6.075580426340818,3.2433217225124427,1.2228732462200218,2.0591898515159626,2.373270120992062,4.0673674853484245,1.6388292312080173,2.826934729387541,169.925188,0.0,4.431272173807843,0.33841186629144077,1.6934700795861473,7197.656691134952,9995.623941276113,8869.734613212875,8809.57086391869,LOG00002,Idle 35,248.5,249.0,21.295059288537548,8.934491238572964,42.50232149846939,22.22683794466403,34.0,2.2708702142736104,3.4757707509881417,9311.984754376059,3428.5714285714284,0.0,0.0,4.6371469794967135,3.115819831031781,1.7126169852908422,4.61392642052595,3.217707343102307,1.9650704389830187,0.25838131355800353,0.8757464928154091,1.019083347419675,0.42440720897509876,0.6361977520029473,0.40286204781766904,2.26215177086536,3.7030398293489823,2.945630814929547,1.9602889355753237,3.668598765817702,10.51133399205306,9.367127788385966,3.950409176838927,7.874820899918094,248.691259,0.0,3.0280123023768537,0.4990547358942645,2.9412029524922447,8140.6267645398075,10901.242236024844,5889.186900056466,12316.883116883117
LOG00008,Idle 35,174.0,174.5,38.92702169625247,6.177212019100351,44.6465805802382,22.054220907297825,13.0,3.5487999418962954,6.594082840236686,15521.08340377571,11942.857142857143,0.0,0.0,1.0724587014420146,1.6640177874553388,0.7352857224811302,1.0939022410516883,2.0758341079724816,0.5947631873159734,0.485273093938037,1.414692689388489,0.27992072628993764,0.3251050571552951,0.3960157406636972,0.26354472108486865,4.989981419647757,5.700660148316473,6.483116488769604,1.2420340256191376,1.9920987353864996,2.927122706221607,5.130063765747085,1.399843359677512,2.7114842009636355,174.002693,0.0,5.756973745003815,0.33265476851788633,1.6599858270967514,15397.94308255847,16155.508593970133,14019.63933502395,16511.242603550298,LOG00002,Idle 35,185.0,185.5,35.961932938856016,6.498055437504022,45.27957509841687,22.668007889546345,51.0,2.195290833498648,6.9236883629191315,14240.772048464356,10257.142857142857,0.0,0.0,1.2597549039534086,1.495586778395562,0.7297833972819006,1.5034456414666086,1.767467134659464,0.7433909709614863,0.9327570452744619,1.1657201410536997,0.4797981104971247,0.4015001730571181,0.41862981438647495,0.272030073910466,4.025496590705968,3.654176264165389,5.108274014938014,1.754016675549054,2.1834134296857006,4.004189127899943,5.372697433508755,1.3827078920991007,2.022654275490213,185.257883,0.0,4.307051984171463,0.3698890246050761,1.9803874246010584,13206.790645252184,15070.076077768386,13663.70808678501,15022.513384051845
LOG00008,Idle 35,174.5,175.0,33.31758893280632,5.758357641229345,56.911754689173804,22.186699604743087,42.0,1.6221726837098867,5.514664031620552,13396.943817052512,8800.0,0.0,0.0,2.407548912532329,1.219752670998583,0.7092787773551175,3.4852322176733805,1.419000459629248,0.6828766662166904,2.486640093939092,0.8842138086782996,0.1678531393998018,0.3337000879310981,0.725956783407098,0.2613342315631195,5.182782173753763,7.360117685774253,5.872701540321543,1.371351569816826,4.428270282054259,4.923726536268294,6.059161553810714,1.9084140463541686,3.868905604132061,174.876791,0.0,6.205405890316435,0.4853399429426379,3.2779706236453663,13036.081309994353,14180.067758328627,12022.303783173349,14349.322416713721,LOG00002,Idle 35,330.0,330.5,30.65956607495069,0.9210887826028834,55.5736697522359,21.854299802761343,35.0,1.1619652410288583,4.129447731755424,12495.477599323753,10928.57142857143,0.0,0.0,0.7149194429019821,0.9102719390325219,0.7418894250638522,0.7572565658718897,0.9166310419086728,0.6460198447198132,0.49555283200721223,0.11409373248998121,0.5814728799065538,0.27071909663427407,0.3046703527018115,0.26063467537094176,4.281486087728306,7.0540577533950195,3.498274114910583,0.7681794434338138,1.1817500851110208,1.9656818983354827,2.4763178110615507,0.8184451150899817,1.3464851513849787,330.000743,0.0,5.1745781048860024,0.279310631796476,0.9966526277932021,11968.44181459566,13121.66807551423,11448.351648351649,13443.448858833475
LOG00008,Idle 35,175.0,175.5,44.35581854043393,3.854665027722664,68.4846432856089,22.18903353057199,51.0,2.217915122689567,9.260848126232741,16896.710340941107,12914.285714285714,0.0,0.0,1.7971634213296561,1.658342016447196,0.7888522930196443,2.3144617940515877,1.6481228415711429,0.8808562935475587,1.7977336061471392,1.1264304407038404,0.6747888854542173,0.3618054996526026,0.4108889997571213,0.32522227067394055,2.768634270557517,3.4226945067791,8.135052832685162,1.369548990051846,2.03270150824589,4.376961380572337,5.043010277871927,1.729146408850255,2.5295312207533116,175.000115,0.0,5.340388812356278,0.36765133620619,1.7331387506165155,16534.629473091012,17656.635672020286,15511.862496477883,17883.713722175264,LOG00002,Idle 35,309.0,309.5,41.239447731755426,3.75829681654762,72.34080501472145,22.158954635108483,74.0,3.1678912697758728,8.033155818540433,15873.245984784446,9442.857142857143,0.0,0.0,2.222271496303547,1.6712100687666291,1.0364819476727565,2.0552363344262092,1.6765994555380095,0.9458346111390219,0.6561880116473169,0.6173155545570601,0.6094027961862261,0.5788830479266924,0.7015610794217205,0.3905684472048509,4.798872559161801,5.670025172156817,5.666849563650889,3.038983031575337,4.300241784941006,6.368066287702723,7.2445313660722,1.9661426318085582,3.172713883506188,309.397148,0.0,5.394180421807015,0.5715001438577466,3.7234055161340827,11328.994082840236,17208.171315863627,17980.445195829816,16975.373344604115
LOG00008,Idle 35,175.5,176.0,33.0887573964497,2.422782203142786,73.92119968161683,22.216153846153848,59.0,1.3124085349047547,5.237633136094675,13471.632854325162,10557.142857142857,0.0,0.0,2.7724565525476934,1.5314051662848593,0.7822234317504781,4.160453561521959,1.5363059986258616,1.6356777761130235,3.3430044063768514,0.894697066445251,1.5725132639837882,0.3819819278054538,0.3892850371317121,0.2751543144873992,6.088999189940163,7.735719124863587,6.069204964991837,1.8043763296342632,1.9759211956753904,6.737103246781285,4.54085117445619,2.239611251879284,3.7283353142178326,175.999509,0.0,6.6771378703991076,0.35268632431933056,1.8920938811887322,12194.449140602985,14908.114961961115,12881.487743026204,13902.47957171034,LOG00002,Idle 35,165.5,166.0,33.17455621301775,2.270348171279508,72.58609154522587,22.763076923076923,42.0,1.5032403437718096,5.4316765285996045,13887.137221752608,9971.42857142857,0.0,0.0,1.132499231239485,1.6010306604033344,0.7625772912898771,1.122912475344092,1.647723147078824,1.0079768392621038,0.5596459018976291,1.048885590303297,0.7119658622217244,0.3357135655107744,0.4771015870544053,0.28103483684178265,2.8237101078162583,3.909742526510302,5.304133400892924,1.4806700286421626,2.712619529267104,4.068205483746877,6.033437400346947,1.386696377061244,2.0626969573643117,165.951927,0.0,4.138971552252031,0.3738583073645578,2.1852560998977295,14211.355311355312,14219.216680755142,11228.965905888983,15889.01098901099
LOG00008,Idle 35,176.5,177.0,32.7534516765286,1.1804133428141343,64.59225741380652,22.194280078895464,110.0,2.117210247297657,5.8907495069033535,13018.66018596788,5914.285714285715,0.0,0.0,4.218346695630328,2.535891286672769,1.2746702460700579,5.843476697156673,2.685088708406517,1.337209418918541,3.3280997784497037,1.14383661157129,0.946526585911358,0.5258469437903949,0.9545187612268947,0.5848356320092816,3.6091002154115657,9.943873345551355,8.236841773643901,2.7136194614829687,5.262464635391402,10.566591690822177,9.601220336637564,3.480315607984293,5.0314254419676745,176.546067,0.0,7.74062408942362,0.7140620398573035,4.186720949650471,6871.625810087349,15594.815440969289,15012.989574528037,14595.209918286842,LOG00002,Idle 35,168.0,168.5,31.293293885601578,1.2200310398054823,69.10738063498114,22.70737672583827,98.0,2.0971531326781685,5.207317554240631,13104.649196956889,8242.857142857143,0.0,0.0,1.1372792351404506,1.1703729430253615,0.9110429458536022,1.1534162524830798,1.231842601213421,0.8046375790327308,0.6209284093883748,0.4617392153153836,0.4408464068974355,0.3991539677352461,0.6042997466658447,0.2962297487599686,3.527754002076902,6.462116609003096,4.374854329104135,1.768838366023211,3.413240706931195,4.316383174381856,5.50900285224427,1.1539447310091353,1.764541044889771,168.468645,0.0,4.9444699671587475,0.45175736032726993,2.7183635967772815,9513.637644406876,14901.944209636518,14711.27078050155,13291.744153282614
LOG00008,Idle 35,177.0,177.5,31.327470355731226,0.3777093484254997,47.644585782134286,22.329525691699608,97.0,2.08623728223139,5.351640316205533,12620.038114059853,7542.857142857143,0.0,0.0,2.2394079134008233,2.0055315309269837,1.02033475596643,2.5722841121723254,1.7114858147556835,0.9477962587339478,1.4173515397662544,0.6942192962208606,0.8409852815720509,0.5590832693807818,0.7767250235932452,0.509380533144553,5.545855499869959,11.40658370846779,9.308387808619509,2.8713440936113694,4.687710889742077,6.549447069562135,7.423123789781426,2.125688655958882,3.2731032831193727,177.007774,0.0,9.083184990581533,0.6259244874381308,3.887110127699197,8711.434217955957,13631.902879728967,11718.915866741954,16417.899491812535,LOG00002,Idle 35,191.0,191.5,28.46272189349112,0.9689513677329336,45.538613976979406,22.773570019723863,100.0,1.9906785823012305,4.508639053254438,11838.560157790927,8242.857142857143,0.0,0.0,1.9403934904668598,1.5790175663267298,0.9126585172517635,2.0961810890904236,1.7143067196604305,0.8194736705694344,0.7597616424922456,0.6379762140591119,0.5036757858847327,0.4535278811519189,0.4521732077168088,0.38075255969881244,3.7244932393535275,4.644956526405983,5.504544928977856,2.180018340084523,2.350731188767067,6.278544285357495,5.231711830605828,1.7689577966439105,2.7983274249771135,191.053978,0.0,4.681434463115177,0.4301630157960487,2.2669822545563854,9038.715131022822,12904.339250493096,9624.964778810932,15786.221470836856
LOG00008,Idle 35,177.5,178.0,32.45759368836292,0.36503563442221965,25.549810764808075,22.24422090729783,82.0,1.995512875956279,5.548303747534518,13038.116370808679,8671.42857142857,0.0,0.0,3.246361337769709,2.7165311310003166,1.0316481617242617,3.3931406993808,2.7547610515094907,1.1881930441953377,1.0655097237270457,0.6074630993328255,0.8203511744424449,0.5564874424249348,0.7727974678138482,0.3967943749785031,6.051445123168193,9.449647926272366,6.35819500608579,3.070139240193607,4.58137527811278,9.427497654815841,9.84855739894106,2.9931925531996604,3.97887199644514,177.659887,0.0,7.446307311785133,0.5956341091225728,3.8996637286488918,9585.23527754297,13536.996336996337,12621.189067342912,16409.044801352495,LOG00002,Idle 35,282.0,282.5,30.867061143984227,0.10914696229297428,24.917464852554478,22.227455621301775,73.0,1.3223429760079304,5.044378698224852,12653.134685826994,10157.142857142857,0.0,0.0,5.398778716866564,0.7945423758436184,1.1916428526658522,6.60949365543719,0.813561256238164,1.6340743517526002,3.1530975535371666,0.6226443366309644,1.985207646958797,0.31478912575019,0.3739355813981938,0.3220656124902436,5.837787206831062,4.570097258861219,4.381561314692185,1.334966485881508,1.9870970366719134,14.487088722202623,3.1883664270865704,3.8586337751011435,9.459719493834658,282.271017,0.17751479289940827,4.972042772077301,0.33795772490795845,1.692733019642661,12362.468300929839,12349.81684981685,11478.303747534517,14421.94984502677
LOG00008,Idle 35,178.0,178.5,40.80157790927022,6.12870806932095,10.535997630277997,22.165404339250493,70.0,2.8310755728575945,8.781518737672585,15447.316145393068,10257.142857142857,0.0,0.0,2.2561008115695107,1.6637752258128178,0.8464067487179011,3.2442193859846165,1.708728412344995,0.9592428213764896,2.4010459887255307,0.6828221443777703,0.8184020883221373,0.4130070470500448,0.5272477841540426,0.3034693145195427,4.338732563181342,6.6759059815561965,7.1914908997637035,1.8012279982762374,2.982699484773775,6.203803630610779,5.897045695006448,1.9821880427942624,3.098784636277221,178.209402,0.0,6.194348561142167,0.42452274052293376,2.4638302009517585,13190.588898281207,16041.701887855732,15597.464074387151,16959.509721048184,LOG00002,Idle 35,319.0,319.5,37.436489151873765,2.9822469292336837,13.38508746493624,21.922248520710063,47.0,2.143378887918485,6.455266272189348,14665.610030994645,11485.714285714286,0.0,0.0,2.350560650925512,2.9031864651237482,0.7093952099622373,2.4643223496594007,3.1184708539506323,0.7559739053180093,0.6069699277560214,1.6408003423691722,0.223288501860766,0.4985895928313582,0.4152080759935323,0.2802010859343343,3.39073527562855,3.7964626464511246,5.809109064383426,2.5321307325713107,2.0460498524791184,6.618812469090372,7.629357809915326,2.6413658422260524,4.787607825639868,319.068478,0.0,4.4592960003866144,0.40804492277557325,2.3019563468560755,14286.531417300648,15592.955762186532,13743.87151310228,15039.081431389124
LOG00008,Idle 35,180.5,181.0,34.24260355029586,13.698759626778465,17.540906545327054,22.227889546351086,78.0,3.715582644748144,7.65069033530572,12956.670893209355,5728.571428571428,0.0,0.0,9.996489985688505,8.000549658318702,3.570861555277077,10.131545333857908,8.072846673828817,3.4563061484034847,0.5933347067462537,1.0233919109084377,0.6713222821096928,0.6344174104177228,1.2560453526977335,0.5221469810385141,3.198320178105501,7.208933469166491,4.776418311914227,3.3173848110436714,7.558269881178971,19.693759962474562,20.299386413322853,9.053690045202401,16.813440208393896,180.868191,0.45759368836291914,5.323286754594856,0.866558874415031,5.83662940322925,12893.688362919132,13674.866159481544,11732.713440405749,13525.415610030996,LOG00002,Idle 35,209.0,209.5,33.383629191321496,13.694604685052354,15.393420930125819,22.276528599605523,71.0,3.357351252427229,7.078205128205129,13189.292758523528,3442.8571428571427,0.0,0.0,5.741586279105134,6.174043221653198,1.0084060936457042,5.515113478934065,6.383125817374988,1.008406251273544,0.8536793724793357,0.9219090594835194,2.750459282144361e-06,0.4454225220876252,0.6345250481230583,0.37000837499057904,3.1891441379329164,3.862014322980394,4.034954979635293,2.0361000954954696,3.455232867038935,11.3674506777572,12.939778584755041,5.961737276300011,10.921997329463478,209.123118,0.32938856015779094,3.713338868238001,0.49596016555150874,2.8358718028450056,13097.661313045928,14072.893772893774,11322.964215271906,14263.651732882503
LOG00008,Idle 35,182.5,183.0,30.413241106719365,1.315175400154633,22.69611393677446,22.213992094861666,129.0,1.635007487172007,4.840256916996047,12442.934782608696,7242.857142857143,0.0,0.0,3.3321998247892677,3.0468070296854353,0.9547036615265235,2.9176073664486704,3.1726392947199353,0.9984883374018122,1.7169241994462492,0.518403584950603,0.6412890823308802,0.43434862888081066,0.7087597711413899,0.6051645095241568,7.240235049653533,9.65262301293899,13.254900419102416,1.9447321367321433,4.192490233831451,7.1055008474061925,9.497867453592301,3.1926939055025447,4.347235220578616,182.720958,0.0,10.348695887638412,0.5936394046295131,3.267947172493068,8326.341050254094,12984.415584415583,13199.15302089215,15261.829474872953,LOG00002,Idle 35,285.5,286.0,28.008875739644967,1.0562951697066292,23.72598644725493,22.192642998027612,94.0,1.262436795304974,3.982978303747535,11725.986193293886,8600.0,0.0,0.0,0.8409712372766895,0.5963332523761194,0.7676251259446996,0.9171788128597769,0.5421941419555114,0.7679120016941149,0.4528806637114277,0.3880030528122412,0.6408479345724003,0.24929798869620895,0.3234845608384163,0.2347494656577952,4.658905053435246,7.112103063943273,3.0162769228224846,0.8734585433227279,1.4039998730779846,2.4093015020562807,2.1933196045205006,0.728987643865164,1.115900781853926,285.773383,0.0,5.208497312540579,0.2719675592758681,1.1692188568669382,9179.374471682162,12381.54409692871,12344.125105663568,12998.901098901099
LOG00008,Idle 35,183.5,184.0,34.057199211045365,4.59794165912845,17.144243357516608,22.279999999999998,95.0,3.4615402902288577,5.166114398422091,13923.49957734573,10471.42857142857,0.0,0.0,1.6096126998754776,1.4701047813984058,1.0441274249584045,2.023334925368553,1.264227857760326,1.19254989146586,1.5792679820377034,0.8184396838110112,1.1438698493171686,0.30952992563724074,0.4108511878783684,0.31345611560930225,5.212747439294209,10.428444998380003,6.131644896968113,1.3513775307003777,2.224713788492969,7.091261950825595,4.35437162725514,1.5414378209793091,2.3891501427065434,183.500343,0.0,7.605311084863007,0.3477845165515251,1.8405940170489237,13661.820231051,14070.160608622147,12626.458157227387,15335.55931248239,LOG00002,Idle 35,187.0,187.5,31.60493096646943,5.419450992337761,18.90084692577773,22.696311637080868,69.0,2.253658605024663,6.000670611439842,12812.038602423218,7342.857142857143,0.0,0.0,2.2155867225077466,1.7398322267541833,1.1003212362007708,2.4554199898892235,1.7697033491428673,1.0486659458453298,0.9903587283636953,1.0656819119609886,0.7572944450814242,0.3716604502037809,0.473337287219067,0.3686946503189444,3.6267236410190575,5.153655523814642,6.2753815640119495,1.576370230718138,2.4916297145138846,6.922934471468906,5.6841591017739885,1.9919639432235001,3.248769329553613,187.345448,0.0,5.134643882504179,0.4074781887379133,2.084845526477069,10743.589743589744,13166.807551422937,10977.345731191885,16360.411383488305
LOG00008,Idle 35,184.0,184.5,27.76508875739645,0.6276534537464412,20.2148843667402,22.33818540433925,119.0,1.2144155452947079,4.021696252465484,11592.49084249084,9042.857142857143,0.0,0.0,1.3014522184502788,1.2243098605239415,0.8642726356807604,1.5778649560812918,1.2255977143621812,0.9030502321655995,1.0987040398207986,0.9644912538005206,0.8835773532140276,0.24368374852949895,0.35077519914854594,0.2503598427659819,9.534882973096295,7.459934029461877,7.097318353655029,0.8166554100538389,1.8013805033203796,3.426316530972321,3.1227358661822215,1.2634699267266523,1.627401897443393,184.142598,0.0,8.102191819659947,0.2858350692881575,1.398552425994998,12125.133840518454,11441.476472245704,9968.723584108202,12834.629473091012,LOG00002,Idle 35,223.0,223.5,27.068047337278106,0.5628231999186576,17.75846389299184,22.60248520710059,69.0,1.226766678647958,3.971222879684418,11525.669202592278,9571.42857142857,0.0,0.0,0.696703369015347,0.5830543446800552,0.6714038536090462,0.6664250938603061,0.47345908828143596,0.7586125713591286,0.3929077420313646,0.4482673757292082,0.6821890704283943,0.22518695823347418,0.24669665873745245,0.23378683622962113,3.964550250847457,5.041122061959398,2.4874203855577792,0.6421076108979387,1.1409485212563917,1.7114304200989992,1.9338161676886976,0.6423970552733035,0.8010465416460879,223.071502,0.0,3.9714745586308706,0.23538952991790954,0.9257606904946346,9935.672020287406,12115.553677092137,11360.495914342067,12690.955198647505
LOG00008,Idle 35,184.5,185.0,27.742011834319527,1.6011553692959453,20.176683637384652,22.338481262327413,115.0,1.2473399468991977,3.7873964497041417,11641.53282614821,9371.42857142857,0.0,0.0,0.793935302807039,0.8426744573302334,0.6613577521890349,1.110531830391692,0.7409172147970053,0.9159715744612187,0.9101707750036373,0.6617055508449348,0.7676281516031944,0.2664841108811522,0.3517645144146419,0.27656922479184654,9.733549980485188,7.273093470508881,6.920782689722837,0.9342548365419865,1.7385459013363629,3.023902151344732,3.1350282880484355,0.8186676694728171,1.4085480250084013,184.993026,0.0,8.073353637981542,0.30068953593113834,1.3955955629507346,12009.861932938857,12217.666948436177,10201.775147928995,12136.827275288815,LOG00002,Idle 35,287.5,288.0,25.792885375494073,2.5607922391321716,17.00162277826458,22.32339920948617,82.0,1.3412937514820877,3.9381027667984188,10859.7049689441,8000.0,0.0,0.0,1.0832346425208486,1.3623219742835129,1.2604674467856072,1.0094015988924627,1.395587466293144,1.4438072610155936,0.7532405062496448,1.1658633128630145,1.3735591574944503,0.2833514912695728,0.3219029271925224,0.2982212111505311,3.1339546506747893,4.785530597585107,2.630045889508891,0.8964454747037992,1.392923847793394,3.472648634335096,4.071252732787446,1.2307149248247944,1.8117122363150817,287.607451,0.0,3.635020230747555,0.3015766640617798,1.1712923065717784,9311.885940146809,11323.997741389046,11581.479390175042,11221.456804065501
LOG00008,Idle 35,185.0,185.5,31.563636363636366,6.792184957742218,21.448211355374443,22.39956521739131,68.0,2.116615189905062,5.307015810276679,12578.289102202145,9057.142857142857,0.0,0.0,1.5986936822202733,1.2175653589336908,0.668773653602102,2.1049552002534067,1.2031838461849704,0.779195165661501,1.3705567950794793,0.739922817091857,0.6134603095334591,0.3659726698575709,0.6040890018574983,0.31021652846014375,3.973555659072349,7.315128237336988,4.91410794762975,1.6627093185477557,3.56965487246646,4.323161264648602,5.593792437514293,1.4209656739074212,2.2650991337505926,185.122268,0.0,5.581179762540913,0.44538141398795494,2.784514157488617,12164.793901750423,14002.230378317336,11822.219085262563,12323.91304347826,LOG00002,Idle 35,219.5,220.0,30.813412228796842,4.340313479267598,22.377923955456282,22.627041420118342,64.0,1.9019867799060801,5.228579881656805,12662.771203155819,8300.0,0.0,0.0,0.8776827805267723,1.0542670265522238,0.7766006045003506,0.8527834429780149,1.0889118391851,0.8122182140963556,0.37255001398706483,0.3892582290108441,0.6946712237151786,0.3665180371241903,0.48089190007622185,0.27556077433090925,4.603579978466649,4.791334972294097,4.148475096999672,1.5729309000010991,2.7098020835083876,3.03756883997609,4.16214745058299,0.9700015532225897,1.4515693603122641,219.867067,0.0,4.522524555499723,0.38363447509582116,2.2155291634240184,10667.70921386306,12885.545224006764,13338.292476754015,13759.537897999437
LOG00008,Idle 35,185.5,186.0,34.519723865877715,8.383302974367671,29.23181128477683,22.301913214990137,61.0,2.3647814316189635,5.966587771203157,13948.73908143139,8557.142857142857,0.0,0.0,1.6558659382895302,1.3953459132417776,0.5891913979334644,2.724582051348658,1.789216839921335,0.4966605178286938,2.0683472806224183,1.298695316915918,0.24537930694993207,0.36997655402984064,0.47576232910666216,0.2930074110223628,3.083314962128861,5.878873787572677,6.818515171742116,1.6311926695487637,2.7057072845135584,6.133459822038469,6.386931924506791,1.5311567887038866,1.975329581660745,185.937181,0.0,5.49424357284283,0.3869047200723623,2.234014484583679,13809.89010989011,14507.326007326008,12882.69935193012,14595.040856579319,LOG00002,Idle 35,233.0,233.5,36.727021696252464,6.59468733084744,26.410992282402624,22.404142011834324,32.0,2.9059611351265464,6.9073767258382635,14562.496477881094,10585.714285714286,0.0,0.0,1.1113701742282098,1.1858759222363693,0.8805764153943498,1.1601891837497473,1.2518205451320585,0.9112534556830583,0.5501808277612206,0.5746304292463515,0.6409855666670372,0.4467588670514405,0.5139418222467796,0.32892466868015396,4.209014378284449,5.4843547035096325,5.219176103622089,2.1711957523319003,2.815907633831628,3.958861430566872,4.722266697396624,1.149226993918956,1.7876815596974491,233.166375,0.0,5.001124798520606,0.4366238349005454,2.5143017715874243,13039.532262609186,14823.020569174416,14498.506621583545,15888.92645815723
LOG00008,Idle 35,186.0,186.5,17.92741617357002,1.2762346887017735,31.20682689438535,22.43234714003945,45.0,0.6506873018335736,2.006213017751479,8118.998309382924,6514.285714285715,0.0,0.0,2.8089999789620155,1.7459952298534223,0.41295097686816995,3.1618624217210987,1.667514671750561,0.38249490148893006,2.6151200422689285,1.392483588932675,0.28458621950877244,0.28826620666439823,0.351346719908361,0.24083981883579741,1.7727792956243706,4.6048145094976,5.57163447689583,0.6293178224515144,1.2213906408149353,5.233973377612293,3.7289845057048683,2.338694104033222,3.6583294087856477,186.263737,0.0,4.296904848919679,0.29695439707801685,0.9715544295420189,8048.295294449139,8322.569737954354,7469.540715694561,8635.587489433641,LOG00002,Idle 35,298.5,299.0,17.63412228796844,1.3490150431420556,34.59175451010782,22.304516765285996,25.0,0.7578393990373398,2.082859960552268,7966.638489715413,6171.428571428572,0.0,0.0,0.9956361261778773,0.8152925816302532,0.3488707365423541,0.8054808490987031,0.6401926381206848,0.38629144072172894,0.6567254104356128,0.5013329697417516,0.10636785478802722,0.2672172143590501,0.34598383392362064,0.26135216773442743,2.0763274472821083,4.9395526135017125,4.362363030569947,0.7018884871720872,1.3421433228030797,2.257575456723604,2.550476615550401,0.9099432096048117,1.602547172895327,298.558574,0.0,3.989173970484451,0.294060542839839,1.0709799595159595,7860.664976049591,8300.253592561285,6770.076077768385,8935.559312482388
LOG00008,Idle 35,211.0,211.5,15.479289940828401,4.567921021033076,10.368001718319489,22.31051282051282,64.0,1.7305423901735613,2.3475147928994082,6991.420118343194,3385.714285714286,0.0,0.0,1.9460291232061038,2.527097130862231,0.8045475931086098,1.8920992135259687,2.5207639935141186,0.9416452167017694,1.4199725696390353,1.870887690309666,0.851230738413139,0.30692153961731883,0.3941192772184897,0.3483531302984582,1.6172914692261042,4.946469043617811,3.862522609014667,0.8535473819276987,1.7400420063273976,4.125735843757509,6.262817232238072,2.2553546569418343,3.5249739136632154,211.390249,0.0,3.741758436931771,0.3516061904768954,1.370454179638908,8069.118061425752,6945.703014933783,4533.812341504649,8417.047055508594,LOG00002,Idle 35,249.5,250.0,13.116765285996056,8.368333697099672,19.14378647096094,22.50209072978304,35.0,1.1429480320688294,1.8906903353057198,7597.076641307412,3228.5714285714284,0.0,0.0,4.533415695396794,1.943041527844715,1.0977267311258236,4.448206714663926,2.2291379327258056,1.172246318129945,2.215742317691684,0.5793088042466582,1.102325265309261,0.3789297171640045,0.4282718167967386,0.330880729891778,1.911670485663442,3.614525151769019,2.1556312662660146,1.5146568936350417,2.17964042959073,9.177947156305967,7.377132961373479,3.4876401940423216,7.2506887491064145,249.507173,0.0,2.6687089434550666,0.38143873995968114,1.8768348232786256,7526.542688081149,8982.727528881373,4667.34291349676,9211.693434770357
LOG00008,Idle 35,211.5,212.0,29.31439842209073,3.445302347733119,16.052661064526124,22.30502958579882,60.0,2.402241427095527,4.81861932938856,11943.068469991547,8414.285714285714,0.0,0.0,3.892297845362256,4.463043162564061,1.1233320789317518,3.9677869169639868,4.505136030614742,1.1269113083788103,0.9481009751342807,1.466774877411353,0.0569073883684514,0.4487045566225169,0.8051836885688755,0.39840545678577566,5.465707793312958,9.278426095983392,5.002359610662134,2.182829058775269,4.918681246515553,10.895233563279957,14.234164529125307,4.18740592658041,7.677208984456055,211.999955,0.0,6.855332575810149,0.579765314435612,3.8051391501926397,12672.527472527472,12304.621020005636,10628.79684418146,12166.328543251619,LOG00002,Idle 35,223.5,224.0,29.006114398422092,2.6937106400937023,15.03399125428628,22.565049309664694,61.0,1.5287618078616405,4.4177712031558185,12097.830374753452,9542.857142857143,0.0,0.0,0.9212621395842796,0.7732601613001074,0.7824402341533022,0.8317205489803017,0.7721877993200978,0.854103874233822,0.5814933690600375,0.441529983927103,0.7177721289279078,0.25682517337064686,0.3087931265476569,0.24628127467487035,5.309659558455685,5.205500767420265,3.6236307607220835,0.9081459078628852,1.3387053546072787,2.173899322484784,2.281475006465818,0.8504866862230334,1.4569422911131813,223.872618,0.0,4.775647347266619,0.2720090874311732,1.1438664730689294,10991.49056072133,12401.916032685263,11690.70160608622,13307.213299520994
LOG00008,Idle 35,212.0,212.5,28.84110671936759,2.615998581334436,29.421191180180507,22.35286561264822,76.0,2.409419907127883,4.142193675889327,11974.033032185205,10057.142857142857,0.0,0.0,3.752267475995893,3.7115326456246156,0.950713727374973,4.080259069632958,4.113738671943314,0.9507001318573106,1.8755958344278345,1.4451835974450324,0.0001912878181621172,0.49261854420242607,0.5365646367346437,0.3537391045274785,7.786202096916756,8.733933486898529,5.847337725515614,2.5687517179636963,3.2641176026153493,11.548916414786767,13.192104477806401,3.7319556395376585,8.16407175314529,212.029553,0.03557312252964427,7.55199522695463,0.4675132773723115,2.9370860654945767,12262.84584980237,12031.67701863354,11508.074534161491,12093.53472614342,LOG00002,Idle 35,271.5,272.0,30.218934911242602,1.1702915438208554,33.58641063362056,22.393096646942798,72.0,1.6014027585637218,4.6784418145956606,12473.978585517047,7971.428571428572,0.0,0.0,1.0869535720704298,0.9541730358708347,0.7645187359526887,1.0297869369579782,0.863284984058555,0.7027374780462057,0.3707628966221511,0.37086786797470445,0.6457499646521111,0.2949946687975563,0.37456139907546926,0.2652549024629574,3.1688420773144363,5.986909543984309,4.797421493581486,1.0945912246188008,1.9624064169775368,2.9224020813449525,3.5110420352895266,1.022720453061254,1.3101129509193148,271.825009,0.0,4.792351509989172,0.3150017246391867,1.5888940956538133,8944.885883347422,13312.820512820514,13728.768667230206,13909.439278670048
LOG00008,Idle 35,212.5,213.0,36.58599605522682,5.835741498748992,44.0618978195325,22.24493096646943,63.0,2.1690079681264196,7.0137475345167655,14243.138912369683,10371.42857142857,0.0,0.0,1.8586570986978375,2.122379052523422,0.918798434658762,2.29720204513051,2.3314008149744123,1.0287572658480335,1.6468415251928936,1.594717180424001,0.8872647793433496,0.3631305231666988,0.6355922623582873,0.3095996210399227,5.506565877258069,8.008374978774457,8.187251160365708,1.6487913881038128,3.569686100224566,5.006307658425387,6.808597650940066,1.9948808301663146,3.1723968944659906,212.802041,0.0,7.336834447365643,0.4588729766769558,2.7803931282843575,13800.986193293886,14883.291067906453,13529.47309101155,14758.805297266836,LOG00002,Idle 35,235.5,236.0,33.22445759368836,3.1403578753829655,39.85519662389652,22.40242603550296,60.0,2.4471458411832816,5.598481262327416,13712.46830092984,9371.42857142857,0.0,0.0,1.2558943852036522,0.9945451888544077,0.862533341954738,1.2417682266899066,1.0573740976607438,0.7467537046816293,0.6975950067244765,0.30658161949452445,0.5397586085656488,0.4045848633234296,0.42522399844903896,0.2914811050221401,3.5713347744373065,4.838626785171769,4.491569036969947,1.882764163524123,2.3937491523969934,3.701644178638264,4.003696516822494,1.1327821589916371,1.8569838814423945,235.500636,0.0,4.333625643390455,0.3783585579281266,2.1534664961466228,10451.394759087068,14149.478726401803,14650.38038884193,15598.61932938856
LOG00008,Idle 35,213.0,213.5,38.712623274161736,1.4019141683409855,60.754044608011355,22.174516765286,74.0,2.0255118088256756,7.065719921104536,15234.474499859114,11942.857142857143,0.0,0.0,2.4514917553347417,2.2882877006429423,0.8842876673569318,2.616186179722594,2.93984530518204,1.0250039778306215,1.9203573093663726,2.1113105131649657,0.6819775123129751,0.4012218630130864,0.44923166847131724,0.30615090718893423,4.926635258130991,4.209511693392946,7.05804676348982,1.8972532445346042,2.579547688522407,5.449064845669181,6.852201304828506,2.371294206481767,3.0955225916026015,213.427529,0.0,5.531960104070421,0.3900924904386236,2.2642477946614377,13370.667793744717,16882.783882783882,15242.32178078332,15442.124542124542,LOG00002,Idle 35,312.0,312.5,35.498027613412226,4.984353828927042,58.5761837731085,22.081992110453648,57.0,1.9311400595176615,6.172248520710059,14035.31980839673,10471.42857142857,0.0,0.0,1.4510698440225167,1.3944082873281143,0.6560275155312475,1.26370370700192,1.2579837234607607,0.6554818657866849,0.6560850673843952,0.5437547402588472,0.01758094721549014,0.4204487086956689,0.5303345059969131,0.24653710644731325,4.65536545642564,4.033249759488733,4.846285271341376,2.017356839998238,3.0359304616085927,4.523661221635218,6.196964326499333,1.4230211108765844,2.1703720650991625,312.215769,0.0,4.524968216703016,0.41585748750834484,2.5774602215757505,13323.161453930685,14791.096083403774,13027.951535643844,14999.07016060862
LOG00008,Idle 35,213.5,214.0,34.65384615384615,1.6816916438544438,66.00566291649719,22.240216962524656,81.0,2.083927000019267,6.135917159763314,13765.511411665257,7942.857142857143,0.0,0.0,1.7190868760816946,2.176494330519995,0.9365480881166295,1.7997977751877425,2.417034722526576,1.0133204655744732,1.1679477347852014,1.3884171683972208,0.5345979010450091,0.3944928501444159,0.5882396037494879,0.49968775414222943,5.947163544548649,7.2734023389260605,15.898296490626283,1.8692363665975498,3.589888883893749,5.386446575072884,7.615773105863909,1.9611714940695522,2.701692303014596,213.832023,0.0,10.661878619851873,0.5004458984659329,2.8619352537151066,9537.588052972667,16228.881375035222,16369.87883910961,12925.697379543531,LOG00002,Idle 35,309.5,310.0,32.32209072978304,0.7378103216027609,62.19109340397024,22.125226824457595,68.0,2.2055969438851997,5.211913214990138,13038.560157790927,8385.714285714286,0.0,0.0,3.674462558404787,3.4509494814039803,1.154408608374261,3.6198164993596653,3.3827484623342627,1.0750462627671764,0.6546744639994911,0.5165815023420695,0.392479446905884,0.4338748819743852,0.47121615811055884,0.3081940382969543,2.9477702860447015,5.124680409157395,4.333868785001345,1.9388568565815143,2.719605401987061,7.672924296406334,8.08412377436238,3.564458403202445,5.02915715659364,309.999937,0.0,4.232182951342358,0.41039641247398295,2.3617175373899344,9008.847562693718,14162.158354466046,14509.044801352495,14474.189912651453
LOG00008,Idle 35,214.0,214.5,36.32998027613412,2.4883493018729665,60.678094082363536,22.30930966469428,68.0,2.7570443528972786,6.945581854043392,14190.729783037475,8085.714285714285,0.0,0.0,1.892428930164404,1.8788318793010932,1.083861206673154,2.062222050468942,2.1584250333001167,1.1772678502356557,1.3643876762972895,1.0676328124601322,0.7577294094292474,0.4059447337036618,0.7255511411658556,0.4045528682104997,3.7137384445581914,6.558451171873854,9.837624207079166,1.9238026599146028,4.225671707135462,5.537393059327749,8.00431343280434,1.8856426605273424,2.42923123376412,214.154629,0.0,7.155044492015243,0.5338160133873077,3.2830868135627815,9474.161735700198,16072.72471118625,16940.180332488027,14275.85235277543,LOG00002,Idle 35,165.0,165.5,34.861857707509884,2.489175718668526,70.26809553840624,22.946719367588933,40.0,1.6286656044139254,6.251304347826086,14232.375776397515,9914.285714285714,0.0,0.0,1.1743332392229904,1.3433223207745162,0.7385849609279541,1.2463442267998515,1.8057196180067772,0.6881556482046677,0.580919306793419,1.2532771807646894,0.5765214846142132,0.3492905979004171,0.5383173005873418,0.28517976582110893,2.840956640744424,3.987318786216756,6.325400271352864,1.5777536874286775,3.3615750830468976,4.365920844694093,6.588407593987028,1.261660297828816,1.6288145362824777,165.123211,0.0,4.618096084258741,0.40542855380739035,2.625785000448109,14892.151326933936,14348.16487859966,11431.225296442688,16257.961603613778
LOG00008,Idle 35,214.5,215.0,35.81600790513834,1.275971563463523,50.20154123795552,22.135612648221343,80.0,2.261565313586543,7.037173913043477,13927.4209486166,6657.142857142857,0.0,0.0,2.3228683589017387,2.1526532955491504,1.1691208696380995,2.8738860898565837,2.5340176590271715,1.2814719190106794,1.8057624697780235,1.438542739077265,0.7100813955488761,0.4531432816134467,0.781603755203715,0.5512212228394043,3.891147037539738,11.624127848177524,17.18070607830643,2.2656151034089236,4.3658621471434715,7.31504486814161,8.804979726506456,2.2393786664636997,2.9280209544178897,214.951761,0.0,12.185210090483814,0.6110341235229887,3.478057222405551,7424.082439299831,16596.13212874083,16741.89723320158,14947.571993224168,LOG00002,Idle 35,325.0,325.5,34.50552268244576,3.7289486799063156,41.59391144772049,21.996804733727807,65.0,2.547631929404911,6.425404339250494,13350.007044237816,8657.142857142857,0.0,0.0,1.4488289440842157,1.7997138320836874,1.001252244884146,1.5194378842251088,1.7957789293052728,0.9234373186130455,0.3471281164477382,0.8123997496758649,0.7366522513164939,0.5472331197157329,0.6324102860304336,0.3751081403565833,5.50010835047656,5.349850899238066,4.0809477402531975,2.8013230740272403,4.037062608218542,6.0814653585544525,6.986038485995525,1.6337189456282766,2.063058999952504,325.279981,0.0,5.017510371015291,0.5291858445299668,3.4745708704639857,11909.242040011271,13799.351930121162,14493.603832065368,13197.830374753452
LOG00008,Idle 35,215.0,215.5,35.969033530572,0.9397887068226353,37.9789068490589,22.15936883629191,82.0,2.29812261212484,6.758836291913216,14150.788954635109,6714.285714285715,0.0,0.0,2.421644578447312,2.224705247281804,0.902587385431389,2.6971338123451942,2.1078756840458817,0.9058412923778055,1.755928709495754,1.0881544111609096,0.5912151816994289,0.5368211488280117,0.8522725916572673,0.549616812898567,3.5019181332740685,9.382320877675927,18.221094504197872,2.6681422265450134,4.686325409614058,7.19247908749571,8.563603547568109,2.325260835003941,3.0639663882270707,215.021806,0.0,12.004161231211134,0.6624762026769966,3.8131764177563925,7670.836855452239,16385.038038884195,16687.799380107073,15859.481544096929,LOG00002,Idle 35,284.5,285.0,34.30039447731756,1.5254319536369365,36.65210790544043,22.258836291913216,78.0,1.5321363880860568,5.642938856015777,13884.227951535642,10528.57142857143,0.0,0.0,0.7751479776189678,0.8467588753687258,0.8985687061563989,0.813370255057608,0.9001839692763843,0.9140625403172122,0.4342075240767812,0.4868294228939656,0.8313820100577116,0.27471786974819185,0.30899054943606663,0.2494073166765216,3.700008773959448,4.559419684586396,3.681118816115964,1.182387048398999,1.468235840624759,2.70546236847215,3.5334412547248775,0.8117434878773236,1.13077063687929,284.708851,0.0,4.001208506019725,0.27877653967025845,1.332995801928271,12395.519864750635,14793.37841645534,13774.049027895182,14573.96449704142
LOG00008,Idle 35,215.5,216.0,32.93293885601578,0.73484681695415,27.89880228367089,22.304477317554237,52.0,1.811323836607193,5.640808678500985,13294.878839109608,7871.428571428572,0.0,0.0,1.9488364603692296,1.5363408929679567,0.7992777952113671,2.138025780839839,1.7650199936327773,0.6960382481987973,1.470927486319869,1.218702769142585,0.4439131100471189,0.3790833940989059,0.5575687144316306,0.5370596745386151,3.3155415661142764,8.00091442335105,13.3079343254264,1.708648866475279,3.0757208810060104,4.591175825810948,5.3404784485260866,1.7547516759744166,2.607674155652861,215.657141,0.0,9.167125385424457,0.49766795657680934,2.487924826714388,8748.605240912933,14532.121724429417,14762.975486052408,15135.812905043676,LOG00002,Idle 35,290.5,291.0,34.05641025641025,0.4806854627877124,27.938896052178634,22.26721893491124,60.0,1.6753869648789146,5.714812623274161,13727.881093265709,11971.42857142857,0.0,0.0,3.2135028290807655,0.8470705240005107,0.6427765124002401,3.7575787966830556,0.9975410708224339,0.7478822634212455,2.2005249153444875,0.6344501800249609,0.5802334821896074,0.32645446834332476,0.33788207856350977,0.2612911001313126,4.8038949783568725,3.782679830745478,4.022025912161099,1.418392356104409,1.5862715664264233,8.947909742358629,4.177048210809167,2.349907328506869,5.4376463053402775,290.645161,0.0,4.225429607472134,0.310381409410826,1.5046751075079885,12595.407156945617,13955.367709213862,13551.535643843335,14809.213863060018
LOG00008,Idle 35,216.0,216.5,30.360552268244575,1.7078257313117047,25.213018917387398,22.361972386587773,68.0,1.7072752335203434,4.648698224852071,12535.834037757117,9628.57142857143,0.0,0.0,1.8854279451352502,1.1468921647749684,0.9251810126517761,1.9774629363616216,1.1403035911768657,1.056066371546044,1.28326716490741,0.8777356713528408,1.057834179462012,0.277634393156707,0.350576661123171,0.26842041697796376,8.044824003753401,7.132224782882948,6.951167217732814,0.9222740926022889,1.660877677380706,6.757127875089799,4.397417208601985,1.5604807230336335,3.1419672831489347,216.180998,0.0,7.391584162496788,0.3011280856149575,1.3433361755545232,10337.757114680191,12980.529726683571,12980.107072414765,13844.94223724993,LOG00002,Idle 35,289.5,290.0,30.798816568047336,2.006979581685725,23.078372614991327,22.370374753451678,59.0,1.6740000401705393,4.787140039447731,12675.972104818258,8371.42857142857,0.0,0.0,2.0718843478327984,2.0410915828720233,1.0383860432574887,2.079466775339685,2.2691704716370285,1.1301815695048998,0.9163373030016434,1.2313444041857846,0.7640749141801971,0.3606767605982535,0.4348594957813435,0.370316440304526,3.592892233913905,4.517757606011719,4.90603615676469,1.4668924999769175,2.460360985090348,5.4410957244332465,8.535573547166745,2.0565455988702954,2.986715941287717,289.722702,0.0,4.37371692281207,0.3900105864660043,2.025481397525446,10101.437024513947,12061.341222879684,13156.269371653985,15384.840800225416
LOG00008,Idle 35,216.5,217.0,29.011637080867853,1.451532103054898,30.680961350686,22.321005917159763,67.0,1.3441142098742171,4.579980276134123,11958.453085376163,10157.142857142857,0.0,0.0,0.9886700808454577,0.9711943639878801,0.6733205912185407,1.0125011140360114,1.0288622099015883,0.651427812498431,0.6836030337675852,0.7889913321501323,0.5801044507356975,0.2568731445888855,0.34069348149766304,0.25726804016927934,7.5358929176290035,9.725677916923349,6.182678693763829,0.8506584350089075,1.5083493445645169,2.8475395102311425,3.3317550504165716,0.9799711785049566,1.452559853133991,216.637772,0.0,7.9499268097264615,0.28765877079074265,1.2244871412758918,10910.707241476472,12842.152719075797,11838.686954071569,12242.265426880811,LOG00002,Idle 35,261.0,261.5,28.50414201183432,0.5252618427996439,30.592093105669,22.449132149901388,60.0,1.2008270513055646,3.997435897435897,11940.905888982812,9828.57142857143,0.0,0.0,0.7073438411134766,1.202212205762186,0.8917582143949355,0.785491887052653,1.2526515271445262,1.7355967715069407,0.4846184879485898,0.9573536925015785,1.770786185289663,0.31903289829782766,0.34317600117484853,0.26521201527982247,4.511457567702441,6.215710932798835,3.158734961849953,0.9111172271167645,1.7149065401534593,2.838173149132659,3.46637838279409,0.9863187865099063,1.9374935001716194,261.315767,0.0,4.794646957615258,0.3108532188603148,1.3731422073132213,10583.516483516483,12097.774020850946,11874.161735700198,13208.171315863623
LOG00008,Idle 35,217.0,217.5,33.33280632411068,3.3217023276919315,39.08644214224396,22.230494071146246,36.0,1.7625235941504822,5.527332015810276,13488.826933935628,10800.0,0.0,0.0,1.36212600295173,1.649865132659771,0.5119313054229995,1.4440164618027593,1.7913069019661803,0.4807296657995389,0.9464163983594426,1.383377399086388,0.3297086833235651,0.2944977808881604,0.38661546667460855,0.25589096899909486,6.472117678068891,10.084728719976521,5.258522910483764,1.0746439587735102,1.8595958761160543,3.2833873379586507,4.742583142303367,1.5128519762163941,2.4035166529567675,217.175448,0.0,7.555177557904108,0.31711230925092987,1.5187093962631955,12909.345002823264,14106.860530773576,13081.394692264257,13857.707509881422,LOG00002,Idle 35,299.5,300.0,33.243786982248515,2.86248534409453,35.08736040337936,22.110276134122287,38.0,2.016623670997151,5.666568047337278,13364.37728937729,10357.142857142857,0.0,0.0,0.8224967782727953,1.0951663559932294,0.6270529535455849,1.004096413728363,1.1355014332108149,0.7964052527571488,0.6109440275599431,0.48380317839962794,0.4402604898056978,0.3338343205326119,0.38318138731418866,0.26762436773431286,5.22609560312481,5.563419620751214,4.041134444055,1.3815319193076467,1.9681370955269302,3.2879554266403863,4.307005439744437,0.9684756831146089,1.3259271860124433,299.811538,0.0,4.986464369486923,0.3316102789694994,1.7003226268645386,13251.253874330798,13393.88560157791,12644.80135249366,14167.568329106793
LOG00008,Idle 35,217.5,218.0,29.16449704142012,2.2556179903156965,43.406798291835216,22.375917159763315,27.0,1.4638050516593066,4.437573964497042,12045.773457311918,10228.57142857143,0.0,0.0,1.3308180641278018,1.2946595726044858,0.5712455042645201,1.63305939552783,1.0543729851571342,0.5712462748327785,1.187562126389125,0.8570204472681664,3.8734255887252385e-05,0.2676102617816751,0.42845633809594263,0.24939472134010202,6.943368945872839,11.768616686088391,5.2257068169272065,0.8533199076431096,2.1809590666580734,3.5191782257531923,3.6684593071700986,1.3128633075734317,1.7569246207006302,217.664786,0.0,8.446275762312224,0.3252628746607625,1.6560098603598499,11562.862778247392,12598.281205973515,11576.331360946746,12445.618484080022,LOG00002,Idle 35,294.5,295.0,30.47140039447732,0.8877595247625061,41.05841850447344,22.21641025641026,44.0,1.57046652271013,4.45214990138067,12511.714567483798,9828.57142857143,0.0,0.0,0.9910682040623959,0.963958565550965,0.7440261233165276,0.9902122925952861,0.9031226850649482,0.6325057729620097,0.738801276091903,0.39737927482427515,0.41844230937324906,0.3158154838034317,0.42195541519996127,0.3143095735063608,4.501522788613312,5.1788754614003825,4.248260966177338,1.3258235878786195,2.252630470673697,3.2810495266080983,3.8816312478111854,0.9776073601407003,1.3892525443249493,294.839155,0.0,4.6594770700099675,0.3542956864091149,1.8482629985452474,10688.701042547198,12075.176105945337,13076.331360946746,14206.649760495915
LOG00008,Idle 35,218.0,218.5,27.793293885601578,1.5004648847069861,44.90606114195443,22.172662721893484,23.0,1.2274588450196777,3.997790927021696,11628.22626091857,9800.0,0.0,0.0,0.8259264083710842,1.3427381417413904,0.46140932470510454,1.1456728179303095,1.5410079312652296,0.4828156847388458,0.7517740722878128,1.133060022007676,0.16057534049348884,0.29032745147600403,0.3205195600057059,0.2535423470692874,8.095816650078815,11.395637535297267,6.547774146289101,0.9572901988992977,1.3316196237076083,2.4191054143871367,3.9205622911134808,1.1146973018115462,1.7847612308705214,218.177801,0.0,8.912091941820417,0.2894284823488097,1.159658429700713,11021.245421245423,12184.3617920541,11358.438996900535,11948.858833474218,LOG00002,Idle 35,255.5,256.0,27.708498023715414,2.85875448241145,41.697092650976224,22.35604743083004,33.0,1.487751703845,4.233557312252965,11528.896103896102,9314.285714285714,0.0,0.0,0.773573346122096,0.9195585972746892,0.600071886275844,0.7814110952622431,0.8000774066062875,0.6354662189271659,0.5266797994379163,0.30907891020527173,0.4214027281582185,0.2748263596429613,0.35442272549176673,0.2525062628419106,4.539540039722032,5.450636728332478,2.5889914018465126,0.8540396187594091,1.4619910035434078,2.249725499285277,2.6665843202041994,0.8497069305508608,1.1777561631707847,255.81552,0.0,4.359653694019042,0.2971556321043472,1.197247126714568,10339.9209486166,12298.36250705816,11423.997741389045,12053.303218520608
LOG00008,Idle 35,218.5,219.0,25.788165680473373,0.5664328222968967,44.53915586987149,22.307258382643,10.0,1.0294092106186412,3.443293885601578,10890.081713158637,9657.142857142857,0.0,0.0,0.8858135246492523,0.5639598992446804,0.5469091330270349,0.7796487150410313,0.6009312994984592,0.5346433512947507,0.3932347694394923,0.39958846964488376,0.2776226022774147,0.2501429571063643,0.28782497819015634,0.22992835956892613,3.572900396239135,8.347419523014358,3.229694211487501,0.6947565160271724,1.0972908221913924,1.9816714400355235,2.2170221867915165,0.7425349717042294,1.3371032330953214,218.983827,0.0,5.564049922923736,0.257087383065329,0.918350087120287,10051.9864750634,11669.089884474499,10810.876303183995,11028.374189912653,LOG00002,Idle 35,255.0,255.5,26.01715976331361,0.5982893267140114,39.88312472461356,22.448382642998027,28.0,1.0199573547199843,3.461420118343195,11086.348267117497,9614.285714285714,0.0,0.0,0.9687994698017628,0.718930175409073,0.633800556435895,0.9883740874714357,0.7373692878861565,0.7614429445266363,0.5400635753855335,0.23193858533001838,0.6950231096219515,0.2499274341323656,0.27919743484766013,0.21259710533546555,3.426399286263346,5.217880841368556,2.119170748269981,0.5839263190372486,0.9389407576900438,2.516611478423583,2.4735284908943886,0.8530630134409465,1.134288027552629,255.253157,0.0,3.8060205466230363,0.24873845645210044,0.7818502709969294,10476.331360946746,11710.876303183995,10442.209072978303,11715.976331360947
LOG00008,Idle 35,219.0,219.5,27.709861932938857,0.851000907778629,44.17701814465077,22.30907297830375,29.0,1.2006585737912678,4.100197238658777,11550.845308537617,9914.285714285714,0.0,0.0,1.1448891832028674,0.94455949397077,0.7189461477355588,1.0463434288359164,0.7973894343515388,0.7415609508341872,0.6033845329189473,0.36410594293689236,0.7589363685822355,0.2729503424784925,0.3473828463229023,0.2682503990670475,7.1877259282449835,8.380729133061358,5.677580816599487,0.9367331743571365,1.5191234038225532,2.806726212432945,2.9572896594986284,1.049515097429581,1.3919377237180177,219.488949,0.0,7.16786692469308,0.29840409289985603,1.2619835490177,10481.375035221188,12444.406875176106,11700.281769512538,11577.317554240632,LOG00002,Idle 35,294.0,294.5,28.193293885601577,2.1948735318758312,42.51100424822965,22.321913214990136,39.0,1.5396170609444402,4.244812623274162,11667.15976331361,7628.571428571428,0.0,0.0,1.1534881912466912,0.9065406871538508,0.834049842456182,1.2300212874953091,0.8243373208055172,0.9228353250660785,0.5365330921643723,0.4389549504923896,0.5692961742769543,0.3001778996579487,0.3955000796653051,0.29736951999006517,4.080320528219057,5.87960275252035,4.200360436043992,1.1704458533866036,2.1427548871699007,3.182793979319569,3.631171207647815,1.0373887951995,1.346442004128977,294.40407,0.0,4.791025357656905,0.33414353995323715,1.7264619894744835,9687.010425471963,11387.151310228233,12419.836573682725,13174.640743871512
LOG00008,Idle 35,219.5,220.0,24.60078895463511,0.8651477560960323,43.366137513472,22.358205128205128,66.0,1.1419158320233314,3.3583234714003947,10506.008734854888,6528.571428571428,0.0,0.0,1.1881944715506796,0.9445332121073697,0.8428966686613171,1.063756026579229,0.9967226924478564,0.8904872654568132,0.991301343203856,0.7726413902630112,0.7863927071817974,0.26313792466555636,0.39027136069499113,0.30089300620297826,7.841007627459782,10.142270081892757,9.01488398675493,0.7620246939275972,1.8593162407197257,3.0669710851393543,2.8826489023604798,1.0733007712187355,1.6121081659674976,219.87075,0.0,9.048299588368153,0.32253676976838946,1.4208691912276055,8403.691180614258,11942.659904198365,11643.054381515918,10034.629473091012,LOG00002,Idle 35,292.0,292.5,25.34714003944774,2.2254948048345478,40.61368552191837,22.367337278106504,56.0,1.0533336851465467,3.335818540433925,10826.810369118062,8085.714285714285,0.0,0.0,0.8940174278005437,0.6255304340867612,0.7629838625438135,0.8342454483832736,0.5637686729577706,0.8961911058914064,0.6899576808588292,0.2608251109524243,0.7124719959989166,0.28339574659752714,0.34064103397946816,0.2801373098467214,4.6392924037127825,4.415749248881913,3.133918824224452,0.8620327222510907,1.639982432622919,3.243260346099867,2.3750843439814178,0.7715424438032792,1.1790193218347838,292.494035,0.0,4.116767446795144,0.30266944322606526,1.3100844998593442,9291.9977458439,11549.056072132997,11159.368836291913,11306.818822203437
LOG00008,Idle 35,220.0,220.5,23.554743083003952,1.456479062020573,40.849026184649674,22.303695652173918,96.0,1.2378146378465704,3.3320355731225297,10008.2086391869,5571.428571428572,0.0,0.0,1.1379087550567573,1.197175692211529,0.5437803240839508,1.182413989616449,1.1315242796283724,0.6216863917452174,0.7857420347975747,0.6111380544851662,0.5118590971111044,0.3068760349196901,0.35023305834818,0.3327995649359923,5.966399792226401,5.912949174283246,7.621909565735915,1.1666083480321952,1.7060006204041385,3.458106132511756,3.5374897868537882,1.167918227629181,1.5671125290401131,220.130217,0.0,6.548648711670541,0.33045001961443243,1.4614056853792705,6322.699040090345,11963.890457368718,12373.800112930548,9372.444946357991,LOG00002,Idle 35,257.0,257.5,23.22169625246548,2.057171676873837,43.55497814302766,22.381203155818536,51.0,1.2040401792697362,3.307573964497041,9997.457030149339,6157.142857142857,0.0,0.0,0.8512438470633859,0.8108540567616613,0.6906398472607164,0.8418132717533365,0.7738965897597749,0.6717859136328062,0.6375483346854117,0.4674065904487992,0.46206590681430953,0.32704949742258344,0.38818288444642846,0.2536547097610904,2.8209970424272797,5.374911093429818,2.6062692930551825,1.1141350071457465,1.8865728695601682,2.5865682488037933,3.3237534923797387,0.8312942886036556,1.1508181516689255,257.012262,0.0,3.814023824588267,0.32761157759634435,1.549266601703551,6913.327697943082,11661.651169343477,11405.832628909551,10009.01662440124
LOG00008,Idle 35,220.5,221.0,26.15167652859961,0.5826994159686436,34.27522170192574,22.304753451676532,96.0,1.3894243522112235,4.240177514792899,10929.261763877148,5542.857142857143,0.0,0.0,1.6778631999476674,1.719365331726428,0.719672549367247,1.5078187880356437,1.8256455328860568,0.6843725422074359,0.8651068721739374,1.056806527118455,0.61138566459083,0.3439543647312537,0.404912182808607,0.3069765541419867,6.550026883050936,6.258499574378226,4.211177192352569,1.4689606739433922,2.195417186306015,4.314783540569838,5.793793863892477,1.6987410134687038,3.073285563704121,220.99938,0.0,5.767890499323904,0.3542565386822564,1.8678466322907836,6193.462947309101,13078.5573400958,12773.795435333896,11671.231332769794,LOG00002,Idle 35,271.0,271.5,26.252859960552264,1.1981439896092148,36.06120026236995,22.341696252465486,71.0,1.388069633880879,3.7787968441814592,11084.770357847281,7514.285714285715,0.0,0.0,1.201386407308557,1.1063278719495542,0.818675697885084,1.2229564664927801,1.1666203922993723,0.8961163513615048,0.42448326065400077,0.3812548678221986,0.7043854436543379,0.319341652475339,0.35520690900001683,0.28525459142184906,3.926663451363693,6.502266870791565,7.227525475927388,1.2938780125374911,1.9042031512293554,3.2243526023284135,3.8157774818412853,1.1548356289789017,2.014019101864889,271.003135,0.0,6.05351921955178,0.3212066941676198,1.6278989453402466,8053.8179768948985,12122.682445759368,12702.25415610031,11460.326852634546
LOG00008,Idle 35,221.0,221.5,32.175147928994086,1.9333504372017651,21.194038069337235,22.162781065088755,79.0,1.739425522580759,5.6173372781065085,12915.236686390532,6614.285714285715,0.0,0.0,3.704911119405263,2.9822920789413945,0.8882166608062287,3.9853984027763505,3.1069256264385863,0.8705047506747192,1.4066336032019646,1.3498002089126455,0.5586348767024402,0.3960811879422036,0.6330482818434198,0.47960742810296036,4.163871941230328,9.92213424515125,6.357954731592586,1.8072378938377085,3.55705481141726,10.479716484413515,9.269576544247569,3.3630664910769568,4.887790682253474,221.286513,0.0,7.21595837688358,0.5123975408730179,2.821236230480322,9561.256692025923,13842.011834319526,13722.03437588053,14535.643843336153,LOG00002,Idle 35,280.5,281.0,31.49763313609468,0.32959589076578544,24.402784974082564,22.21717948717949,67.0,1.4692908569543717,4.97956607495069,12902.867004790083,10185.714285714286,0.0,0.0,1.0395541275513032,0.9965933235320351,0.8006334236144542,0.9828188323053042,0.9517441031560888,0.8886331437595203,0.35598049932645,0.40575654005767925,0.5579801345682893,0.25912716147012904,0.28260579925426427,0.25567097026226593,3.396108539332254,5.930796099010315,4.328914761102832,0.7439892366255894,1.1818881398566041,2.182049775527516,2.8932349850126218,1.0183003085086388,1.4233415344146652,280.726953,0.0,4.670738649216539,0.26607052236738304,0.9875169769043038,10808.988447449987,13355.593124823894,13109.129332206256,14337.757114680191
LOG00008,Idle 35,221.5,222.0,34.676528599605525,2.768636221907992,10.878864444034955,22.276252465483235,51.0,2.053679128156534,5.899585798816568,13812.003381234152,11371.42857142857,0.0,0.0,0.8100102479088329,1.3314792234081294,0.7842803523240254,0.8537283641566584,1.8615524454698542,0.8358858881996105,0.36460661056047083,1.2523650645420845,0.46681351523548514,0.41377987437081337,0.4636468538655575,0.30577550339437065,6.589107157609299,10.809588075950785,6.493436086952516,1.9173457964289795,2.4709328254054954,3.722631886942419,6.370698455944061,1.1020330131363674,1.7169917491081115,221.662352,0.0,8.214382503096477,0.3998669978921477,2.211529327269962,12357.988165680474,14518.117779656242,13278.97999436461,15092.927585235277,LOG00002,Idle 35,318.5,319.0,36.21814595660749,6.59128183042159,11.475623407616302,21.93611439842209,40.0,2.570871263427215,7.046765285996053,13969.273034657652,7842.857142857143,0.0,0.0,8.502597982686975,8.136268632758172,1.8624272852261117,8.19414281420901,8.105174288658109,1.8647527536174306,1.209834526675484,0.746302696749907,0.022155776681776342,0.5287691455472059,0.655048263333426,0.3981862268500353,3.904104446554228,3.9439053051232067,5.380020459679877,2.881846294530031,3.8369103819246155,19.929659342272103,21.427415203144978,8.321449384560271,13.540047841587532,318.745868,0.47928994082840237,4.462474677125447,0.5376607690827393,3.3931489316133314,13706.33981403212,15063.454494223726,13257.283741899126,13850.014088475627
LOG00008,Idle 35,222.0,222.5,30.574753451676525,2.9046235482357097,16.634471775701428,22.324773175542408,46.0,1.6015626488662278,4.557416173570019,12570.118343195267,9614.285714285714,0.0,0.0,0.8361959578913488,1.756138496416252,0.814780698632267,1.1959993244023797,2.0680352785685554,0.8309338428135643,0.8917293709196281,1.7721332531703367,0.5584784070502636,0.2647265880830477,0.35285571584189146,0.2592152679242337,8.860866554636843,8.638430890256478,6.748014961591304,0.8520291828906983,1.7614238707947607,3.310672479760657,4.450472572030797,1.3753628791320793,2.096408363573958,222.364845,0.0,8.137836532041327,0.2953979675880306,1.3835764852553305,11189.067342913497,13386.728655959427,12607.945900253593,13096.73147365455,LOG00002,Idle 35,277.0,277.5,30.68757396449704,2.6093866804441905,20.985512396968282,22.44347140039448,48.0,1.7164328474537287,4.40508875739645,12640.7438715131,9085.714285714286,0.0,0.0,1.0372552280761689,1.2959399828371045,0.6146573559504207,1.0253987046438697,1.2800005113999873,0.7186543139176595,0.538013694684858,0.5644273853576285,0.7142244316108078,0.34405026360534396,0.3968851490209221,0.3023144050677696,4.885456667366763,5.579788004720136,4.175006498310922,1.5562354821328226,2.0754141156719585,3.6181113558094746,4.888298631512617,1.173745893983698,2.032127225880884,277.010478,0.0,4.9136680218643,0.34989636794901885,1.834286322712405,10458.10087348549,12895.238095238095,12880.191603268524,14329.444914060301
LOG00008,Idle 35,222.5,223.0,26.767588932806326,1.0231398415522623,21.556580689486008,22.18565217391304,57.0,1.1572156430787572,3.8136758893280636,11274.04714850367,8842.857142857143,0.0,0.0,0.8687212830510445,0.6333275763924229,0.670756761988868,1.025822824639488,0.5967633297819185,0.6943124619698795,0.7313677206380254,0.3617340294462027,0.6239511988058164,0.2646329237198301,0.31054106495848266,0.2522125317760203,7.485130627474053,9.247817585652196,5.291399235335871,0.8519782824292691,1.3979035335962793,2.2453289238516003,2.1559734098252505,0.760190925572304,1.3126872068573188,222.500939,0.0,7.517717217248889,0.2769341067997488,1.1575839673587596,9274.76002258611,12266.685488424617,11981.50762281197,11573.235460191981,LOG00002,Idle 35,281.5,282.0,27.446153846153848,1.2199848028283584,23.656664263874166,22.35222879684418,55.0,1.1862177702341123,3.885798816568048,11464.236404621019,9300.0,0.0,0.0,0.8051398855856826,0.619277509437588,0.720149276258728,0.8002252685573397,0.5650189053706725,0.7913325418702422,0.4854196510852481,0.3742051695955523,0.6662867028613404,0.2538797960120021,0.29949543961231523,0.22816368916338617,4.388057731344096,5.331703056313385,2.634047067271555,0.7066622515024632,1.315356826560915,2.2294425763368366,2.2188007849009166,0.7182460821529583,1.1005048643799473,281.500442,0.0,4.266939265520119,0.2621775087126507,1.055825534564999,10042.011834319526,11851.14116652578,11314.70836855452,12649.08424908425
LOG00008,Idle 35,223.0,223.5,25.209072978303748,0.30107717300083564,22.08565672832591,22.097948717948718,58.0,1.1120080996225246,3.6398027613412225,10735.25641025641,7942.857142857143,0.0,0.0,0.9350333433844055,1.3975482864127589,0.7327153808173341,0.886049038732871,1.3634915068267524,0.7729125301840489,0.674620245498879,1.2156115814907433,0.6057120484494257,0.2324860427543852,0.2865556876540477,0.25231255188810175,3.41703785854563,11.59860087506777,5.28457080697445,0.5229692617105038,1.1070690299781176,1.873199332597834,3.2228229506448467,1.188997175374243,2.1392939311721824,223.4224,0.0,7.6186258297189795,0.2580862556347936,0.8657651776985252,8497.604959143422,11509.32657086503,11577.542969850661,11356.551141166527,LOG00002,Idle 35,272.5,273.0,25.151084812623274,1.0557318926217643,27.0487926353464,22.309526627218936,58.0,1.2004334700014234,3.400907297830375,10733.46717385179,5871.428571428572,0.0,0.0,1.43741952658911,1.5713081145370371,0.8954121818020524,1.4066253084022242,1.5006273457416202,1.0094059051537427,0.428243762759656,0.3254394471566562,0.5323349846422532,0.2991962342148513,0.3868358238171293,0.27851861708234293,4.658428590949829,6.289972547594584,4.065112082306283,0.982754962787589,1.8542271568067699,3.313947573621233,4.36681045278725,1.5058525967420584,1.9536080418716841,272.662574,0.0,5.0921458419866195,0.3249271514345362,1.483907959733917,7011.608903916596,11394.646379261765,11894.111017187939,12633.502395040856
LOG00008,Idle 35,223.5,224.0,28.16272189349112,1.2995868284301575,21.721906253891284,22.18214990138067,75.0,1.304523297787205,4.214319526627219,11650.50718512257,8057.142857142857,0.0,0.0,1.368332929353534,1.296359928360476,0.7897059034204373,1.4840833567797955,1.6537381852134987,0.8293516084367322,1.21541817755219,1.3441325922760654,0.6611318802944114,0.28901568999088,0.37698797644361987,0.2854160907457228,8.654000837104233,8.829799937917613,6.942170319634108,0.9997308824573168,1.8383361034848495,3.2258815286803184,4.292096309471986,1.3328323355568772,1.917398767014356,223.671016,0.0,8.186387607466827,0.31995434481632434,1.47968602526258,9074.640743871514,12380.21978021978,12640.856579318117,12506.311637080868,LOG00002,Idle 35,281.0,281.5,28.78343195266272,1.699263576659974,23.71064991935449,22.302347140039444,64.0,1.3701240610071261,4.21232741617357,12028.381234150464,9628.57142857143,0.0,0.0,1.0595558751350131,0.8466351007879901,0.5983966545577409,1.1034652167458927,0.8500933635751963,0.5566110342002896,0.743695557977304,0.35265781400772017,0.5287374605292182,0.2648150369110507,0.30507278341121097,0.2252094895550545,3.830649206318243,5.931977377488212,3.5005692541390507,0.7468987985645029,1.2778784847465476,2.6956023796823434,2.6157616621126443,0.9590228481166169,1.5177636569015736,281.273525,0.0,4.5503191848456135,0.26703041096356606,1.046621048201122,10383.910960834039,12528.317836010143,11851.451112989575,13349.845026768106
LOG00008,Idle 35,224.0,224.5,27.403747534516768,0.3269091390224001,19.954517999002338,22.267001972386584,77.0,1.2340046773787872,3.9009072978303747,11445.949563257254,8342.857142857143,0.0,0.0,1.2151245953755685,1.1940764199412277,0.6648056628851421,1.1581412163496256,1.2534831209554471,0.6386231569261556,1.0942375625588932,0.9326574940123459,0.5505376592452645,0.27035465456176855,0.28413159118263354,0.26489260438374196,8.250436312552091,5.244482335983305,6.400153209659435,0.7533024311599554,1.2430764471071087,2.3357271462598423,3.0180260539510617,1.2046464790440174,1.7134627777603442,224.470182,0.0,6.746264532490877,0.2732462212049724,1.027789765989118,8861.67934629473,12050.521273598197,12455.818540433926,12415.779092702169,LOG00002,Idle 35,286.0,286.5,27.079881656804737,0.5519104222607293,17.07328539960915,22.288323471400396,70.0,1.1178849184179989,3.9020118343195267,11421.189067342912,8857.142857142857,0.0,0.0,1.285234956629957,0.777303564932777,0.8209338177696359,1.1832095246969543,0.7748889250763651,0.8460096380063589,0.7655576179442762,0.4900009419072806,0.688097750423842,0.25379735951075466,0.3329073236839707,0.26227798394467644,4.044644423274478,6.43421245103884,2.4058980852643868,0.7002435996407408,1.5529872293296156,2.5835162498071793,2.8419928002940256,1.0620804408802589,1.5854831049555735,286.390987,0.0,4.602411830497403,0.2852076008332288,1.2045975330579706,9763.172724711185,11637.785291631448,11399.690053536206,12884.108199492815
LOG00008,Idle 35,224.5,225.0,29.962919132149903,2.069656271037633,17.495117766246047,22.18593688362919,79.0,1.6746900869592616,4.9885601577909275,12218.540433925049,8414.285714285714,0.0,0.0,1.3953525180468211,1.3227719567193348,0.5586227693225619,1.23859499076581,1.5434726601311517,0.520282787376793,1.0001925792810418,0.932515394851549,0.4878297360160839,0.28924469331534713,0.3460095264660169,0.2980692002073143,7.220370535010213,8.54310431804442,6.011020185731263,1.0442270838029717,1.7155526558902028,2.6153846153846154,3.6805367930252544,1.359546670604342,1.8510431083530214,224.872661,0.0,7.331456101964594,0.31210592920169183,1.420128712067956,9222.682445759368,12805.015497323187,13167.483798253028,13678.97999436461,LOG00002,Idle 35,288.0,288.5,29.526429980276138,1.9861184122960396,21.027981155971496,22.365424063116368,79.0,1.5560221095389826,4.33775147928994,12313.954635108481,9142.857142857143,0.0,0.0,1.1585062253853897,0.7525229277641117,1.0934480717256054,1.1459698787415444,0.8270108888717972,1.4212664782329072,0.6977566290762546,0.3820307593527991,1.322734940524637,0.2888106692573931,0.3867214848755236,0.28882618817761896,3.544748426072822,6.048550100478044,3.450615396592192,1.0145347475746684,2.0685313018859777,2.819696851667874,3.426028689872055,0.9768386333134492,1.6857908295202892,288.089896,0.0,4.511354059013686,0.32474896793187125,1.629125916084833,10524.147647224572,12455.593124823894,12827.444350521273,13448.633417864188
LOG00008,Idle 35,225.0,225.5,31.311660079051386,2.018257185363632,14.504498357951137,22.07681818181818,78.0,1.6753624879693858,4.680177865612648,12826.856295878037,8914.285714285714,0.0,0.0,1.026975189645059,1.0777584164231917,0.6171428988400858,0.9356203868987981,1.4159828077020533,0.5685083012032437,0.7619445072399399,1.1647906655101115,0.49757545010601856,0.2630432416266434,0.3664207107056335,0.29390827191185387,3.329730786217074,9.802458416479258,5.199889803699222,0.8045051182929686,1.747391109175116,2.2910722070042904,3.7847206861189586,1.0526730841808227,1.641419558527883,225.004862,0.0,6.688650887538332,0.31082575853023425,1.3602580956906347,9909.881422924902,13930.18068887634,13581.168831168832,13886.194240542069,LOG00002,Idle 35,226.0,226.5,29.92741617357002,2.300874079337934,19.924567987894868,22.699112426035505,73.0,1.4830513925528275,4.622998027613413,12611.348267117497,9171.42857142857,0.0,0.0,0.6615400438691258,0.7319072498973036,0.6268583157167507,0.6731190297794452,0.7449684448261258,0.7977573488649152,0.4377282044513079,0.5543275343716719,0.7197219581859294,0.2884154359265163,0.3312294233831783,0.261709437561491,5.421652757177396,7.166542226917483,4.3281204320897295,1.0853794260530432,1.5514686912672289,2.1515555585434027,2.6371642172002225,0.697611443460684,0.9522897583710732,226.471327,0.0,5.758653563240665,0.295176909837805,1.3388621285408144,11004.536489151873,13168.695407156945,12903.663003663003,13368.498168498169
LOG00008,Idle 35,225.5,226.0,28.14733727810651,0.3716902735060756,11.270453453648793,22.220769230769232,78.0,1.285165340310271,4.22759368836292,11677.845872076641,8885.714285714286,0.0,0.0,1.1253853293529303,1.3968900573131293,0.7641102504247683,1.2681385115280028,1.5605149424762406,0.6611326235228064,1.0029440850271125,1.187377824759526,0.4199138914200431,0.24313157519060105,0.3578861962319573,0.239015089024814,7.70237517330421,7.626803023136465,6.552549837510448,0.7163937995624452,1.8504408623848696,2.4854606802159247,3.560411296410223,1.2684230311183808,1.850939049690586,225.950991,0.0,7.312788274366005,0.2853791075567036,1.403095054020785,9377.627500704424,12801.408847562694,12118.991265145112,12413.355874894338,LOG00002,Idle 35,210.5,211.0,27.694280078895464,0.7581944349836853,11.744598586194828,22.607455621301778,55.0,1.2751510418454959,4.065641025641025,11679.388560157791,9171.42857142857,0.0,0.0,1.1537385344976339,0.60202909111919,0.7029254214211195,1.3374236090848348,0.5430765516288509,0.7565476529997415,0.8920028626050726,0.20348144624564318,0.5627432281848778,0.255123576227216,0.30617440670640705,0.21750730108796876,4.6577354402571665,5.689151838865473,2.5072796277082747,0.7538233263863292,1.3225794345205726,3.9871588753692646,2.1802411968698783,0.9202042253050534,2.0217812249260168,210.999612,0.0,4.485064072697846,0.2621324299506878,1.0764446033170745,12676.275007044238,11576.246830092983,9606.790645252184,12858.241758241757
LOG00008,Idle 35,226.0,226.5,29.625443786982242,0.8144428222689559,12.379781575250144,22.163431952662723,77.0,1.3580177810414995,4.4706903353057195,12156.311637080868,9757.142857142857,0.0,0.0,1.6058405569207783,1.3184818464195998,0.5789391058971977,2.547561292170205,1.4452980460294234,0.5977280427749654,1.730668586966313,1.3816100268163463,0.3749774302702575,0.2725523651425309,0.3396651325790697,0.26205038638095157,7.744414168319245,7.814884804436862,6.497844768108612,1.0772343520244703,1.4477262462750264,5.899553688865849,3.8813771727824196,1.4692035722781358,2.548980357467472,226.232167,0.0,7.377225357985628,0.2934436908148651,1.2759986546495958,10794.899971823048,12783.854606931529,12056.973795435333,12989.51817413356,LOG00002,Idle 35,217.5,218.0,28.855424063116374,2.402576109139921,15.564206309239587,22.64717948717949,86.0,1.4513858519324125,4.552130177514792,12064.9056072133,8628.57142857143,0.0,0.0,1.8268121791254452,0.8460744069702786,0.7511612234835949,2.5166220624095885,0.9016692334762192,1.0246608814341946,1.7280322402736432,0.5763435550648596,0.8547296138355357,0.33294948956300585,0.39757142342448326,0.27192591672625954,5.250903598755307,4.879180754005222,4.18628213929556,1.1981393524008226,2.140469816207341,6.548408723097065,3.2441724418327613,1.42356675992578,2.5655355403296483,217.794243,0.0,4.792471581674095,0.3380641475181166,1.7345242779889454,12308.086785009862,11144.632290786136,10962.862778247392,13844.040574809806
LOG00008,Idle 35,226.5,227.0,30.899408284023668,0.2321744501791494,19.463347024760708,22.259309664694282,46.0,1.4188421412724481,4.892465483234715,12662.827557058325,10800.0,0.0,0.0,0.5601697797181613,1.505458097124178,0.6327739888457709,0.5462060801643036,1.7084497570507653,0.5863909967686854,0.32972836784769777,1.3181408498924507,0.4035091162396024,0.29363512521959084,0.3277803630540688,0.2439974587822027,8.555308245015931,8.962552887285742,7.090389463766653,0.9950152476809707,1.5784750641828227,2.1234113448988094,4.252856100300354,1.1358244284012922,2.0125649020064493,226.895153,0.0,8.242052256012553,0.2905146657564552,1.3194011655604583,11546.491969568893,13325.922795153565,12520.991828684135,13257.903634826711,LOG00002,Idle 35,277.5,278.0,31.248616600790516,1.0188965895122384,21.779497235435684,22.341422924901185,48.0,1.4973895882738884,4.998537549407115,12847.628458498024,9800.0,0.0,0.0,1.0590590341083967,0.6921598210542174,0.5935309932014395,1.1226749064789847,0.6512662787478535,0.5174483293102716,0.5435252972095971,0.37745065338592465,0.4469249682438638,0.25155891314547085,0.3140034788300812,0.2752210864184813,3.4058936931939816,5.786497186498937,4.299371024408734,0.8524632255171072,1.4125427114430942,2.6236232979385905,2.540579747724022,0.8946203819521485,1.45780408163245,277.782977,0.0,4.603196452619421,0.28144076813762725,1.1666127169095228,10731.931112365895,13138.424618859402,13208.921513269339,14311.236589497457
LOG00008,Idle 35,230.5,231.0,18.397435897435898,4.8682416191940785,24.131386705090595,22.16392504930966,149.0,1.237555354257859,2.502938856015779,7904.444914060297,3714.285714285714,0.0,0.0,2.1964364764369075,3.223138614522584,1.239151886095723,2.220256994482527,3.229499976488584,1.4741058065526043,1.5685556444525635,2.049783108984783,1.4066503565292596,0.3185137905204272,0.3945405285103468,0.3152263658876374,1.9640495879209114,6.083292047224285,5.134193488118503,1.154700525792827,1.79308237385688,5.904232427019473,8.185714211952632,2.7579843838797506,4.420112659464022,230.789181,0.0,4.733704528487633,0.34471288784515597,1.508057973637362,8284.67173851789,7541.307410538179,7585.347985347985,8206.452521837136,LOG00002,Idle 35,206.0,206.5,18.855424063116374,9.244194572889127,15.781208635591952,22.644990138067065,113.0,1.8567993532819826,3.5431952662721895,8703.416455339531,3428.5714285714284,0.0,0.0,3.6431424560528045,2.770959425806182,0.7898376216278968,3.6355733400053345,3.051647268979424,0.7909146328344753,1.1905381896721001,1.7375842492808162,0.0167246534220431,0.4140357323736848,0.5149416112116789,0.36874784370524133,2.4350456708531163,4.0564189354056355,2.9431856788290953,1.8912591460364738,2.7669507247865943,8.231607913177832,11.879490223424648,3.2365647756964937,6.272447913455027,206.45638,0.0,3.216951141413382,0.4368697070739965,2.369902684802023,8576.077768385461,10801.183431952662,5585.207100591716,9851.19752042829
LOG00008,Idle 35,232.0,232.5,37.56942800788955,11.405884163817664,33.495784548042884,22.061380670611445,103.0,3.2325933220794663,7.646410256410255,14288.539025077485,10400.0,0.0,0.0,1.3657724233057502,2.5961572424646278,0.9309970458149944,2.0052611530642075,4.710750256713016,0.934401424052996,1.3622882252319088,3.4728527821010413,0.022688818057288933,0.3517380906012428,0.5279678267353954,0.38855432911231214,6.000356431010949,8.009775098504214,6.1906351062641995,1.4257291088580049,2.8499542294776723,6.20284976181536,11.857387281188663,2.0742910523675318,4.037996231916392,232.352908,0.0,6.794231314056148,0.42951297113491355,2.2533244997073436,14207.607776838546,14839.447731755425,12888.052972668358,15219.047619047617,LOG00002,Idle 35,311.0,311.5,39.33629191321499,12.36803095890321,37.578307879707125,22.156607495069032,74.0,3.163007621584697,8.418520710059171,15060.185967878277,10357.142857142857,0.0,0.0,2.49273821898984,1.267900092565771,0.7152267011706175,2.9905716340380146,1.3918216243514447,0.7154720610420571,1.7620056747481072,0.7598765426594565,0.0070804859052122976,0.41177934269883076,0.5536164572056325,0.31682070838697657,3.4494677311765334,5.2960201873415125,3.835912399057868,1.8393985866849012,2.7603604889105267,5.928402534198827,4.754111684560031,1.9775381757555188,4.045817996111519,311.390992,0.0,4.2685236083999385,0.4383411038697384,2.3455252279006484,13989.799943646098,15848.351648351649,14347.337278106508,16055.255001408848
LOG00008,Idle 35,232.5,233.0,34.93735177865612,12.67788090073293,47.93206358417263,22.136245059288537,59.0,3.2483652478394376,5.864090909090909,14421.739130434782,6985.714285714285,0.0,0.0,1.2953285356376463,2.251956504359532,0.530881693538109,1.3273874512388009,2.5251243981083347,0.8033546498576684,0.5789462283341473,1.7679039158254553,0.6609663049542551,0.5852385582292023,0.7373696752162503,0.4174126432987239,4.967622830181938,6.8169495533102555,5.367178056601121,2.8226422516978618,4.061369925495715,5.359045399036362,8.83858322129083,1.837006275542407,3.1521814908641557,232.715969,0.0,5.772194212676905,0.5945450705518021,3.4972871595560355,14433.145115753812,14921.76736307171,13111.490683229813,15220.553359683794,LOG00002,Idle 35,311.5,312.0,31.651873767258383,8.902541103884511,51.48284852499162,22.00733727810651,52.0,1.7567253311225317,4.976646942800788,13006.96675119752,7314.285714285715,0.0,0.0,1.0652474404413026,1.433965811311796,0.5532854597861684,1.1709433705629229,1.3403477182780932,0.5532848476535469,0.5478324387610887,0.8212574493199307,4.113061019854668e-06,0.38730529882921383,0.5227841300322636,0.291398399780495,2.7451880998906737,3.2303048277105133,4.53484356379992,1.6886021843019015,3.0836136761688056,3.8072390302594044,6.698935709869921,1.263133020979549,1.8385627140272638,311.512341,0.0,3.5840262802165563,0.4115910869254461,2.4859656715936818,12548.605240912932,13625.190194420962,11711.918850380387,14142.152719075795
LOG00008,Idle 35,233.0,233.5,31.6181459566075,6.943132354912214,52.99365742705545,22.02852071005917,63.0,1.2767385746564357,5.299999999999999,12685.76359537898,8571.42857142857,0.0,0.0,1.8147251668835762,1.2313786232610664,0.6056952161686844,2.079006597115792,1.2108710937994818,0.607444665772215,1.1524487165853243,0.6541032155566526,0.0809073258741341,0.47088592842832516,0.8360316389734112,0.42813475949571084,4.937969896573766,7.688228686407235,5.978110794028342,2.19035411546254,5.054619114117479,5.172945856694414,6.06506470385378,1.5507289810190792,2.2458295984656558,233.499316,0.0,6.304237085739559,0.6066250437859244,3.8953065052653724,11708.171315863621,13637.503522118906,12247.111862496478,13150.267681036912,LOG00002,Idle 35,332.5,333.0,28.144575936883626,3.49932441601146,48.827900645028066,22.00414201183432,23.0,1.8109776911254059,3.9573570019723867,11559.009580163425,9200.0,0.0,0.0,1.6305834193047264,1.3662387908017246,0.666181162699567,1.5918811666137078,1.3884286326525972,0.6389584040903915,0.8871638671270906,0.6126587006092621,0.425796121038572,0.35750177748221135,0.4351655970245415,0.29963703276175646,4.9656272297091935,6.193380615760932,3.089831049248149,1.5806309328105717,2.2278911063106275,4.227271281241258,4.14933278065942,1.5042291582074274,2.21052520590999,332.623064,0.0,4.91807798328475,0.3683109959164655,1.9315658061965704,10585.009861932938,12007.720484643563,11685.347985347986,11957.959988729219
LOG00008,Idle 35,234.5,235.0,44.88323471400395,11.476923720962125,24.936771005486236,21.947021696252463,124.0,4.4634358479951395,10.303510848126233,16631.74133558749,11314.285714285714,0.0,0.0,3.4237722886937756,2.728293486248399,1.3944046336950706,4.162453061363389,2.9405207866813456,1.6212228237216406,2.1897115190261904,1.2580669717824662,1.711687719295897,0.5108964495689627,0.7328350680074891,0.49380565632831724,4.47591899052953,8.353306029068658,6.832289958590822,2.3043923381821614,3.8829019170564134,10.954451150103322,10.1581187591915,3.0956261104930687,6.770780990801871,234.500691,0.0,6.745165145082776,0.5893234667270463,3.192737958692586,13544.435052127359,16766.35672020287,17174.10538179769,19042.068188222038,LOG00002,Idle 35,188.0,188.5,43.11735700197239,15.04837611783385,15.87334712389556,22.307909270216964,84.0,4.1469797852766055,10.758402366863907,16480.60721329952,9500.0,0.0,0.0,1.4416640152392723,2.3455365022526378,0.8486817790856982,1.7865213686279742,2.764835708049589,0.8481325857163928,0.9322439107057858,1.4150868773809984,0.007987150297523418,0.3907554230384074,0.5217638064220752,0.39203766149998176,2.9068393376600397,5.408712664458347,4.848250417577182,1.6137856510121737,2.6588766202933,4.596328180364992,7.830300726501864,1.946784093862922,3.5143751046166987,188.499733,0.0,4.516983496876992,0.4391737690862816,2.1993100064969373,15560.185967878277,17304.50831220062,15164.15891800507,17893.575655114117
LOG00008,Idle 35,235.5,236.0,44.33570019723866,20.528094177132633,52.1480589096987,21.757534516765286,127.0,5.202151714400542,10.126094674556214,16483.67145674838,8657.142857142857,0.0,0.0,1.8646802115904182,2.6751218056302135,1.0456739635777597,1.8452331676736617,3.5360777978390936,1.1707520212786202,0.7711179323691268,2.7729895586302726,1.093587816229051,0.38772240477430286,0.7927044160758656,0.39964091994667433,4.254752667155108,6.830390690591097,5.541081661600809,1.4970306383523662,4.208445726036535,3.963840506148728,13.868642705510032,2.305787172144811,3.618055488107807,235.506992,0.0,5.640943869758731,0.5592917602724513,3.1584898417725573,16313.637644406876,17255.621301775147,14657.790927021697,17707.635953789802,LOG00002,Idle 35,326.0,326.5,43.626627218934914,16.16701359146323,47.22215812783252,21.774911242603547,77.0,4.650502235197968,9.76378698224852,15793.44181459566,11871.42857142857,0.0,0.0,1.6004661738838095,2.205411890764644,0.6353549391840043,1.6802603801315963,3.206963638140474,0.6354372143823841,0.8482905072829068,1.6198362495926941,0.026218975235907476,0.3909082172806557,0.5478104773319934,0.3626975328984044,5.000195167989628,4.683990989035973,4.554818393260173,1.6046926507423254,2.5190517589514423,3.8760377499520375,8.002218627267059,1.9268281684769355,3.8092110087681466,326.458947,0.0,4.7500208385135245,0.44138231869995126,2.1119493681931374,14521.89349112426,16669.258946182024,15512.059735136658,16470.555085939697
LOG00008,Idle 35,236.0,236.5,41.651084812623274,5.951378754506541,63.30193592791836,21.846627218934906,73.0,2.000462061435751,8.003589743589744,16042.378134685827,10714.285714285714,0.0,0.0,1.7431912580709605,3.4412036101815953,0.9487399812448762,1.975716393585982,4.515867390115385,1.0832372058600597,1.3054143262682867,3.12774983460437,0.869258431872401,0.37956792231368225,0.7400286424386946,0.395448216754863,3.9426603961220055,6.794735738532364,7.0556109601165025,1.6462925168637448,4.152894135707224,4.915860094975526,12.810252304406971,2.7276911526913983,5.323574347536176,236.106834,0.0,6.0963008121361035,0.5316933613195312,3.1588612468319206,15471.935756551142,16924.485770639618,14851.70470555086,16921.386306001692,LOG00002,Idle 35,230.0,230.5,41.31084812623274,9.105635848838254,54.26481203950363,22.39662721893491,87.0,2.5306032555480433,8.441005917159764,16095.238095238095,10271.42857142857,0.0,0.0,3.254270417372582,1.9713439271783422,0.7660860737675017,3.750756654072036,2.1464873040918953,1.2669410231424971,1.7527653760840947,1.0522040042772007,0.972022492690124,0.34426927634695176,0.4182859088978102,0.27942631966443254,2.911165652148856,4.253814377965971,5.445430567078125,1.3808231178779866,2.0484946191388613,9.429589586154512,6.854935307284902,2.6903970737243643,5.3666251854920715,230.154307,0.0,4.329069810683355,0.3519296825314827,1.7468547002408579,15937.137221752606,16786.390532544377,14365.652296421527,17291.772330233867
LOG00008,Idle 35,238.5,239.0,40.325838264299804,13.78087256870575,25.221658811269535,21.98278106508876,59.0,4.652245098512601,8.034694280078897,15622.992392223161,8414.285714285714,0.0,0.0,3.3178452089393873,1.7783228390063268,0.5990523081808414,3.9279789235269753,2.586368437680188,0.7031862255521533,2.8016103753329498,1.6383642430854228,0.314299012840702,0.5370351430865534,1.0841737035229964,0.5587132079275101,4.062504989230707,6.696078477933938,7.682839793550983,2.511723559217507,6.417552062169429,7.891023037346734,8.707270987360925,2.6618160107540842,5.468978467689669,238.50027,0.0,6.3342308415872415,0.7694153219671446,4.8730755026258015,14816.596224288533,16680.417018878557,14498.450267681037,16496.506058044517,LOG00002,Idle 35,241.0,241.5,42.822332015810275,16.64230867517975,29.5849990075725,22.192826086956522,30.0,5.041592458173582,8.268774703557312,16095.136928289103,10714.285714285714,0.0,0.0,1.7935823229074948,1.6491376286934398,0.7387982956934632,1.9874715926367004,2.5117830872646634,0.7251961435771247,0.9388830371058711,1.6816451238296302,0.11794835020382395,0.4059305322167329,0.7039188501751237,0.3635130788351065,3.6449910351255577,6.6171725544150775,4.583700693384798,1.7558011077947866,3.1960534658721813,4.299324333348225,6.1721035036751495,1.7228744103124378,2.9410061652844908,241.020542,0.0,5.101739713326103,0.5139465287043673,2.578526254166028,15522.557876905703,16704.460756634668,14928.317334839074,17225.211744776963
LOG00008,Idle 35,240.5,241.0,35.218934911242606,2.0804045961619813,11.255422279272828,21.872899408284027,47.0,1.9904938922626434,5.860315581854043,13804.994364609747,10985.714285714286,0.0,0.0,1.1815482526849106,1.9192152971041943,0.7382540072550561,1.234418040495803,2.229845425126183,0.8067575826249069,0.8213482973468336,1.0276887998449165,0.46364245061783943,0.42865877280221637,0.5094436245912364,0.31999983969717183,5.898203197076717,10.774084341685088,6.290774364014724,2.0808928814212075,2.8153748880468794,3.8543502408438055,7.249974494956158,1.5936504682742554,6.029251135397453,240.500068,0.0,7.967507691758544,0.42648995593611755,2.47552529215462,12533.558748943364,15725.274725274725,12043.026204564665,14918.117779656242,LOG00002,Idle 35,315.5,316.0,35.569428007889556,1.0840570795490836,13.369673641147722,22.013333333333335,34.0,2.012093873835377,5.8099013806706115,14174.816849816849,11642.857142857143,0.0,0.0,2.453028838368394,2.9091240459645853,0.8224941280932253,2.5760469346857313,2.765137019288652,0.8224705408982196,0.4886616586153732,0.6787738974897981,0.0007798772462685826,0.39302689843908334,0.399186237465055,0.3052030724885718,3.733606536129162,4.730922303163876,4.307267144987653,1.8266982482613294,2.0425222125088456,5.6411421899381855,6.544039852697137,2.690757625342382,6.33192422817791,315.500057,0.0,4.2768365982148495,0.3683154040287651,1.9376175420852584,13613.355874894336,13231.135531135531,13648.85883347422,16205.917159763314
LOG00008,Idle 35,241.0,241.5,30.375345167652863,7.197369919394093,22.51098913348324,21.882781065088757,37.0,1.7505920634768484,4.2780867850098625,12488.391096083404,8700.0,0.0,0.0,1.0062692910431332,1.1943137787627154,0.5122570610371154,1.1118222527269912,1.2626596081990153,0.5122364221210508,0.7505890602100267,0.59062204784469,0.0006636493891152833,0.24120261097529755,0.4277431551781037,0.237445760843165,2.834427129703152,6.646500948596715,4.2721231910489195,0.8528125362835375,2.2346055923588417,2.7710108239040303,6.042910332447112,1.1043014281071373,1.8708685445086117,241.000262,0.0,4.84633843132429,0.31491977586120223,1.6912645232848371,12207.072414764722,13204.395604395604,11143.758805297268,13398.337559876021,LOG00002,Idle 35,260.0,260.5,30.180473372781066,2.811696016628069,23.493497380224984,22.369881656804736,51.0,1.7963254668775592,4.2730966469428004,12606.438433361509,9800.0,0.0,0.0,0.8352995409712419,1.115182432038936,0.7859331244761856,0.7750515715526585,1.2349691791082031,0.9499172097621176,0.48625861601796666,0.862534502622625,0.7404304311465988,0.28653696957460284,0.31964666814425263,0.2533835679713296,4.711073125097679,6.059263016750823,3.5631245943031082,0.9639594100659914,1.527710268317851,2.793342324388989,3.6063717445326287,0.9852302217946431,1.6465821060026347,260.196966,0.0,4.885513796613738,0.28779660636556065,1.2773246275278993,11074.922513384052,13292.392223161452,12624.71118624965,13433.727810650887
LOG00008,Idle 35,241.5,242.0,28.23570019723866,7.937455688913883,31.326939100858993,22.059211045364894,83.0,1.7400012475590234,4.6998224852071,11352.387996618767,7285.714285714285,0.0,0.0,1.0276472521003035,1.6622756350957857,0.45869349112331365,1.2256448830869957,2.42772102403618,0.4586943981298482,0.7388586285882623,2.0182462348462082,1.138842939225543e-05,0.3739076833675244,0.6384715827419655,0.33720497106113856,3.95436102277906,6.937674193033664,4.457631257439058,1.7538535375613602,3.7407729585417226,3.2423479937879143,8.267232913100232,1.3818862402134269,2.6105510341032487,241.855633,0.0,5.280112711374549,0.4694536221888315,2.921419565773931,11059.988729219498,11887.630318399548,10320.315581854044,12141.617357001973,LOG00002,Idle 35,283.0,283.5,30.206706114398422,7.1212349059847115,37.3305922077561,22.25199211045365,75.0,1.913270373798328,4.904832347140039,12551.197520428288,7714.285714285715,0.0,0.0,1.3397977096091747,1.9286970878714584,1.1911443697582418,1.4164695981630302,2.077067244734832,1.326596888674159,0.7575881214932049,1.035035186096792,0.9016073513052092,0.30515285765229566,0.3985352470371127,0.2606663619394749,2.506730476009359,3.5456601540479333,5.4959517592724945,1.2625171570914422,2.0009413593281526,4.570292546927061,7.814036831090133,1.6605617060859006,2.762347890964662,283.078995,0.0,4.0439621391076255,0.32654533218276444,1.6729787648712484,13204.846435615666,12877.542969850661,10602.845872076641,13519.554804170188
LOG00008,Idle 35,242.0,242.5,38.15049309664695,2.010469332355725,43.25587637431506,21.88094674556213,57.0,1.9393919044812682,7.149644970414201,14857.572555649478,13271.42857142857,0.0,0.0,1.645450055059457,1.6665373523119593,0.7062041590058233,1.9997333920547955,1.766637399594322,0.8470908610124376,1.2485886184423374,1.192888541379494,0.5732593019143699,0.32280556982165565,0.3774106832854158,0.22705794636696114,2.9764224689579777,4.872279677088262,6.192067366002381,1.3407076237366948,1.9068103135007022,4.581069012128676,5.251467344487344,1.6560272688494784,2.221056056504223,242.29072,0.0,4.862780351150183,0.31527637123336194,1.6482449004954243,14343.223443223442,15279.205409974642,14274.18991265145,15533.671456748381,LOG00002,Idle 35,325.5,326.0,36.92490118577075,1.6204390203565961,43.256314327912854,22.014723320158105,63.0,2.4326862339188677,6.51104743083004,14416.826651609259,11514.285714285714,0.0,0.0,2.075938953756915,1.7625885396100827,0.882016851800851,2.538057222981558,1.564229139605469,1.0291606249777667,1.3354962522056577,0.8649834742621505,0.6650225706406491,0.4857955457389133,0.5376780264908296,0.36140525256680217,5.667728338094591,4.260948956646006,6.331249067061979,2.412683697400922,3.2369850737703607,6.448641735835086,7.411800227252193,1.9256480597048569,3.2417634833762428,325.807802,0.0,5.488276756710807,0.46751425255055634,2.8547429824343458,12576.962168266517,14795.454545454546,15526.08695652174,14768.80293619424
LOG00008,Idle 35,242.5,243.0,31.62667984189723,1.0979587799544328,47.17786787020134,21.935415019762853,70.0,1.577303606555056,4.969901185770751,12760.234330886504,10328.57142857143,0.0,0.0,0.8782639742825824,2.0124664075907526,1.0555286079637318,1.2653061162656007,2.393203835535629,1.2768802763480358,1.0509100067940922,1.801078896381305,1.2821889936577533,0.289825423295168,0.36863326165074983,0.2849698430770847,6.426306320580758,8.096573207553476,5.177712896169863,1.0820579447013756,1.935765923781811,3.8637874883255043,6.591106716404732,1.5526378602565163,2.485041620919804,242.607415,0.0,6.674843855011961,0.31680544452753745,1.5681261281169667,13286.476566911348,12408.441558441558,11220.158102766798,14125.861095426311,LOG00002,Idle 35,310.0,310.5,31.76916996047431,0.638734933275889,49.38518827875013,22.152687747035575,60.0,1.891475958880866,5.160316205533596,12828.23969508752,7600.0,0.0,0.0,3.63712538331005,2.0784741124705284,1.1040785106644961,3.542643496103224,2.056302679157934,1.0622439021432897,0.458062174215113,0.40406432784968727,0.4963562202605882,0.4622901127737037,0.556805082131208,0.45245811051969714,3.116572068308859,6.279689611978558,7.218906621109287,2.0711482286428984,2.9526715203981673,7.569310827490311,6.192881288715817,2.9621559454330235,5.15595196306734,310.015722,0.0,5.809765798034944,0.4927685019798917,2.5502866596111353,8141.840767927723,14244.861660079052,14688.085827216262,14238.170525127047
LOG00008,Idle 35,243.0,243.5,27.39408284023669,1.8056574736836566,43.68865020758383,22.083136094674554,99.0,1.4502549078926854,4.057297830374754,11358.100873485491,6428.571428571428,0.0,0.0,1.074210604318827,1.261396714265034,0.8748877927341593,0.8399480142391003,1.3535885386336142,0.8511526089750527,0.7786018529070521,1.1515827686987,0.7704278650617145,0.3057072863053897,0.4248911662773552,0.36280598510046763,5.076780030324237,8.925687497604953,6.361642140037288,1.1519987576763675,2.0649974957480217,2.864115189467846,4.107288945911536,1.17154814096341,1.9994897500853193,243.489421,0.0,6.974049122738249,0.3677035177537545,1.672022098408614,13269.258946182023,10822.569737954354,8102.028740490279,13238.5460693153,LOG00002,Idle 35,324.5,325.0,28.614595660749504,3.473504103016079,44.5593815330009,22.192958579881658,83.0,1.9609601752805321,4.2803353057199205,11720.076077768384,8214.285714285714,0.0,0.0,1.4876188519175737,1.6292462757212276,0.7468605259731302,1.4841507019487472,1.70807005093097,0.7209063290637491,0.6064131732697551,0.3795187476776486,0.1989618943081094,0.36447932906461944,0.47870416889684075,0.3233303388563049,4.645415984423219,6.185366431364211,4.211702425242137,1.458378039838207,2.6479321715881303,5.246394460231439,5.9392054801715854,1.5600405884995512,2.262694112192422,324.722566,0.0,5.085177311801181,0.3943540586239491,2.1375700330531586,9198.337559876021,12482.868413637643,13292.138630600168,11906.959706959708
LOG00008,Idle 35,243.5,244.0,25.602366863905324,2.383820032689362,35.71619345229847,22.146410256410256,99.0,1.3960030106236039,3.620927021696252,10737.461256692026,6557.142857142857,0.0,0.0,1.5050508792623056,1.1713338491456444,1.1091740764178275,1.5657318669730227,1.1767816995429121,1.1380677828139232,1.445926638070829,0.7145676130425025,1.204272960162857,0.3983201777709566,0.6642710041574925,0.3874882393124575,7.140153593026915,8.189202146973253,6.584569432350712,1.7111877191870108,3.7722475446410573,6.433854001883649,5.200326192166312,1.348554992449805,2.422439844934389,243.739026,0.0,7.334879679664234,0.5000206884351082,2.9289942769103297,11898.929275852352,11993.068469991547,7927.585235277544,11130.262045646661,LOG00002,Idle 35,258.0,258.5,26.099999999999998,3.1250233200710906,35.90748997525981,22.406106719367585,81.0,1.7268376195936808,3.6962845849802375,11213.114059853191,4985.714285714285,0.0,0.0,1.3160749483529282,1.2897228466004846,0.8551017568921233,1.3131337282173465,1.312986018004786,0.7902356193622533,0.4134641901049358,0.2993242402810883,0.6048554330854812,0.33731334900923426,0.46258506575564334,0.3660419524364112,3.8844103903978633,5.806924259651135,5.4333998191073505,1.2284175804994901,2.2826464211972466,3.528259712774913,4.967682116706767,1.3029655196369199,1.7515505609155662,258.497072,0.0,5.109822144087847,0.3923229746962054,1.832959960867234,6458.130999435347,12691.304347826086,12764.257481648785,12938.76341050254
LOG00008,Idle 35,244.0,244.5,26.324852071005918,6.318856109483555,29.626359053186693,22.010867850098617,111.0,1.9296501866489877,4.159230769230768,10685.967878275571,6300.0,0.0,0.0,2.0642287361563407,1.646771915587291,0.6889502500517002,2.477749327134095,1.8377808080326603,1.2064993392897287,1.9432068029525165,1.6117056808181622,0.883526503466423,0.3432313368398054,0.5814575585077927,0.3279470639212761,3.873790695407169,7.084993676930213,5.743192587269702,1.452223423909081,3.436716856834117,10.400936841433428,6.247997706879192,1.8672035262847806,3.2464507184573113,244.412856,0.0,5.720945459404238,0.4333781719119645,2.6381788820129306,11812.820512820515,10892.899408284024,8390.98337559876,11647.168216398984,LOG00002,Idle 35,276.5,277.0,24.498027613412226,2.7240321472546807,25.02160915334211,22.370019723865877,63.0,1.3656358033195928,3.2906311637080865,10413.982812059734,5871.428571428572,0.0,0.0,1.056709652596232,1.3666234720932708,0.7414449316312982,1.1234501980431801,1.4209268193454996,0.7353444676755525,0.6504254746143906,0.36733566688556396,0.48522287597550684,0.2945009719236917,0.39703330115471963,0.298899005338852,3.7309916017955667,5.019649473620998,3.371231750362993,1.0604752349673017,1.8266698439687314,3.6576902855288433,4.764472398771849,1.22153489601532,2.063939264725753,276.976934,0.0,4.10212882478306,0.3335200544107098,1.4935411683049964,7049.394195548042,10775.739644970414,11703.324880247957,12127.472527472526
LOG00008,Idle 35,244.5,245.0,30.386785009861935,1.370297380274346,28.485202574959455,21.917948717948715,112.0,1.8523151783245972,4.83465483234714,12392.34291349676,9200.0,0.0,0.0,1.172638191597947,1.3674977115384466,0.9143350667229382,1.4596871046260882,1.4142370279805168,0.9676908528347592,1.0483436449270682,0.6871219134627781,0.8676343086178399,0.31133552923670244,0.5108736348215858,0.31059577631611784,5.4306287476629835,7.5116850718082695,5.994057852280919,1.291205009928044,3.0258844860212357,4.608755923642311,5.195772822865186,1.2737994974596656,2.041692498789487,244.500661,0.0,6.373012651001129,0.38918351232048554,2.3262832265662836,13926.429980276134,12893.716539870386,9749.253310791773,12999.971823048747,LOG00002,Idle 35,285.0,285.5,29.043083003952567,1.2079126399204183,31.750803692881934,22.338754940711464,98.0,1.2531901658920037,4.204999999999999,12110.90485601355,9142.857142857143,0.0,0.0,1.0992651705912047,0.6149125901055609,0.9382600894130894,1.019837120915168,0.5348679897190959,1.066336738380698,0.6355481550250599,0.37291409505731665,1.0415580977962846,0.25145489271771854,0.33595825844673327,0.25409307019120925,3.3270842145295045,5.576548455047649,2.133422103316001,0.7615753887746578,1.530291510084438,2.497429508554271,2.364510327934537,0.8906462285175973,1.2315822506131986,285.11829,0.0,3.9462586464051825,0.2832318266070135,1.208674724362138,10036.533032185207,12855.025409373235,12551.97628458498,13000.084697910785
LOG00008,Idle 35,245.0,245.5,31.701185770750982,3.3059651705019872,25.69247459294352,21.894505928853757,78.0,2.05288588294126,5.312905138339921,12628.691417278373,9257.142857142857,0.0,0.0,1.2822876937350836,1.4562861057828846,0.7607980444919479,1.3939563646380035,1.246256493884409,0.5692550670107405,0.9768419554772367,0.6548374859896393,0.5244750746413084,0.399636488059934,0.4886901515988491,0.3405100323730079,5.320066676206551,8.008586016914489,4.813574774567118,1.845986878772932,2.7614839524971733,4.50976104289702,4.783659604265981,1.3720479130483596,1.9355552106913652,245.246513,0.0,6.207819304177343,0.4141153096281481,2.348772144813247,13274.025974025975,14274.90118577075,10752.7950310559,12213.04347826087,LOG00002,Idle 35,280.0,280.5,30.150197628458493,0.5142725401263155,24.044581390459722,22.151936758893278,64.0,1.4280737435723299,4.5166403162055335,12472.931959345004,10114.285714285714,0.0,0.0,0.9170365134170806,0.747966541030438,0.7233380563774003,0.9014274511865593,0.7016643088840049,0.7210799872055162,0.42085003454353515,0.3901170331836033,0.6931106776646649,0.2654550397272678,0.2976443800342261,0.26070450695523,3.880374270804337,5.366667230606752,4.256233341724223,0.8306969084370495,1.3999472764202738,2.3877983641145213,2.5241912570120917,0.8367825026376908,1.3585988368918362,280.016608,0.0,4.545105202478582,0.2750911334020865,1.1510668378602982,10581.084133258046,12708.046301524564,12593.365330321853,14009.232072275552
LOG00008,Idle 35,245.5,246.0,46.85976331360947,3.59981896640961,26.111083647120886,21.764457593688363,78.0,2.9394505700388605,10.571321499013806,17292.526063679907,13557.142857142857,0.0,0.0,1.4004128436952747,2.238340254027313,0.7668204791730996,1.5025184251149417,2.8820640292773048,0.8116920804436861,0.7710681013614427,1.8018289097798614,0.16731157230194912,0.33939673428312866,0.5800271954095847,0.3400372219821682,2.6493122970149856,4.084974794626349,7.7029747654017315,1.3928330280033898,3.112470874142383,5.051802654416698,7.68461153461057,1.8669926654362818,3.138506794389541,245.868057,0.0,5.261232268720046,0.43483598555091685,2.4111676410280727,17095.04085657932,18484.981684981685,15848.661594815441,17741.420118343194,LOG00002,Idle 35,329.0,329.5,47.109861932938855,1.2740241191918835,32.29612686219382,21.71769230769231,71.0,2.80471491468202,10.313668639053255,17270.71710340941,15585.714285714286,0.0,0.0,2.1483457722230654,2.008737929739251,0.7271213628635053,2.2302448385261515,2.3024126935343157,0.7239381617814243,0.6672704793512744,0.8034883427585771,0.35226087697393466,0.427207085670969,0.5702542220247366,0.2618340893373186,2.463245148923747,2.1778610366303335,7.545091676554027,2.1044824158793696,3.217425240439462,5.34269395513395,6.841686816932371,2.0797136374272607,4.693661011709852,329.011213,0.0,4.751808910515859,0.43827421481823564,2.7185171892561573,16983.460129613977,17086.70047900817,16305.156382079458,18707.551422936038
LOG00008,Idle 35,246.0,246.5,16.470808678500983,4.876439345184349,28.207070047990626,22.124950690335304,71.0,1.7032463660437271,1.635897435897436,7687.883910960833,4257.142857142857,0.0,0.0,2.0064757195976437,2.9465654295473724,0.9007566142332931,1.6629293673360948,2.463034201151427,1.1576694806255174,1.5069954563373302,2.2728864985878476,0.9132323036426188,0.38837346399180606,0.4702772036501935,0.35002511766434774,2.2352667186313004,3.0413534026123017,2.365911392050791,1.7362862662728642,2.339618557681022,5.048092185569113,6.695990734253968,2.520733290526645,3.8633621830539497,246.278474,0.0,2.5718854651816496,0.40600171543232877,2.06015836695789,7106.818822203438,8222.738799661876,7211.101718794026,8210.876303183995,LOG00002,Idle 35,335.0,335.5,20.725641025641025,5.198772170826027,33.37196546212671,22.037514792899408,68.0,1.5221897590885147,2.8522287968441815,8751.754015215552,6171.428571428572,0.0,0.0,1.4272675571301983,0.9677384132022672,0.6009461114479626,1.3766538388142049,0.8484013207036154,0.67233341903935,0.45795942332698747,0.44936301148223745,0.78342208870368,0.3662390411723498,0.4402390492632141,0.3524952460751693,3.0742681256769964,6.579000815146745,6.560390031405865,1.2339169273321995,1.9138346550428214,3.4346534295994937,3.2557035372838303,1.21934620104867,2.7217522090669597,335.496956,0.0,5.6501650004940736,0.3882414859682975,1.6101729830052134,7725.218371372217,9221.89349112426,9402.282333051564,8657.621865314173
LOG00008,Idle 35,246.5,247.0,21.115976331360944,1.6232777805697558,28.933411793994225,22.085226824457596,62.0,0.8042754071757812,2.7810059171597628,9096.77373908143,7285.714285714285,0.0,0.0,0.9079032238316245,1.2338598024807292,0.7094687416800478,1.0326082312890132,1.1791256436001274,0.9725160185036402,0.8214984562448527,0.9216479421726105,0.9975069072743311,0.22872615238630584,0.29162014044228396,0.23437817884797366,1.177104967175477,4.717967458659645,3.7036971359991653,0.4261829925255394,1.145820537562999,3.75665090679224,3.337669763132919,1.0832124159234973,2.0493185506056113,246.502428,0.0,3.529030344628628,0.2531739124377509,0.8644468310483834,8357.706396167934,9754.184277261202,8818.963088193857,9456.241194702732,LOG00002,Idle 35,302.0,302.5,20.24240631163708,0.574264411228448,28.972012579791908,22.272011834319525,37.0,0.9506514925403342,2.5434516765285995,8891.342631727248,6314.285714285715,0.0,0.0,0.8219890767153356,0.6255922337594042,0.564558047154052,0.7738855273197645,0.5245996298378296,0.5379387845835654,0.4689312957987694,0.3417544261665902,0.3751150576876294,0.28198826111618913,0.31319187979714175,0.2922360946502336,2.759806168041198,5.235871411721968,6.8902209470095315,0.7940634385483338,1.120840772947025,2.0906479087835392,2.1446690939822037,0.7304216881977875,1.0811453544838387,302.248393,0.0,5.244235699758181,0.29609033981462457,0.9712931541866463,6739.05325443787,10220.51282051282,10227.78247393632,8378.021978021978
LOG00008,Idle 35,247.0,247.5,27.855029585798817,4.409465047043356,32.575289927261785,22.060493096646947,59.0,1.8388001545718256,4.262564102564102,11292.885319808396,8457.142857142857,0.0,0.0,1.1117768194375846,1.1401069137178628,0.6854686249053568,1.5938219607426212,1.83166976392872,0.6733696710221809,1.2191992024750613,1.4238317564023095,0.5110549802796747,0.30649766199941464,0.4996287876925114,0.2948709588679231,4.888604560446475,8.677094376532967,4.935212297809643,1.1824994462373906,2.8470027238682287,3.564840358979608,5.448521866758394,1.1260309655924257,1.7207656332059005,247.401207,0.0,6.417339578364481,0.37882213270693166,2.1798772270548685,9694.928148774301,12212.059735136658,11668.3572837419,11596.196111580728,LOG00002,Idle 35,298.0,298.5,27.61183431952663,3.37012896179038,34.049804715775075,22.314023668639052,42.0,1.2265555995091024,3.4858974358974355,11720.59030712877,7814.285714285715,0.0,0.0,1.331095503343586,0.8905562440544963,0.6519224105219482,1.3415947536873936,0.849200832169983,0.6788709323415626,0.9499076414850991,0.31451031726450196,0.5145600517896176,0.2606493387385529,0.28748802862862416,0.23128595425489973,4.044148099406485,6.1280062740293575,3.2518946380538774,0.772878820818904,1.0301423768834435,3.2557035372838303,2.3588350014578308,1.1324543396636277,1.9752735551676939,298.093894,0.0,4.636177070298323,0.26081962926207386,0.9106412543700978,11207.748661594815,12275.965060580447,10893.857424626656,12504.790081713158
LOG00008,Idle 35,249.5,250.0,21.871400394477316,4.801338428148677,26.068046113742955,22.042721893491123,95.0,1.6928413769204544,2.9905917159763313,9111.792054099746,5857.142857142857,0.0,0.0,1.7799985530835585,1.916463615769696,0.6000489556199984,1.6399230891137926,1.809017106877439,0.5331711408217448,0.3821627637166619,1.1148298528862446,0.4006493914993576,0.3064708134827375,0.37194493672240614,0.31060199525783994,3.836364550268526,6.464218392761231,4.5957454780899525,1.1833949073764152,1.787492539074561,5.42766672474929,5.7199605521322185,1.8494901513050317,2.645244115357759,249.799575,0.0,5.086737293893271,0.3310292005892918,1.515841859174574,9766.18765849535,8789.799943646096,8941.701887855734,8949.478726401803,LOG00002,Idle 35,266.0,266.5,21.685996055226827,1.083050855594039,23.19332750250543,22.35915187376726,83.0,1.005284294987328,2.834635108481262,9483.453085376163,6800.0,0.0,0.0,0.7467777838707387,0.9010357834082413,0.582634865190911,0.64899735479911,0.7875997873703491,0.5423122180142282,0.5089277460957304,0.4636720383726774,0.47177782965541887,0.3318612717430806,0.328571569218703,0.2642811469733008,2.5688209296802325,5.034951370876582,3.1439339876125003,1.0834696287997174,1.3444373709349542,2.1354525962725144,2.563204971098854,0.8275090759215256,1.2321288010988694,266.469736,0.0,3.7342512499973473,0.3098040802546555,1.2209460022658432,7361.143984220907,9545.393068469992,10379.26176387715,10648.0135249366
LOG00008,Idle 35,250.0,250.5,29.828458498023718,5.728606911759905,13.918872126253298,21.97911067193676,69.0,2.065727079007403,4.740731225296442,12157.361660079052,8242.857142857143,0.0,0.0,2.4250418737805517,2.2383001863566334,0.653377800212466,2.208657250858062,2.8597156116636016,0.6535243297165526,0.49665124007108047,1.8607173236114318,0.006739624747616278,0.541610192530265,0.5247509135818992,0.3936137835787658,6.481574329519334,8.216274493872273,5.789796675757695,2.8441288775945828,2.945098960367594,6.892597851198046,7.42551950512209,2.3335397804444247,3.405275378295611,250.236629,0.0,6.9050637915072866,0.49113369957711117,2.8950541410071855,13376.679841897234,11839.553924336533,11291.55844155844,12121.654432523997,LOG00002,Idle 35,245.0,245.5,28.498422090729786,4.641630234951184,10.656938640663236,22.36714003944773,46.0,1.9030531670805284,4.711183431952662,11604.106790645252,7742.857142857143,0.0,0.0,0.7294541325531121,0.7997033546763403,0.7628140868143746,0.8402015290022292,0.8728756183380886,0.6785028946047711,0.7062012532759931,0.5539412483026502,0.6001504624287038,0.2928722124640435,0.3031066011360114,0.24222117898874776,4.797532290731303,4.591558071199249,3.469759394019848,0.9990275088719384,1.361304318774249,2.673192212972174,2.990451602844399,0.7653851275597817,1.6058286986602386,245.000424,0.0,4.325812133930982,0.28066518845800836,1.19398605766489,11990.532544378699,11823.2741617357,9986.53141730065,12616.089039165961
LOG00008,Idle 35,250.5,251.0,28.725641025641025,6.528101395030575,23.04138274063751,22.066272189349114,68.0,2.3773810347066244,4.986962524654832,11328.10650887574,8028.571428571428,0.0,0.0,1.355773082746576,1.6878763531275518,0.6581527431261753,1.3177878728341037,1.7215722267043971,0.6493143780755787,0.7718372973095371,1.1158422774374366,0.20697097974605513,0.4781477669525782,0.5778112312532061,0.38007528725118067,5.681886573043981,8.973221488674541,7.379474233751574,2.36851834153145,3.3049420136170102,4.735821775526012,6.4555833363854696,1.5308571512958549,2.283576957466405,250.713145,0.0,7.4667971464868215,0.4854373732292528,2.8751105063581246,11845.252183713723,11708.030431107356,10575.683291067906,11183.460129613975,LOG00002,Idle 35,259.0,259.5,29.22307692307692,6.325200841117487,20.061085570421127,22.461321499013813,62.0,2.2634117102032616,4.51319526627219,12020.076077768384,7471.428571428572,0.0,0.0,2.876754928472992,2.1368892417279612,0.7321572341054969,3.033346909615517,2.135053012543337,0.6775745414062181,1.048839422564771,0.7484274134623964,0.3485591800439077,0.42085786688134436,0.5955733656182706,0.386045661972873,3.494690685853932,5.335222120759623,4.607350195067808,1.9974502851152545,3.428828379456361,7.16665519929361,6.76077560528449,2.5339706539250173,4.768217584376672,259.141313,0.0,4.542581273814422,0.4763962745018979,2.805946515640697,9410.763595378981,12108.481262327416,11649.788672865596,14911.27078050155
LOG00008,Idle 35,253.5,254.0,30.165483234714003,1.489215641880877,10.865853025366642,21.879802761341224,38.0,1.8088975820064332,4.274122287968442,12307.769794308255,10628.57142857143,0.0,0.0,0.8731629388310701,1.597939141346179,0.5780337515485575,0.727676770326736,2.2899872454603334,0.5780328956202319,0.47392218017308874,2.0670366105359794,1.3993829259850866e-05,0.26132733890090637,0.330813416230171,0.25883278509016094,6.140387642745911,9.493532504875164,5.8311696286513595,0.8565302693453735,1.4295041244922542,2.739512906790079,5.754853881313258,1.2875991257363983,2.2903004335471,253.53183,0.0,7.344704647168463,0.2856127360911595,1.1783730615227976,11854.860524091293,13266.666666666666,11495.012679628066,12614.539306846998,LOG00002,Idle 35,267.0,267.5,31.78520710059172,1.9570129057628525,13.079380975013525,22.280887573964495,48.0,1.6003703821162256,5.263629191321499,12960.467737390816,8785.714285714286,0.0,0.0,1.9237007767892764,1.5027018733118622,0.7361291263534975,2.1640944946293774,1.3859421316602587,1.0802539608458628,1.1063181637311907,0.44406741856418536,0.9734564986135049,0.35631655503157095,0.5134254314893024,0.30379944531679837,5.5012181353656935,3.978598169763801,4.899241249317069,1.6693620299436651,2.8948180167941855,5.995889453225912,4.89253345713561,1.7260848181179635,3.0818871284713745,267.490902,0.0,4.833742828227905,0.4011904219795288,2.362915671090893,11554.46604677374,12299.49281487743,12777.542969850661,15210.369118061428
LOG00008,Idle 35,254.0,254.5,32.30966469428008,1.5914482029394197,18.30671453888269,21.788027613412225,40.0,1.588321566316315,5.271952662721894,12933.685545224005,10828.57142857143,0.0,0.0,1.6124324640093446,1.0882603153484716,0.9530383491627283,1.705316700079622,1.053038786410011,1.0451703454215133,1.5228981467979334,0.8010170230859609,0.6600827683704472,0.2720136851409319,0.4049991329848858,0.2720626046553046,7.380385869221632,12.00401586945907,5.9412636843035855,1.175001909186423,2.112737958070977,5.285348734246734,3.5216994283875684,1.375545158283363,2.2248467912935275,254.271719,0.0,8.829214890337195,0.3225077794794454,1.709428437528997,13075.739644970414,13290.786136939983,11600.535362073822,13767.681036911805,LOG00002,Idle 35,267.5,268.0,32.71301775147929,1.018249728962896,16.88902465576705,22.167790927021695,50.0,1.5632031193872913,5.227278106508875,13401.697661313045,11800.0,0.0,0.0,2.1412349375609305,0.928507138384959,0.619852472205983,2.2428196788417583,0.8711005561155954,0.6153644235633576,1.1106957682652918,0.38895818728999104,0.6763577928851989,0.2653495857269626,0.29037068396968907,0.23138614953246123,4.267117632697059,4.290984240524053,4.209243019232705,0.8552776464748695,1.3051534829801958,5.087789458881851,2.5306796024967477,1.650304905746721,3.784506969955485,267.991058,0.0,4.255920011727162,0.26347997200923023,1.1033869372742566,12654.409692871232,13637.982530290223,12874.499859115245,14439.898562975484
LOG00008,Idle 35,254.5,255.0,26.217554240631163,1.1970655831538906,24.545081257969738,22.000808678500984,119.0,1.2091547486979606,3.510118343195266,10877.4584389969,9000.0,0.0,0.0,1.6292566515159879,1.4389076977189874,1.4555488865925548,1.4909287078844147,1.286183455793322,0.9251041290850898,1.2982202665397984,0.9891734403441481,1.2874736346480122,0.31271197311622045,0.3619521996848365,0.2996972578485894,5.981440243408462,8.984464832624925,5.153874238241342,1.10972373711801,1.812042685875161,6.444115704961769,3.7292489633134918,1.5370316520917913,2.2286399785619992,254.64366,0.0,6.905569138450213,0.32589191426447695,1.5024955021824242,9518.286841363766,12010.594533671458,11331.473654550578,10649.478726401803,LOG00002,Idle 35,265.5,266.0,23.975494071146244,0.9179760845806831,25.90238262854304,22.349723320158102,83.0,0.9863514510314172,3.0497628458498025,10403.345567476003,7442.857142857143,0.0,0.0,0.949038280071854,0.84222972060578,0.6644388886378272,0.9817993291621417,0.8358447939962315,0.7794130822780032,0.8130714709351718,0.594098855453513,0.7459624581843028,0.2620839179177085,0.3097301855987464,0.2663303961455243,2.744374675447321,5.443390027849941,2.086526783357146,0.7047577529507077,1.1042180143205906,2.6446306256725265,2.492677021833728,0.8972247654053674,1.2548478300909915,265.929082,0.0,3.7200215667923002,0.28020983078945316,0.9262777427678586,9115.443252399773,10724.054206662904,10851.552795031057,10922.332015810276
LOG00008,Idle 35,255.0,255.5,29.949604743083,1.7645862591288524,24.050828326984558,21.766363636363636,100.0,1.5540931370636102,4.555079051383399,12067.236024844722,9242.857142857143,0.0,0.0,1.5562971555520784,1.7559951953181578,0.8343131953532166,1.517680918500534,1.939284113064559,0.9026584874735147,0.9729765500638415,0.9184093343278781,0.8343876279016883,0.34301627351831443,0.36463281634844863,0.295304302114308,5.565122774358425,6.468646028084998,4.29507305518565,1.3879786909035559,1.946106942136149,4.795625476975347,5.385531781465036,1.6591533929025293,2.651898642090961,255.40826,0.0,5.51548201217036,0.3355701046993564,1.690239195592278,9802.315076228118,12362.591756070016,13172.501411631847,12931.5358554489,LOG00002,Idle 35,335.5,336.0,27.305335968379445,2.3975677698942985,25.27017960641278,21.890316205533598,66.0,1.696278802097279,3.703913043478261,11370.292207792209,9100.0,0.0,0.0,1.4312561733511255,1.9876487877911164,0.8453779949008232,1.4057801178456697,1.9255067072086316,0.966087284641564,0.5898803722976547,0.7683680704003876,0.689887177541009,0.3527979675881149,0.3768025730997704,0.3005145525707257,4.110082136056963,5.067577484950209,2.3127060723110042,1.4358975109986623,2.1128837997160663,4.290121016931917,5.145703146273133,1.7319413871957676,2.9073198015431045,335.609426,0.0,3.996737257147512,0.34484565694220165,1.8063886089646874,10405.985319028796,11063.946922642577,12305.844155844155,11705.392433653304
LOG00008,Idle 35,257.0,257.5,29.49861932938856,1.5116438493505124,12.661719810693347,21.958520710059172,12.0,1.4992778947304737,4.189783037475345,12088.75035221189,10114.285714285714,0.0,0.0,0.7764699464425769,1.0645420436076405,0.5734511428779024,0.6389853693329425,1.1942491909704345,0.5734519145493854,0.39743540192656657,1.0227930918143775,9.776090460009987e-06,0.2524717934402681,0.29063446675399945,0.23347590276385755,7.805537962572221,11.527103923382567,6.705468338998766,0.7787827316531951,1.3323412602476448,1.901935067759251,3.295146152400599,0.9317068584959728,1.3243227266390587,257.209764,0.0,8.92120794121014,0.25994960852681004,1.091246025623804,11442.011834319526,12556.35390250775,11586.136939983095,12770.498732037195,LOG00002,Idle 35,228.5,229.0,28.328994082840236,0.7966693326631898,15.6056909921437,22.607810650887572,37.0,1.2837683885663247,4.239349112426035,11919.237813468582,10114.285714285714,0.0,0.0,0.7558699841174444,0.7550087423811405,0.8306409244140379,0.7622928873202346,0.7169855892991311,0.786377080023922,0.5550833849213151,0.37944100527426655,0.4404073203745924,0.24273712100721845,0.30980389170342976,0.23327443318650742,4.122068462041039,6.845032212685867,2.928035373747875,0.6740161371015914,1.2798595510555837,2.1973625933978,2.431710301441779,0.7554394859820531,1.0772259320434476,228.757272,0.0,4.913223841443261,0.26414435599241926,1.0228240864150473,10759.791490560721,12118.005071851225,11566.582135812905,13232.572555649478
LOG00008,Idle 35,257.5,258.0,26.719960474308298,1.266135696985439,14.925195285476862,22.077747035573122,7.0,1.14635897052919,3.4762450592885377,11103.338509316769,9742.857142857143,0.0,0.0,0.8326002847738844,0.6886288448915188,0.603530790167055,0.6415763427270141,0.6904849180414594,0.6035307901859511,0.5349645332819577,0.5152711415942148,2.1713116479293376e-10,0.22146589063891134,0.24310536727189824,0.20573426526768512,3.525484609218442,8.332155582292396,3.4088361966583323,0.572868861445079,0.8206559613792698,1.5140971298358223,1.641242178756098,0.7640133900077212,0.988519940036977,257.941821,0.0,5.581935822902614,0.22395977928944075,0.7076916487287086,10527.752682100509,11512.33766233766,10751.185770750988,11622.07792207792,LOG00002,Idle 35,192.0,192.5,27.082248520710063,0.39851855023875554,16.77960693684604,22.736528599605524,15.0,1.0755010546080999,3.9773964497041416,11535.411383488305,9614.285714285714,0.0,0.0,0.7763307369011534,0.8596201159156358,0.4740167299049626,0.6642085870610047,0.7165291972732243,0.47351362959168325,0.4054051221802228,0.6028782960302093,0.006555539070777289,0.2023262494679823,0.26095071546814513,0.19849814444351513,4.0289245203124695,4.957357162577946,3.01025695924986,0.5490180702112823,0.9380154574348607,1.5027916166248825,1.9716931719963533,0.8190348456397621,1.0820801980818846,192.226011,0.0,4.077142372971954,0.22243553408769598,0.7685355684043683,10374.83798253029,12153.057199211045,10654.46604677374,12959.284305438152
LOG00008,Idle 35,258.0,258.5,24.616173570019722,0.7070612804358567,16.327442208682815,22.03552268244576,29.0,0.9927910598490678,3.286804733727811,10360.960834037756,9100.0,0.0,0.0,0.7794601226359723,0.7765651622598169,0.4239234885539513,0.7713615624509836,0.642192861850262,0.4239234886734146,0.49038017303943415,0.6004246739580041,1.29074824191286e-09,0.2383036407280695,0.2343483781367098,0.20566882308333512,1.485323116337965,6.777888135883961,2.0725757975695553,0.5118986433010974,0.8147071204678853,1.6245163139956058,2.795812591597884,0.7780139889537013,1.0338564233863823,258.342383,0.0,4.180969695304172,0.22657408818312486,0.6803631064198652,9678.021978021978,10752.240067624683,10094.75908706678,10918.822203437587,LOG00002,Idle 35,337.5,338.0,23.222879684418146,4.428706472219891,18.37081645675476,22.00733727810651,32.0,1.3411430087260405,2.9046351084812625,10073.570019723866,6557.142857142857,0.0,0.0,1.2555714063594137,0.9568627475872716,0.4183727707885138,1.1653661965543332,0.8119043575832267,0.4556277103359744,0.7870350807146123,0.4543081303668798,0.16265448270513283,0.2898988542366316,0.28500493751293654,0.23216015527581907,3.124469432233963,5.826311227191197,3.1569693968298886,0.9328704258902205,1.1493426273489917,3.094182363249041,2.529120341965169,1.1162539751749194,1.6165083432294423,337.500702,0.0,4.229841112917407,0.2702884248305608,1.0467176569023007,9495.548041701888,9908.565793181178,10136.263736263736,10753.90250774866
LOG00008,Idle 35,258.5,259.0,27.700394477317552,2.4415776906614246,16.465841094366034,21.90171597633136,30.0,1.4574662855380993,4.005719921104537,11360.728374189912,9528.57142857143,0.0,0.0,0.9046954976475857,1.013697036998344,0.5092837136227647,0.8196873563631122,0.7103095217905736,0.5092774224692911,0.6389959294215181,0.5633908112063974,5.277021904709593e-05,0.24651596437055642,0.3008525500064946,0.2083883761584499,4.578803666014579,8.424372254459191,3.9973221471378317,0.7829283352422048,1.144662277412585,2.0448617474232704,2.6202819909375323,0.9607433648698894,1.4647429518136597,258.843579,0.0,5.997612726232801,0.25476007853986293,0.9806193215148515,10405.888982812061,12020.090166244014,11181.797689489998,11835.136658213582,LOG00002,Idle 35,337.0,337.5,28.082642998027612,2.4878114152474637,18.458547978862107,22.020867850098618,22.0,1.4115548845701789,4.041439842209073,11523.887010425473,9114.285714285714,0.0,0.0,1.0275362551159977,1.0440688445017114,0.5661268391539592,1.0173825827437915,1.0452319120533098,0.5668575003707758,0.5480054567957804,0.4418925555539957,0.018620379211810884,0.26803797880392644,0.32438239680260617,0.2330801449382864,4.676343938552181,5.371879688758508,2.6902522540681195,0.8328379234724238,1.4727520092039017,2.4989149519108547,3.2867554428680696,1.0358355341551446,1.6325255871975601,337.493796,0.0,4.395556135183523,0.27772567484309046,1.1963731623929026,11015.384615384615,11320.569174415326,11396.900535362072,12362.69371653987
LOG00008,Idle 35,259.0,259.5,29.04358974358974,0.7387107841480993,13.602753484912435,21.95733727810651,17.0,1.4378128540595783,4.189585798816568,11897.900817131587,10257.142857142857,0.0,0.0,0.8852566497413474,1.0950406262497576,0.47792922421461553,0.8461372209414934,0.9133681897399234,0.510111329849706,0.5793698538638595,0.6727773614588538,0.2484147842524577,0.27732042013440616,0.3031271539424342,0.23497156396416122,7.953114859230374,9.663603416443971,6.381036790097412,0.912857998994654,1.3818041637544802,1.9220510084010423,2.4886329350873697,0.9956890350527962,1.2791818415592873,259.410878,0.0,8.110793168591165,0.273254657021936,1.1710449336591962,10856.889264581572,12370.160608622147,11750.54945054945,12614.003944773176,LOG00002,Idle 35,252.0,252.5,28.26370808678501,0.46801487863207314,17.80849218386405,22.398007889546353,28.0,1.2396127179079641,4.059684418145957,11817.497886728655,10428.57142857143,0.0,0.0,0.6719309211382625,0.7602533860956691,0.5096454521513064,0.6386757879231978,0.8497510566344209,0.5096454521513064,0.1836506209022036,0.7850925292099539,3.3668538540275604e-16,0.21604504144608128,0.23096395935924133,0.2130217611895197,7.3548728691317935,4.362641973857052,3.6006465768050235,0.6071305147173073,0.917791143823261,1.5895367938286018,2.7975757327150474,0.7174525677184677,1.4574304184155673,252.000321,0.0,5.356972269364105,0.2201500103691579,0.7781221130328169,11838.095238095237,11774.528036066496,11050.943927867003,12606.424344885885
LOG00008,Idle 35,261.5,262.0,28.655029585798818,1.1514802021439245,11.090852586961608,22.022011834319525,13.0,1.273677592666859,4.221104536489152,11735.841081994928,9242.857142857143,0.0,0.0,1.0291740327506347,0.9273144865522888,0.5739942309656099,1.0373391570105075,0.8433936841193594,0.5800840115714329,0.6183599624237409,0.25720322788168615,0.05287493619211779,0.26430221205004,0.32451953294697705,0.24307185354248922,8.409835743577718,8.569043467872486,6.4559097618457555,0.8726206618889807,1.4213168919884254,2.488236624401668,2.425212733912992,0.9795691263657553,1.3987946384751093,261.732386,0.0,7.8704640702087545,0.2794354502344861,1.1793236466312376,10612.116089039167,12464.750633981403,11821.329952099182,12045.16765285996,LOG00002,Idle 35,224.0,224.5,27.112450592885377,1.3432098018067056,12.809911250761552,22.538320158102767,35.0,1.4037487249462013,3.680849802371541,11623.990683229813,9914.285714285714,0.0,0.0,0.8357977558285343,0.6129434901813997,0.6591856493161091,0.6993809576713971,0.6765757654106881,0.7860648375136764,0.49301612596274097,0.36379906939048146,0.6594844303749037,0.23911008273360546,0.26317157794204427,0.22437178215330833,5.279473666546203,5.460138104905612,3.383605171185356,0.7804198814485966,0.9777843713742617,1.905369985753081,2.161923459209012,0.7328907185944471,1.0462579990689393,224.102496,0.0,4.800511579504464,0.2427451391398179,0.884623498519003,10803.13382269904,11979.531338226989,11228.994918125354,12484.302653867871
LOG00008,Idle 35,262.0,262.5,29.839053254437868,1.7704158492329554,13.152478162151912,21.924595660749507,32.0,1.4604411378443687,4.514418145956607,12177.04987320372,10200.0,0.0,0.0,1.7799489854367783,0.6736514762339813,0.6697329606756164,1.7816543493261716,0.5852573602343405,0.6708092539409508,0.9625869878491721,0.3516329307451592,0.46019142621199577,0.27560924396550734,0.25777755547983594,0.2551696602747064,8.469166783663914,9.817677777160519,6.692323940538155,0.9366897392337199,1.235238714788833,4.466398767320038,2.205426336435608,1.3457385894351175,3.0439945817867913,262.414138,0.0,8.424187056145096,0.2630090486359152,1.0961757044604898,11400.3663003663,12717.723302338687,11751.591997745843,12838.517892364045,LOG00002,Idle 35,211.5,212.0,29.133399209486164,1.2251849528520284,20.981720418181357,22.445770750988146,40.0,1.4207123414968612,4.246047430830039,12241.579616036137,9200.0,0.0,0.0,0.720749617400277,0.8188238659705774,0.6730847823213841,0.7072068470735918,0.9680131043478908,0.5714463296486909,0.46991339765099893,0.6426132371231879,0.3726683808732614,0.2611570595272292,0.2888864446407652,0.20420099478978881,4.265328515815078,7.239274208622963,3.989449914317934,0.8481032266253213,1.2314104199628622,1.8975749033526956,3.564482234047176,0.7713470472056164,1.1639921992535482,211.500801,0.0,5.37015918554594,0.2538742693481887,1.0572726009420164,13425.71993224167,12241.614906832297,10096.866177300959,13202.11744776962
LOG00008,Idle 35,262.5,263.0,26.908300395256923,0.3406142392213187,15.275933983480149,22.079584980237154,26.0,1.1196069727736053,4.005553359683795,11143.12535290796,10300.0,0.0,0.0,1.2253032027220971,0.6558867104351868,0.6404816067235573,1.1131538269388674,0.5592518484863775,0.6199772733794404,0.6458956318750719,0.3519420567914761,0.4236494554939945,0.2141423015998639,0.25735119272266743,0.212578289195863,2.8940680826379355,7.296228459354986,3.1442420342658384,0.5375025206730162,0.8594587625322478,2.615324253054791,1.7003835884370582,0.9827398728876628,2.886611836313965,262.500961,0.0,4.881831547281184,0.22896585681982262,0.7167908775309956,10632.241671372105,11568.238283455674,10716.629023150763,11655.392433653304,LOG00002,Idle 35,216.5,217.0,26.403952569169963,1.0795000442688292,18.104091527056067,22.61693675889328,40.0,1.211673635876398,3.8621343873517784,11340.880858272163,9200.0,0.0,0.0,0.9332319565870043,0.6905224788217604,0.8033596061817416,0.9636902210402716,0.6232370091279905,0.9269482542605372,0.4723465458931691,0.48435049947514675,0.62727015827958,0.2633977540735182,0.3156168575601164,0.2546791169199152,3.946772423676905,4.09606445222399,2.189610175734625,0.6941852231018991,1.3709139158635448,3.004936649710723,2.4627662071955485,0.8208968201160719,1.1206579283678917,216.544236,0.0,3.5189557770618114,0.279197558622447,1.0865767549237726,10407.114624505928,11480.54771315641,11542.546583850932,11933.314511575381
LOG00008,Idle 35,263.0,263.5,27.43175542406312,0.1852485811809471,16.683850333781688,21.903057199211045,26.0,1.1341628872044411,3.8727810650887573,11307.95998872922,10300.0,0.0,0.0,1.3229867500579686,0.8991296376641729,0.6345862077637883,1.4899130348667564,0.8525516926209709,0.6546049073449449,0.6527314804694366,0.5905555313882446,0.5602978743239654,0.24185513088253835,0.28844711520761646,0.20880697258361053,4.3150521046068295,8.438326629477721,3.3147425609748464,0.5846368200136618,0.971729171505602,2.857220342708103,2.24179415327122,1.1310897502309563,2.657702179179652,263.024859,0.0,5.796911511508022,0.24852631946827305,0.8018908261324142,10813.468582699352,11596.506058044519,10865.539588616513,11956.325725556497,LOG00002,Idle 35,278.5,279.0,26.9715976331361,0.6629844154596145,23.11062484884961,22.373333333333335,46.0,1.190699833798495,3.8980867850098617,11359.798534798534,8371.42857142857,0.0,0.0,0.8019140183193235,0.7485694033733788,0.7291175200995998,0.8000811274083832,0.7173231836360825,0.680091605976534,0.46805018676355437,0.13928389348966222,0.4864661749540644,0.22704306757160317,0.29029068529567204,0.2295308331156909,4.7246430641192125,4.778265657241637,2.533145938968263,0.6232318125929724,1.0184193320408297,2.0816659994661326,2.149721324997249,0.7757004075169165,0.9650089688971035,278.805079,0.0,4.146118792421655,0.25066687046924613,0.8442736014179327,8776.359537897999,11975.542406311637,12057.509157509156,12629.783037475345
LOG00008,Idle 35,263.5,264.0,26.9552268244576,0.9480111527768672,17.882325368713207,21.920611439842208,34.0,1.1457448520598854,3.8320118343195264,11211.996336996337,9671.42857142857,0.0,0.0,0.6077913016652042,0.9714674814615751,0.6907141154123441,0.5101467323424846,0.9315264764837633,0.7288362536233073,0.39303182435983375,0.7619557972918402,0.6812245982664652,0.2316032501805168,0.2667390282763592,0.2411375392480826,4.771236772126869,7.190329606976366,3.4991111344050045,0.6703994621976934,0.9653776128151019,1.5845655954338849,2.6153846153846154,0.8102960366178458,1.3419169250967455,263.558624,0.0,5.376160926521625,0.2469393228673905,0.8310804336042156,10822.936038320655,11584.67173851789,10570.076077768386,11870.301493378414,LOG00002,Idle 35,279.0,279.5,26.54990138067061,0.6878596352804786,22.409252871641492,22.349743589743593,46.0,1.2010672671039881,3.596114398422091,11277.76134122288,8600.0,0.0,0.0,0.8411925977107949,0.7229730373577083,0.7258977317942799,0.8052488331116872,0.7107213585756438,0.7234964013269818,0.5111445982455038,0.32893177304926224,0.5400355976298218,0.23381637265165114,0.28939108132692054,0.23240328644359853,3.1858103776985445,6.455574415760934,1.7858286943166328,0.5659346009768714,1.0464335098728466,2.089704262647096,1.9945685617532722,0.7843133937367336,1.1814588098450836,279.49273,0.0,4.282250690370018,0.25326440835704045,0.841220857791714,9002.930402930404,11682.924767540151,11690.222597914906,12734.967596506058
LOG00008,Idle 35,264.0,264.5,22.86923076923077,0.8764956223147286,17.350658399063782,21.93461538461538,31.0,0.9286059331247156,2.956094674556213,9783.875739644971,8342.857142857143,0.0,0.0,0.6580796518311844,0.845560226978523,0.6151558703078982,0.5656933890954193,0.8913581289381142,0.685773058041961,0.3528468798708814,0.6831736264393599,0.5659800012445517,0.23095223557650077,0.2594774719049871,0.246581560209721,1.2780034000318994,6.539801177321373,2.6310098510331184,0.552260502787684,0.8163119664461949,1.7736844723611551,2.2027417020425157,0.7576413813943322,1.1554943739937888,264.173292,0.0,4.136202161630099,0.24594712126759227,0.696906338578779,9179.99436460975,10253.733446041138,9866.215835446606,9835.559312482388,LOG00002,Idle 35,286.5,287.0,22.17376725838264,1.139986076021829,14.095615127284818,22.355285996055223,45.0,0.9190021298687883,2.697001972386588,9707.262609185687,7114.285714285715,0.0,0.0,0.7299078021166145,0.737662685035365,0.8672185059997958,0.7452777452465876,0.6859110948037995,1.1614307792143874,0.3779252334533276,0.5011332022704147,0.9312808960236729,0.23926670020895605,0.2856039465724153,0.25866048462573576,1.8402982040860294,3.7990741513978117,1.534446984788924,0.6419890037087724,1.2171892392818604,1.8941412838423164,2.1629842778423733,0.733795488022477,1.1454217737104209,286.519243,0.0,2.593208401247965,0.2618672783640866,0.9730620548316885,8278.444632290788,10117.44153282615,9835.474781628629,10597.689489997181
LOG00008,Idle 35,264.5,265.0,27.446442687747037,4.061692874357758,16.114062000251284,22.002984189723318,45.0,1.6640170812005204,3.9530632411067192,11272.819028797288,8514.285714285714,0.0,0.0,1.4091017591555184,0.8129975504307628,0.6803676439242059,1.3046667089861588,0.7958034896431239,0.6628351590913898,0.9971254221707825,0.32481695144273626,0.14181789384846033,0.35029778758315105,0.4602871929107751,0.3016744745747038,5.094636984191988,8.331066330278311,5.052289628779656,1.3423752199752952,2.4620904954536393,3.603358117550927,3.424799119927723,1.1503331657962392,1.8643993681419568,264.776121,0.0,6.347903136555363,0.3766432124939353,1.9829095842986473,10017.47600225861,11946.69678147939,11853.190287972897,11273.91304347826,LOG00002,Idle 35,290.0,290.5,27.430434782608693,2.825914558438824,22.88922064531811,22.321245059288536,36.0,1.5016150521917633,3.8814624505928856,11439.977413890456,8371.42857142857,0.0,0.0,1.9220938632719986,1.7374197944463583,0.7087993495455707,2.518104154751324,1.837882131445638,0.9297218271176075,1.8819162433006955,0.7901121897819035,0.7488535550698401,0.32080041343354865,0.44086078471192663,0.28881051834886245,3.403119145905504,6.0987307770755805,3.443507955198906,1.2479455674731579,2.3933667427392793,4.8971638157953405,5.083881371783919,1.8320852001697276,2.626467759043594,290.400487,0.0,4.495682523265911,0.35622214616953574,1.9086084596671908,9719.81931112366,10795.426312817617,11372.021456804066,13872.642574816487
LOG00008,Idle 35,265.0,265.5,25.62702169625247,1.265238322742391,14.856672207959734,21.947435897435895,63.0,1.1082224702003796,3.48447731755424,10716.582135812905,8414.285714285714,0.0,0.0,1.139604372950387,0.7598869817690544,0.47177019895792355,1.198828819733059,0.6486950710736261,0.6686619755371623,1.0325684215442237,0.3555933123317738,0.4981367153954298,0.27987464925213573,0.32246583548385105,0.24463931341215542,4.5076410214635505,8.421968301756623,3.956206334449594,0.892781352377124,1.511785664099441,3.2396093952096403,2.3617597824962986,0.9685366157016805,1.529477320553566,265.037576,0.0,5.969364740487142,0.28411407803619715,1.2414818640094816,9281.68498168498,11515.976331360947,11391.772330233867,10676.894899971823,LOG00002,Idle 35,336.0,336.5,26.483431952662727,2.780263218989988,17.965713038518615,21.91268244575937,85.0,1.598357030608663,3.855798816568047,10946.618765849536,7685.714285714285,0.0,0.0,3.1736062554510656,1.7921517875502886,0.7334842785623756,4.0622089310465155,1.9453153824368081,0.9025552343302332,2.2277995899118594,0.521672664517975,0.778028364806847,0.36731626975231907,0.4332046310137306,0.33420871372137656,4.155966498193814,5.080205494501988,3.75600470600008,1.627639126524736,2.1796835364101286,9.353036402197333,5.901057973541744,2.577167504670373,11.872496350002734,336.497348,0.04142011834319527,4.366085842489903,0.38047468539698237,1.923568226641776,10781.403212172443,9441.166525781911,10828.599605522682,12735.305719921105
