before_file,before_group,before_start,before_end,before_th_mean,before_th_std,before_speed,before_voltage,before_sp_max,before_acc_max,before_current,before_rpm_mean,before_rpm_min,before_motor_top_pct,before_motor_bottom_pct,before_shake_err_roll,before_shake_err_pitch,before_shake_err_yaw,before_shake_gyro_roll,before_shake_gyro_pitch,before_shake_gyro_yaw,before_shake_sp_roll,before_shake_sp_pitch,before_shake_sp_yaw,before_high_gyro_roll,before_high_gyro_pitch,before_high_gyro_yaw,before_high_raw_roll,before_high_raw_pitch,before_high_raw_yaw,before_high_D_roll,before_high_D_pitch,before_D_roll,before_D_pitch,before_shake_combined,before_shake_peak,before_shake_peak_t,before_shake_time_gt8,before_raw_hf,before_gyro_hf,before_D_hf,before_motor1_rpm,before_motor2_rpm,before_motor3_rpm,before_motor4_rpm,today_file,today_group,today_start,today_end,today_th_mean,today_th_std,today_speed,today_voltage,today_sp_max,today_acc_max,today_current,today_rpm_mean,today_rpm_min,today_motor_top_pct,today_motor_bottom_pct,today_shake_err_roll,today_shake_err_pitch,today_shake_err_yaw,today_shake_gyro_roll,today_shake_gyro_pitch,today_shake_gyro_yaw,today_shake_sp_roll,today_shake_sp_pitch,today_shake_sp_yaw,today_high_gyro_roll,today_high_gyro_pitch,today_high_gyro_yaw,today_high_raw_roll,today_high_raw_pitch,today_high_raw_yaw,today_high_D_roll,today_high_D_pitch,today_D_roll,today_D_pitch,today_shake_combined,today_shake_peak,today_shake_peak_t,today_shake_time_gt8,today_raw_hf,today_gyro_hf,today_D_hf,today_motor1_rpm,today_motor2_rpm,today_motor3_rpm,today_motor4_rpm
LOG00008,Idle 35,82.5,83.0,46.775936883629186,2.738895971727535,19.79159345670481,23.251676528599607,98.0,3.407611154994893,11.304852071005916,18057.671174978866,15200.0,0.0,0.0,2.945792406128027,2.93681355373831,1.3173645617305858,3.580939988190187,3.5916552255018255,1.542722617715148,2.0365588221678523,2.179593486113199,0.7619648160468367,0.3810673239056481,0.5758848843757101,0.35555408421514945,3.2492428542429064,3.2378455251001257,8.340180130167893,1.6344956781319357,3.2975705845183327,7.503845168158276,8.985633942967072,2.941306406124886,5.288776292270122,82.500609,0.0,5.4954474301888245,0.44843223650220587,2.602455367697259,17119.38574246267,18523.35869258946,16958.157227387994,19629.783037475347,LOG00006,Idle 35,30.5,31.0,46.34773175542407,1.886391048120058,23.41907862974681,22.660552268244572,67.0,3.3585634537666076,10.923293885601577,17652.148492533102,12214.285714285714,0.0,0.0,6.765953852477373,11.891590726321256,2.316251586634753,7.347683950974361,11.918494962443535,2.2960153011261446,1.9171935221404628,0.7433272571567385,0.8346398854698197,0.7316355333352671,0.760625035978391,0.5335725793589555,2.608534219462385,3.017674225881994,4.476819600208788,3.8525334979269514,4.762783006220527,20.501407081166217,29.69121161787235,9.674400796333149,19.279513785461535,30.644343,0.6232741617357002,3.461826215572368,0.682773924624073,4.331634582752354,18238.010707241472,17086.024232178082,17066.97661313046,18217.582417582416
LOG00008,Idle 35,85.5,86.0,22.20375494071146,7.290513472378614,16.654381688184024,23.458241106719367,43.0,1.773511036427963,3.806501976284585,9556.655844155845,4185.714285714285,0.0,0.0,3.531695646833468,3.0565873335498286,1.1819770172213722,3.702274948644297,3.038267623985838,1.2168616987911336,2.3810785214896755,1.2978534277789033,0.5563621088445712,0.6681810419150735,0.6121267250277809,0.46444324389901454,4.736443747218377,4.29319255336543,4.3840643272724735,3.4195630409714513,3.5410047193002065,8.533357007542918,9.091758853565322,3.302695888927689,11.27984635870432,85.999053,0.03162055335968379,4.475318301398589,0.587898108822549,3.480813540918577,7705.477131564088,11409.627329192548,8211.095426312819,10900.423489553923,LOG00006,Idle 35,7.5,8.0,20.278458498023713,8.091042624180231,24.734686749654227,23.064031620553358,87.0,1.6753391491877176,3.1115415019762844,8624.308300395256,4228.571428571428,0.0,0.0,2.97387671689581,2.345925225491532,0.7392632294390139,3.514813403335364,2.267083820168348,1.2312863184503438,2.5622935676633922,1.6455369947729903,1.1796149064297208,0.3020802245354994,0.5235848547097718,0.28457365820783526,2.525402360514009,3.7465086227799724,2.29338145110587,1.2082311786534847,3.1407538085280113,7.45049538104178,10.907715657715194,2.6783677763604934,3.8460744121776034,7.516606,0.0,2.925382164397835,0.38573554372681296,2.379512246958775,7345.652173913043,9449.068322981368,8618.435911914172,9084.076792772443
LOG00008,Idle 35,92.0,92.5,34.22899408284023,4.78065294472149,36.13203309645354,23.364773175542403,119.0,2.5354546369866373,6.259368836291913,14364.095519864752,7142.857142857143,0.0,0.0,2.7245125567594575,2.362291396068658,1.1702793758174355,3.8111741632375775,2.368034998263066,1.640532874716206,2.737559366722845,1.314367439424457,1.3013156424578765,0.6978369614855775,0.7443420830350639,0.5251477698674876,5.183890336057474,8.851884829746952,8.90115783929349,3.766003402515134,4.168060029059832,8.325005700965288,8.32382100091219,2.5498420845103307,3.5338366332935407,92.499789,0.0,7.841326310758708,0.6625208780582433,3.972121979093909,9906.48069878839,15440.772048464356,16047.957171034093,16061.17216117216,LOG00006,Idle 35,19.0,19.5,37.19368836291913,2.1629294742944984,45.87715971566747,22.69319526627219,152.0,2.5986103342167137,6.750276134122287,15003.071287686673,9528.57142857143,0.0,0.0,1.7783631609646777,1.5526225407764243,1.0675315272526211,1.9401739052041147,1.4756919234733816,1.3359228514740815,1.2721969223814074,0.5522227249469849,1.4610390913424323,0.4244882352329631,0.5249254040501895,0.32237958387960325,3.565433831210198,3.848063893492555,5.697226388213017,2.1906971259675623,2.9153388324858502,6.441360435525637,5.842947838867959,1.6693130752503138,2.4636199312786213,19.398348,0.0,4.471327269454042,0.431920339017446,2.5785998532074053,13443.899690053537,16431.36094674556,15140.884756269372,14996.13975767822
LOG00008,Idle 35,95.5,96.0,33.26903353057199,6.055327389639629,49.76466541812762,23.13846153846154,138.0,3.345636530812997,6.1091518737672565,13884.495632572554,9500.0,0.0,0.0,8.535843685908072,6.857377343994239,1.7975688266185075,9.467096122998129,6.60343063567047,1.8838599285547235,2.9978566753682916,2.169288313965442,1.3178208085580125,0.9979952574136197,0.853320788402634,0.5547643539132803,5.619643039494142,5.628972711833666,5.711260497939625,5.610925338641066,5.443358573969419,26.08081810408377,17.349749470989902,7.742230023326037,11.37973078480791,95.759509,0.45956607495069035,5.653441965069557,0.822985295557782,5.527776936554638,12823.020569174416,14343.702451394758,13026.176387714848,15345.083122006201,LOG00006,Idle 35,23.0,23.5,33.68836291913215,6.907386970183708,49.963780186226906,22.722445759368835,97.0,1.7189373261064969,6.747100591715975,13453.26852634545,5057.142857142857,0.0,0.0,2.8116182167648116,1.0714070382562069,1.6946675057904108,3.954181434979218,1.0900841554079266,3.4453129388173127,2.387394009948445,0.6282641412722508,2.863470554272682,0.29334101710146854,0.49578203814990224,0.27653926242709387,2.7523331122852137,4.230805231589545,5.248239924610734,1.0737063433296963,2.781559486472628,9.594747083567817,4.289108264446353,2.1275702148776037,4.594941204453743,23.112229,0.0,4.203929620997682,0.36892761048292216,2.108307198736975,12792.78670047901,14464.58157227388,12481.93857424627,14073.767258382642
LOG00008,Idle 35,103.0,103.5,35.45632411067194,19.245180330006733,75.57065487326534,22.639288537549408,125.0,7.144956814880348,6.202509881422925,14853.832580463015,6571.428571428572,0.0,0.0,5.034097837043213,5.487934639115268,1.2398665663233774,5.4593122375600664,6.936387305487511,1.491201684557159,3.03441497932313,4.878830150776632,1.287288287904244,0.4069472634079098,0.8054954010339209,0.36300297260947273,3.433891086352068,7.913444224742606,4.616905422647577,1.6121828860592424,4.0482442166287775,10.320745446006544,18.20632735428058,5.265907691752882,18.441877425639984,103.000976,0.2015810276679842,5.648894380694122,0.5616048653651122,3.0811860456300466,13295.962732919254,16004.630152456239,14767.193675889328,15347.54376058724,LOG00006,Idle 35,33.5,34.0,34.26114398422091,14.643129167886036,71.45325455610445,22.518954635108482,87.0,3.0905416402191688,6.245542406311636,14183.009298393914,6928.571428571428,0.0,0.0,0.9944610682876195,1.4194681856796034,0.8749014865532044,1.141765924101477,1.556934975746021,1.0010253807919767,0.8266661009051869,0.6458268740306501,0.6810885943171944,0.34253147400852035,0.4405850067925581,0.2943618416410032,3.2009400401324997,4.830172586672766,3.9629527127499324,1.2903711792738124,2.300809861082354,3.4814243610703426,4.536288049740334,1.2255290177095561,2.3454278175991483,33.571613,0.0,4.053047353990188,0.36427638440755894,1.8653128152074503,13527.19075795999,15256.804733727811,12435.362073823611,15512.679628064243
LOG00008,Idle 35,104.5,105.0,21.09250493096647,11.797347971858244,34.96908016667502,23.01027613412229,94.0,2.109904413544036,4.334378698224851,9056.255283178361,3428.5714285714284,0.0,0.0,6.334042174275184,3.270319134132035,1.1221955515910895,6.008707163905277,3.6205435516457536,1.4762652651992803,1.8200024035400684,1.0465443443268725,0.9545605823354432,0.4925787246648496,0.8047614315734953,0.48033073664082176,3.5413299586698943,5.7907309118755785,4.170526455136687,2.580066716774102,4.769734208411589,14.556832782944628,11.448280061686502,5.040589127501209,10.585697572542118,104.956336,0.28994082840236685,4.599524369719086,0.6112807260996064,3.8345213965954894,7227.190757959989,11564.58157227388,7475.8805297266845,9957.368272752889,LOG00006,Idle 35,64.5,65.0,22.35147928994083,13.454080453497243,27.678925048750685,22.389881656804736,76.0,3.048568880739219,4.055285996055226,9787.616229923922,3242.8571428571427,0.0,0.0,2.880030380435538,2.265575147068496,0.6610242134774893,3.0365639351056672,2.290375763297877,0.8493800060985588,2.081578592308989,1.568230405223915,0.4615313925443426,0.5516276736659592,0.7340383527090403,0.39834613986196726,3.1766975600584244,4.425873963029679,3.8012013932410893,2.545070401038786,4.131061672351898,8.470624492322914,8.715421956604098,2.5910814093005747,3.8069009732965973,64.994052,0.0,3.835313970488953,0.5778653363154341,3.4309658907528204,8583.741899126515,10342.321780783319,9498.703860242322,10725.697379543533
LOG00008,Idle 35,106.5,107.0,30.811242603550298,9.93012330986041,55.13279510137515,22.913925049309665,14.0,2.8168900030704416,4.032958579881657,13595.548041701886,6600.0,0.0,0.0,1.1540260214387756,1.231416066311814,0.5131183769145587,0.8760579783547184,1.0176936483146102,0.48405975713923494,0.8670062208573761,0.5166548261431364,0.15506600328108708,0.44979552076711543,0.5973210893833364,0.42740135731696316,4.2522758303116985,5.774714979624133,5.92947968396443,2.0442543929676034,3.317683785766183,3.028138908066855,5.127179384594867,1.1933485631886167,3.1223044535212034,106.999521,0.0,5.372395870109083,0.4972525899247581,2.755540031055907,13594.899971823048,14062.299239222317,12153.141730064805,14571.851225697379,LOG00006,Idle 35,36.5,37.0,34.11086956521739,9.309191579318643,53.06321151402105,22.51100790513834,44.0,2.291743040257162,6.508221343873518,13745.800395256916,8514.285714285714,0.0,0.0,1.8291374509239877,0.887989766002555,0.6190152487300421,1.8469679819997513,0.9796894760849154,0.6184303581245394,1.1817615503886982,0.5064826015155376,0.0026135402949868107,0.3797252600099937,0.48058225997484133,0.25795641372529843,4.55525876923806,4.527167212531077,4.238618751618687,1.541116802056786,2.7078772497949983,5.329090868634725,4.242873588098634,1.437753393127273,2.4500611850867537,36.637999,0.0,4.442653649434844,0.3837065254740921,2.203138692585995,13884.613212874083,14089.299830604179,11816.826651609259,15192.461885940147
LOG00008,Idle 35,107.5,108.0,37.17001972386588,2.43148492377029,58.57894580032093,22.908382642998028,45.0,1.5788546848701053,7.019408284023669,15117.765567765568,11800.0,0.0,0.0,2.600736225043187,1.9557079714843348,0.9958571202023989,3.1702044974036254,2.186859337527729,1.0804991255144978,2.235037595162723,1.7113739881215895,0.9377770958205157,0.41804209839597495,0.6435578857255777,0.3420390774010123,3.5214429934006084,5.823915390349646,6.692817988030265,1.993879895512049,4.052492380037133,5.204117623256261,6.210952977090487,2.3009370462899743,4.173427791680482,107.604292,0.0,5.510969783096958,0.48508304401762736,3.1936070146455227,14652.07100591716,15962.806424344884,13823.386869540716,16032.79797125951,LOG00006,Idle 35,42.0,42.5,34.64299802761341,3.8618762348436997,58.14428369371001,22.5192899408284,40.0,1.9016643462416287,5.67240631163708,14179.635108481263,10985.714285714286,0.0,0.0,1.0747324700197125,1.0024017711261122,0.5628250036649041,1.182917925988041,1.073036167381845,0.5628370369696896,0.3627740128005614,0.46686260612021907,0.0001007074947708,0.325406387572065,0.3781708546258049,0.24483014827773522,3.894306419401664,3.767863181009838,5.324017598174387,1.2738065327379768,1.7984406767830021,3.3682588458816465,5.760335022034305,1.0391966110586195,1.6266686249405609,42.087045,0.0,4.385870450460705,0.32085527052281715,1.5583600275215044,13911.947027331644,14649.73231896309,12676.472245703013,15480.388841927304
LOG00008,Idle 35,108.0,108.5,39.50256916996048,2.362899446574617,66.50821316049391,22.977114624505933,84.0,1.9855788176355758,8.017450592885377,15738.474025974027,12428.57142857143,0.0,0.0,1.7533950244710463,1.3636838988957674,1.0214539133467064,2.2186473451714543,1.449980172813971,1.5389116281639745,1.5270659711651662,0.8677682394604809,1.6878388409898504,0.38109011442600926,0.44462533933065623,0.3089484288888579,3.559461309834829,4.7045873705095955,7.062426083685482,1.7184204052744758,2.497583082233191,4.798921156757496,5.303813230366308,1.5706730862829765,2.8477138401428395,108.46656,0.0,5.312901571661527,0.38226103620476576,2.1436988993234496,14218.915866741954,17376.08695652174,15427.131564088084,15931.761716544326,LOG00006,Idle 35,33.0,33.5,41.55502958579882,6.415844949750814,63.312032434167484,22.683767258382648,100.0,2.726472476030499,9.101420118343196,15959.48154409693,11942.857142857143,0.0,0.0,3.030775997430189,1.7358893411717127,0.9635238840163687,3.263616578066341,1.8538616688372354,1.1429189034960017,1.7037082856424526,1.1112504006792856,1.0247944333196775,0.3545057535621432,0.45273815690174407,0.27365316923570737,2.3429561887320007,2.927762338799605,5.756706617769785,1.3440038870676467,2.397278460528061,10.964709392911693,6.652252662311821,2.4697079737686116,5.179895456018478,33.377248,0.0,3.966564722690797,0.36766480434230586,1.9433592650054101,16072.386587771203,16412.876866723018,13884.446322907861,17468.21639898563
LOG00008,Idle 35,108.5,109.0,35.38323471400395,2.4756197777849147,65.79201927519772,22.846272189349108,90.0,2.159539298446978,6.764930966469428,14361.644125105662,8514.285714285714,0.0,0.0,2.8546045068500767,2.047193527496177,1.5383751468255322,3.7154137817193766,2.117926248021494,2.1183920056819705,2.7044658899650704,1.4828538147612496,2.4452116547251475,0.518721777175098,0.5490186718645557,0.44969988168342456,5.815736841272632,5.98177760492573,9.997106774302903,2.8092505767867526,3.111575937076901,7.213427103117637,6.912384906004395,2.4839251427479665,3.5649537274526693,108.606654,0.0,7.517681428440106,0.5075180679075044,2.964270029482191,10541.448295294449,16626.542688081146,16673.51366582136,13605.071851225697,LOG00006,Idle 35,37.5,38.0,32.92445759368836,2.523700957005614,63.41624164758769,22.54560157790927,42.0,1.483425840786426,5.6577120315581855,13588.539025077485,10900.0,0.0,0.0,1.880867781257403,1.3314717263266058,0.5900876658683449,2.322182380015923,1.670107248416728,0.6170612857788084,1.4474627670319131,1.0005885968482953,0.356648992909821,0.30365292943214656,0.33934528566644306,0.24749203325234234,5.4477059243115615,3.5325879254536336,4.975908224852635,1.1193235852419832,1.6536742104938067,4.807128172030304,6.657291237975017,1.6294908052178905,2.564255172873358,37.791355,0.0,4.722864242208539,0.2992282467616444,1.412006317785313,12948.492533107916,14379.853479853478,12372.471118624964,14653.338968723585
LOG00008,Idle 35,109.0,109.5,30.838264299802763,0.987773054235746,53.36322034457834,22.976429980276134,89.0,2.0807710021917383,5.448007889546351,12785.967878275571,7714.285714285715,0.0,0.0,3.5399545001178137,2.9744223484107706,1.4586688909832926,4.227730806607625,2.950133657291605,1.6504042495085998,2.1365543708237875,0.8785165569615946,1.6500128821933364,0.469625692299952,0.6640285064633172,0.5583522253909852,3.7537620804345586,9.352586791016067,17.634438350748113,2.2636250681460917,3.78581857618604,9.06822703825599,8.506291904959916,3.269439261527105,4.8754975916023735,109.354472,0.0,11.726537218155135,0.5695727509467597,3.1190079144605147,8159.6787827557055,14688.44744998591,15195.970695970698,13099.77458438997,LOG00006,Idle 35,37.0,37.5,31.33609467455621,4.944295114214063,59.78092920512322,22.648836291913213,75.0,1.5946651150229145,4.96861932938856,12932.755705832631,8728.57142857143,0.0,0.0,1.4819532880584159,1.2987743976084831,0.639149758315624,1.7855178633184174,1.3675449460045441,1.0470695554146139,1.487237471875772,0.6934705561875464,0.8791501580911908,0.38738118144584366,0.4073965534612562,0.24542620424748338,5.083840734323904,5.447903158362388,4.813419798569925,1.6428741204696862,2.1851889935464257,8.17607034171928,4.42536172871555,1.3933772791082868,1.8498219426248856,37.100723,0.0,5.121656489591716,0.35415164042248676,1.9331433357650287,12783.262890955199,13402.085094392787,11246.745562130178,14298.929275852353
LOG00008,Idle 35,109.5,110.0,34.717751479289944,1.4830536735373017,38.562672079619325,22.99412228796844,84.0,2.1820087173560507,6.503510848126232,14026.429980276134,6471.428571428572,0.0,0.0,3.9314596503429007,2.8617071153646494,1.3300063215766262,4.330486758373407,2.92736264256488,1.4315025549134883,2.024052061157258,1.022999801871307,0.8078063018170829,0.5099529856426097,0.7709594452486564,0.5543101550415159,2.8653197981873384,6.126299264364587,9.740667800639315,2.666556653348738,4.323252856045271,10.999641378410885,9.594747083567817,3.438440242057652,4.732437131217315,109.562636,0.0,6.8464640368794285,0.6222781429998638,3.5917293636089855,7785.319808396731,16134.375880529728,15563.34178641871,16622.68244575937,LOG00006,Idle 35,63.5,64.0,38.47120315581854,1.2296305358056543,45.3316781204258,22.319230769230767,109.0,2.4897833441883903,7.614319526627219,15005.95238095238,8300.0,0.0,0.0,4.210732342034893,4.691124437522523,1.242189171524766,4.5731154095303905,4.700793574948422,1.3867452588949831,1.4853951737974442,1.0830971143589792,0.5512938367397512,0.5133149549830542,0.7238301671562161,0.35914349202677054,2.282599049241866,5.058105828325399,4.549305088382606,2.636673597663857,4.4441695246228266,12.224639650953346,13.835465960465346,4.45740481359836,7.130947880742384,63.92951,0.0,4.142900343854256,0.5526923199996643,3.653949262387475,9919.892927585235,16260.298675683292,16103.522118906734,17740.095801634263
LOG00008,Idle 35,110.0,110.5,29.960552268244577,6.233806009781151,28.64058869063034,23.052248520710062,46.0,2.150552769506427,4.935936883629191,12798.175542406312,7471.428571428572,0.0,0.0,2.3554772695526878,1.311647538337456,0.8666291069261934,2.3786657381467338,1.4729730267447652,0.8348702145439707,1.3509764595836369,1.027858032218306,0.7580024241967552,0.35174718073166006,0.5719672500777093,0.3335270784817821,4.150134897118045,7.504650804363975,6.85377054523203,1.536446869231725,3.243869792265327,5.175804733093056,5.77247771877958,1.906396133048703,3.349177496664395,110.000667,0.0,6.338179918725567,0.4328636915530186,2.5380465136737995,9619.357565511411,13358.861651169342,13762.440123978584,14452.042828965907,LOG00006,Idle 35,40.0,40.5,32.77692307692308,5.411701107391247,26.51266835593105,22.62542406311637,53.0,2.3869647759282535,5.006449704142012,13626.451112989573,10800.0,0.0,0.0,1.7407681019460104,1.0750776060428273,0.4359711705293019,2.8273603964826495,1.2391758278613778,0.7027292252412941,2.195010001583064,0.8405076888753112,0.5893569475336926,0.29089596680835134,0.3327515472315965,0.23477927323069167,4.241221565930753,6.10696116742825,4.952590093727181,1.0535384187810506,1.5824427322434573,7.861222332948441,4.525840774265478,1.446731738050889,2.7480577147029024,40.128622,0.0,5.157876943997965,0.28894368703325723,1.3442596848596282,12750.77486615948,14209.721048182586,12806.283460129614,14739.025077486614
LOG00008,Idle 35,110.5,111.0,27.20335968379447,3.7566710855930845,28.985648965683282,23.073952569169958,56.0,1.5846036366076366,4.3200790513833995,11601.983342744212,7514.285714285715,0.0,0.0,1.0848435297677976,1.5835070921826178,0.5954060531365742,1.4830175556726395,1.4908186140421367,0.6125051868994035,0.9501442997287236,1.1598697772900917,0.42791777407063203,0.31550421843906257,0.5344347546107385,0.27584096984533946,4.604911482326802,9.21538705000377,4.8184352925718485,1.287863071479486,3.101688832036026,4.277896125073282,5.959348453656227,1.3572730372094821,2.196397244013805,110.507759,0.0,6.566223849117146,0.3921103838775936,2.374769978509243,9456.43704121965,11992.828910220214,12236.222473178994,12722.444946357991,LOG00006,Idle 35,40.5,41.0,25.668441814595663,4.424161532354571,34.53914420622504,22.697455621301778,56.0,1.0158955140415913,3.2412228796844187,11194.51958298112,6400.0,0.0,0.0,1.5074089579611236,0.7126548977066385,0.5972673370856832,1.8462803110629198,0.7166551415648468,0.6701281552098285,1.4365475301646762,0.42175313372866763,0.6527991645060376,0.34694920302852666,0.3994256427367317,0.2622706287024892,4.018002250382928,5.606936908406597,3.1287708347387406,1.4510386627050886,1.937221978849276,5.91957938694492,3.3201910546011133,1.179016278464106,2.316045551849517,40.913963,0.0,4.373072547429558,0.3409303331756503,1.7114821348763296,10830.290222597916,11695.20991828684,10099.915469146237,12152.662721893492
LOG00008,Idle 35,111.0,111.5,29.12386587771203,0.6178815096120632,36.81871778411672,23.099072978303745,56.0,1.525560435515512,4.511203155818541,12424.753451676528,11042.857142857143,0.0,0.0,1.262283147516677,1.261960564490802,0.7738698148702918,1.4069585818798942,1.206001247535941,1.251240902758409,1.0638006107310618,0.7565451650121054,1.2151479016206381,0.31443808176634025,0.37045019117126116,0.28799949977703343,8.609990631685195,10.236702310595993,6.754883289591297,1.1835098452722055,1.8585774723947328,3.7919253981126886,4.1502833723742185,1.2621218663097773,1.5909733865369264,111.441046,0.0,8.651598332667936,0.3261126407013079,1.5580445716906546,11565.82135812905,12888.64468864469,12267.202028740492,12977.345731191885,LOG00006,Idle 35,61.5,62.0,29.15680473372781,3.070507421547196,44.94824778888971,22.425108481262324,26.0,1.491614186661952,4.51250493096647,12014.342068188223,9400.0,0.0,0.0,0.8029446229826126,0.8022985710287652,0.5853894458929699,0.8663831195124553,0.7166320014826791,0.75619425740119,0.4984126814622138,0.31753086295838717,0.6994769697490332,0.258316727725159,0.3275875488083618,0.22907528103493285,5.325329186366812,5.09156098809622,3.221413560302799,0.9096989829463155,1.7167162470676154,2.403153746432817,2.888117532179814,0.8026216620087848,1.1193616885937645,61.527119,0.0,4.642579368022919,0.274782713149947,1.3738025535933978,11793.040293040292,12314.370245139477,11233.671456748381,12716.286277824742
LOG00008,Idle 35,111.5,112.0,37.70216962524655,4.039344863936126,44.02279526645066,22.957988165680472,44.0,2.5085917180283883,7.893136094674556,14992.561284868976,11900.0,0.0,0.0,0.9276641259839842,1.4446204856723865,0.7000965755885693,1.0426622334109945,1.5918985981376923,0.9192666934717456,0.33988523189378905,0.906068184668858,0.7470880808020258,0.3917041114217411,0.47405579268499154,0.2915809807751366,5.7664357418368155,7.186915923242204,6.469634193814596,1.817990469529664,2.526145085817039,3.1722415372743415,4.697139168771634,1.213978805058381,1.9606075712569782,111.981686,0.0,6.500248924829995,0.3929293718692466,2.200738324051528,14289.292758523527,15620.991828684137,14698.47844463229,15361.482107635953,LOG00006,Idle 35,41.5,42.0,42.68737672583826,2.79387157274292,47.61560162371814,22.429763313609467,35.0,2.158030231161551,8.875877712031558,16363.306565229643,12285.714285714286,0.0,0.0,1.214802278649754,1.5049998615170443,0.8018182189894965,1.1831470968610471,1.5659968884020359,0.8018142284894532,0.4034240047861409,0.4247085948389497,2.2187427137930938e-05,0.37080016198936205,0.49967327069556006,0.25856483460191754,2.5820475443314614,2.842418598563158,5.260102268789833,1.6521110993731725,2.94299374064721,3.171619712013585,5.5677643628300215,1.3676200421496747,2.0621684096774193,41.676615,0.0,3.760097023959792,0.38902523965746855,2.38649148774521,16430.938292476756,16573.992673992678,14728.768667230206,17719.526627218936
LOG00008,Idle 35,114.0,114.5,21.26213017751479,17.09193454896349,23.08075520769777,23.21923076923077,64.0,2.2643043088815613,5.340808678500986,9795.104254719638,3442.8571428571427,0.0,0.0,6.87733504967828,6.043205088757563,1.4795105782190716,6.878114977648644,5.941991489548704,1.8516965002955268,0.2928465610116401,0.9846464397634533,1.6290757745902809,0.6790485725002717,0.8345414478551589,0.5082754697531291,2.7846486499894696,4.451228664899345,5.543652545322955,3.780494784178258,5.296721331252812,17.58714565549772,15.664568242529127,6.473718604106864,12.397385556258497,114.421471,0.33925049309664695,4.408317452058681,0.6870008115365429,4.601488763115021,7952.719075796,10832.826148210765,9603.212172442942,10791.659622428855,LOG00006,Idle 35,13.5,14.0,23.98481262327416,15.32177248703221,32.331417453048644,22.844240631163707,55.0,2.793957515237901,5.456646942800789,10100.0,3457.1428571428573,0.0,0.0,3.0018910427802457,1.746702147997276,0.8501819065315842,3.6014711160501918,1.738280307551186,0.850181707413604,1.8923839338274586,0.5698575665013921,2.113378020333003e-06,0.5415726301932438,0.7160010793216977,0.39247549342172483,3.0170143445045134,3.921595442793965,4.779693938449213,2.5627664016849923,4.140547490949331,9.99891512852942,5.889682751993706,2.455841833928089,4.391571021308511,13.775005,0.0,3.9718492971216217,0.565684090961522,3.443247388324882,8605.015497323187,11139.447731755425,10233.474218089603,10422.062552831783
LOG00008,Idle 35,115.0,115.5,36.35424063116371,6.7269803816067935,25.565995735627887,22.98205128205128,27.0,3.0439423752918335,6.452169625246548,15034.347703578473,9314.285714285714,0.0,0.0,1.7697412511765278,1.333400132582315,0.9169014928033857,1.891682587082219,1.3770871505663764,0.8628292871041743,1.3987031731747595,0.5151326326770401,0.560780090970535,0.37964638145712465,0.4446483434038421,0.27704124833818267,4.103408919631222,5.331991396232964,6.1502461085611255,1.7285153144688883,2.3619478462432597,4.227737841728439,4.517552880008007,1.5668343897308354,2.8130188703870203,115.499798,0.0,5.2628770397658196,0.3735395461108272,2.0696089993917512,13813.863060016905,15881.600450831218,14778.33192448577,15663.595378979995,LOG00006,Idle 35,39.5,40.0,39.83333333333333,5.2616109356731995,22.186950829233925,22.459763313609468,73.0,2.4268923071696786,8.299250493096647,15261.77796562412,6828.571428571428,0.0,0.0,2.015871272892016,1.914514339542923,1.2438146944591235,2.707805369735992,2.1267964931900147,1.2761346296098022,1.531856548406911,0.9443036155462996,1.0667620033762206,0.48844265090212874,0.7119993150914695,0.2990358426339616,2.8525816657855376,4.001128678273048,4.9910292354848425,2.3806306927843863,4.202069719165599,6.711437439545344,8.043398067078568,1.9658461467249604,2.7881742720703198,39.600792,0.0,4.043786414139567,0.5275546363777008,3.4150250672693105,13094.25190194421,15727.021696252465,15021.752606367992,17204.085657931813
LOG00008,Idle 35,116.0,116.5,40.44367588932806,1.980979098184125,41.28299642813242,22.814802371541504,138.0,2.7461227046476497,8.666956521739131,15851.079898362506,10957.142857142857,0.0,0.0,2.1086058937337038,1.300400062204805,1.090982327306853,2.1543183394888517,1.3582411297276251,1.505149458658433,1.321978813235576,0.6453179266375738,1.3313949984671372,0.514515151875241,0.6474548889578614,0.4032666223721762,6.467138989303681,6.2868266245215345,8.53300854188237,2.628834716732825,3.769519355941489,5.305675982234356,5.822642188503083,1.751750429837363,2.795110081647837,116.412384,0.0,7.168456609563927,0.5312085728048516,3.2496190655765567,11826.171654432525,17644.55110107284,17534.95200451722,16398.644833427443,LOG00006,Idle 35,91.5,92.0,38.55474308300395,2.3617478691077003,31.544811477740005,22.123695652173915,115.0,2.128084356561259,7.621007905138339,14865.577357425183,11428.57142857143,0.0,0.0,1.1418748747459455,1.5358863086302512,1.124609985831937,1.1100402125401296,1.521557837209442,1.0662386298820505,0.3097759515073449,0.3122494557821871,1.2334472301523733,0.3619396748823128,0.4858291067052267,0.29760538487851657,2.9600267622885448,3.3573891477635343,5.9673022868222185,1.5397657428673361,2.8420548879297005,3.8029528780784774,6.716153614055364,1.3532968969546049,1.8837963691488249,91.915195,0.0,4.306681510757381,0.38970040385087396,2.2856240426755337,15633.145115753812,14391.812535290795,12761.518915866742,16675.832862789386
LOG00008,Idle 35,116.5,117.0,37.7723865877712,2.5224097821195786,33.95933780475919,22.979881656804732,135.0,2.8738809563863468,7.634457593688362,15180.705832628912,7971.428571428572,0.0,0.0,3.599998985120636,2.647126513551171,1.195095575744176,5.102880668451807,2.7290176404726787,1.184646955819107,2.977147234404529,1.1818914319407343,0.8534465439189634,0.49086204134957434,0.5595440078264061,0.5301981103031868,3.5757631159770225,5.558740777790199,12.249732336132515,2.328162553088527,3.246766127744776,10.522447124653288,8.969815699799128,3.1596891834178242,4.546469348979645,116.734006,0.0,8.036201905608971,0.5276188891303327,2.8250514297862344,9017.187940264863,16714.25753733446,17171.85122569738,17819.526627218936,LOG00006,Idle 35,89.0,89.5,38.08596837944664,2.248526252304058,38.585900683526035,22.309664031620553,99.0,2.424780155323571,7.026422924901185,15039.186900056464,10271.42857142857,0.0,0.0,1.4904670601829302,1.557518934776475,0.7683661596153207,1.5588562289053771,1.507543512248762,0.7375411398822226,0.7178352584156261,0.3999105802071171,0.3598694906380057,0.42476966786905407,0.4239408306786814,0.292271879948408,5.859943895813846,4.334167921528359,4.182396130746918,2.0129861694114286,2.3424637395221337,4.38984635131371,5.0334847153286,1.5243617171914274,1.9093747409271025,89.357005,0.0,4.851679826911439,0.38539068941646454,2.183947079168554,11536.674195369846,15838.8198757764,15254.319593450029,17526.933935629586
LOG00008,Idle 35,117.0,117.5,33.55246548323471,1.0427588371231082,22.502045703734566,22.858836291913217,70.0,1.8499218718037673,5.84258382642998,13806.424344885883,8342.857142857143,0.0,0.0,1.6253514148650618,1.5118483751789553,0.9565470317879262,1.712481419428035,1.481946494907012,0.8747044482930969,1.0920873041973571,0.6190134622019584,0.9526295374361269,0.3164346634220079,0.5877849976132586,0.42133187352169765,2.165290266363967,6.430853373693388,8.424178317076853,1.3286927250510623,3.39731505270672,4.867474467555808,6.416202370558503,1.5696261866022598,2.582234207742609,117.024056,0.0,6.2452952257269105,0.4557567506464831,2.579454780079629,10006.227106227107,14613.299520991828,14790.363482671175,15815.807269653424,LOG00006,Idle 35,18.5,19.0,33.535108481262334,3.6492292204545325,24.626407091048232,22.74171597633136,63.0,2.5470316084003892,6.086252465483235,13572.041420118343,11371.42857142857,0.0,0.0,0.9593719098960491,1.2730871105203894,0.5034164196551002,0.9068198836579975,1.290805355177713,0.5256121032763398,0.42502202746380446,0.44703653794860104,0.21919641915025276,0.3165006519786799,0.3981345321928683,0.26176968247787175,4.7955349531236395,5.321691250484507,5.153383243738842,1.3614804415870283,2.07761174538925,3.39828242961064,4.755770915632121,1.1271968001353505,1.6924586657067113,18.92375,0.0,5.094929247430306,0.3302560295144408,1.7564309774943305,13816.624401239786,13430.881938574246,12358.241758241757,14682.417582417584
LOG00008,Idle 35,121.0,121.5,37.91264822134388,0.9696776810391857,22.060711527294128,22.805276679841896,38.0,1.9194019191770906,7.376284584980237,15141.14201016375,12242.857142857143,0.0,0.0,1.849118017782268,1.4976245188912418,1.0027303719940415,1.830640576812012,1.3632127209073075,1.0160711032675374,1.4810852141494641,0.8058243807979065,0.9019925873814529,0.3632634357835786,0.43829011095112796,0.2821314864958698,2.8113556713207695,5.3567148426599305,6.62894470320239,1.682518555303121,2.4109044196510316,4.532927401805541,4.835025372811525,1.6825749081796102,4.553601329316981,121.040417,0.0,5.181409798319234,0.3668136315202456,2.0788613240945377,14534.556747600227,15672.416713721062,14517.363071710899,15840.231507622811,LOG00006,Idle 35,51.0,51.5,42.08675889328064,4.1317868553153705,27.792323319701108,22.458833992094863,28.0,2.4610017313976313,8.807490118577075,16049.809429700734,11400.0,0.0,0.0,1.0599674119658606,1.4616990487198014,0.7191833422871563,1.10867028863509,1.5385095287863173,0.7191833422871375,0.1949887388073179,0.6466533264243189,3.869928588249052e-13,0.3850665076506607,0.48241734298371064,0.25594272395438117,2.815795798217212,2.9853502219894437,5.504025745854148,1.7739917981563968,2.711408454955609,3.2048012400369377,5.431936013407645,1.2767331403738948,1.843110585960783,51.403501,0.0,3.9638079896405776,0.3857932892413277,2.291155026349257,15580.801806888763,16530.49124788255,14942.518351214003,17145.426312817617
LOG00008,Idle 35,121.5,122.0,42.83392504930967,6.818963071835264,47.33118864151123,22.71272189349112,31.0,2.569374446660054,9.29457593688363,16832.093547478165,10228.57142857143,0.0,0.0,1.373061705543498,2.0015666116325814,0.7627740358392099,1.4781598681356698,2.3147964342771705,0.9126144101569814,0.643349721213038,1.1963082687338087,0.7060940857590717,0.3503814549452927,0.47432318958639985,0.3211469997168306,2.7024602903343866,4.482034706651774,6.899378707737138,1.4338614405661043,2.491332939795556,3.528413828055297,6.216190605268281,1.7163285448934813,2.8983301359116136,121.958931,0.0,4.999778437932422,0.38767901137243155,2.0325720710042074,16698.9010989011,17406.198929275855,15311.383488306567,17911.890673429134,LOG00006,Idle 35,56.0,56.5,43.70414201183432,2.2653383834798184,41.004326309605,22.329704142011835,46.0,2.319173154238163,9.322051282051284,16626.591997745843,13271.42857142857,0.0,0.0,2.351392349668047,1.6363752634200635,0.762263383859945,3.6926944505341197,1.657954854015186,0.7502311622187567,2.241894808167932,0.33356188504694123,0.19255484644348042,0.3559303534233705,0.5215883028676026,0.27563834609671267,2.1271793118781,2.1601832501750122,6.002852465915403,1.5935727811461233,2.9339424877244094,8.756738740694567,5.85912865195481,2.025681364974572,3.4105406247337915,56.159939,0.0,3.8826761057620005,0.3977927735288489,2.360878303734046,16068.977176669485,17178.050154973233,15538.207945900254,17721.13271344041
LOG00008,Idle 35,122.0,122.5,29.582051282051278,9.866436107973097,61.335787971807655,22.86733727810651,27.0,2.6335890442594834,4.951222879684417,12153.634826711748,8242.857142857143,0.0,0.0,1.295953177034088,1.1443333093979753,0.8449954572212889,1.0523727036285273,1.3635925423339583,0.9660223502643214,1.0256382813930818,0.6477319321627683,0.6071556386959586,0.3321430667381996,0.6357319356847762,0.393296048085735,5.415404914755654,8.536774680723347,5.1235917234135355,1.3864312217470687,3.656624584877574,2.9499440037476217,5.369943380820229,1.2224960858960792,2.588426511840946,122.000368,0.0,6.543554703890707,0.472283774960078,2.7652391295660266,11570.89320935475,13137.61622992392,10496.13975767822,13409.89010989011,LOG00006,Idle 35,28.0,28.5,28.577909270216963,9.265038160633816,60.55487978769238,22.48329388560158,32.0,1.5648592113506177,4.192149901380671,12317.744435052127,5700.0,0.0,0.0,1.7408107819647747,1.3298600486948002,0.572744938212394,1.9952518913712751,1.196980178217524,0.6580616407533063,1.3628341612215833,0.4911332561699104,0.46392699910850815,0.4150202922822733,0.3994417104578133,0.277761238691369,3.446317111114708,3.6528212152963815,4.498533473321706,1.9876735520005016,2.1194678469448727,5.59603268879332,3.9881481220971446,1.5490238745286253,2.3273263912139845,28.439166,0.0,3.892600153790832,0.36920943865638595,2.054627716102777,11392.533107917723,13124.767540152156,11255.395886165117,13498.281205973515
LOG00008,Idle 35,122.5,123.0,41.296252465483235,7.877797287186112,69.4460944291526,22.820848126232747,86.0,2.8129167883723265,8.87767258382643,16415.588898281207,11485.714285714286,0.0,0.0,1.5090233550652752,2.0794244751611295,0.7939026986783059,1.6712419630589512,2.1128319151529875,0.889582641825651,1.161640930466433,0.8442888741660195,0.7762207455663421,0.34200615994456707,0.4859190709871093,0.3139900911796888,3.216386308631235,4.8237747054148405,6.174167280562463,1.4570496337680707,2.6097156011745635,4.644141184038025,6.419429334318101,1.8167495196134775,2.480203017402469,122.530166,0.0,4.889931318649188,0.38801861396417286,2.113481624509376,15026.599041983658,18023.696816004507,15643.927867004792,16968.131868131866,LOG00006,Idle 35,76.0,76.5,41.794871794871796,8.785516441581517,68.99966339235507,22.14901380670611,90.0,3.0270612424887586,9.284911242603549,15728.113553113551,9757.142857142857,0.0,0.0,1.3810170896731033,1.6373785252214847,1.0258218431703305,1.641992441718711,1.636574481256711,1.2295842811390791,0.7707150340981141,0.41353728589758626,1.2075019214720757,0.4232162165997627,0.509965942590009,0.32530366003130523,3.748872100832751,4.432062799978531,4.497230609118324,1.8776697837695588,2.715902512135569,5.006307658425387,5.437832263307308,1.5146314133850602,2.3730878249145935,76.494953,0.0,4.239587473758364,0.4262236110402209,2.3347130736244144,13193.37841645534,17123.527754296985,16050.126796280641,16545.421245421247
LOG00008,Idle 35,123.5,124.0,41.72134387351779,3.002538282631547,68.50755118198424,22.665434782608695,92.0,3.2851319374518377,9.66794466403162,16116.247882552232,8542.857142857143,0.0,0.0,2.765591407701228,2.3602460942895567,1.163841781970782,2.8944869769418418,2.061049473234649,1.1322780243712527,1.5496160841463282,0.8373345722034262,0.775478556253618,0.5007717550401853,0.9437213193046955,0.44645249586081853,2.551576959783369,5.7919065166218635,6.4789392591654495,2.6327327002887637,5.7745162198279045,7.155113707965307,8.470945460575663,2.5709198217719633,4.307727304815906,123.999184,0.0,5.229193054475981,0.6685063226369107,4.487556074536858,10032.411067193676,18887.549407114624,19537.01298701299,16008.018068887633,LOG00006,Idle 35,80.0,80.5,37.00138067061143,3.354160486778504,77.1297576349944,22.166765285996053,46.0,1.925891803407927,6.559368836291913,14762.094956325725,11371.42857142857,0.0,0.0,1.4346639268335022,1.154961689247506,0.6973328572483248,1.6478887303004022,1.2144481979801005,0.7031936026267804,0.7937299747520289,0.5425987192612917,0.33114580500285706,0.3289962729242861,0.41535110498112904,0.2810400546119361,2.957498339172801,3.7268967824531694,5.631740043796236,1.316105596259124,2.201484598647999,5.014574419379482,5.364614869882984,1.3023434813033723,1.7423780726298133,80.439309,0.0,4.256487283123166,0.34628437268782253,1.8136521687728506,14901.352493660186,15262.355593124823,12299.605522682446,16585.066215835446
LOG00008,Idle 35,124.0,124.5,34.80118343195266,0.6293280752622366,52.65751063996206,22.726666666666667,94.0,2.50233641166933,6.975857988165681,13888.095238095237,6357.142857142857,0.0,0.0,4.115182691252146,2.49177553665778,1.4260107751300457,4.704739946708775,2.532842013534305,1.6509503060354296,2.130833429993801,0.7610119708709576,1.0686553277409165,0.5167906337777708,0.9871444336182359,0.70937672265186,3.5882626280543115,9.776112065865531,14.62373497800889,2.784583176348206,5.467469534764983,10.969295500941811,9.612614985731268,3.401740283110062,5.478248544654383,124.016943,0.0,10.36503128342752,0.7626143688269957,4.338613060621141,7372.499295576218,16857.95998872922,16866.356720202875,14455.564947872637,LOG00006,Idle 35,74.0,74.5,33.08814229249012,2.154959741998507,56.80627035636205,22.30816205533597,110.0,1.9748697986419599,5.54197628458498,13601.185770750988,10014.285714285714,0.0,0.0,7.222295792868809,1.1549717917870355,1.1662716674692293,6.754557404813816,1.1481122219237416,1.3426451946882598,3.753733986984169,0.4544960904902013,0.8289271381172567,0.32622196465272274,0.3621552267813073,0.2927482765660859,2.917227394875819,3.486957923249719,5.746971639544461,1.2804018662938415,1.8971435656643747,16.096423877994734,3.7784493964981496,5.171823486910312,11.199883090621316,74.043242,0.31620553359683795,4.230712085754843,0.3282675392315014,1.6184224800636098,13735.375494071146,13907.029926595143,11582.608695652174,15179.728966685487
LOG00008,Idle 35,124.5,125.0,38.49309664694281,6.946661513984283,36.5909135196927,22.89846153846154,78.0,3.594946023697652,8.490059171597633,14780.621301775149,7114.285714285715,0.0,0.0,4.228681236400033,2.5867126806167873,1.2568284663797484,4.676670629095097,2.4990374051962996,1.2492319650534587,1.9955699382853687,1.1780061835668891,0.762048965062575,0.569166130784911,0.9721651590328031,0.5670375525882808,3.247446829153992,6.939569363260573,9.444218694994184,2.8050741688268865,5.707548510844291,9.815456956569683,8.995615850873644,3.505198103613074,5.7960043305119875,124.551657,0.0,7.021319928488392,0.7281453075944043,4.496918450242385,9062.186531417301,17123.555931248236,17739.81403212173,15196.928712313327,LOG00006,Idle 35,73.0,73.5,39.88560157790927,5.184038028325956,44.731318462421264,22.269783037475342,59.0,2.623194209638454,8.027041420118342,15366.342631727248,11557.142857142857,0.0,0.0,1.3583087343534048,1.4396985954682795,0.8101464952173196,1.930215759535891,1.6187466239806834,0.8393014437260351,1.006358063797803,0.9507245986811969,0.7196445648477998,0.3509849669905494,0.44119539737984614,0.22609723085976882,3.2718567651574517,3.6905630302837626,5.402377296870409,1.4205935913857168,2.432261269654788,5.0613592049934955,6.05758038154637,1.3995954171856388,1.8281240856225387,73.338805,0.0,4.2233865806934565,0.35069634706061265,1.991730533449354,15719.244857706397,15396.252465483234,13847.731755424064,16502.141448295293
LOG00008,Idle 35,126.0,126.5,42.44980237154151,5.122731828220944,76.31821583283306,22.646719367588933,67.0,2.168305681869901,8.154031620553361,16790.266798418972,13871.42857142857,0.0,0.0,2.424519709647166,1.944373094755283,0.745719874680451,2.9797709471544116,2.0221792263432716,0.7124030644126516,1.6383133360446154,1.0836194111298643,0.1333955505833793,0.3129729645535046,0.4567160661780606,0.30369047489395945,2.399077679951813,3.889218982772282,7.311125995791098,1.3544313068732643,2.4303577880449057,4.611808181565807,6.281757262764966,2.1975989800320503,4.215158826409691,126.445865,0.0,4.977755897883157,0.36458631634035604,1.9673742835247368,16440.372670807454,17602.795031055903,15281.225296442688,17836.674195369844,LOG00006,Idle 35,15.0,15.5,41.379487179487185,0.6095665137195934,77.2435781483621,22.68459566074951,48.0,2.315092231939997,8.372859960552269,16160.848126232742,14485.714285714286,0.0,0.0,1.9337428673786639,1.2211818238490297,0.7169843896928073,2.0828267082779797,1.2582462322926296,0.7169843896919876,0.8292817816940358,0.736574081478138,7.6786690702264e-12,0.3636813417101027,0.45206669427549984,0.23978216750799805,2.1223777870095377,2.3104297124581574,6.481492458005221,1.6363286165058557,2.425995198163278,4.522352985847037,5.128717923079487,1.6171961111808757,2.477273666647815,15.499863,0.0,4.157415760228124,0.3624563892093651,2.06918148584256,15402.423217807833,16875.598760214143,15276.923076923076,17088.44744998591
LOG00008,Idle 35,128.0,128.5,31.56627218934911,10.243284542268725,23.6489502548794,22.704437869822485,49.0,2.642921216843431,5.713076923076923,13108.41081994928,5228.571428571428,0.0,0.0,6.588150839780306,7.753966634880228,1.1818100574429637,6.274336502211631,8.13852374125118,1.151834556756695,2.2299472785746803,1.5760271925522997,0.14600236088019466,0.7097545424876148,0.9112863509364398,0.5702101871270036,4.634153485055998,6.639580335342508,5.620587874385888,3.6946639748924874,5.328548928478257,13.982589907196038,17.42688303930118,7.194710906719385,16.493226512307658,128.002721,0.3609467455621302,5.690647696182957,0.7437145468274478,4.584974131364055,11620.540997464073,15947.421808960271,11287.996618765848,13577.683854606932,LOG00006,Idle 35,61.0,61.5,35.73668639053255,9.306579466545823,32.07109847519108,22.33903353057199,36.0,3.0954743020961657,7.060236686390532,13958.10087348549,8271.42857142857,0.0,0.0,1.3234633855823317,1.3690163123024666,0.5771533151431718,1.2703195381253338,1.4755450197405227,0.5771353516036861,0.5015563254398857,0.8173144242530688,0.0001731605077748499,0.5006448792492955,0.591562513087738,0.32191888015507,3.8431031954805883,4.2095348837107585,5.4062970277745634,2.5027094734666764,3.3781826285817966,4.03045604576996,5.958932432881327,1.3464325078382677,2.0418628865077464,61.196611,0.0,4.535698169735099,0.48450086598117187,2.9728498600359616,13648.915187376726,14168.526345449423,13019.864750633982,14995.097210481825
LOG00008,Idle 35,129.0,129.5,46.11538461538461,8.119817722228072,24.08959443100926,22.429151873767257,16.0,3.8045969174860126,10.975207100591717,17508.74189912651,13600.0,0.0,0.0,1.9465253030017646,2.1745620155609906,0.9731825968164366,2.3605478373431636,2.626479149496,0.9960491858642645,1.5180573478349026,1.2876785852128907,0.42640102339212904,0.37277898945699994,0.5724915105469022,0.3608431312593188,2.6849785201483973,4.267401199144138,6.725248621156471,1.6079379808847882,3.189372625131846,4.44093385349571,5.832981110808885,2.063695800590143,4.016898736211711,129.003062,0.0,4.852792723936809,0.4460636987418896,2.5256249021095996,17440.46210200056,18164.412510566355,15725.274725274727,18704.81825866441,LOG00006,Idle 35,64.0,64.5,46.254240631163704,10.177683594918355,24.316039958879625,22.23078895463511,66.0,4.376091984301629,11.30913214990138,17108.312200619894,11428.57142857143,0.0,0.0,2.1015918816090142,1.8349401522666495,0.9823105870735179,2.7414894288404494,1.7988965349155468,1.5225398732472788,1.630705739941771,0.7855210162872417,1.2193393400199195,0.37765300309283834,0.5409725236215587,0.3594535860534601,5.266229775742111,4.454385394214549,3.9430226249633153,1.6603325496805486,3.0721860358867086,7.712026009269734,6.847018095838051,1.9727764444109321,5.679412558375436,64.004491,0.0,4.587016194727509,0.4337741127150586,2.4693148052269485,15118.17413355875,17085.37616229924,16212.200619892927,20017.497886728655
LOG00008,Idle 35,131.5,132.0,41.828007889546356,10.339457587851653,34.34724733344234,22.45382642998027,81.0,3.9076090470301352,9.889980276134121,15651.465201465202,6671.428571428572,0.0,0.0,9.819038559412187,6.062969371319499,2.4621209540609192,9.717467924802756,6.14424140700225,2.479516117099982,1.4829960267091522,1.0483799094045223,0.7699967674217056,0.7438261006658554,1.1503667216222417,0.5599580343566469,4.356108705897308,6.062265668013319,5.718287504015704,3.942827170147014,6.856792179247303,23.214504409746464,18.27248284145648,8.160058695523631,13.773060867654534,131.901605,0.5759368836291914,5.429105514592911,0.8544342889671183,5.5929189643260715,14352.57819103973,15628.148774302621,16115.948154409693,16509.185686108765,LOG00006,Idle 35,101.0,101.5,42.63254437869823,8.469370852581854,32.21558473799779,22.15516765285996,75.0,3.934100818245914,8.942998027613411,16410.242321780785,9628.57142857143,0.0,0.0,2.176239668312211,1.5863563177961182,1.1421459960210814,2.8413307257847835,1.972252759651003,1.2805128956863838,1.5274164550252525,0.8671365228830172,0.8584952245301967,0.5262723453475192,0.5639904699292028,0.37329230758978577,3.6019594497324867,3.821019474271598,5.203026594465088,2.5858459912422687,3.2451056834783363,7.697177945420737,6.901104733904817,1.9042774825307507,5.333005542905795,101.004477,0.0,4.26793421704189,0.4947709835719446,2.9340509868922786,13469.089884474499,16798.591152437308,16326.739926739927,19046.5483234714
LOG00008,Idle 35,134.0,134.5,26.367455621301772,11.125975171031671,37.0037115148545,22.496055226824456,86.0,2.408161048490638,5.072998027613413,10572.56269371654,3542.8571428571427,0.0,0.0,2.386262600015898,3.4663604069069986,0.7962333568239276,2.3362653073418174,3.4709208316836033,0.7712278212193937,0.6818642194614833,2.1928848776470242,0.15455200883964296,0.5927589081275763,0.7215798394286529,0.4304150133090468,3.505369294051931,4.867121209617119,5.595985257240447,3.1272425884732575,4.44123349394323,7.881268833258432,9.022763235852773,2.975727110036057,4.2994596233277225,134.022717,0.0,4.736086068898361,0.5936603045278513,3.8408463360881893,11391.406029867569,10327.69794308256,9416.117216117218,11155.029585798817,LOG00006,Idle 35,22.0,22.5,28.382445759368835,13.297766697700267,36.91740022440197,22.727218934911242,112.0,2.4935546760263274,5.704990138067061,11168.3572837419,4057.1428571428573,0.0,0.0,2.0761646966880307,0.9664918186897218,0.6098704597329858,3.5554708212932367,0.8949732747562837,0.6269131192721985,2.8457079381536845,0.4035890692884342,0.2532590547762998,0.39261160136809303,0.5377605825948201,0.2690920574992434,2.278077937039058,3.387098076545691,4.3972731286010704,1.8092930222581927,3.191288445219979,12.327388086753013,4.5042167401019455,1.6193465168653474,3.2432621623679743,22.332745,0.0,3.464009403128148,0.4146246692816347,2.5940184252416882,10418.99126514511,11746.041138348832,10498.591152437306,12009.805579036349
LOG00008,Idle 35,136.5,137.0,40.07648221343873,6.906588785561632,31.332349330864005,22.49197628458498,115.0,2.8406048244183686,8.32567193675889,15287.747035573124,9314.285714285714,0.0,0.0,6.475551419788746,7.664127667971754,1.3113783687852445,6.218208261827245,7.637055416385014,1.3245320280352013,1.0072741815807227,1.580461814634439,0.19160202839747797,0.6506295915647713,0.931007310298356,0.48551589833339814,4.186085803556563,5.685501377164389,6.651544915725196,3.4256141458754263,5.8975618822841644,16.069758994776418,19.18430476736425,7.094773396708953,11.889574618739648,136.692355,0.45454545454545453,5.600336002728932,0.7131664520019637,4.822658417916043,15468.887634105027,15392.998306041784,15089.073969508752,15200.028232636929,LOG00006,Idle 35,115.0,115.5,41.56719367588933,10.084398333713493,35.28485750174932,21.923577075098812,150.0,3.3332160730399916,8.64005928853755,15859.817899491813,7571.428571428572,0.0,0.0,4.594910790156332,4.939305125433776,1.7202029445261922,6.575825059051864,6.078406930423576,3.114592594068748,3.8584064554177453,1.9705120405029548,2.8745321208581087,0.7494491156220849,0.8909130064628376,0.4544748236915481,3.806607186066445,4.6290708526726885,4.624013515859169,3.864135955836248,5.226331551578894,16.279063398682982,12.85960983923662,4.7702169914811785,8.542788515405972,115.121287,0.11857707509881422,4.370356820784197,0.7215601909198429,4.595981297406222,12035.121400338792,16070.355731225296,16463.297571993226,18870.496894409935
LOG00008,Idle 35,139.5,140.0,25.473570019723862,2.1256885823749565,10.501629327371539,22.518343195266272,53.0,1.2315926399405022,3.6569230769230767,10863.024795717103,8728.57142857143,0.0,0.0,3.142678121239674,1.8719118089098532,0.46850113806427524,4.399489322324275,2.0383139537235095,0.4738177581509882,3.0064337802190373,1.54955030470664,0.022755394775271855,0.31354989736538075,0.4428188674831306,0.2834594313124769,5.4197911902772296,8.882795528475512,4.518334453829444,1.2153475235962614,2.3292188241469436,8.85116914685694,5.103465968488351,2.5865497863036286,4.498759413921737,139.93421,0.0,6.549644753307198,0.35343615016806845,1.857731134189234,10941.363764440686,11902.507748661596,9910.932657086503,10697.295012679628,LOG00006,Idle 35,165.0,165.5,25.467455621301774,4.818511522187183,13.984602536006374,21.89623274161736,24.0,1.4966915519928081,3.5654043392504926,10526.754015215552,7414.285714285715,0.0,0.0,1.8297544043684975,1.0379793485550284,0.5559516035478933,1.9988861436822525,1.1157193861843797,0.5811218696442548,1.3500377633404375,0.6834404228219405,0.39122169410756774,0.28273058188250827,0.3219360764588795,0.22807264187627022,3.42685719575861,5.457077290765156,2.784544430037167,0.910873114886818,1.4051654476847497,4.502683836968814,3.060211025197065,1.487515093760839,2.7459451317743735,165.070153,0.0,4.052847989597701,0.28023594180010813,1.184098764206495,10051.28205128205,10623.978585517047,10088.193857424627,11343.561566638491
LOG00008,Idle 35,140.0,140.5,37.78520710059171,11.306696193108897,21.38804057166477,22.50005917159763,86.0,3.218034423987776,8.364280078895463,14463.285432516202,8728.57142857143,0.0,0.0,2.488849255808153,1.7463774601615842,0.6902421313719752,3.384831396121742,1.6921857640197726,0.664737615188206,2.472568611644755,1.3876649274973734,0.3467845278851476,0.4555779192519941,0.8173859267042157,0.36918983056970894,4.756781255805037,6.728148097310117,5.329235412512634,2.1622019692129193,4.53973864160957,7.950165294201637,6.2959553091201235,2.149907538883617,3.425335003060671,140.018069,0.0,5.665559543325344,0.5807960412744382,3.5555832355459844,14535.305719921105,15354.77599323753,13122.090729783038,14840.969287123135,LOG00006,Idle 35,35.5,36.0,34.67731755424063,13.08183536332436,22.185851341384208,22.3585798816568,44.0,4.555444382975436,7.354023668639054,13349.218089602704,9614.285714285714,0.0,0.0,1.506263959490357,1.2467360668046634,0.8785042455090876,2.4686638239425083,1.9273089003278654,0.945345109851138,1.5769858621816268,1.2990160740142762,0.8447471977169895,0.3378801275175553,0.5259447203450242,0.27408326553208157,3.5303272966567967,5.5571824357635435,3.7526685759671894,1.369056163374616,2.7353138634089795,5.304532690175826,7.061996521649871,1.3826029683049164,2.0294597122155937,35.592189,0.0,4.37523366564311,0.39408225278267933,2.162898137896394,12939.870386024233,13443.956043956045,12631.276415891802,14381.769512538745
LOG00008,Idle 35,140.5,141.0,36.42110453648915,1.2203438108523081,40.85477923840983,22.513076923076923,88.0,1.9598613080759848,6.346074950690334,14688.045928430543,12285.714285714286,0.0,0.0,2.028272355612444,1.7688454472721864,0.9634168189922364,2.8534274859298403,2.1640152371204353,1.0939283046148962,2.2616231609018365,1.729960458083193,0.9654830413365423,0.3861146253355467,0.38086728083925786,0.27659792761488644,3.933783128614236,4.478850955645654,5.783530686381257,1.6457440963289778,1.9224753573694848,5.2969046820804095,5.3076923076923075,1.9029848876012119,2.743214467568433,140.500503,0.0,4.795274854346085,0.3514971802033647,1.78946711764908,13639.954916877996,15830.45928430544,14251.028458720768,15030.741053817977,LOG00006,Idle 35,88.5,89.0,37.891518737672584,3.283649509873472,43.17826638042481,22.224181459566076,104.0,2.3530288129502313,7.2087573964497045,14769.413919413919,10014.285714285714,0.0,0.0,1.5131721528670241,1.0281795693355469,0.8815214453646126,1.5939682013738874,0.9705309707929809,0.9152601145372082,0.7197995906864185,0.3850631901232339,1.023854875657089,0.3701861526032135,0.46196598475138345,0.28155039778085306,4.122320971297553,4.378677078837274,4.365043915361804,1.5977462093880752,2.4904418348497406,4.718297088587531,4.552563922044347,1.293607975974803,1.9296624544331935,88.916993,0.0,4.290297252101601,0.37847104034392626,2.0922587653518994,11634.347703578473,15626.570865032405,15592.44857706396,16224.28853198084
LOG00008,Idle 35,141.0,141.5,34.99211045364891,0.7740979885562144,46.9216804289228,22.700177514792898,110.0,1.9658939292832223,6.289901380670611,14114.856297548607,9700.0,0.0,0.0,2.3665104280076843,1.506528024925048,0.9273277778835636,3.3551657039749667,1.583182045334774,1.1907236569139261,2.6431592981371215,1.4110619896793621,1.2253627043708606,0.43722457770583384,0.5296239567482992,0.31333751484730504,4.684067235549026,7.311000163069774,8.067051494051057,2.1149124075190766,3.096478169429459,6.172567676095284,4.760537983620247,1.983683227704676,3.266348580020335,141.421964,0.0,6.842721901388404,0.4358314908013777,2.6515119785917767,11315.187376725838,15228.261482107635,15072.161172161173,14843.815159199776,LOG00006,Idle 35,119.0,119.5,33.29329388560158,4.786881563912475,41.804085337765045,22.118856015779095,159.0,2.4980715466340553,5.908520710059173,13125.52831783601,7514.285714285715,0.0,0.0,6.533442474338878,4.444513895109197,1.0630259265274435,7.555626458482017,4.402805304422629,1.6789912939231375,3.0723998252904305,1.733374116691176,1.4047587950248035,0.5648506902913061,0.7904406939796522,0.4468644738978504,4.434569183164148,5.503274238531636,4.542313791641198,2.9138812704303705,4.902226296110493,17.760404068115168,13.708647697575879,5.587466972131203,10.958776757931316,119.443434,0.3254437869822485,4.8505685497162405,0.6173979405682103,4.032525679796851,10779.036348267118,13430.487461256693,12848.238940546633,15444.350521273598
LOG00008,Idle 35,141.5,142.0,32.40158102766799,0.7606668792198243,41.618974190604725,22.426501976284587,108.0,1.929908214718871,5.765138339920949,13175.663466967815,7285.714285714285,0.0,0.0,2.3558799738961045,2.0350484020304878,0.9033379054323053,2.792450948815076,2.2656214163069883,1.1982437495129097,2.500054598014211,1.847727464511313,1.0264935412583862,0.3800432893278743,0.7153328833243346,0.5478795936304046,2.972386087922983,10.961246569856964,14.026692996398845,1.8163836500688049,3.820159570332833,5.830612954984239,6.676902550433411,2.2013169297049835,2.7579189672229245,141.861973,0.0,10.420046734317841,0.5645960458135456,2.991059068878682,8143.534726143422,15140.90909090909,15644.099378881987,13774.110671936758,LOG00006,Idle 35,140.5,141.0,32.78520710059171,0.12338945299070271,42.60546546215056,22.101420118343196,113.0,1.7672847272466947,5.584497041420119,13169.202592279515,7114.285714285715,0.0,0.0,2.5215922597777483,1.2308543220905226,0.9493867822150663,1.9994346684673987,1.24466392997613,1.046261166362934,2.2210385625000333,0.3348472270770716,0.7164479742334434,0.3454941814549929,0.49109187737915816,0.33936062224390806,3.746027957326266,6.955026459588724,6.6197645163525385,1.3869992618016307,2.42684731058726,5.174089596810104,5.010442743825327,1.9841156577654402,4.198114576396441,140.839985,0.0,5.950529409573836,0.39820559738942807,1.9765316619197992,14912.228796844181,14459.002535925612,8559.960552268245,14745.618484080022
LOG00008,Idle 35,142.0,142.5,37.655029585798815,3.946639814769907,30.53797722540533,22.459723865877717,110.0,2.6643864499015426,7.5400197238658775,14638.778529163144,7342.857142857143,0.0,0.0,2.6079232906766956,2.0213202925248512,1.0921707269874772,2.9899352696528214,2.8639798614388265,1.0771538489844492,2.6204817195052126,2.1604639235106156,1.0059096909489358,0.4245834993319302,0.7551914470541704,0.46513527589901,3.5732159604416247,7.699331026096781,12.392195788293296,2.037665407081536,4.140296958189631,5.409466463171166,7.84250795131694,2.3331309023527504,3.4363456885430037,142.428258,0.0,8.672064095026924,0.5677253134202508,3.262984769594479,9550.831220061991,16446.210200056354,16604.14201183432,15953.930684699915,LOG00006,Idle 35,146.5,147.0,39.04189723320158,1.6382482321282685,28.428195279061953,21.87610671936759,150.0,2.348615149037009,7.040632411067194,15054.361942405421,11342.857142857143,0.0,0.0,2.39680666280481,1.5525268838649464,0.8399502755914986,2.8642299396507407,1.871960532390871,1.175449784413373,1.4846929154124682,0.8369470778367232,1.0670932745114383,0.4781904335822894,0.5165429366292393,0.3218938941217758,4.980824202953533,4.638850114614428,4.181915322533425,2.400281000361846,3.0257623843022383,6.25416857031603,6.220741793266943,2.0192847624826142,2.921587245434855,146.720864,0.0,4.612156252463911,0.4468774534567827,2.7309876315132264,12150.818746470919,15432.354601919818,15127.978543195935,17506.29587803501
LOG00008,Idle 35,142.5,143.0,40.20788954635109,5.517997886388733,22.865332233744727,22.534260355029584,100.0,2.7977542880259523,8.000394477317554,15766.8920822767,10842.857142857143,0.0,0.0,2.135921708059211,1.863062468455504,0.9183518998107927,3.433282215561753,2.6059179541153497,1.0675402625477435,2.582314480023113,2.094121277487868,0.7606721795502867,0.5203750775793718,0.4527612195625366,0.3166518655301275,5.4016918693817155,5.3307185997698205,6.120997416048406,2.6210826386710844,2.3861435567754885,7.102101253085102,6.7388596065539295,2.004141125810018,3.2831956582507424,142.500277,0.0,5.629133894568735,0.4381975761568453,2.5063674184249356,12520.540997464073,16486.869540715696,16573.091011552548,17487.066779374472,LOG00006,Idle 35,20.0,20.5,42.535700197238654,8.65115329343828,29.819803167815724,22.710986193293888,131.0,3.98289183892671,9.758520710059171,16521.477881093266,9800.0,0.0,0.0,4.54583048172625,3.113178786263826,1.885868115935047,5.12297505370124,3.254269998644919,2.9585139770086712,3.7583249837697243,0.610928666970062,3.008201080427491,0.8416768400220538,0.8557886805044187,0.49907424315315074,3.636691278583875,4.178186556827305,5.711364666477892,4.347720545531688,4.788177153789889,15.347455121231821,9.813547774434307,3.8959245965389653,9.011008766787764,20.000224,0.05325443786982249,4.5935626229493725,0.7505263195224834,4.573254552182385,13841.335587489433,16255.98760214145,15556.015779092702,20432.57255564948
LOG00008,Idle 35,143.0,143.5,26.043392504930967,4.828336265677919,24.733839713755074,22.62800788954635,47.0,1.5433820340002522,3.5413214990138067,11245.224006762468,7514.285714285715,0.0,0.0,1.4378024037083512,0.9491899136759231,0.618658647741741,1.7480023634156339,1.4425191786410476,0.7380196273125128,1.4609361962406946,1.262700434036186,0.6834136926513972,0.2819320237243334,0.5346184726915209,0.27519518708824087,3.610444089026954,9.749578494234443,4.689704821244832,1.106059861387384,2.9854918999341242,4.1812958175670785,4.188836483417874,1.2182440733148716,2.6847010324249827,143.493788,0.0,6.584904925804054,0.38342099070553615,2.251280780083257,9692.561284868976,11931.614539306845,11532.516201746972,11824.204001127078,LOG00006,Idle 35,87.0,87.5,26.501577909270214,1.1084565896725629,30.730427036251683,22.308915187376726,45.0,1.250889842878794,3.6749704142011836,11195.907297830374,8885.714285714286,0.0,0.0,1.1722567165173043,0.8721432671718236,0.6185247830637172,1.4229728541246878,0.7878805575874973,0.5860407543555665,1.1053457432064,0.4636479975320062,0.3028963427141326,0.29328785531962703,0.36942181882727954,0.24045320573587256,4.328683533586884,7.086590947910557,2.0590001027599225,0.888947179774068,1.8698110014717806,3.815519021619372,3.9668249516759193,1.0331552854951367,1.5994130384319907,87.160886,0.0,4.939526084559106,0.3056730227177944,1.4639706741689145,9648.548887010425,11312.341504649195,11457.875457875456,12364.863341786417
LOG00008,Idle 35,143.5,144.0,19.38974358974359,3.5940139435131573,26.712371276925246,22.620650887573966,61.0,1.1518153126611015,2.38905325443787,8600.887573964497,6614.285714285715,0.0,0.0,2.059638657939938,1.0044435075591902,0.38134735315425894,2.6126175491933408,0.9769164936444953,0.340999912030198,2.2619384356289296,0.8609895298261456,0.14615369647035514,0.27729983965403915,0.35951793270797894,0.24953855846781442,2.0625703928891084,5.513534912734735,3.8076581864494097,0.6576345279391775,1.664927517120525,6.059859197301886,2.7642405179408036,1.6203422726631607,2.8048128109307355,143.518409,0.0,4.047695835262442,0.29911972919048624,1.2657935869648926,7577.23302338687,9371.851225697379,8719.836573682727,8734.629473091012,LOG00006,Idle 35,17.5,18.0,20.002569169960474,6.145638039874482,25.400770740481008,22.826284584980243,43.0,1.6756805887644977,3.055711462450593,8701.39751552795,3757.1428571428573,0.0,0.0,2.2520241609995066,2.465724483875005,0.8930406134663966,2.2073238643921846,2.2918812888745905,0.8020547909058314,1.0349962220460587,0.6825071314701086,0.4790657397102264,0.36563641274436315,0.39076350753889727,0.30338875146788685,3.39642544945778,4.903724652168239,2.2956794309801527,1.5588218063819308,1.937446270303768,6.364737341236078,6.6884361300391175,2.3612930834720833,4.135234983925785,17.966648,0.0,3.690183615478249,0.35516702158557806,1.7583548382459395,8985.742518351213,8331.19706380576,7963.664596273291,9524.985883681537
LOG00008,Idle 35,144.0,144.5,47.2300395256917,12.447547133580434,33.033824782908745,22.28401185770751,53.0,4.676950255995033,11.922015810276681,17068.69706380576,10271.42857142857,0.0,0.0,1.3630113360817528,1.9998203492970794,0.7615665814142555,1.310492577424839,2.6375385666984523,0.717292348556788,0.2838112116990846,1.6786747568373803,0.24032628823321642,0.4295124351188033,0.6120626448449933,0.35305812142154697,5.852440690126766,6.381540318694308,8.407720413792823,1.8632456736319547,3.331843665520035,3.4250876333960694,6.944870430500679,1.7112979477212693,3.154622055742527,144.499066,0.0,6.96813895352939,0.47740676235890794,2.699339423986375,15602.90796160361,17792.828910220214,17044.918125352906,17834.133258046302,LOG00006,Idle 35,31.0,31.5,44.78422090729783,8.572065287226764,27.80738700607944,22.47735700197239,77.0,3.1956313144405835,9.610493096646941,17312.743026204564,9157.142857142857,0.0,0.0,1.829674077936473,2.6846499191398365,0.8998384557230509,2.8188009525964244,2.6309610273555455,0.8401802118285545,1.9035076449954629,1.0810610027433314,0.39769173304136296,0.3808600305594281,0.4640278464341504,0.27197245375852874,3.0259268150726157,3.1752555029033354,4.1844186723540675,1.6443443402164244,2.451226184630276,6.575760880970969,9.020139640390823,2.29728670607417,5.128409592360385,31.009351,0.0,3.4998971520336037,0.3805019582724374,2.0871485473510143,17335.50295857988,17446.830092983942,15488.024795717105,18980.614257537334
LOG00008,Idle 35,145.5,146.0,21.34102564102564,5.627410141856375,36.182289065468595,22.6067258382643,128.0,1.5331373455733983,3.3556410256410256,9130.5438151592,3714.285714285714,0.0,0.0,2.0714181085353234,3.474631104631922,0.7556677745335639,2.176977865418834,3.5317957758682508,0.5818648286642839,0.7460138282920606,1.6383447706665928,0.36500115499237196,0.40334630655118076,0.4527648153363287,0.33712215567265735,4.475600775604567,7.253274227920125,3.721492986076606,1.9128421585889892,2.3451425379950406,5.938873374851888,7.6377552801802375,2.8604050669130507,5.29864914198694,145.91875,0.0,5.369373004160414,0.4005561004655064,2.1399367569146994,10097.154127923359,8605.438151591998,8391.2651451113,9428.317836010143,LOG00006,Idle 35,116.0,116.5,17.672781065088756,6.985115815504585,36.36394130353035,22.272820512820513,134.0,2.132056804544371,1.8667258382642997,8243.920822766977,3214.285714285714,0.0,0.0,5.363464612451587,1.1544916845829243,0.48635030280955044,3.03868547158712,0.8667944519201997,0.5735310747621096,4.324096113858386,0.6076345289657086,0.38566344042173706,0.36496445725563503,0.39534837901992786,0.3641333008392232,2.0969565094849276,2.6793835352742765,2.8476902227958347,1.57774105274692,1.8406972599270508,14.506680770674198,5.093407581271563,3.8794074095660256,9.168800440707304,116.211433,0.20118343195266272,2.5616181303216057,0.375096634941652,1.7142685367564083,7599.577345731192,8730.62834601296,7519.216680755143,9126.26091856861
LOG00008,Idle 35,147.0,147.5,22.19033530571992,3.760309338013344,30.872858360232136,22.638757396449705,47.0,1.2897764136369032,2.9512426035502957,9816.272189349113,6928.571428571428,0.0,0.0,0.9678001279689602,1.8461691639672435,0.49516277217958954,1.0211647005107132,2.0702592898797194,0.4825846102759597,0.49208992469968027,1.8080104362840301,0.28547874287179514,0.2978112748533781,0.35668470927085094,0.2515660927442287,2.4511530464527453,6.394148323667496,3.773233602578697,0.8870040569057283,1.6387256139447477,2.6032902864609344,5.244138269848907,1.4739365097724266,2.822480805521603,147.433146,0.0,4.514073395571653,0.3050688645076843,1.317611064534184,10098.929275852353,10000.309946463794,8468.272752888137,10697.576782192167,LOG00006,Idle 35,102.5,103.0,19.088757396449704,7.858487781460278,36.003418425977394,22.256587771203154,54.0,1.989012338345915,2.024063116370809,8759.643561566638,4042.8571428571427,0.0,0.0,1.7963070107296357,1.0767567275481407,0.3265151582299499,1.4020665983215472,0.9424409802612678,0.32651766246514785,1.3565107646293537,0.6491982913214125,5.719912731953698e-05,0.32874615823941505,0.42815717901780137,0.30350923635397314,1.69714340895289,2.716268534796954,3.0314921469090943,1.2692438498167318,2.0063071407869932,4.51929896293339,4.494133805170594,1.480899038948405,2.928307038679175,102.704326,0.0,2.5461313883649526,0.35754275411192826,1.6787269422795474,8363.79261763877,9326.48633417864,7648.633417864187,9699.661876584953
LOG00008,Idle 35,147.5,148.0,34.843786982248524,8.821435692142167,36.93957042607767,22.425009861932942,43.0,2.599267858345754,6.651005917159762,13759.129332206256,8057.142857142857,0.0,0.0,1.939615098670036,1.900780471647819,0.7834505560471402,2.959099436118721,2.29541989639048,0.8209965329047293,2.151521331275086,1.8094803228543808,0.5103350234005092,0.5004424044405069,1.1249250157825437,0.4194351542177921,4.871603024573218,8.270647867966355,6.189654566082458,2.334145427784642,6.704368742281648,5.865016802254686,8.768218565064041,1.920295957969302,2.8157642183327605,147.820872,0.0,6.59413769526521,0.7509604383475105,5.019800549351097,13898.788391096085,14146.520146520146,12159.678782755705,14831.530008453086,LOG00006,Idle 35,83.0,83.5,37.57159763313609,13.656512632798222,35.238558510275055,22.053037475345175,45.0,4.0020321214064545,8.036370808678502,14424.506903353058,7942.857142857143,0.0,0.0,1.0532640216871432,1.321069447637646,0.6953579239833084,1.0618253006423601,1.2804810368062112,0.7163043370252988,0.37177280479641256,0.4643789450473508,0.19863469212706622,0.36746556819692794,0.6054414003963224,0.32286367633547436,3.612086606089519,4.454782361620415,4.155236544365779,1.5518865715002133,3.3521579349951867,2.8805954896086075,5.123908456424889,1.1946944347535504,1.7778245207581813,83.354653,0.0,4.088938178342822,0.4493814959181896,2.61202170281507,14030.966469428009,14811.045364891517,13375.007044237815,15481.00873485489
LOG00008,Idle 35,148.0,148.5,30.821104536489155,5.370902719157918,46.88245904207305,22.464201183431953,35.0,1.4686409930096145,4.817317554240631,12838.179768949,8942.857142857143,0.0,0.0,1.2921067585739392,0.9591679568307525,0.6352541793406613,1.6082617675787516,0.8687743766579874,0.7762606727688302,1.274178586795993,0.6423093666670802,0.694117025080996,0.3269618921493077,0.5556634545595881,0.26205863790389505,4.317033370836613,10.260401570834729,5.218108801608549,1.278593035337847,3.0365496761818322,3.4930192429977627,3.8579306877290445,1.1378802759876216,1.61296509013419,148.278645,0.0,7.097916994563246,0.40180454757298617,2.3297461327293187,12183.544660467738,13630.515638207948,11912.369681600452,13626.289095519864,LOG00006,Idle 35,31.5,32.0,32.92544378698224,8.59087651638751,48.70963223571815,22.55644970414201,49.0,3.020488315917719,6.354437869822485,12990.208509439279,8400.0,0.0,0.0,1.0566371275593274,1.1963914471475698,0.5476511832670679,1.5697078113462883,1.3099346784008377,0.9389950709921078,1.0128055245291803,0.6175430984246923,0.7097881537347921,0.35678449434099235,0.4106064977398787,0.26246867030952437,5.043288766486072,5.431983683648697,4.106539304210414,1.48403796216816,2.2000674931388913,3.6547232415583246,4.592249709722862,1.1286794306056709,2.9716184090711133,31.992031,0.0,4.89233663936485,0.34870363456781683,1.8765214690382135,13167.342913496757,13036.601859678782,11609.467455621301,14147.421808960271
LOG00008,Idle 35,148.5,149.0,38.08856015779093,7.758854920816504,51.51926502495843,22.543510848126235,74.0,2.638072659484566,7.719546351084812,14795.259227951537,10557.142857142857,0.0,0.0,1.3128517776586552,1.6022805840230823,0.7840005359551163,1.2346365306778029,1.652372683049959,0.9882431565885892,1.1075085874354957,1.0132240009490459,0.6822386143570064,0.34148726942031477,0.42010238588674803,0.3082483026541911,6.768410631633594,6.749934434305566,6.657262425810001,1.5126998784438932,2.1497561487441756,3.379366559459815,6.096851452441341,1.4647325455588884,2.567802269537819,148.929789,0.0,6.725378312827128,0.35968346542159846,1.8587243503687627,13714.370245139477,15981.769512538744,14199.295576218654,15285.60157790927,LOG00006,Idle 35,27.5,28.0,37.86067193675889,6.4150680099447435,53.6408556115566,22.553754940711464,100.0,2.4232988663451898,7.59699604743083,14699.223602484471,8857.142857142857,0.0,0.0,1.9970514941185389,2.0634163161747585,1.026118306862286,3.227635794859301,2.568230437862049,1.8908035945472026,2.399994144645168,1.9997103373134333,1.5221950738371737,0.4111741037741983,0.6885648985889815,0.2738894101241359,3.6323421445688475,4.119201214657592,4.7339883742671525,1.9110549636536962,4.104380507407829,8.647579569513494,9.824748938247977,2.0305050558933977,2.9423584394346207,27.73273,0.0,4.186182589971606,0.4892855921856942,3.201411440575451,14431.02766798419,15291.643139469228,13412.930547713157,15661.293054771315
LOG00008,Idle 35,149.0,149.5,33.122134387351785,4.61089363447285,58.638899697596656,22.45930830039526,90.0,2.266364930442594,5.546877470355731,13721.259175607001,6914.285714285715,0.0,0.0,1.5430226038921164,1.3514043277595262,0.7158750182211874,2.227119623488644,1.5974627832834378,1.0365755206909097,1.7373280749207232,0.9038164887419662,1.025482329234979,0.38248754099023213,0.5950448409942861,0.4473526480154679,4.7259266265139255,7.100060292241112,6.5260710783304665,1.7303315604448501,3.325840993383741,5.067138179294427,5.964320793656581,1.4503814003925286,2.0750386966522747,149.06791,0.0,6.200398975121778,0.48321819553666123,2.650968278039484,11481.338226990401,15686.420101637494,14410.813099943536,13306.465273856578,LOG00006,Idle 35,73.5,74.0,34.554635108481264,4.7677699597963645,53.54190212680813,22.125996055226828,98.0,2.110960075206879,6.082583826429981,13705.487461256693,11042.857142857143,0.0,0.0,3.1128349458920774,1.0739752018158508,1.6859350549938759,4.018219663204046,1.1831367195906897,1.888742293719689,3.060578798957071,0.517473687972339,2.4526920838125457,0.39061138692775826,0.4392693716924493,0.33696236958490405,4.763439949827017,5.577576527815327,5.1457344013677355,1.770443247502569,2.4856203867990048,10.570977349809123,4.131707385229472,2.3284290986072915,5.184988125473119,73.933729,0.0,5.1729521748115905,0.39118558043507495,2.1578667706670718,12769.287123133277,14290.448013524936,13055.874894336432,14706.33981403212
LOG00008,Idle 35,149.5,150.0,28.098422090729787,2.1973171456135923,53.61832466309968,22.6203550295858,101.0,1.871853349716491,4.630887573964498,11627.049873203721,5685.714285714285,0.0,0.0,2.0399763783758935,1.5938913985070746,0.9006794572579523,2.2419452238249535,1.6161611939392722,0.9139589767516176,1.0204517403196527,0.5703081094103087,0.5535406521227215,0.3705244568943438,0.6848686107540409,0.4437085137255993,3.5784976815097247,10.637858319019196,6.671602659370459,1.5633540719789027,3.734008223543308,5.350625320604967,6.633695588415503,1.8305727812035315,2.8204109385545326,149.927218,0.0,7.53834547091547,0.5174329690261334,2.8624197253252426,6563.341786418709,14139.588616511695,14459.70695970696,11345.562130177515,LOG00006,Idle 35,143.5,144.0,30.468836291913213,4.026570433316918,59.01714101443123,22.028422090729784,101.0,2.029225969590324,5.183668639053254,12180.297266835727,8628.57142857143,0.0,0.0,1.1555236991763957,1.2121421670564958,0.816312536101596,1.1267615326024092,1.2842398840787992,0.8288668297088562,0.6175088869389814,0.677402338719414,0.5971054043606429,0.3766524651306535,0.48939671657464323,0.2955667324212582,3.216062837681592,5.994932869835604,3.437301997693833,1.5964626084444573,2.759320793787514,5.3723303080559015,5.27133590738825,1.184171366930209,1.7693915659399262,143.999938,0.0,4.400656212926353,0.3952787704043901,2.254167707069445,9204.170188785572,13953.564384333613,13268.94899971823,12294.505494505494
LOG00008,Idle 35,150.0,150.5,33.17573964497042,1.6779058503589845,39.947755663052966,22.46577909270217,101.0,2.157548043786923,5.737830374753451,13379.16314454776,5914.285714285715,0.0,0.0,2.8069248347940308,2.2766309668415956,1.190885278518384,3.0994043986463495,2.3188065393665207,1.220161838718575,1.1604274785492532,0.6190765062530877,0.8280723730966749,0.464624864798839,0.8139522429035555,0.5871694496970556,3.3329182711866543,7.339578081339013,7.561130791321115,2.2372166629241708,4.447500096574135,7.42218009727935,8.226214891421339,2.5555699547621074,3.6601729047754583,150.115652,0.0,6.380920765791987,0.6385302084669688,3.520326370231354,8027.190757959988,14970.047900817131,14183.6291913215,16335.78472809242,LOG00006,Idle 35,86.0,86.5,33.192504930966464,1.9452625498998193,44.1276503648984,22.273353057199213,97.0,1.9909986950665521,5.476725838264301,13429.740772048463,8628.57142857143,0.0,0.0,1.4240789285265214,1.2107948308277392,0.9844164722315126,1.8525718768143997,1.20757515931976,0.9276970416700366,1.1783239785190376,0.6220146415489937,0.47501073171602254,0.3735263569077542,0.47058185573543154,0.28266324157839934,2.4922840283879975,5.765977355034809,5.292990213626522,1.5439936496906823,2.581856383188892,5.179614113702285,4.687891995443874,1.321745988651454,1.877524307344895,86.499885,0.0,4.742493013120078,0.38334828828442236,2.127192841951381,9838.856015779093,14181.290504367427,14453.620738236123,15245.195829811213
LOG00008,Idle 35,150.5,151.0,28.365680473372784,2.81963488908842,27.454878111433857,22.559171597633135,67.0,1.6824163935890653,4.343491124260355,11951.859678782756,6828.571428571428,0.0,0.0,2.0093863674256864,1.9510392224771531,0.7650917997123762,2.682689153036421,1.7659449434580115,1.0986522774609857,1.4149778075974961,0.6540953205505515,1.0866267921019466,0.37460800302760877,0.5377411260846632,0.36016214948477476,7.427287560540044,9.21332025718059,12.200070706970832,1.698300659745386,2.9198511686561477,7.1959061339596,5.5993800727590415,1.9804276837643493,3.1034957320967704,150.762838,0.0,9.813113605840822,0.4317458544624866,2.3884886411697965,8102.451394759087,12559.904198365735,12566.751197520429,14578.331924485772,LOG00006,Idle 35,139.0,139.5,30.0,0.0,36.41332901862795,22.04692307692308,47.0,1.5241630195975882,4.491538461538462,12248.379825302902,9000.0,0.0,0.0,1.0259262513458998,0.9455075475407383,0.6615726937544213,0.9993956875067528,0.9351487786380621,0.6481213664239265,0.5354609627121902,0.4109343348790246,0.24299178737676042,0.30658228877794014,0.38072918904770076,0.2726215032211244,3.7730553206022654,7.665536727356296,4.345041508331165,1.1891425214110452,1.960210297899665,3.407845687351005,3.874001748367066,0.9865366682635652,1.2583205071861143,139.402565,0.0,5.534009561487165,0.32314594185072976,1.6211854224948656,9296.64694280079,12645.815722738798,13211.355311355312,13839.701324316708
LOG00008,Idle 35,151.0,151.5,26.031952662721896,5.128983729393037,21.179356992067937,22.51041420118343,37.0,1.9969324190245206,4.369842209072979,10811.43279797126,6928.571428571428,0.0,0.0,1.547498739783681,1.0649507022606395,0.5949736877718801,1.7758655610897074,1.134699360685694,0.7836354649370703,1.4239540835970488,0.7006213735202845,0.7487300240023447,0.4556241379215318,0.6901454903493962,0.5003278806679331,6.270316416369712,10.35226861665461,5.9034114762119145,2.116460801755247,3.928730688746748,4.5771924075032855,5.475604854325233,1.3283208098719057,2.0543588230973544,151.373524,0.0,7.774672566100733,0.5580388699364985,3.1554976746994248,7788.081149619611,11062.97548605241,11723.189630881938,12671.484925331077,LOG00006,Idle 35,50.5,51.0,23.011834319526628,6.263183963537247,18.98060533749342,22.629132149901384,12.0,1.689789807944094,3.0907495069033533,10077.874049027894,6428.571428571428,0.0,0.0,0.6365962114729306,0.8643022008020199,0.3759934339093482,0.5462416779768461,0.7172835466627127,0.37599343332815466,0.42682267115131445,0.4869507651698731,1.0866921253708389e-08,0.4128128798795962,0.4498141815963947,0.2778286143331714,2.3567254382077847,4.370365779791708,2.975707001115516,1.6144645826518684,2.2739669391904966,2.127587182452205,3.5470909268571766,0.7590365705197951,1.3848583034906337,50.500758,0.0,3.342109313829513,0.38727079703226186,1.9719814310952148,9747.083685545222,10439.447731755425,9242.18089602705,10882.783882783884
LOG00008,Idle 35,151.5,152.0,35.637475345167644,6.768497624698259,25.305781439561002,22.54441814595661,56.0,2.470972581727496,6.783293885601577,14424.873203719359,8557.142857142857,0.0,0.0,1.1630021454425994,1.3942764794799363,0.48611404214232273,1.1880134721312001,1.613965272810367,0.4887293832604523,0.2425815344863609,1.458883391424276,0.027971763673790187,0.4460681479220686,0.6054449707450872,0.36661534615184027,5.369247323526802,6.220624216383178,7.5389337517667,2.0734286105322184,3.4733785540479083,3.5612421652239314,5.961248959058309,1.2838576423293693,2.121469717234106,151.983227,0.0,6.438439370328281,0.4830276794088092,2.860372771396545,12159.453367145674,15318.512256973796,15013.412228796844,15208.114961961117,LOG00006,Idle 35,65.0,65.5,38.139130434782615,4.681522255341263,33.33026550420391,22.217964426877472,80.0,2.1454214114266765,7.502173913043477,14874.357707509882,11400.0,0.0,0.0,4.857249162902651,1.5625276840149909,0.8002366465881476,5.734835194039068,1.7895191966004165,0.8002364555843787,2.5881451871583967,1.0985141619491225,8.013716411011592e-06,0.4672334202307555,0.46144823702383625,0.2877149863234522,4.152930742872763,3.6323520946712193,6.225422875849374,2.288401359772869,2.446764237415001,14.012698927233698,8.495174170652612,3.6079330782202534,7.479929310958979,65.346272,0.0,4.802662646140813,0.4139329485911297,2.36890650057187,14152.907961603614,15412.817617165443,14253.13382269904,15678.57142857143
LOG00008,Idle 35,152.0,152.5,28.173122529644267,3.2048488665947663,30.831973578165346,22.54393280632411,30.0,1.5289533090342116,4.188339920948617,11744.536984754377,8557.142857142857,0.0,0.0,0.8642132316582403,1.4013725841342708,0.4631483377843774,0.8473780411092372,1.2123540420387011,0.46314830986315925,0.32001221242178113,0.9115756114374267,4.3645218334557933e-07,0.2797301480274649,0.43937262645680414,0.25542546564268265,5.581398718396114,7.7004658747902575,5.907875765485445,1.0125196562381353,2.215102654467902,2.1269027751685696,3.929467071048006,1.1641970686564072,2.0709968990046965,152.000985,0.0,6.464059158220767,0.33493254499665004,1.7221898594666227,10275.437605872388,12356.60643704122,12265.782044042913,12080.32185206098,LOG00006,Idle 35,103.0,103.5,29.204536489151874,6.806801269526698,37.576325869499,22.14822485207101,38.0,1.8184386337494385,4.943195266272189,11624.18991265145,5914.285714285715,0.0,0.0,3.305399350011394,0.9446718627885772,0.6201943745907579,3.812706299936399,0.9928069401591726,0.6204473532561547,1.454460672998001,0.47227242684696075,0.0048602974211897085,0.31256165219981596,0.4140815115570882,0.27425263919662596,3.838098810554951,4.864073711377094,4.264954176841426,1.382289753489766,2.086096542333971,7.874884551922929,4.388437380548802,2.4308506526934344,5.765838069260182,103.185774,0.0,4.342812056715104,0.3388081043627284,1.7695371918301903,11937.616229923922,11699.971823048747,10202.254156100309,12656.917441532825
LOG00008,Idle 35,152.5,153.0,27.94990138067061,2.409140833647792,33.67973776654978,22.560808678500987,22.0,1.4042942434400325,4.256015779092702,11887.764158918004,9400.0,0.0,0.0,0.8917853204930591,1.189239132434538,0.5660842210963251,0.8619962070683324,1.1386244729335264,0.5660842210963916,0.5082504809161693,0.870638350766301,7.056105405867388e-12,0.28088667284035285,0.41477020498746825,0.23801188679672208,5.227526296733018,8.273086091455758,3.9106176533195343,1.045327948842873,2.313130717947974,2.3742537496759057,3.753499353463339,1.051087715645217,1.7425506658018457,152.548536,0.0,6.084513540953194,0.32019853434039186,1.7948933448740847,10860.101437024516,12487.207664130741,12051.225697379543,12152.521837137221,LOG00006,Idle 35,151.5,152.0,26.519329388560156,1.335341612795813,43.05444377378611,21.905069033530573,36.0,0.8984262216938164,3.9048915187376725,11016.089039165961,8928.57142857143,0.0,0.0,1.9340928414596457,0.8594493042260892,0.5744848899806708,1.7109693232415268,0.669720842279806,0.5832251478016668,1.3341924239795522,0.507747918541899,0.5589421056188411,0.2366041365092475,0.274399981686499,0.22250014544445015,4.053567025356841,5.783630191110896,2.1418344382563834,0.6064647957651554,1.0164327268520035,3.7477146224757747,2.9808726202085976,1.4965574205355698,3.045777702918355,151.558945,0.0,4.26103424759337,0.24548128379820128,0.8369393755578332,10701.775147928995,11509.97464074387,9863.031839954916,11989.574528036066
LOG00008,Idle 35,153.0,153.5,25.43491124260355,1.7103652394962763,33.89610921135733,22.655384615384612,17.0,1.1570643057727956,3.6576331360946748,10937.85573400958,8942.857142857143,0.0,0.0,0.7032600964820043,1.1545815861093391,0.4896345479764278,0.7823625157917268,1.1092197789809206,0.48963454797642764,0.5070158537974613,0.7953348915723724,7.943431904819465e-14,0.2374020578624248,0.32461877704561376,0.23489225587151671,4.218824473566557,10.919287927194983,3.404235625643071,0.6595452445352915,1.3651762882351113,1.873199332597834,3.0592440829352534,0.9559376031642008,1.585489582718782,153.416727,0.0,7.038421910500669,0.26889369606861013,1.0720788747915224,10139.673147365454,11433.220625528316,11024.626655395887,11153.90250774866,LOG00006,Idle 35,136.5,137.0,23.426627218934915,2.037397173767863,41.474262114986686,21.97714003944774,40.0,1.2444169293116836,3.058264299802761,10076.859678782756,6500.0,0.0,0.0,0.7600224125821,0.7735451913931723,0.5267102295302373,0.7330304321669711,0.6797801433322468,0.4577481847438344,0.4211355340862854,0.2768975857612711,0.3117348303033972,0.29635228538171776,0.3439167405566826,0.2694765273085928,2.732322323771177,5.443988723034042,2.881831916486824,0.9091941399528172,1.66626451771645,2.293976332958466,2.8816223788894972,0.766813611888383,1.0937801706269255,136.500121,0.0,3.8904821334629065,0.3048064961339671,1.342212991131693,7580.191603268526,10662.242885319809,10966.666666666666,11098.337559876021
LOG00008,Idle 35,153.5,154.0,23.683234714003948,2.174909594833378,32.930754944652705,22.66102564102564,2.0,1.2698273768213728,3.245601577909271,10201.951253874331,8785.714285714286,0.0,0.0,0.5497565999356853,0.5631696545953523,0.4717044004356771,0.5397798076483523,0.5490307474028002,0.47170440009575354,0.0868437482313266,0.2986614666921709,5.044908760358735e-09,0.24755131332498775,0.29799897847715384,0.2311225860702065,2.855947630620853,7.723518903071139,2.9536403959708117,0.5788886360593247,1.1433004404570328,1.3910108707711635,1.8589301497837802,0.5565035395349671,1.14414521431122,153.507493,0.0,5.050847212882763,0.2604500551571795,0.9061589126935383,9398.224852071005,10880.95238095238,10374.18991265145,10154.437869822485,LOG00006,Idle 35,111.0,111.5,21.877120315581855,6.575181145187791,38.98464590180307,22.13869822485207,19.0,1.6092201825091177,3.2536094674556213,8997.689489997183,4700.0,0.0,0.0,0.7633257348415794,0.7561080139697084,0.3795371629613706,0.7275533190146355,0.7939234174093108,0.3795388589768349,0.22410815907431278,0.37384445952904416,1.17124274506934e-05,0.3418192526365179,0.5291779588467038,0.32403955586749966,4.58678411017499,6.325836376370685,4.030377748964025,1.1405199247673494,2.334175625741721,2.3462589299711634,3.6936429209675117,0.7597254458883993,1.1974076261196394,111.485791,0.0,5.076046333296308,0.4090115513319716,1.837003205032325,9087.489433643279,9077.176669484363,8371.42857142857,9454.663285432516
LOG00008,Idle 35,154.0,154.5,26.2560157790927,3.0808593897860184,32.200014742798466,22.643471400394482,5.0,1.5664248952921243,3.559546351084813,11254.247675401522,9371.42857142857,0.0,0.0,0.6715980731511743,0.8039709293551112,0.5124724095087511,0.6071715634883518,0.7750735313287299,0.512478256129994,0.22995675098524357,0.5463305863666296,0.00033233641058774113,0.3058917549732773,0.373377155482399,0.23292324547711205,5.458588554406945,7.94855686109453,4.221524429970271,1.1540504962892255,1.7743230786117394,1.9143391235825735,2.602532524754746,0.740747334490139,1.077569716181031,154.064912,0.0,6.077198194705387,0.3094260839470121,1.4966721309758608,10475.091575091576,11825.077486615948,11246.153846153846,11470.667793744717,LOG00006,Idle 35,41.0,41.5,26.78517786561265,4.232454794202132,38.84399506714576,22.654762845849806,15.0,1.379268350146888,4.323102766798419,11184.817899491813,6557.142857142857,0.0,0.0,0.6155481879686938,0.7106631091352942,0.5550188997371753,0.5454358866034976,0.7264109627737961,0.562673808575948,0.41928640674230466,0.38067946399795344,0.16390228989920644,0.27520710313114866,0.37637934929697897,0.2365262024147708,5.1239412770734205,5.993932170100947,3.9356940925739146,0.8183285720523766,1.707109020482542,1.6857927610479235,3.1759969335216827,0.6648088546331891,1.382310222877078,41.027424,0.0,5.088276887807536,0.3018526178009224,1.3386341657917866,11159.599096555618,11427.893845285149,9791.530208921513,12360.24844720497
LOG00008,Idle 35,156.0,156.5,17.07593688362919,7.751193383970029,29.904920601380805,22.60128205128205,85.0,1.4150684635327668,2.6359960552268245,7653.205128205127,3442.8571428571427,0.0,0.0,2.2792064149051123,1.7714342284993068,0.7009790053050959,2.0295710113919814,1.473340184868906,0.5654324520242265,0.6816285072473085,0.6166507364621892,0.35338852360012685,0.3066029428472135,0.4203784796297101,0.2924663658834463,2.118460307809531,5.558968056596328,3.3257404925322076,1.056792378612701,2.0535993556652508,5.169703885552808,4.58859747901879,2.041171368068289,2.9480992241139496,156.381406,0.0,3.9349099843025295,0.344606058116331,1.6331075355105407,7988.278388278388,7443.082558467174,7293.293885601577,7888.165680473373,LOG00006,Idle 35,98.0,98.5,18.088954635108482,9.10611106183786,39.18693287059039,22.304852071005914,52.0,1.5314526326535214,2.987534516765286,8226.627218934911,3428.5714285714284,0.0,0.0,1.555785112576656,1.0978005560241528,0.3877609362657644,1.146602722952836,0.9528851084594533,0.3877609374952301,0.8326901622347231,0.47089823518258456,5.57256335492553e-09,0.30206393149574723,0.3830927120107229,0.3053868329583434,2.6323542082777376,5.629293528871232,4.041827189998412,0.894583863073852,1.5045911247380523,4.778114141944672,3.346227526450812,1.346408811862522,3.116642172944531,98.000376,0.0,4.2799766878586105,0.33229693671510396,1.23775497185684,8120.315581854044,8416.060862214708,7084.981684981683,9285.150746689207
LOG00008,Idle 35,156.5,157.0,42.30986193293885,9.109101013970184,10.208762802342518,22.376883629191322,93.0,3.910313377310155,9.674990138067061,15781.875176105948,10842.857142857143,0.0,0.0,2.1974980002364526,2.384872689619418,0.9008395617644567,2.1796484235162055,2.447550431001404,0.9222061968515438,0.14993494900033028,0.6824391259985818,0.28580111762543137,0.5980477393391478,0.6139708985168315,0.4156173182212176,5.671733475705759,6.690358423808783,7.177180451641209,3.0311632175557714,3.5433241002399343,6.830001111813726,7.706909218625974,2.2930999985538967,2.850084536460848,156.779,0.0,6.543224885174259,0.5499573068156072,3.2972030670557886,15473.908143138913,16650.380388841928,15174.330797407722,15828.881375035222,LOG00006,Idle 35,55.0,55.5,44.31854043392505,6.4742009201201824,12.912752354392689,22.383175542406313,60.0,2.8967262830697518,10.086804733727812,16510.9326570865,8671.42857142857,0.0,0.0,3.3132671439169874,6.698805685473967,1.1556383306341262,3.243648994212207,6.863751103337702,1.15563668942332,0.40492556545735564,0.6209094777274107,5.2635128906893386e-05,0.5970918447782325,0.6202611036210325,0.33064648199636676,3.0824471949146104,3.1777856917920224,5.082587500478805,3.0757647013900127,3.6697533755969043,9.163537210116159,14.149316443508514,5.284493200804514,11.66796837912007,55.112158,0.33925049309664695,3.891550604083093,0.5324689674282838,3.385809972223903,16179.008171315865,16767.878275570583,15001.408847562694,18095.435333896872
LOG00008,Idle 35,159.5,160.0,38.7199604743083,3.58999719224611,59.31746705869605,22.35606719367589,138.0,4.047110208281846,8.243023715415019,14799.809429700734,9157.142857142857,0.0,0.0,7.125942656545142,5.362765278540631,1.680225833331458,8.024402773746989,5.6895808905189735,2.011736510697209,3.3813839672725905,1.2821309006648605,1.3358104833258693,0.9682643617676306,1.0138972107429458,0.6211401709138075,6.100587786008507,8.593715084088913,6.107130394507786,5.477627213642935,6.436238036914702,17.41665642276429,15.022118080369138,6.306279020828789,11.303093586648574,159.996238,0.274703557312253,7.032452202392712,0.8853132289655896,5.976184399743257,10732.72162619989,17179.220779220785,12746.103896103896,18541.191417278376,LOG00006,Idle 35,93.5,94.0,40.171794871794866,4.79679928350212,59.31486091082065,22.210098619329386,152.0,1.801423725695568,7.347159763313609,15818.477035784728,9100.0,0.0,0.0,1.5304535864349735,1.540024682831143,0.7106243213914827,1.6893296438454284,1.4568961217104268,0.730166786254149,0.8425969331302666,0.3515321366436435,0.5148648055440821,0.43608715378387675,0.44242368563168083,0.28840137628660123,2.9263584296347567,3.4343049421237777,5.687978524115228,2.18099083173445,2.4705849659649535,4.882646483864107,5.036161150335631,1.5352465932157018,1.9130398388339251,93.711755,0.0,4.191703066176732,0.3954263846985298,2.3302908704882506,13540.602986756834,17103.578472809244,16089.349112426038,16540.377571146804
LOG00008,Idle 35,160.0,160.5,34.20828402366864,4.071482874220424,19.45135841785452,22.43455621301775,64.0,3.1040903931192783,6.420177514792899,13710.411383488306,8814.285714285714,0.0,0.0,5.851114107577147,3.6877888608341474,1.3930395290869477,5.896023406369987,4.503332989610751,1.8136820985720594,0.7937387036945656,2.0568869257194984,1.2525964579494941,0.8326097041983908,1.192672542620579,0.5517289860396445,5.639466354868199,10.073049113370942,6.084146210341703,4.646239657657674,7.514623772421694,14.338951240674673,13.575996917637111,4.890568626549513,11.29843437889927,160.002157,0.1873767258382643,7.534072256907035,0.89816694578137,6.24728394574139,11230.149337841645,15895.519864750633,11162.073823612287,16553.902507748662,LOG00006,Idle 35,102.0,102.5,36.58379446640316,7.234290205126222,26.611615249135056,22.02877470355731,43.0,2.2315619306746566,7.2125691699604735,14076.792772444946,9157.142857142857,0.0,0.0,1.2449028020482205,1.086842392849624,0.7119741580960842,1.4246806199559487,1.2964620668210747,0.725424193383026,0.8648172978062759,0.5738176244402575,0.21486055712135232,0.39914497107311775,0.615742772576909,0.2619817471628427,3.049188843923159,5.524798707013069,5.127933903965607,1.936805600586372,3.6708784634383904,4.670570548553127,5.972929710624698,1.1685481105719622,2.0493504806458085,102.446831,0.0,4.694559243860872,0.44984823580112565,2.9348394017218844,13305.590062111802,14267.617165443251,13556.60643704122,15177.357425183513
LOG00008,Idle 35,161.0,161.5,29.3025641025641,3.4887100713397197,28.576363548463608,22.402406311637083,58.0,1.2856405441390415,4.403570019723865,12254.346294730909,8928.57142857143,0.0,0.0,0.8502270015709799,1.502938949248275,0.8791097587761899,0.8394749672127504,1.8408873534794312,1.3447427510913823,0.5272465524543857,1.5172091604247684,1.3904588756418201,0.2712384055527463,0.3850327304327636,0.29478931675934256,7.607059518501672,9.671632381976352,6.032205695721114,1.2030982779171138,2.091258443127168,2.7499327587260733,4.361839179250081,1.2210060277017245,2.5333613656388256,161.050882,0.0,7.911917867066339,0.3207913223196379,1.7059905249264704,11468.66723020569,12964.074387151311,11493.970132431674,13090.673429134968,LOG00006,Idle 35,120.5,121.0,32.1069033530572,4.142492993561333,38.28047767098504,22.002209072978307,21.0,1.5667301898955983,4.881538461538461,13060.629754860523,10185.714285714286,0.0,0.0,0.8672365102031205,0.906342491903915,0.5797581664239359,0.7420024050482853,0.8362968549385472,0.5804521347774431,0.4095988411187794,0.3915469184422959,0.0023567405083920246,0.29541482010992126,0.3335483865456134,0.2324522840843354,4.590197959812659,5.189008666032886,4.71551940365913,1.0398005907885184,1.6323395102325078,2.4910094751181107,2.7866262749165394,0.8870050386722405,1.0298480212730823,120.655921,0.0,4.838451938816741,0.2901485289087778,1.3685243047294147,12239.363200901662,13762.41194702733,12374.753451676528,13865.990419836573
LOG00008,Idle 35,161.5,162.0,24.60729783037475,1.7848380707813474,38.191078926039644,22.479487179487176,55.0,1.2193955887894743,3.3141617357001976,10544.25190194421,8414.285714285714,0.0,0.0,1.4942671943048809,0.8579418726918963,0.6702941954989262,1.782221651118176,0.7071523677719488,0.8424104367300654,1.5370116699828984,0.5508961844337269,0.7189945034205516,0.2637865061452477,0.3163741727810505,0.2492285314414898,2.6809001490655957,7.455749423418256,2.936228371368791,0.7006450059966398,1.502951127316676,3.0547276387176585,2.60442651563548,1.218379806319412,2.1913195552902414,161.742477,0.0,4.878417165532712,0.2779633062784202,1.1725539466332664,10524.823894054663,10871.625810087347,9684.023668639053,11096.534234995774,LOG00006,Idle 35,105.0,105.5,26.418145956607496,2.0706234266873285,46.22712937850709,22.2438067061144,42.0,1.1382310383652336,3.5839250493096646,11170.949563257254,7600.0,0.0,0.0,1.0048028472570871,0.7517229816151046,0.49232644517581825,0.9835623612537504,0.7430946124726054,0.4923264457142597,0.8420030839842123,0.189691918663235,6.091953122528477e-09,0.2529980383056488,0.3051427604986313,0.25151729379087345,4.862737276552051,6.74182051253515,3.326959591889457,0.9223369955929245,1.2360734402918836,4.250072513594171,2.468739467058648,0.8873320131000153,1.4231479814352446,105.114521,0.0,5.169365459772724,0.27103570536438937,1.090546441751656,11251.507466892082,11345.984784446322,10133.192448577063,11953.113553113551
LOG00008,Idle 35,162.0,162.5,29.124505928853754,2.166952709320453,42.15984792918058,22.56980237154151,40.0,1.6112386042840776,4.304466403162055,12085.262563523433,9900.0,0.0,0.0,1.652664020013132,1.7402455389047715,0.6033268328003469,2.0376903821088304,2.275255880906337,0.5737236408489956,1.6126140417185224,1.785954816004441,0.17139199986639864,0.3468064820196977,0.4434385715867274,0.27915361683830753,8.91333467264914,9.727357806781143,6.214712604143289,1.445513888255686,2.535282435398079,4.539027076193639,6.27372965583204,1.6970198730014812,3.0472272933014968,162.498201,0.0,8.420049042610398,0.3627851726737028,2.0636336191749356,12350.705815923206,12334.359119141729,10994.184076792772,12661.801242236026,LOG00006,Idle 35,135.5,136.0,32.027810650887574,0.8683770141494571,47.0436068498603,21.896114398422085,39.0,1.5857849047681951,4.928875739644971,12980.41701887856,9828.57142857143,0.0,0.0,0.8666339738432688,0.7659425861670222,0.6857235785307707,0.9830089613318004,0.8310943895119773,0.6256852940022805,0.42233941369116723,0.3336240076118118,0.35576880865956007,0.2890411590726196,0.3369152090355276,0.2605953062201817,3.708488127634954,6.868316151269165,4.5812352217181065,0.8887635871178843,1.8720385098595043,3.11672968747262,3.400603264731504,0.8178393760157316,1.12833937702065,135.536259,0.0,5.225398457001623,0.29719049073026493,1.465337656682521,10410.312764158918,13779.797125950974,13831.107354184278,13900.450831220063
LOG00008,Idle 35,162.5,163.0,38.628007889546346,3.59195416038026,45.367027864952604,22.27984220907298,16.0,2.1947917388447693,7.80414201183432,15020.801634263174,10871.42857142857,0.0,0.0,2.1730828794626973,2.344347823334912,0.724426448526805,2.6293577318124948,2.6770576180531425,0.7053037885283716,1.2292049926104875,1.7071274999701271,0.16670977455627656,0.4294196434909488,0.6145032885342726,0.3077488816538738,3.560221414471386,6.078549823082578,6.674895323737895,2.011705727658264,3.5246975909661726,5.114854416324793,7.403021932144376,2.2603380187251885,3.4146671824772605,162.58502,0.0,5.602921025519214,0.46787637113327973,2.8697084383658034,15270.695970695971,15177.768385460691,13596.027049873202,16038.715131022826,LOG00006,Idle 35,116.5,117.0,36.286193293885596,6.134325345294902,40.82493984593932,22.137889546351083,20.0,2.2652662322015673,6.672110453648916,14082.079459002536,8542.857142857143,0.0,0.0,1.0958591552673425,1.2419144319391857,0.6889084002685942,1.0030405979911545,1.3104937342089238,0.6889085559148718,0.4605810350399867,0.660743094844419,8.441326095406604e-06,0.4547300017873558,0.48636644392404604,0.23512740786197184,3.263386799535444,3.6207157151219094,5.235055455901153,2.0236193606361628,2.734418879052046,3.5216994283875684,5.698368222085803,1.1711658175600252,1.6082725995910028,116.757992,0.0,4.12977325121987,0.40768312459095846,2.4054190822866772,13777.655677655677,14534.206818822204,12904.649196956889,15111.806142575373
LOG00008,Idle 35,163.0,163.5,36.89605522682446,5.546676974946857,50.14732674408896,22.34842209072978,11.0,1.9582772618917217,6.58189349112426,14843.110735418428,11042.857142857143,0.0,0.0,1.2275155827908277,1.3928395157215894,0.6668017445429043,1.2328479798121625,1.318925472194722,0.595820686148627,0.9253976348205021,0.7804807814735327,0.17244822397627252,0.3277499721147707,0.4581296369593226,0.28810975582251097,4.732380860379671,7.962871617496402,6.583187835693423,1.3886356407010647,2.417279447474185,3.0447030992404915,4.65029531839898,1.3127826214857237,1.68702469548944,163.286482,0.0,6.561024185405797,0.3652898574565229,1.9712367779907054,14777.59932375317,15311.862496477883,13363.905325443788,15919.075795998873,LOG00006,Idle 35,84.0,84.5,34.68596837944664,4.45311774592579,51.07403467609837,21.97432806324111,55.0,1.6367218090383853,5.657391304347825,14077.971485036702,9042.857142857143,0.0,0.0,1.6353873836706956,1.0101957143905063,0.9253960025477521,2.0989917792935926,0.9482305558512767,0.742573210067665,1.2498438943963488,0.24524085499130446,0.7085183048753637,0.325555924942798,0.3168530460574707,0.2504631354411149,3.6885481361664754,3.4967680037453093,5.341532222784993,1.2318100872091255,1.4972212324559273,5.347970691190631,3.394659837895362,1.3592253816130402,2.217366789239544,84.306711,0.0,4.2569449261132695,0.29950753762148336,1.3709535932822456,13623.77188029362,14454.856013551667,12920.412196499152,15312.845849802372
LOG00008,Idle 35,163.5,164.0,28.075739644970415,1.556694265664182,51.607595647748774,22.558757396449703,18.0,0.8714764357427053,3.8494871794871797,11991.715976331361,10300.0,0.0,0.0,1.736894895340115,1.3273148512939983,0.4961605039674515,1.6683000037102478,1.0753642792494273,0.5067101640166595,1.249699340951492,0.9448194468846257,0.19045241998651039,0.2662292706840315,0.4291869669161351,0.2506773108835172,7.23702350631032,12.274111251718612,5.8547256172410265,0.7888982163340881,2.3929174926701053,3.2191488210627823,3.6349714925263568,1.5457309908137569,2.6695693117614487,163.758071,0.0,8.893932919011547,0.3255347351315035,1.7816305063707356,11501.493378416455,12659.28430543815,10869.850662158355,12936.235559312481,LOG00006,Idle 35,121.5,122.0,32.853057199211044,0.5601541795033169,50.06937483837185,22.00536489151874,24.0,1.3260687674215037,5.437001972386588,13266.103127641589,12000.0,0.0,0.0,0.8331230298516885,0.7500542592508564,0.6231873801031115,0.8154667713938138,0.7317805393952467,0.604462612819855,0.31717402030985115,0.2708277795435634,0.17493092651608225,0.26774227686843016,0.30549046750347286,0.2313611130750706,5.006285648176098,4.09096454904962,4.1712948428305205,0.8126192701070319,1.4315846765801148,2.4137999047717553,2.706191308905281,0.7926775431061512,1.0408114802442283,121.791465,0.0,4.4421686745154565,0.2699001773505143,1.1639984459543484,12552.409129332207,13843.167089320936,12477.655677655677,14191.18061425754
LOG00008,Idle 35,164.0,164.5,30.86785009861933,3.829297924797568,52.33061945331503,22.50830374753452,28.0,1.363297864053044,4.830118343195265,12706.92448577064,10085.714285714286,0.0,0.0,0.7109092343604106,1.4772793922352223,0.5989614791749323,0.694527733094137,1.5139789417952212,0.6258000038388644,0.2936419302805944,1.1856072430955862,0.30610283771507174,0.2919901332052198,0.3816203621199238,0.2374824573592381,4.863200461230706,7.66073690537092,5.264984997890391,0.9512345567482436,1.8331179024162492,1.9616641488138629,4.071355656735136,1.1592554382494336,2.3256436408771894,164.492096,0.0,6.05688797121199,0.3094566508291191,1.4603370203673833,11875.542406311637,13631.2764158918,11902.874049027896,13418.005071851227,LOG00006,Idle 35,62.0,62.5,31.424260355029585,2.5092222789214533,51.140825763458,22.385167652859963,24.0,1.576568288953151,5.211045364891519,12939.370245139477,10685.714285714286,0.0,0.0,0.8406913748818695,0.8957786023932225,0.5940187836127966,0.8968308941607969,0.9298786493182087,0.6694944858259723,0.36075936454853796,0.35044565110606984,0.39737392650696945,0.26686345308387777,0.35055783379618727,0.2352284430730968,4.6035330343390575,5.465241560622393,4.38659637420484,0.8785711855735161,1.5089544139016287,2.4256193418014913,3.27232131445093,0.8686717712422579,1.0833269988753114,62.499918,0.0,4.840923102893782,0.28835124290716435,1.2346721733628854,12524.316708932092,13357.142857142859,12088.672865595941,13787.348548887008
LOG00008,Idle 35,164.5,165.0,41.142094861660084,1.8372051829564102,56.74130310905509,22.247252964426877,26.0,1.9168030717934974,8.446106719367588,16040.965556182948,13957.142857142857,0.0,0.0,1.2309802283320628,2.0632144965122907,0.6055772188394856,1.2188834210155195,1.8974848848165802,0.6323660293484694,0.2878475628993668,1.2557182991359912,0.23434359059317944,0.37473471752623483,0.4846435017370023,0.2725170170225336,2.1776612183721493,3.851441561284316,8.209548711427196,1.649268336340039,2.66108069482376,3.497881911330434,5.762081310400608,1.6988476066385299,2.454718467751427,164.573997,0.0,5.384313652555486,0.38711365982194895,2.2137565933970182,15125.296442687748,17074.251835121402,15446.696781479392,16517.61716544325,LOG00006,Idle 35,127.0,127.5,40.620512820512815,4.269012853451284,52.99551542484579,22.087396449704144,55.0,2.593931536468812,8.454812623274162,15365.053536207382,12042.857142857143,0.0,0.0,1.2057654104098736,1.1240898202299157,0.6455689710071225,1.2113266918400476,1.1178214488395597,0.6458077975387221,0.2785015815433698,0.5744316468950168,0.0048012274649131825,0.3433517150904144,0.4414505505852326,0.2565276756699659,2.943563877804177,3.968939073365515,6.338076902710261,1.5503331508989129,2.310206967215005,3.513569076147495,5.076923076923077,1.165643202031697,1.5816009905980273,127.218574,0.0,4.639980764883638,0.35523486937150445,1.967306421245164,15546.210200056355,15203.212172442942,14131.33276979431,16579.459002535925
LOG00008,Idle 35,165.0,165.5,29.346548323471403,1.836889929889308,58.00913007871539,22.54264299802761,12.0,1.4262056737994213,4.110907297830375,12443.272752888137,10471.42857142857,0.0,0.0,1.1388259387940072,0.7288984925340602,0.6192354802378802,1.0268628709408183,0.7153655095471009,0.6999148378886336,0.6940941642053707,0.44561770326574446,0.7358644411208183,0.2649159820278016,0.4188986839081967,0.25613316890879734,6.262824508818079,12.038996235640804,5.977352996884586,0.9343150180571649,2.082957953096459,2.350877967682481,3.0938636218252493,0.9560903543307188,1.4837808852085796,165.457971,0.0,8.56133069951533,0.3221080487088333,1.6142580938832163,11437.193575655112,13574.556213017751,11789.433643279797,12971.907579599889,LOG00006,Idle 35,99.0,99.5,31.817159763313608,4.637383620566468,61.030804569290574,22.111518737672586,25.0,1.8194486999785506,5.149783037475346,12803.592561284868,9100.0,0.0,0.0,0.8778275733192433,1.1469067195234672,0.5575517267770728,1.067529062429078,1.063110018108744,0.5575519748857993,0.5517861701565215,0.24194895751601633,8.680506256605068e-06,0.3240468683025999,0.4837073799180054,0.25577362123394426,4.810586357589649,4.98121924835405,3.939127214681889,1.376486779703453,2.56059832725227,2.9960526298692995,4.023108790382196,1.0212679060284897,1.979572228293034,99.499964,0.0,4.5996742463442635,0.3671508988426917,2.0556482734438677,11800.7326007326,13749.168779938009,12050.38038884193,13614.088475626937
LOG00008,Idle 35,165.5,166.0,26.371597633136098,1.7225909375989836,56.017143586921236,22.55767258382643,46.0,0.9609356391702638,3.5287968441814592,11365.278951817412,7757.142857142857,0.0,0.0,1.5308062591400773,0.6355338482483536,0.5887148255466543,1.7268236631093783,0.5591723859819073,0.6868999065298887,1.4229459414495822,0.31108141627037056,0.6443876949656837,0.28954339735216533,0.467467539176383,0.28340534114797555,4.662096664837805,10.838597778971742,5.004207691735509,0.8828667337714055,2.514399148555725,3.508232077228117,3.1138806119508238,1.172021986844061,1.906880371536815,165.874314,0.0,7.399379292630965,0.3571553660640599,1.8843641829351814,9600.817131586362,12988.024795717103,11391.885038038885,11480.388841927303,LOG00006,Idle 35,32.5,33.0,27.33688362919132,4.689162518038816,61.59684671153221,22.631992110453652,84.0,1.277650195584782,4.3801775147929,11436.17216117216,6600.0,0.0,0.0,1.2983790172432663,0.7453722755587207,1.0563872184404604,1.34504364435664,0.7139152058036763,1.300570014269841,0.7338907359456269,0.15280221628334906,1.1409197376499123,0.299669575282287,0.368464757081928,0.2692120328947223,4.781968489119219,4.934412572780531,3.6829168600142843,1.0647798779678066,1.7481282630437736,6.133781391746505,3.047616846293936,1.058623611485493,1.9588069650927178,32.971746,0.0,4.5010934474162765,0.3151947811627066,1.4473611526805568,10466.525781910397,12331.276415891798,10298.224852071005,12648.661594815441
LOG00008,Idle 35,166.0,166.5,25.45956607495069,2.596257777420712,53.68754900649384,22.408244575936884,49.0,1.3891276323905752,3.765857988165681,10766.948436179204,7385.714285714285,0.0,0.0,1.3706215909492352,0.7205195114164736,0.6241531375306527,1.5113707202209952,0.5896623313150178,0.6655096308872493,1.3035905914221415,0.33411864398536967,0.6148399715630917,0.30377856774460943,0.4997344228265652,0.334196195805492,6.286490196932866,8.181800647479772,8.436481743811843,1.0680629137630835,2.7289632373071355,2.8217945805519484,3.388692183424742,1.094931941242936,1.923122556147901,166.490933,0.0,7.694934373662195,0.38888859110274293,2.072196749627063,8060.467737390814,12579.85347985348,12020.73823612285,10406.734291349676,LOG00006,Idle 35,132.0,132.5,26.992504930966472,0.8308303856143584,54.142207615207454,21.967396449704143,65.0,1.6819629958319964,3.6255424063116366,11161.306001690617,8371.42857142857,0.0,0.0,1.8164768169045262,0.90038629864416,0.865478449513707,1.7858768430630874,0.9227187145024118,0.8950590890828913,1.2347605559345194,0.5285524284296051,0.7485897130312114,0.34513430782720594,0.3727921536620944,0.27804416759915335,6.807602874576418,5.23738257405188,4.074866656943685,1.4447693211397947,1.7981074229430762,6.073189375552313,3.8719646761881643,1.4335765611117057,2.8414059822777644,132.07245,0.0,5.488720901290659,0.33436518928027037,1.6310347475988565,12037.841645533954,10375.288813750354,9271.907579599887,12960.185967878275
LOG00008,Idle 35,166.5,167.0,29.160276679841903,1.8129810585621633,51.47071227451585,22.512450592885376,81.0,1.4884150087017607,4.519446640316206,12180.187747035574,6828.571428571428,0.0,0.0,2.1721851855268137,0.8840183001618667,0.7784861678064355,2.8817766773621765,0.8435193966036395,0.9262824669742165,2.30889334192801,0.2760882431669825,0.7780443128846832,0.3581317205715925,0.5511627476775537,0.3025710856973342,3.783590032707985,9.57485218394759,6.533585226939356,1.4961854239024863,3.0720519234698407,5.311074268114025,4.184008706223607,1.6582938272880394,2.55493999897853,166.704034,0.0,7.039912021176904,0.41776706652036893,2.416202996769209,8350.028232636927,13871.287408243928,14250.959909655563,12248.475437605872,LOG00006,Idle 35,62.5,63.0,30.21857707509881,3.0397840882779765,56.47095639911062,22.367667984189726,107.0,1.74252959172915,4.978754940711463,12429.884246188594,8342.857142857143,0.0,0.0,1.1982073305599117,0.915640261749278,0.7736824715650655,1.306453061725951,0.8872015278628267,0.674544565570762,0.8922979518039911,0.5098000988964874,0.5629688375598613,0.3403677919714777,0.5131592957367908,0.29575124528330915,5.874999410013867,6.442640727424262,3.3377762427635487,1.4931919250244494,2.9016901858108537,5.062065381724515,3.9570320654245927,1.0663249729664486,1.6457089597046322,62.765316,0.0,5.39023771451952,0.3943989079173717,2.3075341881962714,10768.887634105024,13860.841332580463,12508.893280632412,12580.914737436477
LOG00008,Idle 35,167.0,167.5,31.902366863905325,1.6820300732109472,46.981455876432555,22.464181459566074,95.0,1.9094569636607126,5.4668441814595665,13035.594533671458,7071.428571428572,0.0,0.0,1.0241670152264997,1.1233458209696219,0.7082965526653222,1.137752483748232,0.977660664018091,0.7655724773747307,0.802623293278343,0.5888368713149688,0.592431974438915,0.40761551705086285,0.6775275076856345,0.41044006989814585,3.1693553913437063,9.39575813621093,12.378796355094629,1.5864976685198844,3.632064726767634,3.4652401859540825,4.887491582038484,1.0749009044018598,1.5176090076201785,167.000004,0.0,9.157140815627939,0.5143458578263411,2.8025764067772236,7865.08875739645,15087.996618765848,15060.918568610876,14128.374189912653,LOG00006,Idle 35,135.0,135.5,32.83057199211045,0.7246792586065994,51.90248857882835,21.999605522682444,46.0,1.7072134379009083,5.352130177514793,13177.345731191886,9142.857142857143,0.0,0.0,1.227947029630633,0.8430034448147024,0.6442392348109345,1.2494316689423537,0.8516128579489964,0.632944228560604,0.32735610057581305,0.3080985536478846,0.309262715777897,0.31081592124813245,0.49192785287755003,0.3049657505864562,2.66507432358419,5.640601910022274,3.491164778718285,1.2001228704605247,2.910790532021722,3.542361284708322,4.58214526470129,1.0532114496975786,1.6871752055008475,135.221548,0.0,4.1274383730403414,0.3792992039576858,2.2263194318773873,10108.030431107356,14179.12087912088,14469.005353620738,13953.22626091857
LOG00008,Idle 35,167.5,168.0,29.167258382642995,1.0887958072863102,38.64124316690848,22.54033530571992,85.0,1.6903698853878903,4.291617357001972,12237.235841081996,7242.857142857143,0.0,0.0,1.9874723433410362,1.186294184912374,0.7309855666228527,2.4773774426884705,1.0465205772774075,0.7874524864569624,1.7124374019324304,0.691819391886963,0.659296502519685,0.29940379100014325,0.48649570499728917,0.4124177873965597,4.061542667358494,11.424000950846644,10.98098605054863,1.0354031051191988,2.386726341835147,4.4540166479036385,3.816811147709316,1.6366643224409858,2.701199544559665,167.839573,0.0,9.444327772196779,0.4067796833697331,1.839636135340392,7839.306846999155,13663.905325443788,13224.992955762187,14220.73823612285,LOG00006,Idle 35,83.5,84.0,30.55187376725838,5.866964599289129,46.33071779907479,22.27528599605523,73.0,1.6047247209104505,4.88723865877712,12292.18089602705,8785.714285714286,0.0,0.0,0.7949119446267874,0.9625988023300198,1.278352246955435,0.9047614839073492,0.9533983127253615,1.3052414907084429,0.4451786814845612,0.5454943453566948,1.2049336293339048,0.3096967563184505,0.47772789547953587,0.2708277213480666,3.58698381825152,6.368163966580379,3.6461455530989832,1.273467020452559,2.6304452690301514,3.0938636218252493,4.290717470337147,0.8827461282717497,1.3186955961232987,83.755208,0.0,4.715730505871968,0.3639980208939155,2.0665140412713665,11467.793744716822,13028.712313327698,11617.976894899972,13054.240631163708
LOG00008,Idle 35,168.0,168.5,24.81913214990138,3.2073954293367217,29.106658950363993,22.614378698224847,66.0,1.3462607414645906,3.426646942800789,10733.143138912368,6171.428571428572,0.0,0.0,0.9905204618702784,0.8819090132656983,0.5243020787294914,1.444405718780157,0.8664047125155211,0.6706902379909574,0.9772041352591647,0.5571970927088632,0.5650533490959366,0.2983927203395915,0.5676853947988334,0.2996649325051847,6.488531819204192,8.438243208564227,7.090110163140286,1.0083438052543274,2.8376218693542365,4.852255011664664,3.8121574441119592,0.937788433779972,1.5709561236841991,168.009265,0.0,7.38409677936692,0.40869874593760225,2.1294195339378534,7300.056353902508,11605.043674274444,11475.260636799096,12552.211890673429,LOG00006,Idle 35,153.0,153.5,26.282248520710063,7.2052112738189455,35.753791034477054,21.917731755424064,77.0,2.1456312127583157,3.6360552268244577,11000.147928994083,7042.857142857143,0.0,0.0,1.0576548484633534,1.4649363992854796,1.0550411263048611,1.4307401471145205,1.4305913195407038,1.7727223922239304,1.0145280913353094,0.8798638315512377,1.8402859157996965,0.43549920770875183,0.5232655697702691,0.3807232770355591,3.6471357947700054,5.998096514184747,4.006653738434938,2.028504889414242,2.8630316163699887,5.663475142554729,6.317066205430096,1.2776291387624081,2.4853422034345973,153.499523,0.0,4.6666203144846525,0.45033936466426827,2.4811068218349277,9138.461538461539,11005.83262890955,11465.483234714004,12390.814313891235
LOG00008,Idle 35,168.5,169.0,26.58224852071006,4.040085201487573,23.891490867547258,22.46246548323471,25.0,1.6891037419848236,4.155207100591716,11079.14201183432,6285.714285714285,0.0,0.0,1.5337374622591018,1.2659288278636094,0.5888415210731082,1.4972600864593013,0.9955751867788011,0.667259765421262,1.234036430536621,0.7448875399785609,0.42051814910665053,0.3020000318324656,0.44280334283684736,0.24366953966645577,4.470063210032072,8.137952198144312,5.273062126683099,0.9924310877006294,2.3110292747622845,2.965614910077132,3.866612255619345,1.4062230264707523,2.1213426638917467,168.794572,0.0,6.16476318206476,0.33992825920359493,1.7784509794541628,8460.242321780783,11788.644688644688,11978.5573400958,12089.123696816005,LOG00006,Idle 35,59.5,60.0,25.254437869822485,5.322805965164124,25.29944539242588,22.610019723865882,29.0,1.7642471879047752,4.182899408284023,10434.411101718793,6700.0,0.0,0.0,6.574248732701102,4.667903220386451,1.6907164022873042,6.575638118050716,4.686728633804227,1.6907164022873036,0.6179609810662843,0.2256617971662611,1.0805708383871308e-14,0.42209351049501936,0.4376133584587097,0.3267030973313018,3.674456278145561,3.72818758492194,2.9127778156888713,1.9968479855663848,2.3338780604104516,14.245245582167142,11.110880996959674,5.701318570046594,12.05443415558275,59.968268,0.22090729783037474,3.4585780417168865,0.398498555793864,2.1719102972183015,9274.302620456469,10978.416455339533,9521.808960270499,11963.116370808679
LOG00008,Idle 35,169.0,169.5,37.929783037475346,4.773819189817443,27.989663378078,22.299763313609468,20.0,2.2945402566683017,7.366370808678501,15018.751761059453,10657.142857142857,0.0,0.0,1.5748891446107272,1.1446162010426058,0.7118068961526148,1.7615868700225588,1.0479804653158318,0.6473484379188014,1.2102501785697704,0.6224741417655622,0.34942000744294677,0.4549081156144968,0.4788841331914516,0.3022358014538393,4.421102909275161,6.57649619912895,6.778445754386817,2.1346422347709555,2.8023673213462534,4.194012826606947,4.604260097492852,1.3766666382065622,2.1826956353778226,169.091531,0.0,6.020625106989125,0.4193717071822661,2.4909797343833726,12939.194139194138,16131.839954916877,15477.204846435616,15526.768103691182,LOG00006,Idle 35,150.5,151.0,38.13254437869822,8.166095421523977,31.428827087043487,21.880710059171598,32.0,2.5341803460680743,6.758895463510848,14834.065934065933,9000.0,0.0,0.0,1.3654241037364214,1.7036078125695002,0.8954763871457868,1.4834711230613977,1.6879455538285093,0.9876195218380339,0.701698682253458,0.43891930161452825,0.8925934376461133,0.4312420395029668,0.5828978821630649,0.3149417323959755,2.515726071545004,4.1129418415031065,4.5053029434403955,1.8825047763434908,3.438601081112921,5.021845767369066,6.484543905680204,1.5438041589062148,2.3852320127365885,150.777585,0.0,3.8097647727390767,0.45640914848756864,2.771984995268463,13631.473654550577,15388.165680473372,14380.529726683571,15936.094674556212
LOG00008,Idle 35,169.5,170.0,18.78873517786561,6.231848866705464,37.323922860650356,22.567154150197627,44.0,1.1156365359268223,2.112075098814229,8718.146527385657,4100.0,0.0,0.0,1.2081651345613287,1.9778421336785528,0.39968444130307523,0.8255169895932349,1.5213449505961376,0.399662873806075,0.990720881572689,1.5041978638282791,0.0009083030667654209,0.3128723427994724,0.39616562722579174,0.2978782748985437,3.387728726216771,6.075580426340818,3.2433217225124427,1.2228732462200218,2.0591898515159626,2.373270120992062,4.0673674853484245,1.6388292312080173,2.826934729387541,169.925188,0.0,4.431272173807843,0.33841186629144077,1.6934700795861473,7197.656691134952,9995.623941276113,8869.734613212875,8809.57086391869,LOG00006,Idle 35,104.5,105.0,19.822134387351777,3.411168617016563,47.043432680745006,22.273754940711463,43.0,1.122839973298331,2.446600790513834,8801.510446075663,6514.285714285715,0.0,0.0,1.6891134402948158,0.6610643632723543,0.42557308783825054,1.8408552999326468,0.6240499067900107,0.4255752000078554,1.5733709811525147,0.15652821536432213,0.000123510693840557,0.3060000887627277,0.35539282466265,0.2851731335378399,3.096012659245875,5.375336112282568,4.608339930851128,1.0175754318486674,1.5337517520840631,5.879219114074959,2.3265948246871155,1.2825970346475297,2.1568079349855886,104.908328,0.0,4.461551659251027,0.3168931629830917,1.3015095459740071,8259.853190287973,9233.935629587804,7949.350649350649,9762.902315076228
LOG00008,Idle 35,170.0,170.5,24.412031558185404,17.103769415538533,37.4729590027409,22.465384615384615,48.0,2.733171819551495,5.445897435897435,9514.440687517612,3385.714285714286,0.0,0.0,1.4521061303462104,2.1862956099295094,0.7446370958885848,1.2732635856462833,1.7311110970422225,0.7093938557473796,0.9884566395696395,1.4649221356594486,0.2891264377659239,0.3776459047325643,0.6197782972093192,0.3430971654895587,2.101107757053777,3.4301011700741637,4.26881125386116,1.6660024662074864,3.6855714457008744,2.977562377521512,5.7760643289483795,1.8558691640018818,2.788202717474946,170.045551,0.0,3.3863942163106846,0.4634857897929307,2.85998261347644,7852.296421527191,11121.780783319244,9151.9864750634,9931.699070160608,LOG00006,Idle 35,21.5,22.0,22.57272727272727,14.461109330746984,35.28190168948046,22.72310276679842,91.0,1.4740393338901185,3.763814229249012,10727.01157538114,3185.714285714286,0.0,1.7786561264822136,1.9106825275600567,1.2065503791135685,1.7976668500041924,1.749153852770401,1.4005352552064683,2.5808613005804486,1.4610142489363793,1.0443084962387406,2.8592693091526,0.4814497331703951,0.4885533304282658,0.37685479599230415,3.7776512451688635,3.8787700765488173,4.043769283494899,2.1481537161042317,2.6971623863513523,9.447064918434855,5.25947291427272,1.5978847797107252,2.457714008135727,21.758491,0.0,3.901605492400671,0.45184722326054544,2.4381600979387033,9773.037831733482,11554.037267080745,10043.08300395257,11537.888198757764
LOG00008,Idle 35,173.0,173.5,47.44181459566075,10.413533669809324,73.10126966747853,21.9036291913215,110.0,4.002844573896141,12.670453648915187,16749.429416737108,3857.1428571428573,0.0,0.0,10.58156067903776,10.243710037263678,4.277589212517112,10.808441294253761,10.245947837246897,4.315453311184506,1.2976002969933573,1.611367007852832,1.1312295389661915,0.924751609262221,1.355277088655451,0.6907551496649781,3.4384331820679175,5.1179186021354255,5.8878761798382735,4.840892932517865,8.002247042679855,24.199124635740333,24.755889064877167,10.414005514971045,24.28567532469762,173.493629,0.5364891518737672,4.922160754341413,1.0277944351305779,6.613251927613974,16925.612848689772,17835.333896872362,13301.60608622147,18935.164835164836,LOG00006,Idle 35,75.5,76.0,42.68658777120315,10.521358833808105,68.38738654012039,22.14153846153846,82.0,2.649571223928422,8.6536291913215,16646.81600450831,9914.285714285714,0.0,0.0,1.401873611183486,1.2628293016631205,0.8785876911686826,1.7644981657230288,1.3240565428688327,1.027595853719887,0.9486918868478647,0.40101958353430395,0.7763218967620769,0.35436365447933443,0.4414442290904344,0.2743479485456721,2.7764757200061654,3.862206685778467,4.463705504449381,1.4659236157314448,2.234256706530356,4.694829082974501,4.299213266866851,1.3341640579163405,2.0873215152921683,75.589252,0.0,3.766082170191695,0.36318654705463954,1.8895548520531262,15422.372499295574,17685.62975486053,15818.17413355875,17661.0876303184
LOG00008,Idle 35,174.0,174.5,38.92702169625247,6.177212019100351,44.6465805802382,22.054220907297825,13.0,3.5487999418962954,6.594082840236686,15521.08340377571,11942.857142857143,0.0,0.0,1.0724587014420146,1.6640177874553388,0.7352857224811302,1.0939022410516883,2.0758341079724816,0.5947631873159734,0.485273093938037,1.414692689388489,0.27992072628993764,0.3251050571552951,0.3960157406636972,0.26354472108486865,4.989981419647757,5.700660148316473,6.483116488769604,1.2420340256191376,1.9920987353864996,2.927122706221607,5.130063765747085,1.399843359677512,2.7114842009636355,174.002693,0.0,5.756973745003815,0.33265476851788633,1.6599858270967514,15397.94308255847,16155.508593970133,14019.63933502395,16511.242603550298,LOG00006,Idle 35,117.0,117.5,39.32209072978304,7.06743128569082,49.845744225443894,22.032504930966468,9.0,2.3684016975649302,8.047100591715976,14995.069033530572,11428.57142857143,0.0,0.0,0.8342974111932886,1.237732033406273,0.6203805747740453,0.8167447186777461,1.3041522834787291,0.6203794183554435,0.465184415834439,0.26138670243341033,7.431804529662304e-06,0.31046258328841225,0.397503191797302,0.21226239910750638,4.164655688331351,3.8367123091564554,5.4942692473861685,1.2214081596360746,1.8773808670419503,2.584279587465972,4.233565509482158,1.0554697430158404,2.0501590697468166,117.473256,0.0,4.555279461180428,0.31593835326216807,1.5837292717445068,14352.747252747251,15659.9887292195,14011.045364891519,15956.494787264019
LOG00008,Idle 35,174.5,175.0,33.31758893280632,5.758357641229345,56.911754689173804,22.186699604743087,42.0,1.6221726837098867,5.514664031620552,13396.943817052512,8800.0,0.0,0.0,2.407548912532329,1.219752670998583,0.7092787773551175,3.4852322176733805,1.419000459629248,0.6828766662166904,2.486640093939092,0.8842138086782996,0.1678531393998018,0.3337000879310981,0.725956783407098,0.2613342315631195,5.182782173753763,7.360117685774253,5.872701540321543,1.371351569816826,4.428270282054259,4.923726536268294,6.059161553810714,1.9084140463541686,3.868905604132061,174.876791,0.0,6.205405890316435,0.4853399429426379,3.2779706236453663,13036.081309994353,14180.067758328627,12022.303783173349,14349.322416713721,LOG00006,Idle 35,117.5,118.0,32.231818181818184,3.703453608589389,58.85353507413936,22.01715415019763,48.0,2.217370262436408,4.39104743083004,13376.722190852624,11157.142857142857,0.0,0.0,0.8374602740300885,1.041971545375285,0.620075423592177,0.8948741877187502,0.9976209735936068,0.7011686553867433,0.4289747358223474,0.38179600901771915,0.3324218067548432,0.27151902012564294,0.326399165002307,0.2568569752096969,6.891871343237986,5.316294091133369,4.644649542311778,0.9169270351467925,1.4663738980777201,3.4893966997266506,3.570575843993166,0.9452630353373368,1.7438778726440494,117.503839,0.0,5.696011553302349,0.28649287304577487,1.222907927185594,12612.70468661773,14224.562394127612,12246.668548842461,14422.953133822699
LOG00008,Idle 35,175.0,175.5,44.35581854043393,3.854665027722664,68.4846432856089,22.18903353057199,51.0,2.217915122689567,9.260848126232741,16896.710340941107,12914.285714285714,0.0,0.0,1.7971634213296561,1.658342016447196,0.7888522930196443,2.3144617940515877,1.6481228415711429,0.8808562935475587,1.7977336061471392,1.1264304407038404,0.6747888854542173,0.3618054996526026,0.4108889997571213,0.32522227067394055,2.768634270557517,3.4226945067791,8.135052832685162,1.369548990051846,2.03270150824589,4.376961380572337,5.043010277871927,1.729146408850255,2.5295312207533116,175.000115,0.0,5.340388812356278,0.36765133620619,1.7331387506165155,16534.629473091012,17656.635672020286,15511.862496477883,17883.713722175264,LOG00006,Idle 35,99.5,100.0,43.97845849802371,3.0063684702165783,67.89982460008954,22.04982213438735,54.0,2.210825886958878,9.24,16667.17250141163,12914.285714285714,0.0,0.0,1.389040494261351,1.5361616616190732,0.6872111685497952,1.4182051477906383,1.582915311236168,0.7391189385938522,0.40120016752148274,0.39443910934268267,0.4408884573611023,0.3932723131436559,0.5231577831911155,0.27551142514027965,2.1642750008771254,2.77458752780757,6.122855426797754,1.7820264469371296,2.966128022225273,4.5924839782963955,5.987470448490038,1.464449750815318,2.09251894953524,99.516736,0.0,4.077245017833884,0.409985253304568,2.4467870464972417,15461.208356860532,17633.738001129306,16011.801242236026,17561.94240542067
LOG00008,Idle 35,175.5,176.0,33.0887573964497,2.422782203142786,73.92119968161683,22.216153846153848,59.0,1.3124085349047547,5.237633136094675,13471.632854325162,10557.142857142857,0.0,0.0,2.7724565525476934,1.5314051662848593,0.7822234317504781,4.160453561521959,1.5363059986258616,1.6356777761130235,3.3430044063768514,0.894697066445251,1.5725132639837882,0.3819819278054538,0.3892850371317121,0.2751543144873992,6.088999189940163,7.735719124863587,6.069204964991837,1.8043763296342632,1.9759211956753904,6.737103246781285,4.54085117445619,2.239611251879284,3.7283353142178326,175.999509,0.0,6.6771378703991076,0.35268632431933056,1.8920938811887322,12194.449140602985,14908.114961961115,12881.487743026204,13902.47957171034,LOG00006,Idle 35,14.5,15.0,35.00552268244576,3.2062083933081817,73.11519494710517,22.801577909270218,49.0,1.7974068559433716,6.2799211045364896,14226.232741617358,11400.0,0.0,0.0,1.4483069776263424,1.4134284526315313,0.6898961340287503,1.5832955515317346,1.3075180635458918,0.6898961340287503,0.8315551569061224,0.7889917140213528,5.919477306028185e-16,0.3206363832391271,0.37926157727217075,0.2400448200833703,4.846369266277916,3.4458203728645436,5.044283992093972,1.2275920016792308,1.8354153869583758,4.340988534834673,6.276816238406998,1.4309739851145995,2.210751850626622,14.952219,0.0,4.5020652334999545,0.31846954323268273,1.56136667142449,13281.23415046492,15144.80135249366,13166.83572837419,15312.059735136658
LOG00008,Idle 35,176.5,177.0,32.7534516765286,1.1804133428141343,64.59225741380652,22.194280078895464,110.0,2.117210247297657,5.8907495069033535,13018.66018596788,5914.285714285715,0.0,0.0,4.218346695630328,2.535891286672769,1.2746702460700579,5.843476697156673,2.685088708406517,1.337209418918541,3.3280997784497037,1.14383661157129,0.946526585911358,0.5258469437903949,0.9545187612268947,0.5848356320092816,3.6091002154115657,9.943873345551355,8.236841773643901,2.7136194614829687,5.262464635391402,10.566591690822177,9.601220336637564,3.480315607984293,5.0314254419676745,176.546067,0.0,7.74062408942362,0.7140620398573035,4.186720949650471,6871.625810087349,15594.815440969289,15012.989574528037,14595.209918286842,LOG00006,Idle 35,118.0,118.5,29.662524654832346,1.102183567404289,59.91197037788761,22.180887573964494,98.0,0.9480446669682904,4.113767258382643,12312.271062271062,8800.0,0.0,0.0,1.056584684156008,0.6207071396911168,0.827266441514158,1.5716813144240092,0.6383612627019402,1.1955255897412735,0.9970460396734077,0.3524616437557306,0.9906932105752281,0.23896640644327627,0.36102706977282367,0.2557304082527786,3.2336567807104384,7.004316327408432,2.371751092988917,0.7103840512618871,1.6353581441101868,5.0743971960571885,3.0489109511702175,0.8665011679324439,1.464390699056421,118.400634,0.0,4.659834998399589,0.2903122056351847,1.2607620234990353,10746.576500422654,13674.18991265145,11934.375880529726,12893.941955480417
LOG00008,Idle 35,177.0,177.5,31.327470355731226,0.3777093484254997,47.644585782134286,22.329525691699608,97.0,2.08623728223139,5.351640316205533,12620.038114059853,7542.857142857143,0.0,0.0,2.2394079134008233,2.0055315309269837,1.02033475596643,2.5722841121723254,1.7114858147556835,0.9477962587339478,1.4173515397662544,0.6942192962208606,0.8409852815720509,0.5590832693807818,0.7767250235932452,0.509380533144553,5.545855499869959,11.40658370846779,9.308387808619509,2.8713440936113694,4.687710889742077,6.549447069562135,7.423123789781426,2.125688655958882,3.2731032831193727,177.007774,0.0,9.083184990581533,0.6259244874381308,3.887110127699197,8711.434217955957,13631.902879728967,11718.915866741954,16417.899491812535,LOG00006,Idle 35,134.5,135.0,30.776725838264298,0.12921676428629852,57.230603242370016,21.98473372781065,60.0,1.527543076877077,4.7593293885601575,12499.852071005917,9242.857142857143,0.0,0.0,1.1319625358986847,0.9283407013715567,0.6976466518571056,0.9944974244896798,0.8555453477067113,0.6538349878148253,0.3447502093304605,0.3307548884825499,0.39455599842261213,0.28062868121605855,0.36456058123243773,0.2885441222828856,2.5363997094038995,5.558769999773346,2.054589886150543,0.9761705311639696,1.801817845366274,2.793342324388989,3.556254040530422,1.0351704305333531,1.5289774790017576,134.822978,0.0,3.721764232032817,0.3135360609848028,1.4490439009556106,10088.36291913215,13802.141448295295,13339.109608340379,12769.794308255847
LOG00008,Idle 35,177.5,178.0,32.45759368836292,0.36503563442221965,25.549810764808075,22.24422090729783,82.0,1.995512875956279,5.548303747534518,13038.116370808679,8671.42857142857,0.0,0.0,3.246361337769709,2.7165311310003166,1.0316481617242617,3.3931406993808,2.7547610515094907,1.1881930441953377,1.0655097237270457,0.6074630993328255,0.8203511744424449,0.5564874424249348,0.7727974678138482,0.3967943749785031,6.051445123168193,9.449647926272366,6.35819500608579,3.070139240193607,4.58137527811278,9.427497654815841,9.84855739894106,2.9931925531996604,3.97887199644514,177.659887,0.0,7.446307311785133,0.5956341091225728,3.8996637286488918,9585.23527754297,13536.996336996337,12621.189067342912,16409.044801352495,LOG00006,Idle 35,89.5,90.0,33.37297830374753,1.2231332052534478,30.583164850084916,22.159940828402366,88.0,1.8435177414291046,5.30930966469428,13541.89912651451,9628.57142857143,0.0,0.0,1.0455578612534564,1.0123098912364636,0.7116463200700316,0.994667174844809,0.948242473954764,0.6252543764965425,0.4112405460447057,0.30722707917634784,0.3940896774498837,0.32218280030422586,0.32889858152571866,0.3041803092602321,2.0535727664922896,4.598660057229326,4.672401674543745,1.2996317981172216,1.6969918398373895,3.0427590510913,3.9135127256779674,1.0290681603091418,1.2772706235451727,89.877916,0.0,3.9663657940871784,0.3185915327830464,1.5114271592028663,10359.706959706959,14246.99915469146,13809.15750915751,15751.732882502112
LOG00008,Idle 35,178.0,178.5,40.80157790927022,6.12870806932095,10.535997630277997,22.165404339250493,70.0,2.8310755728575945,8.781518737672585,15447.316145393068,10257.142857142857,0.0,0.0,2.2561008115695107,1.6637752258128178,0.8464067487179011,3.2442193859846165,1.708728412344995,0.9592428213764896,2.4010459887255307,0.6828221443777703,0.8184020883221373,0.4130070470500448,0.5272477841540426,0.3034693145195427,4.338732563181342,6.6759059815561965,7.1914908997637035,1.8012279982762374,2.982699484773775,6.203803630610779,5.897045695006448,1.9821880427942624,3.098784636277221,178.209402,0.0,6.194348561142167,0.42452274052293376,2.4638302009517585,13190.588898281207,16041.701887855732,15597.464074387151,16959.509721048184,LOG00006,Idle 35,60.0,60.5,41.79861660079051,5.616648219057466,11.366353828530182,22.259268774703553,44.0,2.925366279295978,8.486857707509882,16218.986448334275,11800.0,0.0,0.0,5.707641281205184,6.84549785413414,1.8809560281434115,5.718683303241421,6.897171871563989,1.8809560281434115,0.3453431846963543,0.5653095517581105,4.604934783248617e-14,0.5342009249499174,0.6332881081763799,0.37477426827623456,2.8472294087773315,3.1727214113916498,5.5417255710846,2.888131856619342,3.6531060366325026,15.68552113009095,18.577686475517037,6.302301558394072,12.649605634544363,60.031411,0.38537549407114624,4.03664872411602,0.5250016534376988,3.292908238631949,16314.201016374931,15735.262563523434,14468.859401468097,18357.62281197064
LOG00008,Idle 35,180.5,181.0,34.24260355029586,13.698759626778465,17.540906545327054,22.227889546351086,78.0,3.715582644748144,7.65069033530572,12956.670893209355,5728.571428571428,0.0,0.0,9.996489985688505,8.000549658318702,3.570861555277077,10.131545333857908,8.072846673828817,3.4563061484034847,0.5933347067462537,1.0233919109084377,0.6713222821096928,0.6344174104177228,1.2560453526977335,0.5221469810385141,3.198320178105501,7.208933469166491,4.776418311914227,3.3173848110436714,7.558269881178971,19.693759962474562,20.299386413322853,9.053690045202401,16.813440208393896,180.868191,0.45759368836291914,5.323286754594856,0.866558874415031,5.83662940322925,12893.688362919132,13674.866159481544,11732.713440405749,13525.415610030996,LOG00006,Idle 35,82.5,83.0,33.56134122287969,14.58912636394154,23.746112984586873,22.178126232741615,78.0,4.007856699679368,6.440414201183432,13639.80698788391,7742.857142857143,0.0,0.0,1.6876441834827838,1.1286159308720243,0.9351371025892646,2.52316832453741,1.107314043922417,1.110241955340554,1.7104164999260791,0.8133101111233969,0.7444332352683265,0.35309839321356995,0.4294396534341454,0.2674966324437435,3.1830173606117045,5.145109145406603,3.349071557251387,1.3772774671030177,2.169636608754155,6.746172850307999,5.278066707202598,1.43560384672468,2.749430322188055,82.500267,0.0,3.9924941215440914,0.3562074955230386,1.817170360125314,12886.052409129332,14249.535080304311,12565.934065934067,14857.706396167936
LOG00008,Idle 35,181.0,181.5,44.43372781065089,3.7635732670646718,14.24509792893857,22.273136094674555,46.0,3.6841019636844816,9.224792899408282,16884.030712876865,12914.285714285714,0.0,0.0,4.024857639948425,4.5733487581106,1.175418421187683,4.142719025587304,4.629207659254465,1.165366147538711,1.0996158798433888,1.3120071392122485,0.3400322842931207,0.427625612718516,0.5621217297493885,0.37929544445346625,2.413266352595064,4.378660935486483,8.08116582171415,2.0920818700256922,3.1978858979347495,10.918742368571694,11.638625077231541,4.307841564238578,12.193052228896645,181.00335,0.1203155818540434,5.486400371663365,0.46285690297415644,2.7021547667648633,15579.628064243449,18875.965060580445,16471.20315581854,16609.326570865032,LOG00006,Idle 35,44.0,44.5,47.58757396449704,4.025851304970956,22.19784654620706,22.295581854043395,88.0,3.2087035564156925,11.53895463510848,17772.393632009014,11714.285714285714,0.0,0.0,3.051374702883805,1.604874588493631,0.8823943471325411,3.4047342883913134,2.092649984824358,1.4468664230257129,1.60264576281227,1.0043492767345894,1.5390141812801819,0.37103941737111135,0.44162729189031785,0.29252945943979136,2.157421327609074,2.537289372144001,3.6098378006794887,1.569572746879266,2.3783824746202042,8.145980725019339,6.467183126654786,2.437879203548837,5.106658267854031,44.190479,0.0,2.8356794065403994,0.3733980890977735,2.0149766504015205,18226.852634544943,19054.1842772612,13895.745280360665,19912.79233586926
LOG00008,Idle 35,182.5,183.0,30.413241106719365,1.315175400154633,22.69611393677446,22.213992094861666,129.0,1.635007487172007,4.840256916996047,12442.934782608696,7242.857142857143,0.0,0.0,3.3321998247892677,3.0468070296854353,0.9547036615265235,2.9176073664486704,3.1726392947199353,0.9984883374018122,1.7169241994462492,0.518403584950603,0.6412890823308802,0.43434862888081066,0.7087597711413899,0.6051645095241568,7.240235049653533,9.65262301293899,13.254900419102416,1.9447321367321433,4.192490233831451,7.1055008474061925,9.497867453592301,3.1926939055025447,4.347235220578616,182.720958,0.0,10.348695887638412,0.5936394046295131,3.267947172493068,8326.341050254094,12984.415584415583,13199.15302089215,15261.829474872953,LOG00006,Idle 35,145.5,146.0,32.133136094674555,3.9589917912486876,27.77872711524652,21.919171597633138,133.0,1.9152172108860832,5.483096646942801,12706.790645252184,8814.285714285714,0.0,0.0,1.2877748487691782,1.3895119657343453,0.8683314278433883,1.598877810769204,1.590427517437052,1.4312934990695594,1.1831372668348594,1.064774725135182,1.3777666325079776,0.38343015274340386,0.6650119866294679,0.2888645004243779,4.542662786067449,5.76812299357595,3.983443369164024,1.7043076373713266,3.9117882670706723,4.035102388050554,7.240854940967546,1.3396095632760694,1.8516591072244983,145.851704,0.0,4.822684215672101,0.473533639776214,3.017180137909734,10524.401239785857,13643.92786700479,13079.177233023387,13579.656241194703
LOG00008,Idle 35,183.5,184.0,34.057199211045365,4.59794165912845,17.144243357516608,22.279999999999998,95.0,3.4615402902288577,5.166114398422091,13923.49957734573,10471.42857142857,0.0,0.0,1.6096126998754776,1.4701047813984058,1.0441274249584045,2.023334925368553,1.264227857760326,1.19254989146586,1.5792679820377034,0.8184396838110112,1.1438698493171686,0.30952992563724074,0.4108511878783684,0.31345611560930225,5.212747439294209,10.428444998380003,6.131644896968113,1.3513775307003777,2.224713788492969,7.091261950825595,4.35437162725514,1.5414378209793091,2.3891501427065434,183.500343,0.0,7.605311084863007,0.3477845165515251,1.8405940170489237,13661.820231051,14070.160608622147,12626.458157227387,15335.55931248239,LOG00006,Idle 35,21.0,21.5,35.45463510848126,6.023533173192494,24.326385976162676,22.762504930966468,96.0,3.304120026331819,6.3456213017751475,14570.32967032967,11400.0,0.0,0.0,1.1884526641879904,2.061985816938274,0.9106631366444687,1.571814534940991,1.993006427884618,1.1138055154255713,1.2838515239471375,1.8723239444450657,1.0120793219955775,0.2908999440132111,0.3834582851485161,0.28008169389022874,3.8515554266830536,4.041792661619347,5.4204102304937365,1.0050032019107855,1.8680036436528298,4.015011280414296,8.973882771248489,1.6828852076523417,3.3609545123758866,21.053008,0.0,4.492638949480688,0.3215114249542567,1.4999115054814376,13884.86897717667,15083.6291913215,13660.411383488305,15652.409129332207
LOG00008,Idle 35,185.0,185.5,31.563636363636366,6.792184957742218,21.448211355374443,22.39956521739131,68.0,2.116615189905062,5.307015810276679,12578.289102202145,9057.142857142857,0.0,0.0,1.5986936822202733,1.2175653589336908,0.668773653602102,2.1049552002534067,1.2031838461849704,0.779195165661501,1.3705567950794793,0.739922817091857,0.6134603095334591,0.3659726698575709,0.6040890018574983,0.31021652846014375,3.973555659072349,7.315128237336988,4.91410794762975,1.6627093185477557,3.56965487246646,4.323161264648602,5.593792437514293,1.4209656739074212,2.2650991337505926,185.122268,0.0,5.581179762540913,0.44538141398795494,2.784514157488617,12164.793901750423,14002.230378317336,11822.219085262563,12323.91304347826,LOG00006,Idle 35,48.5,49.0,33.12747035573123,8.007830673717045,27.342149378195586,22.59606719367589,116.0,2.846900201177176,5.6613043478260865,13380.92885375494,7514.285714285715,0.0,0.0,1.784967775955481,1.6319018964017304,1.301828414858185,1.989220121107224,1.6612709544011164,1.386914073323984,1.2634738505287064,0.6949024056998958,1.0775806762577775,0.42298601974007977,0.4908049005390113,0.33185868158286536,5.863938759296972,4.936339868797315,4.9901995073792165,1.9801386518780488,2.731472973754523,7.3366264015909755,6.455992711987306,1.7101482042032239,2.4038250808705532,48.709109,0.0,5.280635069020609,0.4202922823585914,2.3855705488428547,12795.849802371542,13726.623376623376,13023.489553924337,13977.75268210051
LOG00008,Idle 35,185.5,186.0,34.519723865877715,8.383302974367671,29.23181128477683,22.301913214990137,61.0,2.3647814316189635,5.966587771203157,13948.73908143139,8557.142857142857,0.0,0.0,1.6558659382895302,1.3953459132417776,0.5891913979334644,2.724582051348658,1.789216839921335,0.4966605178286938,2.0683472806224183,1.298695316915918,0.24537930694993207,0.36997655402984064,0.47576232910666216,0.2930074110223628,3.083314962128861,5.878873787572677,6.818515171742116,1.6311926695487637,2.7057072845135584,6.133459822038469,6.386931924506791,1.5311567887038866,1.975329581660745,185.937181,0.0,5.49424357284283,0.3869047200723623,2.234014484583679,13809.89010989011,14507.326007326008,12882.69935193012,14595.040856579319,LOG00006,Idle 35,86.5,87.0,36.81679841897233,4.016597780966952,33.84728296563463,22.133399209486164,72.0,2.347765674040326,6.402786561264822,14640.796160361377,9371.42857142857,0.0,0.0,1.4177070874755475,1.315142715219465,0.9376832583682206,1.6945112047500857,1.271842276712953,0.8687450465638766,0.9971972866551756,0.5017444384935451,0.47070258604949355,0.5017709229436224,0.47321281076088306,0.28669500814352356,4.61677599145586,4.572572093707031,4.7081759448861895,2.6055373209555337,2.6764703099082263,5.939251093977442,5.464943974847441,1.3673868778208353,1.8775095381153908,86.500872,0.0,4.632852139357085,0.43123792778245784,2.6412419475232074,11588.791643139468,15135.573122529644,15240.513833992094,16598.306041784304
LOG00008,Idle 35,186.0,186.5,17.92741617357002,1.2762346887017735,31.20682689438535,22.43234714003945,45.0,0.6506873018335736,2.006213017751479,8118.998309382924,6514.285714285715,0.0,0.0,2.8089999789620155,1.7459952298534223,0.41295097686816995,3.1618624217210987,1.667514671750561,0.38249490148893006,2.6151200422689285,1.392483588932675,0.28458621950877244,0.28826620666439823,0.351346719908361,0.24083981883579741,1.7727792956243706,4.6048145094976,5.57163447689583,0.6293178224515144,1.2213906408149353,5.233973377612293,3.7289845057048683,2.338694104033222,3.6583294087856477,186.263737,0.0,4.296904848919679,0.29695439707801685,0.9715544295420189,8048.295294449139,8322.569737954354,7469.540715694561,8635.587489433641,LOG00006,Idle 35,54.5,55.0,15.217357001972388,3.320395184051066,21.93272457592001,22.59662721893491,30.0,0.6409198733639612,1.9509270216962527,6962.024513947591,4400.0,0.0,0.0,2.115934875626113,1.65312345054714,0.5591465055728122,1.899632612829522,1.6377432541812051,0.5591465053729048,0.7323837152936891,0.5938000506110369,1.3167144784542166e-09,0.29578643148337336,0.29646068673081366,0.28344679915739757,1.190582330465044,2.8262949488594673,2.3186836831286968,0.8415803624109803,1.0582735745700307,5.484962408556157,5.548779562670379,1.8986834307803633,5.142191537254139,54.999684,0.0,2.219738982100626,0.29195926643920045,0.9560858918081125,6356.128486897718,7406.987883910961,6071.062271062271,8013.919413919413
LOG00008,Idle 35,211.0,211.5,15.479289940828401,4.567921021033076,10.368001718319489,22.31051282051282,64.0,1.7305423901735613,2.3475147928994082,6991.420118343194,3385.714285714286,0.0,0.0,1.9460291232061038,2.527097130862231,0.8045475931086098,1.8920992135259687,2.5207639935141186,0.9416452167017694,1.4199725696390353,1.870887690309666,0.851230738413139,0.30692153961731883,0.3941192772184897,0.3483531302984582,1.6172914692261042,4.946469043617811,3.862522609014667,0.8535473819276987,1.7400420063273976,4.125735843757509,6.262817232238072,2.2553546569418343,3.5249739136632154,211.390249,0.0,3.741758436931771,0.3516061904768954,1.370454179638908,8069.118061425752,6945.703014933783,4533.812341504649,8417.047055508594,LOG00006,Idle 35,125.5,126.0,18.89090909090909,6.134793240718063,16.110762303355195,22.201264822134387,59.0,1.4451002635292203,2.616442687747036,7995.623941276116,3828.5714285714284,0.0,0.0,2.9505011767111315,3.0013991240517797,0.6839721519723688,2.708689619942358,2.849301060428124,0.7238787206372858,1.6697235107893018,0.9363080274751013,0.3834214221047945,0.3162246671856229,0.34890407758644826,0.29669390985455507,1.6737047999104047,4.114464938603664,1.655395640991285,1.1313246887557153,1.5409394429119059,7.932521741903438,7.332180410029297,2.976058962422667,4.908177595744502,125.862041,0.0,2.7368134887404447,0.3213302411527696,1.3517377552820424,8247.120271033315,7375.155279503106,7566.374929418407,8793.845285149633
LOG00008,Idle 35,211.5,212.0,29.31439842209073,3.445302347733119,16.052661064526124,22.30502958579882,60.0,2.402241427095527,4.81861932938856,11943.068469991547,8414.285714285714,0.0,0.0,3.892297845362256,4.463043162564061,1.1233320789317518,3.9677869169639868,4.505136030614742,1.1269113083788103,0.9481009751342807,1.466774877411353,0.0569073883684514,0.4487045566225169,0.8051836885688755,0.39840545678577566,5.465707793312958,9.278426095983392,5.002359610662134,2.182829058775269,4.918681246515553,10.895233563279957,14.234164529125307,4.18740592658041,7.677208984456055,211.999955,0.0,6.855332575810149,0.579765314435612,3.8051391501926397,12672.527472527472,12304.621020005636,10628.79684418146,12166.328543251619,LOG00006,Idle 35,90.5,91.0,28.127218934911248,3.8442570652884505,22.30389578946253,22.143925049309665,35.0,1.3701514676863562,3.8891124260355023,11892.061143984221,7600.0,0.0,0.0,1.2476580317698078,0.975468462723575,0.6259950618248148,1.6090215972119768,0.8898115480266519,0.678675937081107,0.93141687920169,0.514998043854898,0.44884887023028724,0.27804199875785124,0.3347198097428483,0.26899644186122906,3.740742474481364,8.151619044257279,4.170766606337283,1.0399477601938647,1.4663478233498934,4.675674597195148,3.239304963559745,1.1198636716154347,1.9404165298875633,90.762869,0.0,5.710730875221522,0.29535503485441106,1.2711544522549583,10756.804733727811,12166.97661313046,11573.96449704142,13070.498732037197
LOG00008,Idle 35,212.0,212.5,28.84110671936759,2.615998581334436,29.421191180180507,22.35286561264822,76.0,2.409419907127883,4.142193675889327,11974.033032185205,10057.142857142857,0.0,0.0,3.752267475995893,3.7115326456246156,0.950713727374973,4.080259069632958,4.113738671943314,0.9507001318573106,1.8755958344278345,1.4451835974450324,0.0001912878181621172,0.49261854420242607,0.5365646367346437,0.3537391045274785,7.786202096916756,8.733933486898529,5.847337725515614,2.5687517179636963,3.2641176026153493,11.548916414786767,13.192104477806401,3.7319556395376585,8.16407175314529,212.029553,0.03557312252964427,7.55199522695463,0.4675132773723115,2.9370860654945767,12262.84584980237,12031.67701863354,11508.074534161491,12093.53472614342,LOG00006,Idle 35,138.5,139.0,29.39268774703557,0.38944306200716566,38.26736004609094,22.078715415019758,55.0,1.486836049618802,4.2388932806324116,12026.051665725581,8857.142857142857,0.0,0.0,0.9092456635750125,0.7554470156788948,0.5758243408122752,0.9376684772947464,0.8495664078315726,0.5619660102618704,0.6529754656092543,0.47672424464539914,0.1955638628842325,0.2817618957850433,0.29387178035040434,0.26472239825361554,3.9129288580749257,7.886173381486505,3.6637704055307307,0.9109379605697727,1.371631930599662,2.843757465350927,3.7313435785499265,0.8358911024254634,1.149439828343986,138.897447,0.0,5.505329431125948,0.2803737608620819,1.1642985272359436,9167.250141163186,12601.044607566346,12810.897797854319,13525.014116318463
LOG00008,Idle 35,212.5,213.0,36.58599605522682,5.835741498748992,44.0618978195325,22.24493096646943,63.0,2.1690079681264196,7.0137475345167655,14243.138912369683,10371.42857142857,0.0,0.0,1.8586570986978375,2.122379052523422,0.918798434658762,2.29720204513051,2.3314008149744123,1.0287572658480335,1.6468415251928936,1.594717180424001,0.8872647793433496,0.3631305231666988,0.6355922623582873,0.3095996210399227,5.506565877258069,8.008374978774457,8.187251160365708,1.6487913881038128,3.569686100224566,5.006307658425387,6.808597650940066,1.9948808301663146,3.1723968944659906,212.802041,0.0,7.336834447365643,0.4588729766769558,2.7803931282843575,13800.986193293886,14883.291067906453,13529.47309101155,14758.805297266836,LOG00006,Idle 35,111.5,112.0,35.68737672583826,4.633357997545928,46.27884860355753,22.164694280078894,40.0,2.200590041537566,6.205325443786983,13962.426035502958,10685.714285714286,0.0,0.0,1.5376508930876862,1.3130097654990984,0.6480050959874393,1.779434004139025,1.238345902460584,0.5949082864137824,0.9464250251521626,0.46262248610081985,0.29618044938915644,0.3727002071868221,0.45636929585559066,0.25348362671790764,6.39916912333879,4.510446345725789,5.445794181367862,1.5744164079614116,2.472832117030614,5.457745161559004,4.741856925360751,1.4297490887056645,2.264356785973956,111.858715,0.0,5.506062294495155,0.3703297303984165,2.072882739649812,13801.859678782756,14026.965342349959,13125.838264299802,14895.040856579319
LOG00008,Idle 35,213.0,213.5,38.712623274161736,1.4019141683409855,60.754044608011355,22.174516765286,74.0,2.0255118088256756,7.065719921104536,15234.474499859114,11942.857142857143,0.0,0.0,2.4514917553347417,2.2882877006429423,0.8842876673569318,2.616186179722594,2.93984530518204,1.0250039778306215,1.9203573093663726,2.1113105131649657,0.6819775123129751,0.4012218630130864,0.44923166847131724,0.30615090718893423,4.926635258130991,4.209511693392946,7.05804676348982,1.8972532445346042,2.579547688522407,5.449064845669181,6.852201304828506,2.371294206481767,3.0955225916026015,213.427529,0.0,5.531960104070421,0.3900924904386236,2.2642477946614377,13370.667793744717,16882.783882783882,15242.32178078332,15442.124542124542,LOG00006,Idle 35,79.5,80.0,38.49191321499014,4.431667653790364,70.05364394073317,22.191913214990137,47.0,1.8765049934310605,7.883846153846153,14622.041420118343,6428.571428571428,0.0,0.0,1.582843645116909,1.3440127566854676,0.697789674660088,1.5148101060758485,1.6515724226432233,0.7875773923081608,0.8534016445051578,0.833919389141194,0.5861518400171216,0.4355985230548297,0.7222457480168151,0.2891343330103003,3.056802626872381,3.6805650789742943,6.2764159840646165,2.08877701472679,4.491246653298296,5.183420694736182,6.613148101369792,1.468292255482582,2.0422842825273824,79.923326,0.0,4.556460585631524,0.5147762155672532,3.502448137946808,15003.606649760497,14980.163426317275,12184.446322907863,16319.949281487743
LOG00008,Idle 35,213.5,214.0,34.65384615384615,1.6816916438544438,66.00566291649719,22.240216962524656,81.0,2.083927000019267,6.135917159763314,13765.511411665257,7942.857142857143,0.0,0.0,1.7190868760816946,2.176494330519995,0.9365480881166295,1.7997977751877425,2.417034722526576,1.0133204655744732,1.1679477347852014,1.3884171683972208,0.5345979010450091,0.3944928501444159,0.5882396037494879,0.49968775414222943,5.947163544548649,7.2734023389260605,15.898296490626283,1.8692363665975498,3.589888883893749,5.386446575072884,7.615773105863909,1.9611714940695522,2.701692303014596,213.832023,0.0,10.661878619851873,0.5004458984659329,2.8619352537151066,9537.588052972667,16228.881375035222,16369.87883910961,12925.697379543531,LOG00006,Idle 35,134.0,134.5,32.78934911242604,0.8191765784497699,58.6025130890605,21.984714003944774,57.0,1.4179702632675293,5.236331360946745,13174.211045364891,10471.42857142857,0.0,0.0,1.143426839969853,1.2372144109093355,0.8223386459547966,1.118006189509339,1.1970735847988674,0.8942171407999486,0.6738564063517365,0.44496702555121453,0.5873469582800664,0.35096107597819615,0.36552240083165494,0.2584192853158042,6.708814392504259,5.488899986437158,3.7367522112184264,1.4782153720598843,1.7454961692287383,3.5051385215461637,3.9958064803000517,1.1912439794024519,1.5394584922035093,134.15705,0.0,5.44975628513875,0.3284107333734395,1.6173864045098099,11832.854325162016,14322.992392223163,12931.811777965622,13609.185686108764
LOG00008,Idle 35,214.0,214.5,36.32998027613412,2.4883493018729665,60.678094082363536,22.30930966469428,68.0,2.7570443528972786,6.945581854043392,14190.729783037475,8085.714285714285,0.0,0.0,1.892428930164404,1.8788318793010932,1.083861206673154,2.062222050468942,2.1584250333001167,1.1772678502356557,1.3643876762972895,1.0676328124601322,0.7577294094292474,0.4059447337036618,0.7255511411658556,0.4045528682104997,3.7137384445581914,6.558451171873854,9.837624207079166,1.9238026599146028,4.225671707135462,5.537393059327749,8.00431343280434,1.8856426605273424,2.42923123376412,214.154629,0.0,7.155044492015243,0.5338160133873077,3.2830868135627815,9474.161735700198,16072.72471118625,16940.180332488027,14275.85235277543,LOG00006,Idle 35,133.5,134.0,34.11301775147928,2.3392180299825283,57.63785036390444,22.165207100591715,32.0,2.217578739974538,5.795305719921105,13693.709495632573,11514.285714285714,0.0,0.0,0.983044828769572,0.8162401180287409,0.697060839997214,1.2045213049548384,0.8883120472852527,0.679936390530017,0.8423664433699,0.3275715958598736,0.40445353774397547,0.2620494479261766,0.36869725075581633,0.2384503839799844,3.627491079803943,4.487341833021516,5.285292170803682,0.8779764821641555,1.78944180527057,4.146241852450699,3.7966039013086355,0.9035001565163586,1.5569088066809804,133.506908,0.0,4.5177148202456205,0.29522091247827353,1.4094226970081298,13819.723865877711,13762.69371653987,12287.883910960834,14904.536489151873
LOG00008,Idle 35,214.5,215.0,35.81600790513834,1.275971563463523,50.20154123795552,22.135612648221343,80.0,2.261565313586543,7.037173913043477,13927.4209486166,6657.142857142857,0.0,0.0,2.3228683589017387,2.1526532955491504,1.1691208696380995,2.8738860898565837,2.5340176590271715,1.2814719190106794,1.8057624697780235,1.438542739077265,0.7100813955488761,0.4531432816134467,0.781603755203715,0.5512212228394043,3.891147037539738,11.624127848177524,17.18070607830643,2.2656151034089236,4.3658621471434715,7.31504486814161,8.804979726506456,2.2393786664636997,2.9280209544178897,214.951761,0.0,12.185210090483814,0.6110341235229887,3.478057222405551,7424.082439299831,16596.13212874083,16741.89723320158,14947.571993224168,LOG00006,Idle 35,131.5,132.0,34.47534516765286,4.65813149056823,48.50540383252898,21.844812623274162,70.0,2.2917483979880484,5.529112426035503,13724.020850943927,10500.0,0.0,0.0,1.2963327562201545,1.585051054217125,0.8503209863083384,1.1889638254340364,1.7260803290273783,1.4064827066977612,0.5404072539549043,0.9262182140683329,1.1351147735625504,0.33369223440607215,0.42828523017011766,0.27520191966784385,4.432299613541905,4.099316895870979,5.602381042384504,1.4723976310824805,2.394232677847172,4.532155549520483,7.880768292225044,1.4479063262732437,2.2817303458224156,131.999445,0.0,4.755220016678034,0.351432706822446,1.9874990439857503,14109.664694280078,13266.159481544097,12281.09326570865,15239.165962242885
LOG00008,Idle 35,215.0,215.5,35.969033530572,0.9397887068226353,37.9789068490589,22.15936883629191,82.0,2.29812261212484,6.758836291913216,14150.788954635109,6714.285714285715,0.0,0.0,2.421644578447312,2.224705247281804,0.902587385431389,2.6971338123451942,2.1078756840458817,0.9058412923778055,1.755928709495754,1.0881544111609096,0.5912151816994289,0.5368211488280117,0.8522725916572673,0.549616812898567,3.5019181332740685,9.382320877675927,18.221094504197872,2.6681422265450134,4.686325409614058,7.19247908749571,8.563603547568109,2.325260835003941,3.0639663882270707,215.021806,0.0,12.004161231211134,0.6624762026769966,3.8131764177563925,7670.836855452239,16385.038038884195,16687.799380107073,15859.481544096929,LOG00006,Idle 35,142.0,142.5,32.389940828402366,1.5931180263271099,45.12502824438619,21.929566074950692,66.0,1.2443381830858917,5.380571992110453,13003.599605522682,10157.142857142857,0.0,0.0,0.9058606528711456,0.7784707077026595,0.7546027439214595,0.9922037345306095,0.8002961756129588,0.9072418120172704,0.9831227107867847,0.41622383824691933,0.9504136058042627,0.26372654374250043,0.33381055364377404,0.2634812532155498,5.22518678456852,5.207107233477217,5.400027615249154,0.9071443350584352,1.5418654644147114,3.478590478336927,3.1591575038485007,0.8445709458568942,2.290487107779523,142.499377,0.0,5.278157535858313,0.28890802826872347,1.264962441138749,13208.819385742461,13064.468864468865,11229.078613693997,14512.031558185405
LOG00008,Idle 35,215.5,216.0,32.93293885601578,0.73484681695415,27.89880228367089,22.304477317554237,52.0,1.811323836607193,5.640808678500985,13294.878839109608,7871.428571428572,0.0,0.0,1.9488364603692296,1.5363408929679567,0.7992777952113671,2.138025780839839,1.7650199936327773,0.6960382481987973,1.470927486319869,1.218702769142585,0.4439131100471189,0.3790833940989059,0.5575687144316306,0.5370596745386151,3.3155415661142764,8.00091442335105,13.3079343254264,1.708648866475279,3.0757208810060104,4.591175825810948,5.3404784485260866,1.7547516759744166,2.607674155652861,215.657141,0.0,9.167125385424457,0.49766795657680934,2.487924826714388,8748.605240912933,14532.121724429417,14762.975486052408,15135.812905043676,LOG00006,Idle 35,141.5,142.0,33.99367588932806,2.6407043926609193,37.445061522963826,21.839980237154144,60.0,2.175614136556688,5.474367588932806,13643.838226990401,10014.285714285714,0.0,0.0,0.9191391157945097,1.4208600228401063,0.8844270359625258,1.2509164378662163,1.646027568822699,1.4637141405235192,0.9122486801005639,0.9701717528707337,1.112914411655164,0.3300470057057008,0.41017145397214066,0.2657061785586886,3.0231536839750115,4.1186936315783,5.905137740431874,1.286780212059866,2.335673896426736,4.005431095508892,6.232643885412638,1.1965909741195404,1.8933480460333072,141.503939,0.0,4.5082793155559235,0.3404758537464787,1.8856266683251595,14576.651609260303,13967.871259175607,11048.616600790514,14982.213438735178
LOG00008,Idle 35,216.0,216.5,30.360552268244575,1.7078257313117047,25.213018917387398,22.361972386587773,68.0,1.7072752335203434,4.648698224852071,12535.834037757117,9628.57142857143,0.0,0.0,1.8854279451352502,1.1468921647749684,0.9251810126517761,1.9774629363616216,1.1403035911768657,1.056066371546044,1.28326716490741,0.8777356713528408,1.057834179462012,0.277634393156707,0.350576661123171,0.26842041697796376,8.044824003753401,7.132224782882948,6.951167217732814,0.9222740926022889,1.660877677380706,6.757127875089799,4.397417208601985,1.5604807230336335,3.1419672831489347,216.180998,0.0,7.391584162496788,0.3011280856149575,1.3433361755545232,10337.757114680191,12980.529726683571,12980.107072414765,13844.94223724993,LOG00006,Idle 35,87.5,88.0,33.39644970414201,2.0656071643779463,34.986182563281034,22.33696252465483,45.0,1.709076587913986,5.613037475345167,13445.202874049028,10400.0,0.0,0.0,1.0966645934081838,0.9040710352286528,0.7643775068797348,1.2582017427768717,0.909283219464128,0.8081750966456748,0.6035778659721802,0.46527839384746766,0.6252974903755009,0.3457542752033367,0.38763096301469946,0.2686730307601733,4.427333711375169,4.555176770123457,4.6046067349174296,1.4173763855671304,2.126551873209684,4.271366986912226,3.6593076591588605,1.004991956976409,1.6183690503462937,87.97777,0.0,4.5296549678092966,0.3376334204266244,1.8070941712892228,12058.04451958298,13887.179487179488,13406.959706959706,14428.627782473935
LOG00008,Idle 35,216.5,217.0,29.011637080867853,1.451532103054898,30.680961350686,22.321005917159763,67.0,1.3441142098742171,4.579980276134123,11958.453085376163,10157.142857142857,0.0,0.0,0.9886700808454577,0.9711943639878801,0.6733205912185407,1.0125011140360114,1.0288622099015883,0.651427812498431,0.6836030337675852,0.7889913321501323,0.5801044507356975,0.2568731445888855,0.34069348149766304,0.25726804016927934,7.5358929176290035,9.725677916923349,6.182678693763829,0.8506584350089075,1.5083493445645169,2.8475395102311425,3.3317550504165716,0.9799711785049566,1.452559853133991,216.637772,0.0,7.9499268097264615,0.28765877079074265,1.2244871412758918,10910.707241476472,12842.152719075797,11838.686954071569,12242.265426880811,LOG00006,Idle 35,151.0,151.5,30.04556213017752,2.963631466464669,39.64924504467877,21.805246548323474,36.0,1.3973297334787236,4.663944773175542,12127.655677655679,9042.857142857143,0.0,0.0,1.2880950882819955,0.9187383025741664,0.49720204552383757,1.0426770464268604,0.8640279513186259,0.4971505531177242,0.9942549026474077,0.5406206744743318,0.009044806498401134,0.27022240851782925,0.47955686328975633,0.23991311930657444,5.578448597619591,6.0078741621327065,3.5424821332703202,0.9260513260487463,2.6818343676399494,2.9509467607887916,3.9311129359492303,1.1187647261763891,3.0248021217733543,151.494819,0.0,5.15631717310088,0.34667623705166045,2.0062161690520055,11256.156663848973,12781.769512538744,11544.57593688363,12928.120597351368
LOG00008,Idle 35,217.0,217.5,33.33280632411068,3.3217023276919315,39.08644214224396,22.230494071146246,36.0,1.7625235941504822,5.527332015810276,13488.826933935628,10800.0,0.0,0.0,1.36212600295173,1.649865132659771,0.5119313054229995,1.4440164618027593,1.7913069019661803,0.4807296657995389,0.9464163983594426,1.383377399086388,0.3297086833235651,0.2944977808881604,0.38661546667460855,0.25589096899909486,6.472117678068891,10.084728719976521,5.258522910483764,1.0746439587735102,1.8595958761160543,3.2833873379586507,4.742583142303367,1.5128519762163941,2.4035166529567675,217.175448,0.0,7.555177557904108,0.31711230925092987,1.5187093962631955,12909.345002823264,14106.860530773576,13081.394692264257,13857.707509881422,LOG00006,Idle 35,103.5,104.0,32.59408284023669,3.7623333669341656,44.0444465382295,22.206745562130177,31.0,1.8449620934083961,4.946213017751479,13307.431670893207,10085.714285714286,0.0,0.0,1.1365651493904754,0.8935150366150763,0.6389990783126104,1.3813772751912112,0.9690348173733525,0.8921404948646037,0.7932487591167218,0.5752672626501916,0.8158617601816579,0.27825192861354164,0.3381161206132004,0.24793274151582584,4.481268686745159,4.4622441073209735,5.432167813529399,0.9400134558681881,1.4843812829567737,3.0992777678752446,4.386639209041001,1.022288965866852,1.657388740490018,103.533049,0.0,4.813240026928092,0.29052670050056156,1.2423793885938488,13586.98224852071,13413.8067061144,11803.86024232178,14425.077486615948
LOG00008,Idle 35,217.5,218.0,29.16449704142012,2.2556179903156965,43.406798291835216,22.375917159763315,27.0,1.4638050516593066,4.437573964497042,12045.773457311918,10228.57142857143,0.0,0.0,1.3308180641278018,1.2946595726044858,0.5712455042645201,1.63305939552783,1.0543729851571342,0.5712462748327785,1.187562126389125,0.8570204472681664,3.8734255887252385e-05,0.2676102617816751,0.42845633809594263,0.24939472134010202,6.943368945872839,11.768616686088391,5.2257068169272065,0.8533199076431096,2.1809590666580734,3.5191782257531923,3.6684593071700986,1.3128633075734317,1.7569246207006302,217.664786,0.0,8.446275762312224,0.3252628746607625,1.6560098603598499,11562.862778247392,12598.281205973515,11576.331360946746,12445.618484080022,LOG00006,Idle 35,104.0,104.5,30.81065088757396,2.460104744810283,46.66578804275517,22.132623274161737,37.0,1.5156728206051244,4.988856015779093,12539.468864468865,9914.285714285714,0.0,0.0,1.102558663122516,1.011154180228124,0.5524998068802276,1.6891581604554233,1.0529907604936275,0.5465032364368405,1.029817567993029,0.6163969040763599,0.36258587829462713,0.27907291220233704,0.3270849118366969,0.23394864425656156,5.294444586132135,5.8915092646897635,4.053394863070268,0.915225296464997,1.501461399965523,5.089339905195117,3.535394434388632,1.0578441241079228,1.524228087558358,104.099341,0.0,5.137153388389127,0.2826058492115808,1.243387244360314,12590.61707523246,12631.952662721893,11461.03127641589,13474.27444350521
LOG00008,Idle 35,218.0,218.5,27.793293885601578,1.5004648847069861,44.90606114195443,22.172662721893484,23.0,1.2274588450196777,3.997790927021696,11628.22626091857,9800.0,0.0,0.0,0.8259264083710842,1.3427381417413904,0.46140932470510454,1.1456728179303095,1.5410079312652296,0.4828156847388458,0.7517740722878128,1.133060022007676,0.16057534049348884,0.29032745147600403,0.3205195600057059,0.2535423470692874,8.095816650078815,11.395637535297267,6.547774146289101,0.9572901988992977,1.3316196237076083,2.4191054143871367,3.9205622911134808,1.1146973018115462,1.7847612308705214,218.177801,0.0,8.912091941820417,0.2894284823488097,1.159658429700713,11021.245421245423,12184.3617920541,11358.438996900535,11948.858833474218,LOG00006,Idle 35,121.0,121.5,29.052268244575938,3.605016472951812,45.07736613777043,22.15428007889546,29.0,1.3647108916244883,4.541499013806706,11955.480417018878,9100.0,0.0,0.0,0.7725094950102931,0.7339083519920777,0.5969088094452059,0.6611957519733919,0.7354794554430084,0.6926636320564866,0.3608690523258251,0.34685812751231654,0.5432055272316263,0.3153720215471291,0.45196495050199276,0.24625947019536062,5.50706055957745,5.363661361694804,3.197713882915772,1.225985774287109,2.4348139107681193,2.991770434927406,4.385290096535146,0.7534561662780341,1.0047964154491023,121.022925,0.0,4.807007152299773,0.3485089932449813,1.9276099059229161,11153.930684699913,12750.183150183151,11341.222879684417,12576.584953508029
LOG00008,Idle 35,218.5,219.0,25.788165680473373,0.5664328222968967,44.53915586987149,22.307258382643,10.0,1.0294092106186412,3.443293885601578,10890.081713158637,9657.142857142857,0.0,0.0,0.8858135246492523,0.5639598992446804,0.5469091330270349,0.7796487150410313,0.6009312994984592,0.5346433512947507,0.3932347694394923,0.39958846964488376,0.2776226022774147,0.2501429571063643,0.28782497819015634,0.22992835956892613,3.572900396239135,8.347419523014358,3.229694211487501,0.6947565160271724,1.0972908221913924,1.9816714400355235,2.2170221867915165,0.7425349717042294,1.3371032330953214,218.983827,0.0,5.564049922923736,0.257087383065329,0.918350087120287,10051.9864750634,11669.089884474499,10810.876303183995,11028.374189912653,LOG00006,Idle 35,106.5,107.0,28.198816568047334,4.963130193877882,46.66019116224215,22.22479289940828,17.0,1.5516736900233468,4.670315581854044,11411.348267117499,5971.428571428572,0.0,0.0,0.8062474016494108,0.6821308652224987,0.6947859911597603,0.6001557914206886,0.6815878831188456,0.5646006649195406,0.44599663825057795,0.02175062535793523,0.466709837344314,0.26374742601686696,0.40921769307560346,0.2765878953989391,4.439594423778093,6.613373549348546,5.371819077609064,0.8589125700267872,1.8476459241658745,2.69267396775899,2.759955978267115,0.7467721841216438,1.1401602551105159,106.583523,0.0,5.546865437747377,0.3232762951088206,1.440750891729168,11563.623555931248,11243.871513102282,10502.000563539024,12335.897435897436
LOG00008,Idle 35,219.0,219.5,27.709861932938857,0.851000907778629,44.17701814465077,22.30907297830375,29.0,1.2006585737912678,4.100197238658777,11550.845308537617,9914.285714285714,0.0,0.0,1.1448891832028674,0.94455949397077,0.7189461477355588,1.0463434288359164,0.7973894343515388,0.7415609508341872,0.6033845329189473,0.36410594293689236,0.7589363685822355,0.2729503424784925,0.3473828463229023,0.2682503990670475,7.1877259282449835,8.380729133061358,5.677580816599487,0.9367331743571365,1.5191234038225532,2.806726212432945,2.9572896594986284,1.049515097429581,1.3919377237180177,219.488949,0.0,7.16786692469308,0.29840409289985603,1.2619835490177,10481.375035221188,12444.406875176106,11700.281769512538,11577.317554240632,LOG00006,Idle 35,136.0,136.5,30.478458498023713,1.0199736469009617,43.81969297512845,21.92413043478261,37.0,1.522814109608821,4.465079051383399,12477.604460756635,9200.0,0.0,0.0,0.9423221217708925,1.101769033821566,0.6195674789290786,0.9363731592611442,1.0926901041558683,0.5657322299894469,0.2982646432583978,0.2840371582831369,0.3389450870500683,0.2852089843466669,0.3391786700710296,0.26107213099282855,3.4746243263466714,5.652789521587825,4.157278886810515,0.9191308451377667,1.5999274660258511,2.5929365896802734,3.6148573520803455,1.0251502292510362,1.2854112155038862,136.288012,0.0,4.520693579799958,0.2969539765487497,1.304716330668771,10009.175607001693,12954.0937323546,13103.105590062112,13844.042913608131
LOG00008,Idle 35,219.5,220.0,24.60078895463511,0.8651477560960323,43.366137513472,22.358205128205128,66.0,1.1419158320233314,3.3583234714003947,10506.008734854888,6528.571428571428,0.0,0.0,1.1881944715506796,0.9445332121073697,0.8428966686613171,1.063756026579229,0.9967226924478564,0.8904872654568132,0.991301343203856,0.7726413902630112,0.7863927071817974,0.26313792466555636,0.39027136069499113,0.30089300620297826,7.841007627459782,10.142270081892757,9.01488398675493,0.7620246939275972,1.8593162407197257,3.0669710851393543,2.8826489023604798,1.0733007712187355,1.6121081659674976,219.87075,0.0,9.048299588368153,0.32253676976838946,1.4208691912276055,8403.691180614258,11942.659904198365,11643.054381515918,10034.629473091012,LOG00006,Idle 35,84.5,85.0,23.877909270216968,0.7791572140169747,52.86706119924587,22.288678500986194,62.0,0.731532500383983,3.3580670611439842,10349.133558748945,6785.714285714285,0.0,0.0,2.044741286790471,2.1715545982196667,0.9690634671130406,3.321365991304631,2.2961154159237087,1.6262435647999423,2.824550054416662,1.3320745124221398,1.3675487695713948,0.28616837226480846,0.3352485917482865,0.28565258180663744,4.10396679001341,5.409888640435873,3.044968821465649,1.0353195381566485,1.442208770075497,8.834552035315332,5.244514368983026,2.1091012662926505,3.71578722327445,84.854267,0.0,4.296559617459375,0.3032498161838941,1.2553590487529005,10506.649760495913,10916.624401239787,8150.521273598196,11822.738799661876
LOG00008,Idle 35,220.0,220.5,23.554743083003952,1.456479062020573,40.849026184649674,22.303695652173918,96.0,1.2378146378465704,3.3320355731225297,10008.2086391869,5571.428571428572,0.0,0.0,1.1379087550567573,1.197175692211529,0.5437803240839508,1.182413989616449,1.1315242796283724,0.6216863917452174,0.7857420347975747,0.6111380544851662,0.5118590971111044,0.3068760349196901,0.35023305834818,0.3327995649359923,5.966399792226401,5.912949174283246,7.621909565735915,1.1666083480321952,1.7060006204041385,3.458106132511756,3.5374897868537882,1.167918227629181,1.5671125290401131,220.130217,0.0,6.548648711670541,0.33045001961443243,1.4614056853792705,6322.699040090345,11963.890457368718,12373.800112930548,9372.444946357991,LOG00006,Idle 35,138.0,138.5,27.433727810650883,0.9011643295163436,38.523332586932355,22.07396449704142,59.0,1.328626560423808,3.866134122287969,11350.070442378135,8214.285714285714,0.0,0.0,1.0052685142546334,0.5881190284482738,0.691918873336907,0.9914286155432183,0.6105609118581399,0.6601463121845256,0.6644884550772373,0.2422408640390019,0.41830098807999694,0.2766838552701608,0.3146613465696771,0.2613202526580696,4.892546815302016,4.761493832592857,3.6175717655631607,0.9087217226401826,1.515981003627894,3.1951639986554285,2.463140504312375,0.8235437988882738,1.311708856726211,138.201923,0.0,4.460779578232989,0.28510465519494127,1.249794697652134,8687.26401803325,11988.447449985912,12299.915469146237,12424.65483234714
LOG00008,Idle 35,220.5,221.0,26.15167652859961,0.5826994159686436,34.27522170192574,22.304753451676532,96.0,1.3894243522112235,4.240177514792899,10929.261763877148,5542.857142857143,0.0,0.0,1.6778631999476674,1.719365331726428,0.719672549367247,1.5078187880356437,1.8256455328860568,0.6843725422074359,0.8651068721739374,1.056806527118455,0.61138566459083,0.3439543647312537,0.404912182808607,0.3069765541419867,6.550026883050936,6.258499574378226,4.211177192352569,1.4689606739433922,2.195417186306015,4.314783540569838,5.793793863892477,1.6987410134687038,3.073285563704121,220.99938,0.0,5.767890499323904,0.3542565386822564,1.8678466322907836,6193.462947309101,13078.5573400958,12773.795435333896,11671.231332769794,LOG00006,Idle 35,88.0,88.5,29.62011834319527,2.184658176223831,41.77462681552374,22.368284023668636,92.0,1.533069541603012,4.440769230769231,12272.717666948434,9000.0,0.0,0.0,1.6254716181237052,1.19279599460259,0.8735596749508708,2.5015054645137496,0.9936867881516447,0.9346642729175881,1.6648866654263823,0.8324994047186832,0.7570159779310597,0.31082651223508256,0.37383612168727537,0.25334676347548063,4.409570404983266,5.9890972099408435,2.8637685531040993,1.096042983454821,1.909036183896965,6.856949137866631,4.097432688295011,1.4256437609139385,1.9475244858072487,88.448368,0.0,4.601259496861463,0.31651811383126793,1.556555391402509,10427.64158918005,13348.041701887856,12685.404339250494,12629.783037475345
LOG00008,Idle 35,221.0,221.5,32.175147928994086,1.9333504372017651,21.194038069337235,22.162781065088755,79.0,1.739425522580759,5.6173372781065085,12915.236686390532,6614.285714285715,0.0,0.0,3.704911119405263,2.9822920789413945,0.8882166608062287,3.9853984027763505,3.1069256264385863,0.8705047506747192,1.4066336032019646,1.3498002089126455,0.5586348767024402,0.3960811879422036,0.6330482818434198,0.47960742810296036,4.163871941230328,9.92213424515125,6.357954731592586,1.8072378938377085,3.55705481141726,10.479716484413515,9.269576544247569,3.3630664910769568,4.887790682253474,221.286513,0.0,7.21595837688358,0.5123975408730179,2.821236230480322,9561.256692025923,13842.011834319526,13722.03437588053,14535.643843336153,LOG00006,Idle 35,55.5,56.0,34.463833992094855,5.590521368711724,27.60905962534562,22.416185770750985,62.0,2.7740203245033093,5.760612648221343,14005.37831733484,10628.57142857143,0.0,0.0,1.0867136261178616,0.9249347843085058,0.7051172930323961,1.5537701599639693,0.8944330733944837,0.6453528572939206,1.0180334458297668,0.5293315491463244,0.2717268423977059,0.3059402434623065,0.3676957984709139,0.24817037745997694,4.401767480643752,4.357353837468391,4.650915095755948,1.2873875396535897,1.7923427423057832,4.884637529486339,5.257593792802805,1.0090715684266536,2.053284336144177,55.952751,0.0,4.47187882388316,0.3111206459620693,1.5604260929553084,13718.12535290796,14254.319593450029,13007.086391869001,15041.981931112367
LOG00008,Idle 35,221.5,222.0,34.676528599605525,2.768636221907992,10.878864444034955,22.276252465483235,51.0,2.053679128156534,5.899585798816568,13812.003381234152,11371.42857142857,0.0,0.0,0.8100102479088329,1.3314792234081294,0.7842803523240254,0.8537283641566584,1.8615524454698542,0.8358858881996105,0.36460661056047083,1.2523650645420845,0.46681351523548514,0.41377987437081337,0.4636468538655575,0.30577550339437065,6.589107157609299,10.809588075950785,6.493436086952516,1.9173457964289795,2.4709328254054954,3.722631886942419,6.370698455944061,1.1020330131363674,1.7169917491081115,221.662352,0.0,8.214382503096477,0.3998669978921477,2.211529327269962,12357.988165680474,14518.117779656242,13278.97999436461,15092.927585235277,LOG00006,Idle 35,119.5,120.0,36.70216962524655,6.956359826682949,19.978925541128778,21.877652859960556,51.0,2.602539108304995,6.4912820512820515,14503.705269089884,9414.285714285714,0.0,0.0,4.393665368743312,3.623916884966122,1.0057784721576135,4.701540698044299,4.04569726986562,1.347864993446205,1.454265845420289,0.7982679318640221,0.9634045652627238,0.3951135231349918,0.5752136854649023,0.2855380918650143,4.0020008540490215,4.1181155111251755,4.972447150835445,1.8442762272364261,3.3269409565136168,11.852895184736724,11.023732691142296,4.02722416570253,10.520848104233584,119.530251,0.14792899408284024,4.3855868807808145,0.4353226703707547,2.6897853939001495,13111.580726965343,14504.677373908144,14153.113553113551,16245.4494223725
LOG00008,Idle 35,222.0,222.5,30.574753451676525,2.9046235482357097,16.634471775701428,22.324773175542408,46.0,1.6015626488662278,4.557416173570019,12570.118343195267,9614.285714285714,0.0,0.0,0.8361959578913488,1.756138496416252,0.814780698632267,1.1959993244023797,2.0680352785685554,0.8309338428135643,0.8917293709196281,1.7721332531703367,0.5584784070502636,0.2647265880830477,0.35285571584189146,0.2592152679242337,8.860866554636843,8.638430890256478,6.748014961591304,0.8520291828906983,1.7614238707947607,3.310672479760657,4.450472572030797,1.3753628791320793,2.096408363573958,222.364845,0.0,8.137836532041327,0.2953979675880306,1.3835764852553305,11189.067342913497,13386.728655959427,12607.945900253593,13096.73147365455,LOG00006,Idle 35,68.0,68.5,31.400197238658777,3.160265505872218,13.852233745372288,22.35806706114398,72.0,2.2500271795538556,5.124358974358975,12684.01662440124,9828.57142857143,0.0,0.0,3.743238399949509,3.3123025290413217,1.407654490324884,5.397873558397073,3.5913288991050343,1.4714418083415952,2.489873854914378,0.6012968576532317,1.0217712334027838,0.49982171712697016,0.5563239516932855,0.34877226065294875,4.671647873461751,5.711309118237286,5.1161794603099,2.4951904540869747,3.3693854611086,12.287724186376963,8.641101726820166,3.5343444768973846,8.45695675934833,68.007163,0.05128205128205128,5.183905798005237,0.476431239509038,2.9646866434495895,11148.351648351649,12975.035221189066,11430.76923076923,15181.910397295014
LOG00008,Idle 35,222.5,223.0,26.767588932806326,1.0231398415522623,21.556580689486008,22.18565217391304,57.0,1.1572156430787572,3.8136758893280636,11274.04714850367,8842.857142857143,0.0,0.0,0.8687212830510445,0.6333275763924229,0.670756761988868,1.025822824639488,0.5967633297819185,0.6943124619698795,0.7313677206380254,0.3617340294462027,0.6239511988058164,0.2646329237198301,0.31054106495848266,0.2522125317760203,7.485130627474053,9.247817585652196,5.291399235335871,0.8519782824292691,1.3979035335962793,2.2453289238516003,2.1559734098252505,0.760190925572304,1.3126872068573188,222.500939,0.0,7.517717217248889,0.2769341067997488,1.1575839673587596,9274.76002258611,12266.685488424617,11981.50762281197,11573.235460191981,LOG00006,Idle 35,156.0,156.5,25.636686390532542,4.250633467846935,21.942523327252864,21.929763313609467,54.0,1.5171505044498603,3.32560157790927,10803.508030431107,8928.57142857143,0.0,0.0,0.5670403556473999,1.1458672443733875,0.5922650367298189,0.4948320915489238,1.0456432525319754,0.6496825001834895,0.2785152164403431,0.9407546261324442,0.36395127780521563,0.25496110460664195,0.30422047576609634,0.24943866121053632,2.8521182212633858,7.004519913559632,2.5783734903166518,0.8176014222510217,1.19412983171179,1.5365372581106291,5.8942020118928715,0.904031666110372,1.817349774985114,156.183984,0.0,4.6132377430998766,0.27066271042516726,1.0233323362063087,10232.741617357002,11110.312764158918,10365.342349957733,11505.635390250776
LOG00008,Idle 35,223.0,223.5,25.209072978303748,0.30107717300083564,22.08565672832591,22.097948717948718,58.0,1.1120080996225246,3.6398027613412225,10735.25641025641,7942.857142857143,0.0,0.0,0.9350333433844055,1.3975482864127589,0.7327153808173341,0.886049038732871,1.3634915068267524,0.7729125301840489,0.674620245498879,1.2156115814907433,0.6057120484494257,0.2324860427543852,0.2865556876540477,0.25231255188810175,3.41703785854563,11.59860087506777,5.28457080697445,0.5229692617105038,1.1070690299781176,1.873199332597834,3.2228229506448467,1.188997175374243,2.1392939311721824,223.4224,0.0,7.6186258297189795,0.2580862556347936,0.8657651776985252,8497.604959143422,11509.32657086503,11577.542969850661,11356.551141166527,LOG00006,Idle 35,161.5,162.0,25.558382642998026,0.5153882008433616,19.431321264777562,21.854201183431954,50.0,1.3045739221532933,3.458343195266272,10749.823894054663,9571.42857142857,0.0,0.0,1.400648657136652,0.9224596385922182,0.474794106214156,1.787087498240663,1.1464638374107274,0.5160489670170525,1.1389313860316919,0.944893690623805,0.2300518586385753,0.256134802671305,0.2943207974976557,0.22719344203584027,3.264033811475007,4.724623205990315,1.7122523724920948,0.835603284096157,1.1419788609541428,7.1170822645626535,4.113047503167646,1.1859064983316334,2.470989356583918,161.5717,0.0,3.459662283525136,0.26067005267401244,1.0005869695479759,10008.255846717386,10913.130459284304,10401.775147928995,11676.13412228797
LOG00008,Idle 35,223.5,224.0,28.16272189349112,1.2995868284301575,21.721906253891284,22.18214990138067,75.0,1.304523297787205,4.214319526627219,11650.50718512257,8057.142857142857,0.0,0.0,1.368332929353534,1.296359928360476,0.7897059034204373,1.4840833567797955,1.6537381852134987,0.8293516084367322,1.21541817755219,1.3441325922760654,0.6611318802944114,0.28901568999088,0.37698797644361987,0.2854160907457228,8.654000837104233,8.829799937917613,6.942170319634108,0.9997308824573168,1.8383361034848495,3.2258815286803184,4.292096309471986,1.3328323355568772,1.917398767014356,223.671016,0.0,8.186387607466827,0.31995434481632434,1.47968602526258,9074.640743871514,12380.21978021978,12640.856579318117,12506.311637080868,LOG00006,Idle 35,101.5,102.0,27.80966469428008,2.9299657836044357,25.17713750072116,22.188106508875745,66.0,1.414188779809027,3.7045562130177516,11670.850943927866,9042.857142857143,0.0,0.0,1.6615043094552913,0.9527767997858881,0.7314695170053508,1.900845272851555,0.9494623676365658,0.6718689830052677,1.3795810332648952,0.9167608507444623,0.5296191177965063,0.27866485940480695,0.35596894880310065,0.25440278381222586,3.499943230846115,7.241372164307273,3.151843341545836,0.9380237757428501,1.6956530236907772,5.678951760373295,4.327108258145621,1.354322745978362,2.751626212453493,101.853905,0.0,4.987357011844936,0.2994933348120319,1.3702422743096472,10245.252183713723,11724.542124542122,11645.421245421245,13068.188222034378
LOG00008,Idle 35,224.5,225.0,29.962919132149903,2.069656271037633,17.495117766246047,22.18593688362919,79.0,1.6746900869592616,4.9885601577909275,12218.540433925049,8414.285714285714,0.0,0.0,1.3953525180468211,1.3227719567193348,0.5586227693225619,1.23859499076581,1.5434726601311517,0.520282787376793,1.0001925792810418,0.932515394851549,0.4878297360160839,0.28924469331534713,0.3460095264660169,0.2980692002073143,7.220370535010213,8.54310431804442,6.011020185731263,1.0442270838029717,1.7155526558902028,2.6153846153846154,3.6805367930252544,1.359546670604342,1.8510431083530214,224.872661,0.0,7.331456101964594,0.31210592920169183,1.420128712067956,9222.682445759368,12805.015497323187,13167.483798253028,13678.97999436461,LOG00006,Idle 35,35.0,35.5,30.592110453648917,2.9503412839775,13.29080094927645,22.62731755424063,95.0,2.0406184782008685,4.4267061143984225,12876.394759087068,9657.142857142857,0.0,0.0,1.9779609983026936,2.6177729450649667,0.7617535438943789,2.155354572869894,3.037836293601338,0.8593425376114776,1.5597292291849916,1.252920279425175,0.43854838403896107,0.3412369501448749,0.31680860315434894,0.28310491639288043,4.861352343765282,4.563139830257967,5.298368094304964,1.3734441267807813,1.5383833458953078,7.064649334323858,7.764532725271663,2.3200285453761875,7.530391371748211,35.001216,0.0,4.916899300150713,0.31462079866754167,1.4582475935719332,12480.501549732318,12214.680191603271,11864.327979712594,14946.069315300085
LOG00008,Idle 35,225.0,225.5,31.311660079051386,2.018257185363632,14.504498357951137,22.07681818181818,78.0,1.6753624879693858,4.680177865612648,12826.856295878037,8914.285714285714,0.0,0.0,1.026975189645059,1.0777584164231917,0.6171428988400858,0.9356203868987981,1.4159828077020533,0.5685083012032437,0.7619445072399399,1.1647906655101115,0.49757545010601856,0.2630432416266434,0.3664207107056335,0.29390827191185387,3.329730786217074,9.802458416479258,5.199889803699222,0.8045051182929686,1.747391109175116,2.2910722070042904,3.7847206861189586,1.0526730841808227,1.641419558527883,225.004862,0.0,6.688650887538332,0.31082575853023425,1.3602580956906347,9909.881422924902,13930.18068887634,13581.168831168832,13886.194240542069,LOG00006,Idle 35,155.5,156.0,32.3698224852071,0.7271411747488415,15.888705762828817,21.846311637080866,64.0,1.5430273117347992,5.483076923076923,12911.686390532544,10714.285714285714,0.0,0.0,1.3877638588850683,0.7722448782986127,0.8201290906573984,1.4845457510379456,1.2426072736009708,1.1145966205320699,0.9878809245562516,0.821136554691164,1.2299201472721057,0.30561333838771076,0.35807900205701726,0.25301189995128076,7.128750981972014,4.407253001601878,5.368671644410421,1.1239315318138383,1.523469555985357,5.728402540041116,5.030283047157164,1.1229983704542976,1.6519914437931502,155.811059,0.0,5.746465719860403,0.30856393493709294,1.338689952195732,12026.148210763593,12950.83122006199,12120.061989292759,14549.704142011835
LOG00008,Idle 35,226.5,227.0,30.899408284023668,0.2321744501791494,19.463347024760708,22.259309664694282,46.0,1.4188421412724481,4.892465483234715,12662.827557058325,10800.0,0.0,0.0,0.5601697797181613,1.505458097124178,0.6327739888457709,0.5462060801643036,1.7084497570507653,0.5863909967686854,0.32972836784769777,1.3181408498924507,0.4035091162396024,0.29363512521959084,0.3277803630540688,0.2439974587822027,8.555308245015931,8.962552887285742,7.090389463766653,0.9950152476809707,1.5784750641828227,2.1234113448988094,4.252856100300354,1.1358244284012922,2.0125649020064493,226.895153,0.0,8.242052256012553,0.2905146657564552,1.3194011655604583,11546.491969568893,13325.922795153565,12520.991828684135,13257.903634826711,LOG00006,Idle 35,90.0,90.5,30.815976331360954,0.06765429754483195,22.807016563931377,22.446725838264303,68.0,1.5304393568813999,4.753175542406311,12682.55142293604,9414.285714285714,0.0,0.0,1.3778952981331951,0.9290772711777133,0.7829149790147365,1.8546203849936278,0.8229730572730237,0.6578429658580125,0.8985337797021902,0.5043135174534763,0.4126411871073902,0.2735362012270444,0.3180668526709794,0.26306217183512143,3.4839412031567125,5.432525318863676,5.188379668391311,0.9330931329775537,1.3938427272061462,4.99328938236267,3.4546940881362493,1.1751127665965917,2.209186613026492,90.180791,0.0,4.7808458537001,0.285884756735038,1.1860565633635132,10499.77458438997,12916.0045083122,12732.037193575658,14582.389405466329
LOG00008,Idle 35,230.5,231.0,18.397435897435898,4.8682416191940785,24.131386705090595,22.16392504930966,149.0,1.237555354257859,2.502938856015779,7904.444914060297,3714.285714285714,0.0,0.0,2.1964364764369075,3.223138614522584,1.239151886095723,2.220256994482527,3.229499976488584,1.4741058065526043,1.5685556444525635,2.049783108984783,1.4066503565292596,0.3185137905204272,0.3945405285103468,0.3152263658876374,1.9640495879209114,6.083292047224285,5.134193488118503,1.154700525792827,1.79308237385688,5.904232427019473,8.185714211952632,2.7579843838797506,4.420112659464022,230.789181,0.0,4.733704528487633,0.34471288784515597,1.508057973637362,8284.67173851789,7541.307410538179,7585.347985347985,8206.452521837136,LOG00006,Idle 35,129.0,129.5,16.370611439842207,2.7646372551871137,30.179688780170206,21.979191321499012,150.0,0.9158732419492358,2.1825641025641023,7174.866159481544,3771.4285714285716,0.0,0.0,1.1415790115277746,2.038665380986513,0.5302337358560671,1.2154080073057725,2.0296421692315745,0.5302785153548902,0.28615089330473786,1.447744243295483,0.0009075860874936641,0.3044980100089024,0.34452426373541006,0.29672767767928937,1.2876552079559296,2.9609851581269084,2.195231873053521,1.0750060853913193,1.3414939243641266,3.034320449740926,8.131561225769737,1.6521742001365374,2.8326112585599166,129.491602,0.0,2.2542206352894216,0.3159447847872326,1.2155747679049267,7167.0329670329675,7538.348830656522,5840.377571146803,8153.7052690898845
LOG00008,Idle 35,231.5,232.0,51.9163708086785,6.569118794801397,18.489236870373663,21.66786982248521,33.0,3.7121522862626515,12.864063116370808,18880.670611439844,13471.42857142857,0.0,0.0,1.9512971283252514,3.419670404030789,1.284891603633396,1.9319557818407325,4.523435825401892,1.2925787844907115,0.54573332502918,3.0570493034178243,0.02258959424874971,0.4498680241285794,0.5171506936849571,0.33901128232885025,3.201405327460417,2.853192436176741,5.694311417895833,2.04811286098716,2.676960441579598,5.250903932700888,9.88723401410648,2.784035394460215,4.8600392291308,231.500504,0.0,4.115616020011544,0.4414954619088913,2.38336773255021,17681.825866441253,19997.069597069596,18184.50267681037,19659.284305438152,LOG00006,Idle 35,72.0,72.5,49.9701581027668,2.841928931914889,20.784335513359785,22.072450592885374,53.0,3.703594612572428,12.178201581027668,18528.670242800676,14057.142857142857,0.0,0.0,7.939506058350407,8.725521327241522,2.2291599877426904,7.814724685640144,8.731277640791006,2.2502732359644217,0.7890912319355877,0.5517400957621766,0.4085242818680557,0.7745513046564245,0.755730773424535,0.47510076589819467,2.589187723398515,2.5731818605293486,3.7689900039232,4.063159263019079,4.437713205586625,17.446020645512156,22.14179065208215,8.34177675566571,12.949526852073094,72.13613,0.6304347826086957,3.0293257557872444,0.6823438681493044,4.254560006140214,19296.35798983625,17270.016939582158,16868.09712027103,20680.208921513273
LOG00008,Idle 35,232.0,232.5,37.56942800788955,11.405884163817664,33.495784548042884,22.061380670611445,103.0,3.2325933220794663,7.646410256410255,14288.539025077485,10400.0,0.0,0.0,1.3657724233057502,2.5961572424646278,0.9309970458149944,2.0052611530642075,4.710750256713016,0.934401424052996,1.3622882252319088,3.4728527821010413,0.022688818057288933,0.3517380906012428,0.5279678267353954,0.38855432911231214,6.000356431010949,8.009775098504214,6.1906351062641995,1.4257291088580049,2.8499542294776723,6.20284976181536,11.857387281188663,2.0742910523675318,4.037996231916392,232.352908,0.0,6.794231314056148,0.42951297113491355,2.2533244997073436,14207.607776838546,14839.447731755425,12888.052972668358,15219.047619047617,LOG00006,Idle 35,92.5,93.0,40.429783037475346,9.783460288629962,38.212389756036664,22.005601577909268,87.0,2.8355670613454387,9.382998027613413,14895.69597069597,4271.428571428572,0.0,0.0,2.682753524242099,1.6240756293627139,0.9114780775866975,3.949981823286708,1.5660763361502767,1.006153519037678,2.2343591822215667,0.3834838453979976,1.0241929986130134,0.3861910455080652,0.674594594063227,0.4492613712305437,3.282315690201011,4.085130743148709,5.355380471576072,1.559085751246795,3.56165960822835,10.73299765483889,5.434203896810502,2.217519799429455,6.756253342803853,92.500238,0.0,4.325967694211967,0.5183490360911558,2.749196932253681,16340.039447731755,15637.588052972666,11249.647788109327,16355.508593970131
LOG00008,Idle 35,232.5,233.0,34.93735177865612,12.67788090073293,47.93206358417263,22.136245059288537,59.0,3.2483652478394376,5.864090909090909,14421.739130434782,6985.714285714285,0.0,0.0,1.2953285356376463,2.251956504359532,0.530881693538109,1.3273874512388009,2.5251243981083347,0.8033546498576684,0.5789462283341473,1.7679039158254553,0.6609663049542551,0.5852385582292023,0.7373696752162503,0.4174126432987239,4.967622830181938,6.8169495533102555,5.367178056601121,2.8226422516978618,4.061369925495715,5.359045399036362,8.83858322129083,1.837006275542407,3.1521814908641557,232.715969,0.0,5.772194212676905,0.5945450705518021,3.4972871595560355,14433.145115753812,14921.76736307171,13111.490683229813,15220.553359683794,LOG00006,Idle 35,69.5,70.0,36.28695652173912,10.040531881357692,50.41419076789457,22.126343873517786,92.0,2.2655444426848916,6.680494071146245,14574.265951439864,3614.285714285714,0.0,1.5810276679841897,2.745596569265901,2.5212367176331867,1.4892008208874992,3.9554912927365136,3.1413783844279486,1.8477003618089025,2.494445619818243,1.939253114521405,1.990388289652,0.39482839448057155,0.43360002855271657,0.32280291633352587,2.8513742794178585,3.6856371539014767,4.857711684928003,1.787424223172693,2.414501378350484,11.525963130556878,10.41082972169227,2.6358049157237007,4.099393711981139,69.774184,0.0,3.886370171313704,0.38647991264853226,2.1242295379314466,13526.453980801807,15360.756634669679,13966.177300959911,15443.675889328064
LOG00008,Idle 35,233.0,233.5,31.6181459566075,6.943132354912214,52.99365742705545,22.02852071005917,63.0,1.2767385746564357,5.299999999999999,12685.76359537898,8571.42857142857,0.0,0.0,1.8147251668835762,1.2313786232610664,0.6056952161686844,2.079006597115792,1.2108710937994818,0.607444665772215,1.1524487165853243,0.6541032155566526,0.0809073258741341,0.47088592842832516,0.8360316389734112,0.42813475949571084,4.937969896573766,7.688228686407235,5.978110794028342,2.19035411546254,5.054619114117479,5.172945856694414,6.06506470385378,1.5507289810190792,2.2458295984656558,233.499316,0.0,6.304237085739559,0.6066250437859244,3.8953065052653724,11708.171315863621,13637.503522118906,12247.111862496478,13150.267681036912,LOG00006,Idle 35,133.0,133.5,31.916205533596838,7.884806412543655,53.3652589806305,21.946640316205535,51.0,2.387636098927066,5.585079051383398,12379.397233201582,5214.285714285715,0.0,0.0,0.8716703772506935,0.9478892040045851,0.8628564190891118,0.9195491685657455,1.0819934245152143,1.1333652119731836,0.39959501498260985,0.4366486271820994,1.0501683696963329,0.33448060416018066,0.4815015570091172,0.37603513930872245,3.712299793758502,5.781231709188732,5.760222174698942,1.2825669092903549,2.5104102101723753,3.0806036059634643,4.330697485563087,0.9105776160341339,1.5409872814343393,133.499016,0.0,5.176355517670777,0.4021291044579646,1.9933812104241782,12965.612648221344,11999.350649350648,10757.058159232074,13795.567476002258
LOG00008,Idle 35,234.5,235.0,44.88323471400395,11.476923720962125,24.936771005486236,21.947021696252463,124.0,4.4634358479951395,10.303510848126233,16631.74133558749,11314.285714285714,0.0,0.0,3.4237722886937756,2.728293486248399,1.3944046336950706,4.162453061363389,2.9405207866813456,1.6212228237216406,2.1897115190261904,1.2580669717824662,1.711687719295897,0.5108964495689627,0.7328350680074891,0.49380565632831724,4.47591899052953,8.353306029068658,6.832289958590822,2.3043923381821614,3.8829019170564134,10.954451150103322,10.1581187591915,3.0956261104930687,6.770780990801871,234.500691,0.0,6.745165145082776,0.5893234667270463,3.192737958692586,13544.435052127359,16766.35672020287,17174.10538179769,19042.068188222038,LOG00006,Idle 35,81.5,82.0,47.118774703557314,6.774824303880582,31.233186771778072,21.883992094861657,160.0,4.589772974645479,11.330138339920946,17679.686617730098,10957.142857142857,0.0,0.0,10.330227760543748,9.42653155983408,2.7355386172601097,10.41694816044627,9.176747852083722,3.1942242469958546,2.0257525211841267,1.1359963893373846,2.0797266583028886,0.938998364105949,1.0102927216871893,0.5595445942563393,3.1961433957865473,3.8360582243846606,5.467032710066387,5.024631787331097,5.8014632820774015,30.77371831824089,21.923826084824437,9.888708278467327,15.79799424686643,81.691275,0.7608695652173914,4.2746977265546695,0.8593601232407843,5.426965119270179,16404.82778091474,18064.624505928852,14417.560700169397,21831.7334839074
LOG00008,Idle 35,236.0,236.5,41.651084812623274,5.951378754506541,63.30193592791836,21.846627218934906,73.0,2.000462061435751,8.003589743589744,16042.378134685827,10714.285714285714,0.0,0.0,1.7431912580709605,3.4412036101815953,0.9487399812448762,1.975716393585982,4.515867390115385,1.0832372058600597,1.3054143262682867,3.12774983460437,0.869258431872401,0.37956792231368225,0.7400286424386946,0.395448216754863,3.9426603961220055,6.794735738532364,7.0556109601165025,1.6462925168637448,4.152894135707224,4.915860094975526,12.810252304406971,2.7276911526913983,5.323574347536176,236.106834,0.0,6.0963008121361035,0.5316933613195312,3.1588612468319206,15471.935756551142,16924.485770639618,14851.70470555086,16921.386306001692,LOG00006,Idle 35,122.5,123.0,41.700988142292495,4.641241806433731,57.981912978314284,21.878596837944663,74.0,2.440917382695219,8.642490118577074,15726.743365330321,12871.42857142857,0.0,0.0,1.2143891769789033,1.3860248177113277,0.5756116858564578,1.161161990036776,1.3549310097549383,0.5756116858603677,0.34080403883429666,0.522089724078607,1.265261330856457e-10,0.370240994418364,0.5212975981608649,0.25543716384136217,2.3413820337423976,3.02807920950889,5.5931779169061935,1.5530336947681176,2.7964336380351797,3.6391046981301005,6.712032732280846,1.303036044872746,1.9058019489278657,122.913197,0.0,3.9130113185439317,0.39752472647098913,2.2618526420856626,15225.042348955394,16242.151326933936,14750.875211744775,16688.904573687178
LOG00008,Idle 35,238.5,239.0,40.325838264299804,13.78087256870575,25.221658811269535,21.98278106508876,59.0,4.652245098512601,8.034694280078897,15622.992392223161,8414.285714285714,0.0,0.0,3.3178452089393873,1.7783228390063268,0.5990523081808414,3.9279789235269753,2.586368437680188,0.7031862255521533,2.8016103753329498,1.6383642430854228,0.314299012840702,0.5370351430865534,1.0841737035229964,0.5587132079275101,4.062504989230707,6.696078477933938,7.682839793550983,2.511723559217507,6.417552062169429,7.891023037346734,8.707270987360925,2.6618160107540842,5.468978467689669,238.50027,0.0,6.3342308415872415,0.7694153219671446,4.8730755026258015,14816.596224288533,16680.417018878557,14498.450267681037,16496.506058044517,LOG00006,Idle 35,72.5,73.0,38.04161735700197,11.803781351282733,28.302065799918676,22.257218934911243,63.0,3.3048419239947595,7.18913214990138,14880.38179768949,8457.142857142857,0.0,0.0,1.81065027882428,1.7357210856317686,0.7179660944834435,1.954281405702027,1.5116851531420252,0.7179604043373647,0.9881724538388834,0.8374370532512075,4.0320242974303736e-05,0.31373355552449816,0.43798486884215154,0.27891395822298704,3.6590413454852793,3.645077435626185,3.5512876111462957,1.2348384285605856,2.3179624074447545,4.209737936157578,5.415661414837323,1.7735814217725057,2.6248768664048354,72.587995,0.0,3.6187850989322854,0.3502629894276271,1.8571181528078735,14924.93660185968,15033.16427162581,13123.105100028177,16440.321217244295
LOG00008,Idle 35,240.0,240.5,47.053952569169965,6.587300198327738,45.20232727673614,21.82681818181818,147.0,4.492552077384805,12.10707509881423,16971.894409937886,9457.142857142857,0.0,0.0,10.011290217235675,6.618880777470131,1.8955594100525557,10.135617472644114,6.9347682807102,1.9650835305111127,1.5896700452097265,1.8065771710295162,0.6525599864840389,1.1703054914263318,1.0097033909884976,0.8449490466037684,5.04599600831765,5.3945065317643195,6.313407195850426,6.151859511810531,5.889644446108024,24.66142272357757,17.142508936798645,8.48632766749206,12.538862542564457,240.20903,0.7055335968379447,5.6101659766838,1.017030771804688,6.02217930464648,12808.356860530774,20819.22642574817,14283.568605307737,19976.42574816488,LOG00006,Idle 35,93.0,93.5,47.965877712031556,2.131079161213232,47.55903249648702,22.12491124260355,99.0,2.38187357429776,10.564418145956607,18027.550014088476,14571.42857142857,0.0,0.0,1.5218727310374858,1.4096120125443812,0.8341531024865536,1.6924468822839511,1.282491203857314,0.8468524618923486,0.8959872931252661,0.3954168363198775,0.6497436515947551,0.3242639489413422,0.401616409572801,0.26859771210653044,3.0152906109274604,2.550167794866518,3.7751443089857837,1.3314284221671497,1.832487514396016,4.220500358270538,4.249840465737615,1.4668167294152523,2.231221535772557,93.175056,0.0,3.1542060704182195,0.335950184784413,1.6016728963449116,18018.315018315017,18530.03663003663,16067.004790081714,19494.843617920546
LOG00008,Idle 35,240.5,241.0,35.218934911242606,2.0804045961619813,11.255422279272828,21.872899408284027,47.0,1.9904938922626434,5.860315581854043,13804.994364609747,10985.714285714286,0.0,0.0,1.1815482526849106,1.9192152971041943,0.7382540072550561,1.234418040495803,2.229845425126183,0.8067575826249069,0.8213482973468336,1.0276887998449165,0.46364245061783943,0.42865877280221637,0.5094436245912364,0.31999983969717183,5.898203197076717,10.774084341685088,6.290774364014724,2.0808928814212075,2.8153748880468794,3.8543502408438055,7.249974494956158,1.5936504682742554,6.029251135397453,240.500068,0.0,7.967507691758544,0.42648995593611755,2.47552529215462,12533.558748943364,15725.274725274725,12043.026204564665,14918.117779656242,LOG00006,Idle 35,126.0,126.5,35.9439842209073,2.1051215615031964,14.459899734313366,21.993195266272195,50.0,2.1503351881762036,6.558284023668638,14078.099464637928,9828.57142857143,0.0,0.0,1.8310194567718232,1.6619718724734291,0.5363785416770185,2.172883871859893,1.7939168164820516,0.5363869378209027,1.5055985850731712,0.7680373661044002,3.265512624280698e-05,0.5142638658428191,0.4315116767441882,0.3121420811534682,4.3821056731227275,4.274563521055667,6.622580764789666,2.512013828081043,2.453304730505699,6.968794914768447,6.638154017300025,1.7485397845016015,2.603754846723668,126.000161,0.0,5.206832671663787,0.42743511386915034,2.4828328148701444,14393.237531699071,13849.422372499297,12845.16765285996,15224.57030149338
LOG00008,Idle 35,241.0,241.5,30.375345167652863,7.197369919394093,22.51098913348324,21.882781065088757,37.0,1.7505920634768484,4.2780867850098625,12488.391096083404,8700.0,0.0,0.0,1.0062692910431332,1.1943137787627154,0.5122570610371154,1.1118222527269912,1.2626596081990153,0.5122364221210508,0.7505890602100267,0.59062204784469,0.0006636493891152833,0.24120261097529755,0.4277431551781037,0.237445760843165,2.834427129703152,6.646500948596715,4.2721231910489195,0.8528125362835375,2.2346055923588417,2.7710108239040303,6.042910332447112,1.1043014281071373,1.8708685445086117,241.000262,0.0,4.84633843132429,0.31491977586120223,1.6912645232848371,12207.072414764722,13204.395604395604,11143.758805297268,13398.337559876021,LOG00006,Idle 35,131.0,131.5,33.58500986193294,6.224324947745704,31.448807226195512,21.881321499013804,57.0,2.244344703684418,6.375581854043393,12920.63257255565,6714.285714285715,0.0,0.0,0.950827547780993,1.0090266350747088,0.6750315261442356,0.9149756755689369,1.0829564851250306,0.7704510625256408,0.2050148374951302,0.5517265951897344,0.5120621185618561,0.37643904670481926,0.5614201826077616,0.34992801862122896,4.16013108013861,8.700270125909226,7.698083027615874,1.6454315058856022,2.6382381446209973,3.328793753013037,6.021820938567799,0.9803590607296407,1.4815390306534604,131.475581,0.0,7.124181196642678,0.43944988168525145,2.1986069849218395,13459.087066779372,12856.57931811778,11530.459284305436,13836.404621020005
LOG00008,Idle 35,241.5,242.0,28.23570019723866,7.937455688913883,31.326939100858993,22.059211045364894,83.0,1.7400012475590234,4.6998224852071,11352.387996618767,7285.714285714285,0.0,0.0,1.0276472521003035,1.6622756350957857,0.45869349112331365,1.2256448830869957,2.42772102403618,0.4586943981298482,0.7388586285882623,2.0182462348462082,1.138842939225543e-05,0.3739076833675244,0.6384715827419655,0.33720497106113856,3.95436102277906,6.937674193033664,4.457631257439058,1.7538535375613602,3.7407729585417226,3.2423479937879143,8.267232913100232,1.3818862402134269,2.6105510341032487,241.855633,0.0,5.280112711374549,0.4694536221888315,2.921419565773931,11059.988729219498,11887.630318399548,10320.315581854044,12141.617357001973,LOG00006,Idle 35,141.0,141.5,30.632544378698228,6.765834377806789,36.109876651838256,21.934280078895465,89.0,2.201071411114774,5.124753451676528,12153.529163144549,5185.714285714285,0.0,0.0,1.5396515208916508,1.386507787791161,0.8044600217129376,1.8280473868918086,1.393968316650118,0.7529157504834011,1.0874163063359426,0.5884355450821037,0.5227336270064421,0.4083467414650355,0.6944269527968668,0.4417186677534371,4.6037782241946585,5.381490308469829,5.494430592155242,1.8852298144803719,3.747445390124445,8.599344041769578,6.090863594712047,1.4650820201254113,2.4721452178548327,141.049136,0.0,5.175067774426888,0.5304373150139815,2.966263508639333,14341.251056635674,12943.279797125952,7497.351366582136,13832.234432234432
LOG00008,Idle 35,242.0,242.5,38.15049309664695,2.010469332355725,43.25587637431506,21.88094674556213,57.0,1.9393919044812682,7.149644970414201,14857.572555649478,13271.42857142857,0.0,0.0,1.645450055059457,1.6665373523119593,0.7062041590058233,1.9997333920547955,1.766637399594322,0.8470908610124376,1.2485886184423374,1.192888541379494,0.5732593019143699,0.32280556982165565,0.3774106832854158,0.22705794636696114,2.9764224689579777,4.872279677088262,6.192067366002381,1.3407076237366948,1.9068103135007022,4.581069012128676,5.251467344487344,1.6560272688494784,2.221056056504223,242.29072,0.0,4.862780351150183,0.31527637123336194,1.6482449004954243,14343.223443223442,15279.205409974642,14274.18991265145,15533.671456748381,LOG00006,Idle 35,98.5,99.0,39.81084812623275,5.588786733317383,49.87650587664507,22.10856015779093,74.0,3.110190318193392,7.966528599605524,15319.308255846718,11871.42857142857,0.0,0.0,1.502646742653938,1.2185756784644044,0.8077538554983216,2.147333923109687,1.3767303548190495,0.8077538555138344,1.4911022775856475,0.5658387366474597,1.2556410437865156e-10,0.48922783380116264,0.4969507533896781,0.23004496133126906,3.260001286239182,3.4083192265011824,5.768804719261267,2.277598186635145,2.8282216985084268,6.349144594421192,5.534364581548546,1.3680047363502579,1.7668520674855936,98.654474,0.0,4.302067573659197,0.42395935689412967,2.567712160238915,14734.516765285996,15693.237531699071,14597.74584389969,16251.732882502116
LOG00008,Idle 35,242.5,243.0,31.62667984189723,1.0979587799544328,47.17786787020134,21.935415019762853,70.0,1.577303606555056,4.969901185770751,12760.234330886504,10328.57142857143,0.0,0.0,0.8782639742825824,2.0124664075907526,1.0555286079637318,1.2653061162656007,2.393203835535629,1.2768802763480358,1.0509100067940922,1.801078896381305,1.2821889936577533,0.289825423295168,0.36863326165074983,0.2849698430770847,6.426306320580758,8.096573207553476,5.177712896169863,1.0820579447013756,1.935765923781811,3.8637874883255043,6.591106716404732,1.5526378602565163,2.485041620919804,242.607415,0.0,6.674843855011961,0.31680544452753745,1.5681261281169667,13286.476566911348,12408.441558441558,11220.158102766798,14125.861095426311,LOG00006,Idle 35,142.5,143.0,31.93550295857988,2.940401073806653,51.564847391760594,21.905739644970417,58.0,1.4129587154418097,4.992426035502958,12889.48295294449,9542.857142857143,0.0,0.0,2.1247894300516283,0.8948836203924168,0.6242536271701153,3.0686420611208858,0.7969636760751724,0.7402450792275923,2.677300859886421,0.5304486046710145,0.5322462772380842,0.28306909610031566,0.3400500015870877,0.22606391663365702,4.292604688239005,5.33374394876781,4.9381952153659725,1.0719718414124222,1.6219483023108634,7.8538172731079525,3.1469593351677125,1.6302678945660682,3.241449385789714,142.568436,0.0,4.873775111265466,0.28686059979844863,1.3747435986667167,12612.679628064247,13389.630881938576,11467.483798253028,14088.137503522119
LOG00008,Idle 35,243.0,243.5,27.39408284023669,1.8056574736836566,43.68865020758383,22.083136094674554,99.0,1.4502549078926854,4.057297830374754,11358.100873485491,6428.571428571428,0.0,0.0,1.074210604318827,1.261396714265034,0.8748877927341593,0.8399480142391003,1.3535885386336142,0.8511526089750527,0.7786018529070521,1.1515827686987,0.7704278650617145,0.3057072863053897,0.4248911662773552,0.36280598510046763,5.076780030324237,8.925687497604953,6.361642140037288,1.1519987576763675,2.0649974957480217,2.864115189467846,4.107288945911536,1.17154814096341,1.9994897500853193,243.489421,0.0,6.974049122738249,0.3677035177537545,1.672022098408614,13269.258946182023,10822.569737954354,8102.028740490279,13238.5460693153,LOG00006,Idle 35,152.5,153.0,31.018145956607498,6.499957981536046,45.58297672195419,21.74585798816568,108.0,2.31850730469034,5.601163708086785,12147.534516765287,8185.714285714285,0.0,0.0,1.7004568625990089,1.6058075014659894,1.139512183499322,2.9265374479163038,2.0391935199613185,1.5695691500531779,2.282966541019658,1.411102952784962,1.5471038781785023,0.49620871793351484,0.6436628899188496,0.35268635087419664,5.379948193554833,5.31076216096466,4.211607313362352,2.3617632876629213,3.9592424999655655,9.898498680816314,9.372522683865112,1.6538094317853718,2.1158364121157525,152.781303,0.0,4.996187661862298,0.5115051872349762,3.259871699966576,10479.149056072132,12865.426880811498,13182.023105100028,12063.539025077485
LOG00008,Idle 35,243.5,244.0,25.602366863905324,2.383820032689362,35.71619345229847,22.146410256410256,99.0,1.3960030106236039,3.620927021696252,10737.461256692026,6557.142857142857,0.0,0.0,1.5050508792623056,1.1713338491456444,1.1091740764178275,1.5657318669730227,1.1767816995429121,1.1380677828139232,1.445926638070829,0.7145676130425025,1.204272960162857,0.3983201777709566,0.6642710041574925,0.3874882393124575,7.140153593026915,8.189202146973253,6.584569432350712,1.7111877191870108,3.7722475446410573,6.433854001883649,5.200326192166312,1.348554992449805,2.422439844934389,243.739026,0.0,7.334879679664234,0.5000206884351082,2.9289942769103297,11898.929275852352,11993.068469991547,7927.585235277544,11130.262045646661,LOG00006,Idle 35,137.5,138.0,28.244378698224853,2.0321243920957626,38.014287663989585,22.035897435897432,68.0,1.5861509583488258,3.8999408284023667,11695.794590025358,7914.285714285715,0.0,0.0,2.137983676512392,0.9926793377742346,0.8616033257937554,2.7485545470286787,1.235857917451384,0.9422838612488764,1.5970843015306626,0.9123719721307015,0.8003291530133518,0.305920971449916,0.4373525575159226,0.30007593833698665,4.5187522414453865,5.137577494670095,5.388213932708171,1.2362540985199668,2.337160427469013,5.675130006591565,5.878621046158635,1.666791298974971,3.711291295958696,137.64452,0.0,5.028143252995708,0.3535111828063348,1.8695779015374776,9239.278670047901,12272.414764722456,12737.16539870386,12534.31952662722
LOG00008,Idle 35,244.0,244.5,26.324852071005918,6.318856109483555,29.626359053186693,22.010867850098617,111.0,1.9296501866489877,4.159230769230768,10685.967878275571,6300.0,0.0,0.0,2.0642287361563407,1.646771915587291,0.6889502500517002,2.477749327134095,1.8377808080326603,1.2064993392897287,1.9432068029525165,1.6117056808181622,0.883526503466423,0.3432313368398054,0.5814575585077927,0.3279470639212761,3.873790695407169,7.084993676930213,5.743192587269702,1.452223423909081,3.436716856834117,10.400936841433428,6.247997706879192,1.8672035262847806,3.2464507184573113,244.412856,0.0,5.720945459404238,0.4333781719119645,2.6381788820129306,11812.820512820515,10892.899408284024,8390.98337559876,11647.168216398984,LOG00006,Idle 35,157.5,158.0,22.258185404339255,5.043591737496247,36.115410261401905,21.831479289940823,157.0,1.4504768278157343,2.7515384615384613,9588.799661876585,3328.5714285714284,0.0,0.0,2.412083815528614,1.2970638334654907,1.000449904416287,2.396198388221436,1.1251734878083495,0.9890930884219913,1.6459790337140645,0.9256884518691358,1.0647798897277214,0.4479986534971406,0.4615232973291605,0.35708953948351496,3.8127136659981935,5.586223672076081,3.4565581130128824,1.9317792176805333,2.146754982464513,8.363063338416543,5.404724356051058,1.9365591807661433,3.4341701536755216,157.852287,0.0,4.3852204202292855,0.42474285817867896,2.042097928675144,5545.703014933784,11483.6291913215,11325.81008734855,10000.056353902506
LOG00008,Idle 35,244.5,245.0,30.386785009861935,1.370297380274346,28.485202574959455,21.917948717948715,112.0,1.8523151783245972,4.83465483234714,12392.34291349676,9200.0,0.0,0.0,1.172638191597947,1.3674977115384466,0.9143350667229382,1.4596871046260882,1.4142370279805168,0.9676908528347592,1.0483436449270682,0.6871219134627781,0.8676343086178399,0.31133552923670244,0.5108736348215858,0.31059577631611784,5.4306287476629835,7.5116850718082695,5.994057852280919,1.291205009928044,3.0258844860212357,4.608755923642311,5.195772822865186,1.2737994974596656,2.041692498789487,244.500661,0.0,6.373012651001129,0.38918351232048554,2.3262832265662836,13926.429980276134,12893.716539870386,9749.253310791773,12999.971823048747,LOG00006,Idle 35,157.0,157.5,27.76304347826087,6.25288532814759,34.51654452398454,21.7199604743083,110.0,1.9764030904908252,3.8259090909090907,11603.359683794466,6071.428571428572,0.0,0.0,1.5947532350854503,1.0560701957190841,1.0530929691559312,1.8565263030076349,1.073056444950635,1.2818737604159993,1.2297968426254366,0.7229600131316961,0.8984619368167239,0.33282451124127754,0.33236151372487704,0.2621449439882709,3.9105630487441485,4.585413498816515,3.619013581920301,1.2425664964629557,1.6987137762378404,7.422724428716456,4.233314141024829,1.3525017817181706,2.081984584067494,157.358999,0.0,4.058562127135481,0.31088921003421816,1.488220412390659,10465.951439864482,12445.623941276115,11456.57820440429,12045.285149632975
LOG00008,Idle 35,245.0,245.5,31.701185770750982,3.3059651705019872,25.69247459294352,21.894505928853757,78.0,2.05288588294126,5.312905138339921,12628.691417278373,9257.142857142857,0.0,0.0,1.2822876937350836,1.4562861057828846,0.7607980444919479,1.3939563646380035,1.246256493884409,0.5692550670107405,0.9768419554772367,0.6548374859896393,0.5244750746413084,0.399636488059934,0.4886901515988491,0.3405100323730079,5.320066676206551,8.008586016914489,4.813574774567118,1.845986878772932,2.7614839524971733,4.50976104289702,4.783659604265981,1.3720479130483596,1.9355552106913652,245.246513,0.0,6.207819304177343,0.4141153096281481,2.348772144813247,13274.025974025975,14274.90118577075,10752.7950310559,12213.04347826087,LOG00006,Idle 35,126.5,127.0,30.4930966469428,3.039991772497528,35.49541813917321,22.00386587771203,43.0,1.7247322704035932,4.592721893491125,12412.313327697942,9785.714285714286,0.0,0.0,1.10355277359064,1.296281203404222,0.43983655156580154,1.3827989237299525,1.3081452651309182,0.4398365605891047,1.0298558977394279,0.9754562877251264,7.4563492048479e-08,0.26604998223029647,0.3826110291830727,0.24338274363281798,4.974742244159486,5.874520264373685,4.139680193868913,0.8343836028236291,1.7984416986593734,3.5261771154197095,4.022128142277345,1.2037802296097684,1.835752625886411,126.912739,0.0,5.046285790555023,0.303539647380431,1.4018895356157266,12677.486615948153,12138.940546632855,11376.218653141728,13456.607495069033
LOG00008,Idle 35,245.5,246.0,46.85976331360947,3.59981896640961,26.111083647120886,21.764457593688363,78.0,2.9394505700388605,10.571321499013806,17292.526063679907,13557.142857142857,0.0,0.0,1.4004128436952747,2.238340254027313,0.7668204791730996,1.5025184251149417,2.8820640292773048,0.8116920804436861,0.7710681013614427,1.8018289097798614,0.16731157230194912,0.33939673428312866,0.5800271954095847,0.3400372219821682,2.6493122970149856,4.084974794626349,7.7029747654017315,1.3928330280033898,3.112470874142383,5.051802654416698,7.68461153461057,1.8669926654362818,3.138506794389541,245.868057,0.0,5.261232268720046,0.43483598555091685,2.4111676410280727,17095.04085657932,18484.981684981685,15848.661594815441,17741.420118343194,LOG00006,Idle 35,115.5,116.0,43.53491124260354,5.930732992507253,26.956778082614097,22.13613412228797,87.0,3.2259379375870973,9.50836291913215,16247.689489997183,10471.42857142857,0.0,0.0,1.3787757220022803,1.5129108942323848,1.6556884994442183,1.834371682853398,1.7257696020581283,1.7160057288279873,1.1854523896264328,0.948393473101444,1.6006624339713933,0.41344658608358653,0.6914023972010936,0.35535853285695795,2.823790599023051,3.346765493435159,4.7479791204051995,1.8958127097308646,3.9825885700041717,4.60447428399298,8.124402572482687,1.4473979869873292,1.9691875871845361,115.79905,0.0,3.7290721966276004,0.5083486471815188,3.1189034570105703,14596.78782755706,16867.032967032967,15880.360664976051,17646.576500422652
LOG00008,Idle 35,246.0,246.5,16.470808678500983,4.876439345184349,28.207070047990626,22.124950690335304,71.0,1.7032463660437271,1.635897435897436,7687.883910960833,4257.142857142857,0.0,0.0,2.0064757195976437,2.9465654295473724,0.9007566142332931,1.6629293673360948,2.463034201151427,1.1576694806255174,1.5069954563373302,2.2728864985878476,0.9132323036426188,0.38837346399180606,0.4702772036501935,0.35002511766434774,2.2352667186313004,3.0413534026123017,2.365911392050791,1.7362862662728642,2.339618557681022,5.048092185569113,6.695990734253968,2.520733290526645,3.8633621830539497,246.278474,0.0,2.5718854651816496,0.40600171543232877,2.06015836695789,7106.818822203438,8222.738799661876,7211.101718794026,8210.876303183995,LOG00006,Idle 35,130.5,131.0,15.018972332015808,1.3421841276203739,22.993866704217616,22.094229249011853,60.0,0.7143050702061015,1.6815019762845849,6861.27188029362,4542.857142857143,0.0,0.0,0.3848819696718498,0.8519450174371497,0.25552288432639725,0.5252147798509846,0.9392201628153367,0.2554965745171631,0.4295263428418816,0.8160882643942786,0.002713582399227711,0.3778224132206414,0.31818892211528166,0.3000873902666924,2.919952965798796,3.8608205611072988,4.940123546412395,1.0960651021202188,1.2153001222939719,2.020155357388186,5.453903124234748,0.6610387444448576,2.5227787764873786,130.500855,0.0,3.9931976068210564,0.3336896801350161,1.1572193170124558,6869.62168266516,7143.704121964991,5818.181818181818,7613.579898362506
LOG00008,Idle 35,246.5,247.0,21.115976331360944,1.6232777805697558,28.933411793994225,22.085226824457596,62.0,0.8042754071757812,2.7810059171597628,9096.77373908143,7285.714285714285,0.0,0.0,0.9079032238316245,1.2338598024807292,0.7094687416800478,1.0326082312890132,1.1791256436001274,0.9725160185036402,0.8214984562448527,0.9216479421726105,0.9975069072743311,0.22872615238630584,0.29162014044228396,0.23437817884797366,1.177104967175477,4.717967458659645,3.7036971359991653,0.4261829925255394,1.145820537562999,3.75665090679224,3.337669763132919,1.0832124159234973,2.0493185506056113,246.502428,0.0,3.529030344628628,0.2531739124377509,0.8644468310483834,8357.706396167934,9754.184277261202,8818.963088193857,9456.241194702732,LOG00006,Idle 35,91.0,91.5,18.210650887573962,3.5687838151869933,25.845653115692766,22.369960552268243,53.0,1.101092515611559,2.4689151873767257,8039.0462102000565,6614.285714285715,0.0,0.0,0.49658221839693834,0.536661489102011,0.6744499824760996,0.5189944507180849,0.4781120009413029,1.21562500007893,0.41170117953248286,0.2743390360923456,1.0617506763386062,0.26559743603420793,0.3256837018722017,0.23515919942795216,1.537943699962354,4.20666559052791,3.331526473903936,0.7126355232958418,1.373519299724554,2.0073828231845985,2.157506047996167,0.5170103739351911,1.3245507551843845,91.499844,0.0,3.222854576360747,0.27803580151287577,1.0941674130997887,7335.2211890673425,8401.15525500141,7734.657650042264,8685.150746689209
LOG00008,Idle 35,247.0,247.5,27.855029585798817,4.409465047043356,32.575289927261785,22.060493096646947,59.0,1.8388001545718256,4.262564102564102,11292.885319808396,8457.142857142857,0.0,0.0,1.1117768194375846,1.1401069137178628,0.6854686249053568,1.5938219607426212,1.83166976392872,0.6733696710221809,1.2191992024750613,1.4238317564023095,0.5110549802796747,0.30649766199941464,0.4996287876925114,0.2948709588679231,4.888604560446475,8.677094376532967,4.935212297809643,1.1824994462373906,2.8470027238682287,3.564840358979608,5.448521866758394,1.1260309655924257,1.7207656332059005,247.401207,0.0,6.417339578364481,0.37882213270693166,2.1798772270548685,9694.928148774301,12212.059735136658,11668.3572837419,11596.196111580728,LOG00006,Idle 35,137.0,137.5,27.404339250493095,5.438389085516167,38.863062533193926,21.88102564102564,42.0,1.9603919375971661,4.231932938856016,11127.3527754297,6714.285714285715,0.0,0.0,1.372628022940182,0.9245607509609768,0.7899686009769491,1.3740281083867025,0.9887969847048496,1.308038817141809,0.7466512718297743,0.48565041406921106,1.175871789955411,0.46147468252174323,0.5373040761813042,0.34919045220200795,2.993703896613534,6.010322321135923,4.460426489855359,2.1622424270263267,3.2010634359797128,4.609397826557326,4.525404947717762,1.1702393497866574,2.0662771877617034,137.309093,0.0,4.654089309268685,0.45591977539863715,2.731492214376506,8773.288250211326,11304.50831220062,12000.986193293886,12430.628346012962
LOG00008,Idle 35,249.5,250.0,21.871400394477316,4.801338428148677,26.068046113742955,22.042721893491123,95.0,1.6928413769204544,2.9905917159763313,9111.792054099746,5857.142857142857,0.0,0.0,1.7799985530835585,1.916463615769696,0.6000489556199984,1.6399230891137926,1.809017106877439,0.5331711408217448,0.3821627637166619,1.1148298528862446,0.4006493914993576,0.3064708134827375,0.37194493672240614,0.31060199525783994,3.836364550268526,6.464218392761231,4.5957454780899525,1.1833949073764152,1.787492539074561,5.42766672474929,5.7199605521322185,1.8494901513050317,2.645244115357759,249.799575,0.0,5.086737293893271,0.3310292005892918,1.515841859174574,9766.18765849535,8789.799943646096,8941.701887855734,8949.478726401803,LOG00006,Idle 35,54.0,54.5,20.22031558185404,9.329256726241173,32.3133010702757,22.507869822485212,71.0,2.473498979721337,2.7749506903353054,9049.034939419555,3528.5714285714284,0.0,0.0,3.9603712216058122,3.7340942166654894,1.3161161431675443,4.093102936114022,3.832631955372319,1.3161161431605488,0.5630371349719854,0.9393028727184336,2.6557075344278772e-09,0.5017180155240889,0.5737950189097898,0.35546567690622805,2.646258233669503,3.6389381700135766,3.2939611914417144,2.3671733565052104,3.324702519550945,9.084308164761207,11.031513045765546,3.848895934671277,7.579431007524746,54.000252,0.0,3.2194582347122487,0.48556411807488364,2.8859276275797816,8129.02225979149,10910.650887573966,5350.098619329388,11806.367990983377
LOG00008,Idle 35,250.5,251.0,28.725641025641025,6.528101395030575,23.04138274063751,22.066272189349114,68.0,2.3773810347066244,4.986962524654832,11328.10650887574,8028.571428571428,0.0,0.0,1.355773082746576,1.6878763531275518,0.6581527431261753,1.3177878728341037,1.7215722267043971,0.6493143780755787,0.7718372973095371,1.1158422774374366,0.20697097974605513,0.4781477669525782,0.5778112312532061,0.38007528725118067,5.681886573043981,8.973221488674541,7.379474233751574,2.36851834153145,3.3049420136170102,4.735821775526012,6.4555833363854696,1.5308571512958549,2.283576957466405,250.713145,0.0,7.4667971464868215,0.4854373732292528,2.8751105063581246,11845.252183713723,11708.030431107356,10575.683291067906,11183.460129613975,LOG00006,Idle 35,156.5,157.0,29.57593688362919,7.042405568643074,26.21817144441888,21.728402366863907,43.0,1.9852152569801167,5.053333333333334,11693.836291913214,8085.714285714285,0.0,0.0,2.3028115089464767,1.739433091369591,1.0146744479403071,2.744956070861086,2.443921848263275,1.1229467841302232,2.1156871090757687,1.6137604231731293,1.1145634878885102,0.34711288634892695,0.36342786528448334,0.2554403258244801,3.246344936081451,5.096645647585738,3.573872911988543,1.5321625526007667,1.7592701470254353,7.062415453055575,5.8734182057911,2.040657776929772,3.6149697440242234,156.761132,0.0,4.0532752144457955,0.32548268217732484,1.6496292822641998,11149.366018596787,12097.520428289658,11347.816286277824,12180.642434488589
LOG00008,Idle 35,252.5,253.0,31.998221343873517,3.9028084544888717,31.206854049037673,21.97304347826087,168.0,2.133374765361349,5.418596837944665,12618.153585544891,8000.0,0.0,0.0,5.007933290853376,6.771926583608114,1.4408862295730485,5.15205942963826,6.591653264669999,1.3121238961682418,0.9193250309087461,2.3730191789081285,0.6410555783052355,0.6048939824536455,0.8168379369952518,0.4814876065560215,6.9200135858470135,7.697453863452003,6.239126794336845,3.474162405039157,5.129261521481247,15.3129411285979,17.467021438833356,5.955601795764045,10.543063438820276,252.878677,0.383399209486166,6.97768077907675,0.6493461482112438,4.380589467887604,13641.643139469228,13121.4568040655,11889.779785431958,11819.734613212875,LOG00006,Idle 35,140.0,140.5,29.78303747534517,2.4593716914974015,39.535547689045806,21.934418145956606,156.0,1.5820529512400474,4.899112426035502,12098.316427162583,7442.857142857143,0.0,0.0,7.313929028645717,0.8094033385416459,1.0664922007207276,7.883103851505294,0.7814606835563181,1.1102473208352204,2.723472044648627,0.3488810724966421,0.698101457925478,0.396948105342808,0.3959651659414627,0.28465270880187665,5.628962721255954,5.59859893438095,5.771047418848043,1.869082076932731,2.1145574106814915,17.00458228068052,3.5874534819572363,5.203301432768852,13.275421425941126,140.138539,0.3155818540433925,5.666701558400425,0.36303506515787193,1.9955977617469902,12873.598196675119,12455.98760214145,9724.485770639616,13339.19413919414
LOG00008,Idle 35,253.5,254.0,30.165483234714003,1.489215641880877,10.865853025366642,21.879802761341224,38.0,1.8088975820064332,4.274122287968442,12307.769794308255,10628.57142857143,0.0,0.0,0.8731629388310701,1.597939141346179,0.5780337515485575,0.727676770326736,2.2899872454603334,0.5780328956202319,0.47392218017308874,2.0670366105359794,1.3993829259850866e-05,0.26132733890090637,0.330813416230171,0.25883278509016094,6.140387642745911,9.493532504875164,5.8311696286513595,0.8565302693453735,1.4295041244922542,2.739512906790079,5.754853881313258,1.2875991257363983,2.2903004335471,253.53183,0.0,7.344704647168463,0.2856127360911595,1.1783730615227976,11854.860524091293,13266.666666666666,11495.012679628066,12614.539306846998,LOG00006,Idle 35,159.0,159.5,33.14674556213017,3.559032216197542,12.94786269466213,21.834220907297826,55.0,2.0201340150284404,5.663925049309664,13000.556494787264,8857.142857142857,0.0,0.0,1.0352584111904186,0.9309317270234253,0.7537802671095479,0.8981738305561126,1.0196781833939426,0.9188431219801669,0.460773709459763,0.49332331807616847,0.7748005021561858,0.3389124051495297,0.43079880011868726,0.2888987975616997,5.061639039693361,5.6766190201359965,5.267027046123547,1.4363711628880687,2.381978345859259,2.702909528841936,4.769851076285383,0.9844779983116245,1.504427142107021,159.49987,0.0,5.341216065420389,0.35772975823496317,1.9668481077244926,11802.789518174133,13227.669766131306,12299.12651451113,14672.640180332486
LOG00008,Idle 35,254.0,254.5,32.30966469428008,1.5914482029394197,18.30671453888269,21.788027613412225,40.0,1.588321566316315,5.271952662721894,12933.685545224005,10828.57142857143,0.0,0.0,1.6124324640093446,1.0882603153484716,0.9530383491627283,1.705316700079622,1.053038786410011,1.0451703454215133,1.5228981467979334,0.8010170230859609,0.6600827683704472,0.2720136851409319,0.4049991329848858,0.2720626046553046,7.380385869221632,12.00401586945907,5.9412636843035855,1.175001909186423,2.112737958070977,5.285348734246734,3.5216994283875684,1.375545158283363,2.2248467912935275,254.271719,0.0,8.829214890337195,0.3225077794794454,1.709428437528997,13075.739644970414,13290.786136939983,11600.535362073822,13767.681036911805,LOG00006,Idle 35,120.0,120.5,34.676877470355734,2.7557483816722548,25.263763712229473,22.14903162055336,37.0,1.7092645557158177,5.887806324110671,13721.49209486166,10328.57142857143,0.0,0.0,1.1269636943032766,1.0144742149702808,0.7324755204903454,1.3391416150319346,0.9817190080284952,0.8212081738461198,0.8128788699791842,0.4878267961064304,0.5385679148729814,0.34230090166586474,0.38956374938463234,0.28088773795991157,3.5926906442823774,4.680119811853588,4.989887467698884,1.4303818087297215,1.9648667787144531,3.581904455131613,3.5600439665091583,1.0721952017047214,1.7449156460727655,120.360937,0.0,4.461312380123027,0.34050342311158066,1.718530415331748,12858.159232072274,14101.326933935628,13247.769621682666,14678.712591756072
LOG00008,Idle 35,254.5,255.0,26.217554240631163,1.1970655831538906,24.545081257969738,22.000808678500984,119.0,1.2091547486979606,3.510118343195266,10877.4584389969,9000.0,0.0,0.0,1.6292566515159879,1.4389076977189874,1.4555488865925548,1.4909287078844147,1.286183455793322,0.9251041290850898,1.2982202665397984,0.9891734403441481,1.2874736346480122,0.31271197311622045,0.3619521996848365,0.2996972578485894,5.981440243408462,8.984464832624925,5.153874238241342,1.10972373711801,1.812042685875161,6.444115704961769,3.7292489633134918,1.5370316520917913,2.2286399785619992,254.64366,0.0,6.905569138450213,0.32589191426447695,1.5024955021824242,9518.286841363766,12010.594533671458,11331.473654550578,10649.478726401803,LOG00006,Idle 35,155.0,155.5,22.61913214990138,5.237586887737474,16.688109031059817,21.828303747534516,96.0,1.2463839680283346,3.228974358974359,9413.095238095237,5485.714285714285,0.0,0.0,0.7315718355380934,0.7413314388662087,0.5537042605628588,0.6916796513078486,0.7541500650528395,0.5366542674803317,0.5892150857257176,0.5337320071540997,0.5307546352856204,0.2788187704366273,0.36869972935162804,0.2575191568661338,2.613915861480329,4.897054141952516,2.8834448786241245,0.934128806290244,1.7341394980618374,3.478873970491616,2.8870929531141014,0.7364678040498506,1.1311075158095951,155.499301,0.0,3.611460912529094,0.30550259863859364,1.3928094674935618,8013.7221752606365,9171.34404057481,9418.286841363764,11049.027895181742
LOG00008,Idle 35,255.0,255.5,29.949604743083,1.7645862591288524,24.050828326984558,21.766363636363636,100.0,1.5540931370636102,4.555079051383399,12067.236024844722,9242.857142857143,0.0,0.0,1.5562971555520784,1.7559951953181578,0.8343131953532166,1.517680918500534,1.939284113064559,0.9026584874735147,0.9729765500638415,0.9184093343278781,0.8343876279016883,0.34301627351831443,0.36463281634844863,0.295304302114308,5.565122774358425,6.468646028084998,4.29507305518565,1.3879786909035559,1.946106942136149,4.795625476975347,5.385531781465036,1.6591533929025293,2.651898642090961,255.40826,0.0,5.51548201217036,0.3355701046993564,1.690239195592278,9802.315076228118,12362.591756070016,13172.501411631847,12931.5358554489,LOG00006,Idle 35,150.0,150.5,29.96173570019724,5.825479244421615,26.708725158546198,21.79214990138067,90.0,2.333975794309541,4.656074950690336,11922.372499295576,9028.57142857143,0.0,0.0,1.624140527084597,1.790646859461853,0.7892008244882082,2.0272564592292612,2.0468641399749274,1.2916821225740451,1.4201321695077145,1.317660233704453,1.1844265797010933,0.45130078546102065,0.7930891830238121,0.31477006815777586,3.932457342848137,6.790439856854037,2.9785485966438605,2.1051952255866664,4.7729282732454905,5.7760643289483795,9.365680772445799,1.7094222162794115,2.6895751733342137,150.386906,0.0,4.845824523767558,0.5572979595019655,3.688678031448331,10328.79684418146,11984.333615102843,12136.855452240068,13239.50408565793
LOG00008,Idle 35,255.5,256.0,35.13786982248521,4.877168338775079,12.537902440056122,21.974437869822488,116.0,2.2360311919068616,6.034911242603552,13862.130177514793,10257.142857142857,0.0,0.0,1.2984110808939362,2.3628803656166295,0.9066338476112011,1.1667125729005758,3.1752908037132688,0.8439327076809757,0.5392247173425583,1.8374412139239427,0.601109084142642,0.3999431260064866,0.4665904047661917,0.3595875420979328,5.241737045469315,7.579804523522322,6.606439766556743,1.8754538012161461,2.5479775412782875,4.698398736839532,7.407682988518248,1.9064462957561565,3.5646543167712275,255.629253,0.0,6.546609561643267,0.41108162623812783,2.2371317028010034,11997.266835728373,14273.59819667512,13853.169907016063,15324.485770639618,LOG00006,Idle 35,145.0,145.5,34.601972386587775,8.48262152312379,20.124274269482946,22.00457593688363,107.0,2.5424483509500315,5.841124260355029,13643.05438151592,8028.571428571428,0.0,0.0,2.4289087424637525,1.5409442358633008,1.6960081780891834,3.4394451972783338,1.578976746681908,1.743454485691928,1.871989686584699,1.1616294737046173,1.8920949148835462,0.49960274199322535,0.47494333768070307,0.3078589326708561,4.27367487385788,3.654544881891942,4.197083949384022,2.3221197277994126,2.533656623186965,8.468877935778993,5.063307305294643,2.033974780725806,3.612566428930957,145.194655,0.0,4.051152465631796,0.4358712333704663,2.4301909302001765,11954.5505776275,14733.81234150465,13303.747534516766,14580.107072414765
LOG00008,Idle 35,257.0,257.5,29.49861932938856,1.5116438493505124,12.661719810693347,21.958520710059172,12.0,1.4992778947304737,4.189783037475345,12088.75035221189,10114.285714285714,0.0,0.0,0.7764699464425769,1.0645420436076405,0.5734511428779024,0.6389853693329425,1.1942491909704345,0.5734519145493854,0.39743540192656657,1.0227930918143775,9.776090460009987e-06,0.2524717934402681,0.29063446675399945,0.23347590276385755,7.805537962572221,11.527103923382567,6.705468338998766,0.7787827316531951,1.3323412602476448,1.901935067759251,3.295146152400599,0.9317068584959728,1.3243227266390587,257.209764,0.0,8.92120794121014,0.25994960852681004,1.091246025623804,11442.011834319526,12556.35390250775,11586.136939983095,12770.498732037195,LOG00006,Idle 35,159.5,160.0,29.817984189723315,2.353017717569648,15.828146308178386,21.938616600790514,14.0,1.9603740596972088,4.19586956521739,12237.457651044606,10328.57142857143,0.0,0.0,0.827633855053087,0.5966348550003675,0.6866860702487121,0.7984418626724763,0.6317343946609446,0.6429465847974938,0.3692658633299658,0.1199565484742491,0.5836785037127836,0.2847557067850427,0.29210344081783757,0.22883672642899264,5.408890959423735,5.890699090949588,3.896179880533257,0.8410644431252011,1.3233347030180502,1.8270042868126009,2.3223437799798434,0.721439861745712,1.5352079228673272,159.509736,0.0,5.136037865012363,0.2700472057789199,1.1087389534289338,11283.00395256917,12618.859401468097,11747.063805759457,13300.903444381704
LOG00008,Idle 35,257.5,258.0,26.719960474308298,1.266135696985439,14.925195285476862,22.077747035573122,7.0,1.14635897052919,3.4762450592885377,11103.338509316769,9742.857142857143,0.0,0.0,0.8326002847738844,0.6886288448915188,0.603530790167055,0.6415763427270141,0.6904849180414594,0.6035307901859511,0.5349645332819577,0.5152711415942148,2.1713116479293376e-10,0.22146589063891134,0.24310536727189824,0.20573426526768512,3.525484609218442,8.332155582292396,3.4088361966583323,0.572868861445079,0.8206559613792698,1.5140971298358223,1.641242178756098,0.7640133900077212,0.988519940036977,257.941821,0.0,5.581935822902614,0.22395977928944075,0.7076916487287086,10527.752682100509,11512.33766233766,10751.185770750988,11622.07792207792,LOG00006,Idle 35,160.0,160.5,23.740631163708088,3.144176231951583,18.222196684820997,21.842090729783035,13.0,1.096818706230783,2.9942998027613412,10120.829811214428,8057.142857142857,0.0,0.0,0.6186587115371337,0.433449102697796,0.47561265625767735,0.5566416091876923,0.4395525799065228,0.4986752111091085,0.43428739372727193,0.022696306956576172,0.3109325554888232,0.29277920507012845,0.27792368808577966,0.22472934651179624,4.124580515315122,4.29500310375008,2.425381795894658,0.987846183494507,0.8927961010291455,1.7450973874024158,1.4635613531108036,0.5341426429289795,0.7100700646474375,160.387797,0.0,3.7122182471938596,0.2667486447977553,0.9415213646693067,9309.861932938857,10526.824457593688,9826.204564666104,10820.42828965906
LOG00008,Idle 35,258.0,258.5,24.616173570019722,0.7070612804358567,16.327442208682815,22.03552268244576,29.0,0.9927910598490678,3.286804733727811,10360.960834037756,9100.0,0.0,0.0,0.7794601226359723,0.7765651622598169,0.4239234885539513,0.7713615624509836,0.642192861850262,0.4239234886734146,0.49038017303943415,0.6004246739580041,1.29074824191286e-09,0.2383036407280695,0.2343483781367098,0.20566882308333512,1.485323116337965,6.777888135883961,2.0725757975695553,0.5118986433010974,0.8147071204678853,1.6245163139956058,2.795812591597884,0.7780139889537013,1.0338564233863823,258.342383,0.0,4.180969695304172,0.22657408818312486,0.6803631064198652,9678.021978021978,10752.240067624683,10094.75908706678,10918.822203437587,LOG00006,Idle 35,164.0,164.5,24.519526627218934,1.3847981976113197,16.0817897840768,21.955996055226823,40.0,1.134866260261719,3.078165680473373,10337.271062271062,8628.57142857143,0.0,0.0,1.774295060901118,0.521109126882499,0.4993131222898243,2.6941221111943476,0.4996337926404318,0.49890207739885517,1.8010144021040193,0.21513978161257105,0.0020343106751810882,0.2593217854512324,0.31239398184542494,0.22001931338730624,2.051514206763268,5.520237227065117,1.3882884143631458,0.7188903203658626,1.2282012009017085,7.184384776401151,1.9871381302561604,1.3076080615494732,2.4240161880105187,164.104276,0.0,3.493282806810905,0.2666122568864607,1.0063005223620158,9735.981966751198,10316.342631727248,10144.237813468582,11152.521837137221
LOG00008,Idle 35,258.5,259.0,27.700394477317552,2.4415776906614246,16.465841094366034,21.90171597633136,30.0,1.4574662855380993,4.005719921104537,11360.728374189912,9528.57142857143,0.0,0.0,0.9046954976475857,1.013697036998344,0.5092837136227647,0.8196873563631122,0.7103095217905736,0.5092774224692911,0.6389959294215181,0.5633908112063974,5.277021904709593e-05,0.24651596437055642,0.3008525500064946,0.2083883761584499,4.578803666014579,8.424372254459191,3.9973221471378317,0.7829283352422048,1.144662277412585,2.0448617474232704,2.6202819909375323,0.9607433648698894,1.4647429518136597,258.843579,0.0,5.997612726232801,0.25476007853986293,0.9806193215148515,10405.888982812061,12020.090166244014,11181.797689489998,11835.136658213582,LOG00006,Idle 35,161.0,161.5,27.614792899408283,2.4075649402103885,19.927409508688314,21.67607495069033,24.0,1.4602117520760058,3.8966666666666665,11367.765567765568,9571.42857142857,0.0,0.0,0.904484227688824,0.8810780102265013,0.5800166823246448,1.3017503000455355,0.8496467003277587,0.5306247842545017,0.8479548709981519,0.582516818118666,0.3824737098493072,0.2508314484941533,0.28784925063919287,0.23286418950211046,4.631166681024786,4.580190680281008,2.9246584526494828,0.75551617930164,1.1588427056228838,3.0167187001734734,2.9719265031355415,0.8928578213362244,2.123503394236271,161.494747,0.0,4.122276012100645,0.25819846204014896,0.9781924947478163,10514.933784164554,11514.849253310793,11149.22513384052,12292.054099746409
LOG00008,Idle 35,259.0,259.5,29.04358974358974,0.7387107841480993,13.602753484912435,21.95733727810651,17.0,1.4378128540595783,4.189585798816568,11897.900817131587,10257.142857142857,0.0,0.0,0.8852566497413474,1.0950406262497576,0.47792922421461553,0.8461372209414934,0.9133681897399234,0.510111329849706,0.5793698538638595,0.6727773614588538,0.2484147842524577,0.27732042013440616,0.3031271539424342,0.23497156396416122,7.953114859230374,9.663603416443971,6.381036790097412,0.912857998994654,1.3818041637544802,1.9220510084010423,2.4886329350873697,0.9956890350527962,1.2791818415592873,259.410878,0.0,8.110793168591165,0.273254657021936,1.1710449336591962,10856.889264581572,12370.160608622147,11750.54945054945,12614.003944773176,LOG00006,Idle 35,164.5,165.0,28.060474308300392,1.169143369189332,15.060974860859426,21.82270750988142,26.0,1.2572200161613978,3.966758893280632,11612.478825522303,9628.57142857143,0.0,0.0,1.309268686197702,0.6130827544247791,0.5277826769128998,1.913177525523555,0.6153376265118934,0.5180030212687909,1.250593434728183,0.18424307069755425,0.16211290897049788,0.25255863508839616,0.2930709372339729,0.23549584559173178,4.413307115164785,7.142341910653252,2.742180246352609,0.8722167783131124,1.136459364531907,4.918304923462768,2.0579547773487756,1.0222658549592005,2.3363356858492867,164.958668,0.0,5.099342446659978,0.26149234004069644,1.0129911143744474,11005.025409373235,11770.60982495765,11171.485036702428,12502.7950310559
LOG00008,Idle 35,262.5,263.0,26.908300395256923,0.3406142392213187,15.275933983480149,22.079584980237154,26.0,1.1196069727736053,4.005553359683795,11143.12535290796,10300.0,0.0,0.0,1.2253032027220971,0.6558867104351868,0.6404816067235573,1.1131538269388674,0.5592518484863775,0.6199772733794404,0.6458956318750719,0.3519420567914761,0.4236494554939945,0.2141423015998639,0.25735119272266743,0.212578289195863,2.8940680826379355,7.296228459354986,3.1442420342658384,0.5375025206730162,0.8594587625322478,2.615324253054791,1.7003835884370582,0.9827398728876628,2.886611836313965,262.500961,0.0,4.881831547281184,0.22896585681982262,0.7167908775309956,10632.241671372105,11568.238283455674,10716.629023150763,11655.392433653304,LOG00006,Idle 35,160.5,161.0,24.801972386587767,3.307357773068966,19.372272523792073,21.8101775147929,17.0,1.261402291214088,3.407968441814595,10338.144547759932,8242.857142857143,0.0,0.0,0.8617131940907717,0.6595597078448521,0.5493526944669489,0.8515253813889907,0.543065201592547,0.5314328708267242,0.511956294462468,0.414916920792826,0.4458853319759608,0.23673458993727645,0.31598728215313693,0.20746947999369647,2.598186357939782,4.788640517470239,2.0031799197281854,0.5974890034088103,1.3658299265449154,2.0376147249316743,2.6259214593829965,0.7673228255051802,1.1557049323227535,160.814989,0.0,3.3513370539206315,0.25751039699667233,1.0541547555838617,9427.13440405748,10563.595378979993,10252.183713722174,11109.664694280078
LOG00008,Idle 35,263.0,263.5,27.43175542406312,0.1852485811809471,16.683850333781688,21.903057199211045,26.0,1.1341628872044411,3.8727810650887573,11307.95998872922,10300.0,0.0,0.0,1.3229867500579686,0.8991296376641729,0.6345862077637883,1.4899130348667564,0.8525516926209709,0.6546049073449449,0.6527314804694366,0.5905555313882446,0.5602978743239654,0.24185513088253835,0.28844711520761646,0.20880697258361053,4.3150521046068295,8.438326629477721,3.3147425609748464,0.5846368200136618,0.971729171505602,2.857220342708103,2.24179415327122,1.1310897502309563,2.657702179179652,263.024859,0.0,5.796911511508022,0.24852631946827305,0.8018908261324142,10813.468582699352,11596.506058044519,10865.539588616513,11956.325725556497,LOG00006,Idle 35,163.5,164.0,27.73648915187377,0.7385082125879388,17.417713030892784,21.85181459566075,17.0,1.2507406901276699,3.966765285996056,11457.516201746972,10271.42857142857,0.0,0.0,0.9830951855688882,0.7314148624338347,0.47660711635357583,1.2127061797563696,0.6411197063562996,0.5071991108701862,0.9302964772076119,0.4427523910916573,0.27623095396198144,0.25819179572012235,0.27642686439064873,0.21546070623807564,3.901088221251636,6.545009077499687,2.450105447095704,0.7271842418248883,1.0155157750583188,3.00295712245279,2.7391528945792087,0.8664421056475244,2.2680574848391495,163.999699,0.0,4.620918012560909,0.2513285569837737,0.8831956779079979,10841.166525781911,11501.775147928993,11123.020569174416,12364.102564102564
LOG00008,Idle 35,263.5,264.0,26.9552268244576,0.9480111527768672,17.882325368713207,21.920611439842208,34.0,1.1457448520598854,3.8320118343195264,11211.996336996337,9671.42857142857,0.0,0.0,0.6077913016652042,0.9714674814615751,0.6907141154123441,0.5101467323424846,0.9315264764837633,0.7288362536233073,0.39303182435983375,0.7619557972918402,0.6812245982664652,0.2316032501805168,0.2667390282763592,0.2411375392480826,4.771236772126869,7.190329606976366,3.4991111344050045,0.6703994621976934,0.9653776128151019,1.5845655954338849,2.6153846153846154,0.8102960366178458,1.3419169250967455,263.558624,0.0,5.376160926521625,0.2469393228673905,0.8310804336042156,10822.936038320655,11584.67173851789,10570.076077768386,11870.301493378414,LOG00006,Idle 35,162.0,162.5,26.64347826086957,1.035957747719957,19.795916475419336,21.898418972332017,20.0,1.1684967174557377,3.7028656126482216,11048.701298701299,9528.57142857143,0.0,0.0,0.793160732792213,0.763757477085819,0.6047084592539212,0.850683524543308,0.6319638401733105,0.5828136310100569,0.5550412928119677,0.3362910739513052,0.3717251252706562,0.2384604229918226,0.22904161161337228,0.20841950217703034,3.444659677955462,4.469312643982622,2.047454743880664,0.6004275906464247,0.904020491631193,2.87589133802762,2.492280572205482,0.7785979167220962,1.050968973577313,162.49712,0.0,3.465665243251027,0.2256561706605951,0.7673872363085585,10220.214568040654,11333.258046301524,10857.62281197064,11783.709768492377
LOG00008,Idle 35,264.0,264.5,22.86923076923077,0.8764956223147286,17.350658399063782,21.93461538461538,31.0,0.9286059331247156,2.956094674556213,9783.875739644971,8342.857142857143,0.0,0.0,0.6580796518311844,0.845560226978523,0.6151558703078982,0.5656933890954193,0.8913581289381142,0.685773058041961,0.3528468798708814,0.6831736264393599,0.5659800012445517,0.23095223557650077,0.2594774719049871,0.246581560209721,1.2780034000318994,6.539801177321373,2.6310098510331184,0.552260502787684,0.8163119664461949,1.7736844723611551,2.2027417020425157,0.7576413813943322,1.1554943739937888,264.173292,0.0,4.136202161630099,0.24594712126759227,0.696906338578779,9179.99436460975,10253.733446041138,9866.215835446606,9835.559312482388,LOG00006,Idle 35,60.5,61.0,19.515581854043393,4.2999763549996795,22.97893074736749,22.51449704142012,45.0,1.362881752219255,2.0800986193293887,8828.803888419272,6428.571428571428,0.0,0.0,0.37510721025529686,1.0408363444156616,0.29022401615578863,0.3113837145969109,1.2532348309831787,0.29022401665333647,0.15880194621860325,0.7779063636259329,2.0519471594704356e-09,0.32792090229618104,0.33547298767611644,0.22822398187280654,3.5377173326382025,5.014159977142167,4.682180532564116,1.1683311657951232,1.4405982651016012,1.5333247577154927,5.12005763034627,0.7823188975865502,1.7002047070595332,60.628313,0.0,4.456458187901594,0.30119784722834053,1.3115489076626035,8664.15891800507,8732.910679064524,8394.759087066777,9523.386869540715
LOG00008,Idle 35,264.5,265.0,27.446442687747037,4.061692874357758,16.114062000251284,22.002984189723318,45.0,1.6640170812005204,3.9530632411067192,11272.819028797288,8514.285714285714,0.0,0.0,1.4091017591555184,0.8129975504307628,0.6803676439242059,1.3046667089861588,0.7958034896431239,0.6628351590913898,0.9971254221707825,0.32481695144273626,0.14181789384846033,0.35029778758315105,0.4602871929107751,0.3016744745747038,5.094636984191988,8.331066330278311,5.052289628779656,1.3423752199752952,2.4620904954536393,3.603358117550927,3.424799119927723,1.1503331657962392,1.8643993681419568,264.776121,0.0,6.347903136555363,0.3766432124939353,1.9829095842986473,10017.47600225861,11946.69678147939,11853.190287972897,11273.91304347826,LOG00006,Idle 35,162.5,163.0,25.413412228796847,3.434587043511342,18.68725389342413,21.808264299802758,40.0,1.164776064916595,3.206528599605522,10739.489997182305,7657.142857142857,0.0,0.0,1.1609554133545694,0.9948088677589609,0.6518554618644232,1.9060753313232448,1.123057887224843,0.5725699886517338,1.2724871387997867,0.8741282484611691,0.24709118276222425,0.28764602681791596,0.2504190105520142,0.2390861856656771,3.5864549223909186,6.52293106237606,2.3323473330871396,0.8043347308348955,0.9904691693206732,5.017720079169364,2.7628130763181495,1.0810786639207033,1.854731411202966,162.927319,0.0,4.503744095639065,0.25987953732844854,0.9022149230094868,10160.355029585797,10785.629754860523,10359.791490560721,11652.183713722177
LOG00008,Idle 35,265.0,265.5,25.62702169625247,1.265238322742391,14.856672207959734,21.947435897435895,63.0,1.1082224702003796,3.48447731755424,10716.582135812905,8414.285714285714,0.0,0.0,1.139604372950387,0.7598869817690544,0.47177019895792355,1.198828819733059,0.6486950710736261,0.6686619755371623,1.0325684215442237,0.3555933123317738,0.4981367153954298,0.27987464925213573,0.32246583548385105,0.24463931341215542,4.5076410214635505,8.421968301756623,3.956206334449594,0.892781352377124,1.511785664099441,3.2396093952096403,2.3617597824962986,0.9685366157016805,1.529477320553566,265.037576,0.0,5.969364740487142,0.28411407803619715,1.2414818640094816,9281.68498168498,11515.976331360947,11391.772330233867,10676.894899971823,LOG00006,Idle 35,163.0,163.5,24.448915187376727,3.977611630952979,17.90185055232805,21.893806706114397,40.0,1.4033401901971623,3.101282051282051,10185.960834037756,8057.142857142857,0.0,0.0,1.1472554158892394,0.6668114151914014,0.392792286253031,1.1787722724089524,0.6789335738168715,0.4182056187371941,1.0032509904711922,0.46443410466948476,0.202533641963209,0.25924373825962205,0.4014426901876018,0.24480805404403597,3.932774364366172,5.4992004099820635,3.3874697143743706,0.8448027075481664,2.082973125596401,3.721572062896188,2.8158469565727886,0.9383049751324862,1.7097745504233053,163.007187,0.0,4.365885569425988,0.3099970605541875,1.5894132025117886,9949.563257255564,10126.570865032405,9681.177796562411,10986.53141730065
