before_file,before_group,before_start,before_end,before_th_mean,before_th_std,before_speed,before_voltage,before_sp_max,before_acc_max,before_current,before_rpm_mean,before_rpm_min,before_motor_top_pct,before_motor_bottom_pct,before_shake_err_roll,before_shake_err_pitch,before_shake_err_yaw,before_shake_gyro_roll,before_shake_gyro_pitch,before_shake_gyro_yaw,before_shake_sp_roll,before_shake_sp_pitch,before_shake_sp_yaw,before_high_gyro_roll,before_high_gyro_pitch,before_high_gyro_yaw,before_high_raw_roll,before_high_raw_pitch,before_high_raw_yaw,before_high_D_roll,before_high_D_pitch,before_D_roll,before_D_pitch,before_shake_combined,before_shake_peak,before_shake_peak_t,before_shake_time_gt8,before_raw_hf,before_gyro_hf,before_D_hf,before_motor1_rpm,before_motor2_rpm,before_motor3_rpm,before_motor4_rpm,today_file,today_group,today_start,today_end,today_th_mean,today_th_std,today_speed,today_voltage,today_sp_max,today_acc_max,today_current,today_rpm_mean,today_rpm_min,today_motor_top_pct,today_motor_bottom_pct,today_shake_err_roll,today_shake_err_pitch,today_shake_err_yaw,today_shake_gyro_roll,today_shake_gyro_pitch,today_shake_gyro_yaw,today_shake_sp_roll,today_shake_sp_pitch,today_shake_sp_yaw,today_high_gyro_roll,today_high_gyro_pitch,today_high_gyro_yaw,today_high_raw_roll,today_high_raw_pitch,today_high_raw_yaw,today_high_D_roll,today_high_D_pitch,today_D_roll,today_D_pitch,today_shake_combined,today_shake_peak,today_shake_peak_t,today_shake_time_gt8,today_raw_hf,today_gyro_hf,today_D_hf,today_motor1_rpm,today_motor2_rpm,today_motor3_rpm,today_motor4_rpm
LOG00008,Idle 35,5.0,5.5,21.935305719921107,1.7579001883542207,38.76846921967808,24.85090729783038,103.0,0.9233648900952538,3.150236686390533,10556.896308819385,7171.428571428572,0.0,0.0,1.78599984856442,1.2479689717048865,0.8737942582698854,3.038530539232275,1.1328211142605769,2.0319072120481736,2.3709595093036415,0.9432420059454124,2.1314495130068405,0.41751700137201514,0.4693457293921587,0.35547116888165453,9.578456835490632,6.794658375815757,6.862057619495026,1.7280475102952695,2.583386444482376,6.636965395773454,3.6732950666864213,1.5406527859012045,2.5500761926761872,5.000099,0.0,7.85285622277377,0.41671957478998045,2.197729933291733,11378.275570583264,10999.098337559877,8280.614257537336,11569.59706959707,LOG00008,Idle 35,15.0,15.5,21.97233201581028,0.13883086235623884,31.622353310879003,24.66970355731225,59.0,1.13003177699417,3.4656521739130435,10369.141727837381,4071.4285714285716,0.0,0.0,0.9283965683576837,0.9049012340427641,0.7042276206157134,0.8836554309122988,0.8346157859689062,0.6333579035993435,0.26183292149699183,0.3293357884904676,0.289854996654288,0.28836696120140926,0.30075020843954825,0.30116603021530747,3.7360940633218385,4.111902093786942,3.049741596849641,0.9736940966817434,1.2456257074253505,2.6168351279659405,3.102338783700735,0.9167241764867012,1.3039199991761783,15.481463,0.0,3.6591010501867416,0.2968204675920078,1.1179587642019229,12801.97628458498,11229.107848673068,4762.648221343874,12682.834556747599
LOG00008,Idle 35,5.5,6.0,21.601380670611444,1.4208846825570993,39.497919620334216,24.861656804733727,52.0,0.995330398374686,3.283609467455622,10395.49168779938,7000.0,0.0,0.0,1.2985453646246026,1.399654207181632,0.9842026982194928,1.831750556445429,1.5632644343218747,1.6918724060440944,1.248244324538635,1.037083944779352,1.774764367730313,0.23816710477089295,0.4879992038934449,0.25824506795904506,5.1702383323334935,10.452567812580899,4.606737697621835,0.7154459983125275,2.564735380723747,6.062137156428668,4.323232043936564,1.350046659132433,1.92439576379639,5.500477,0.0,7.239004777463612,0.34715861308665874,1.8827812604810992,11283.34742180896,11150.577627500703,8086.3060016906165,11061.73570019724,LOG00008,Idle 35,14.0,14.5,25.128994082840237,0.5960153469924993,45.141463756408186,24.701972386587773,49.0,1.3494732535539544,3.921834319526627,11644.547759932377,6657.142857142857,0.0,0.0,0.795907160226632,0.8046433616252046,0.6343907677461074,0.6327016461352587,0.7307891388525435,0.6040681873041688,0.30612706347582064,0.32463563201472545,0.307363202393135,0.291083825395791,0.389607634197288,0.3018397553045421,4.566729228503243,8.000057498782704,5.4679586324778,0.9857142116196224,1.7121240809693212,2.2827714219543576,2.998026964600781,0.8002871819251919,1.0834169896780605,14.216608,0.0,6.184779905455643,0.33046993807514013,1.3969612334678332,13996.08340377571,11976.556776556776,7227.331642716258,13378.219216680754
LOG00008,Idle 35,7.5,8.0,33.37845849802372,0.37615486894593875,48.120292387978836,24.456185770750988,105.0,2.208401900852396,6.835592885375494,14558.872106154715,8857.142857142857,0.0,0.0,1.5668246259086953,1.8854107683187682,0.8650525728448736,2.2562702201654843,2.5967413907973222,1.1646009661162455,1.9476641384707387,2.199679129208591,0.9754839416237719,0.34855605665886147,0.6434541795291395,0.358716974079017,2.930903440186241,5.935279608313045,9.673057752610527,1.585061007528381,3.892914297534249,5.830782427377566,7.671233674380968,1.7334522164810742,2.702551023244987,7.655842,0.0,6.767219647927572,0.4705324902984913,2.972137288680778,9657.086391869001,16329.418407679277,16941.869000564653,15307.114624505928,LOG00008,Idle 35,42.0,42.5,32.76627218934911,1.9958898864249686,49.990981464710885,23.8305325443787,93.0,2.131639598240115,6.06396449704142,14068.019160326854,6757.142857142857,0.0,0.0,4.442016181618335,1.5963438845202045,0.8676875132471356,4.833989500819154,1.5855871040621516,0.874645025412162,2.393691343510138,0.36980877082469854,0.5736101275562442,0.40803954107648416,0.6393480065197186,0.48982744259792965,3.4200159020159555,6.645584219483784,10.593526690591382,1.7966881432120618,3.159012388750412,10.788535810338976,6.673861994756058,3.3376504876487734,7.571843044852989,42.223479,0.0,7.48516546538476,0.5212782571220715,2.5697711528691993,16744.773175542407,15005.128205128205,8159.763313609468,16362.41194702733
LOG00008,Idle 35,8.0,8.5,32.02564102564103,0.8951178854923727,31.968467077370253,24.665049309664695,65.0,1.9410451633833627,5.867357001972385,14181.311637080868,9857.142857142857,0.0,0.0,1.2321423869658399,1.427878964730919,0.8060249848696601,1.5555901920967588,1.6430436755608018,1.001901803523121,1.134628393048386,1.1612009980512297,0.9640958261138072,0.4268056315171291,0.5870365290648254,0.30021044193881335,2.706322194602495,6.8811608486967915,8.255125811895924,2.0896852068024434,3.4796169497429164,4.481828311064797,6.198555535750489,1.333606613600675,1.888898629733303,8.000244,0.0,6.39848046067361,0.4534685740674543,2.8700625760135594,10772.724711186249,15217.131586362355,15555.42406311637,15179.966187658496,LOG00008,Idle 35,9.5,10.0,32.43570019723865,4.649893177375786,27.79997331124483,24.547850098619328,82.0,2.6215868058341463,6.268737672583827,14121.949845026767,11457.142857142857,0.0,0.0,3.165230215460714,3.2736494044566427,0.8528404770266395,3.114816637652023,3.3132920702211535,0.7815148967122199,0.3742280239235731,0.768726434054325,0.27635212679271065,0.49412551412000427,0.5672687960601467,0.4029576526724599,5.88108999093394,4.324811837286633,5.113684184206795,2.4721670595695477,3.2495001985533496,8.028425829624084,10.31065782063783,3.2198961738047402,4.849829349972265,9.501338,0.0,5.145903964812034,0.4927233099604639,2.8871146072522818,13083.065652296424,13481.121442659905,14259.171597633136,15664.440687517612
LOG00008,Idle 35,9.5,10.0,27.08599605522683,0.07036915890411596,29.654809090617082,24.703175542406317,34.0,1.2382529463075413,4.349842209072978,12444.146238377007,10042.857142857143,0.0,0.0,1.0033558638085807,0.9140246205943842,0.8040908191816311,1.1719197715701362,0.9514572316415872,0.8807014780802539,0.8393224740118752,0.5762667834232662,0.556555725053765,0.2690261134732319,0.3424181040117495,0.24486477741690765,5.913536533261509,8.270322279163942,4.1838945338460425,0.9179435229134375,1.7889676096500466,2.9482719841133536,3.670877983215032,0.9597301694986385,1.215809572804526,9.811032,0.0,6.347522309316205,0.28843483776233025,1.4217991102184118,10758.298112144268,13540.65934065934,12877.909270216962,12599.718230487462,LOG00008,Idle 35,14.5,15.0,23.337475345167654,0.8723316241028356,38.222658544415225,24.637593688362923,52.0,1.2530574599636606,3.4201775147928988,10979.902789518173,5157.142857142857,0.0,0.0,0.5651544376749844,0.7581765447068911,0.6250094167366562,0.5724103835270067,0.660097994129044,0.5516820936734834,0.32680375329641476,0.25032523410008267,0.38081954492974746,0.27001969762254285,0.2999273243305875,0.28347396617956444,3.7479033174105085,5.463263548848481,3.987468510158233,0.763311283033696,1.3559152394421201,2.01522802288498,2.457930047487763,0.6686670364865491,1.0890841040260812,14.991112,0.0,4.4644496861441105,0.2847364433330396,1.1002613897065394,13280.529726683571,11538.715131022822,6326.627218934911,12773.73908143139
LOG00008,Idle 35,10.5,11.0,36.68478260869565,2.8273413907932663,44.52566797132884,24.576363636363634,97.0,1.841305097699545,7.315671936758893,15877.879728966687,12242.857142857143,0.0,0.0,3.702655881188815,2.254731865002494,0.8197581969059484,4.62686041853515,3.5382153516760564,1.1188943846311696,2.1867389454399433,2.7997485617135403,0.9165312239266822,0.37459941423634924,0.483314087433016,0.2887492889035707,3.178752792228942,4.187161778674776,7.017440227807022,1.60712368427053,2.948581278359107,10.745529450057607,8.780705581776102,3.0654099528089014,6.2847968669743866,10.528446,0.0,5.0623202988926765,0.3904242906120394,2.374550282857062,15657.368718238282,16398.475437605874,14415.8667419537,17039.80801806889,LOG00008,Idle 35,20.5,21.0,37.90887573964497,4.1333230083152515,53.8857626101823,24.268382642998027,47.0,3.0642528966936835,7.846528599605523,15864.511129895745,10585.714285714286,0.0,0.0,1.2020974191703588,1.3981558096059439,0.9041399637194005,1.2643428495396147,1.3943494176085311,0.9227289057574679,0.5741340214077318,0.5249293966153283,0.6660102938687817,0.45924793989527657,0.8526063664318639,0.3493280831042649,3.9102542782495786,5.280436852690543,5.2924678436464285,2.2876077326726354,5.21481927268618,4.620083078566873,7.206998570997976,1.3038170640682092,1.9195836539620534,20.999539,0.0,4.871116153814339,0.5943838254931184,4.026629433245804,12061.200338123415,16968.751761059455,17266.892082276696,17161.200338123414
LOG00008,Idle 35,11.0,11.5,28.620907297830374,1.280207686740454,49.90757993968777,24.763175542406312,135.0,1.442670975441295,4.717278106508876,13059.608340377572,8085.714285714285,0.0,0.0,1.6408929729289783,2.174893046189642,0.8185326188353294,2.613710593508255,3.1702265922372703,1.177644066338479,2.0045228477708683,2.7379673031407914,1.285914355264036,0.3711398020729233,0.6025903309932561,0.34514450763323196,4.923734745788571,9.347568087587552,8.38651550699066,1.584506171599393,3.64665859806725,6.2804288852154455,7.129680717959216,1.9264850779297202,2.660245210501161,11.000145,0.0,7.787893068688212,0.45460040725846135,2.811474589845546,14408.593970132431,13008.763031839955,9836.827275288813,14984.249084249084,LOG00008,Idle 35,6.0,6.5,27.85463510848126,0.45719453107049185,51.47787228368955,24.509526627218932,94.0,1.9129008602330446,5.153017751479291,12601.627218934911,5900.0,0.0,0.0,3.384654968492293,2.120176720502182,0.9617817666520142,3.2613888933594577,2.151092420442385,0.9812952605252289,0.4278260972077818,0.2933537953167138,0.37672700483848726,0.3950798568948519,0.544276684810609,0.37868427526090553,2.7357680302358443,4.724203711835936,5.041655339332097,1.747813388458881,2.939492502629492,8.205088140927828,6.979117908805515,2.8240961901021486,4.3107946789581035,6.333037,0.0,4.290330833661541,0.44561829079843696,2.418208822030379,7480.163426317273,14532.065370526909,12581.994928148773,15812.28515074669
LOG00008,Idle 35,11.5,12.0,27.303747534516773,0.2568312429319927,41.74227837510912,24.681479289940828,108.0,1.7995633787847833,4.614792899408283,12373.781346858272,6285.714285714285,0.0,0.0,1.9246396993191048,2.503527567335048,0.9168868968101341,1.7373028197745357,2.1460075084152366,1.2505973803034711,0.7177988142762213,1.7463387547603986,1.102910480823994,0.3685122085772198,0.767498334433172,0.4522647464037495,3.8894152366171464,12.96691504904515,8.42207109771567,1.5738025982716017,4.095315755828723,5.139282906869808,6.8783455191541405,2.2329227766093567,3.4253586523599813,11.994833,0.0,9.205065966574434,0.5565963055536155,3.1022947763120006,14265.539588616512,13825.58467173852,7263.623555931248,14140.377571146802,LOG00008,Idle 35,9.0,9.5,27.12209072978304,3.1295097900925115,43.09049434017587,24.55792899408284,128.0,2.0716511555114283,4.34792899408284,12229.881656804733,8142.857142857143,0.0,0.0,3.350638175801132,2.49614756695822,0.8967832389341867,3.460105613991606,2.5518877028734575,0.8896460101791642,0.9247577192488151,0.8199387249889414,0.6177920806568185,0.4801468896241988,0.583074233925371,0.3330930071657015,3.467161299103095,6.2466316666579,4.037601843030316,2.331407062062537,3.5375421134380365,11.345219431318778,8.828745412692008,2.9544482446953926,5.9312231923984715,9.002075,0.0,4.7379265259440695,0.4766086966985743,2.995802321030439,11459.932375316992,11603.747534516766,12321.104536489152,13534.742180896026
LOG00008,Idle 35,12.0,12.5,28.27727272727272,0.09605495342944405,26.590607083868623,24.512727272727272,81.0,1.840573305916367,5.017766798418973,12743.739412761151,6600.0,0.0,0.0,2.596237609522736,2.579052456590301,0.8609575574969911,2.6447024938750547,2.596152407561673,0.9491809614001928,0.6448860086185524,1.3369729881168992,0.7270000559755384,0.5334687087141584,0.6816108227768863,0.47039539964727867,6.586074021150149,8.59716761964006,9.28457865762561,2.5461196226687184,3.6227898449964653,7.654340781956609,9.073045690547733,2.587659299342245,4.127873034336377,12.472422,0.0,8.235918547069565,0.5687571271093543,3.1310805957327434,12942.461885940147,16122.868435911916,8105.5900621118,13804.037267080748,LOG00008,Idle 35,6.5,7.0,28.440711462450594,0.9868316208813833,30.598447195118553,24.71090909090909,92.0,1.8200905463991826,5.027470355731226,12789.603331451157,8671.42857142857,0.0,0.0,3.103311168823998,2.8483610362346017,0.9323002825532417,3.093906473330772,2.7598625602861606,1.0771161944356296,0.6181201923101001,0.43700363358794714,0.5683304215434288,0.39474316731510917,0.5253270222892804,0.3655040339879577,3.9652689519106197,6.089373958080797,5.318249779479048,1.9277986732778576,3.01651040043458,8.849532713596343,7.9940689476586915,2.9785651582001034,4.139284482841714,6.817502,0.0,5.198961876479698,0.4341212762008471,2.5313773642645474,10613.438735177866,13225.77639751553,10750.423489553923,16568.774703557312
LOG00008,Idle 35,13.5,14.0,32.39940828402367,1.0192330164321686,43.166254358593775,24.590986193293887,83.0,1.2544590572215248,5.631439842209072,14414.327979712594,11671.42857142857,0.0,0.0,2.389357202139894,2.4978909583670794,0.5216091787649165,2.4141486258461646,3.7558739567027595,0.5228958981746454,1.8879709391427923,3.3839751631505472,0.05190507898333975,0.3999300232823847,0.40648921570350843,0.2943764719627465,5.997519944503739,5.32762750335152,6.654126484518101,1.7163297480716635,2.1553388030352045,6.588795701556103,9.249020418305111,2.4442265728968127,3.5076096476843177,13.973266,0.0,6.017509439714321,0.3705109144821224,1.9482393538763358,13819.301211608905,15261.453930684702,13327.78247393632,15248.774302620457,LOG00008,Idle 35,13.0,13.5,29.567850098619328,0.7065569998928775,51.842600860499104,24.48731755424063,39.0,1.4650912063121224,5.394970414201183,13208.678500986194,8742.857142857143,0.0,0.0,0.8093832453600107,0.8468482962471606,0.8274566158024106,0.7749960069384058,0.8563419066680173,0.7345401157709621,0.304506695948857,0.32441786192893823,0.4317203591072476,0.31918983032196624,0.34330563970130135,0.28733510130861295,2.631633696469981,3.5489324303005003,6.121683555748666,1.213613253850468,1.6380847609529752,2.484270040300791,3.0986413005170856,0.8283276147534328,1.2232995190590978,13.00007,0.0,4.358724081806452,0.3174389025076144,1.4415579790608295,15005.15638207946,13015.074668920823,9617.920540997464,15196.562411947029
LOG00008,Idle 35,14.0,14.5,30.58814229249012,2.328271362420004,57.178291365567866,24.66478260869565,120.0,1.3196656939515874,5.0404347826086955,13855.095990965556,9585.714285714286,0.0,0.0,1.355931955847973,1.6120444715160975,0.7517116695174222,1.5982390467941447,1.6062518128519623,1.1411151607855268,1.0668775256875338,1.0735385584092048,1.0145833247903993,0.4636532148410569,0.431002157208988,0.33589845540999286,4.874283162539581,7.126414231256136,6.239233584084379,2.0412846142283874,2.203330283964536,5.26848336772998,4.635743584051549,1.4895030793918027,2.9146592154994764,14.001882,0.0,6.150134195306451,0.4137490928481767,2.123853480883366,11486.984754376059,15494.889892715979,14429.023150762281,14009.486166007906,LOG00008,Idle 35,5.5,6.0,27.532741617357004,0.47284544921146004,61.70603126532465,24.677672583826432,92.0,1.7980306475046093,4.599013806706115,12633.988447449983,6757.142857142857,0.0,0.0,1.325648117461022,0.9602150408552009,0.7566491580917675,1.206535927077604,1.0701608444319817,0.7069917384878587,0.46187719057321136,0.4034208524666347,0.7130673337868475,0.3058622528505522,0.4408252029117257,0.334961775127753,3.1346726576421036,8.691529130914851,6.02036548130217,1.066609285838653,2.0437265301383745,3.6593076591588605,4.019920809370436,1.1574445680058518,2.7108538099250703,5.999537,0.0,6.3669367787177205,0.36518395731362324,1.6301032940627846,8549.95773457312,14142.04001127078,14138.433361510286,13705.522682445759
LOG00008,Idle 35,14.5,15.0,31.412031558185408,0.9564858093775203,61.37541811385485,24.413984220907295,115.0,2.1294877404323347,5.889211045364892,13884.234995773457,9742.857142857143,0.0,0.0,1.553360378838363,1.1122181378327782,0.8593440823894369,1.855947758450908,1.465236996296067,1.5782233199316416,1.5614353138826766,1.2415740181716461,1.4705854007718087,0.31501105237789356,0.5215782986677081,0.26770995085321947,1.910079469347578,7.284081305819508,8.205057442804746,1.296349948799677,2.8357819801932775,4.5284548527126995,5.575375558944362,1.3509177718627206,2.137838833760554,14.999465,0.0,6.429857740487939,0.3842501366502303,2.204788269759914,10306.790645252184,15032.88250211327,15240.546632854324,14956.72020287405,LOG00008,Idle 35,5.0,5.5,32.602371541501974,3.6176710440427735,61.67248236375145,24.60079051383399,73.0,1.7751885058817825,6.130849802371542,14513.191699604744,9628.57142857143,0.0,0.0,1.0977512068551143,1.0405707817094307,0.7216126808755887,1.175553208823473,1.0994661924982883,0.7231228656891676,0.5617204785978155,0.48509350724855693,0.5577849202660947,0.39390081694893253,0.5062318482734613,0.2684244240809934,2.8090487702696696,4.714871569388718,4.57544346330012,1.8822290666236856,2.9860229883784193,4.365468159655323,4.988128198523088,1.0695431884452444,1.4525493861438452,5.147998,0.0,4.125346522634568,0.4014474682290799,2.4959086067369785,12099.632975719931,15766.064370412198,14852.00451722191,15335.064935064935
LOG00008,Idle 35,15.0,15.5,33.81005917159763,0.4213688087973795,55.35152515541978,24.486863905325443,92.0,2.4079835765348254,6.721143984220906,14527.972668357284,9114.285714285714,0.0,0.0,2.207902693671264,1.6296428287622744,1.345787370825544,2.2265383958635794,1.5895885298896162,1.2824147444956406,0.5890586569293085,0.8778794414704009,0.983809395548856,0.39938012596693306,0.5844279409806535,0.33891290665949847,3.027928992856016,6.1394354463001966,9.795880369038292,1.920879011284117,3.5491188541588112,6.168412248277046,6.68301742429953,1.9404342367183094,3.0005005152148496,15.22246,0.0,6.8997655464896095,0.4531086924483056,2.8535960485795298,9619.385742462664,16289.771766694843,17006.593406593405,15196.13975767822,LOG00008,Idle 35,10.5,11.0,33.57134387351778,0.5045141798208771,57.776592771199205,24.43179841897233,55.0,1.5590465528475803,6.221798418972332,14706.437041219648,11428.57142857143,0.0,0.0,0.8246983719702292,1.0531878358327393,0.8338760729286409,0.6771610883219343,0.996206691761917,0.8649348889104099,0.3452543980360303,0.3973995777221987,0.5522543032925389,0.2962280879507897,0.3572881267491178,0.25163337597626634,1.8859674414078398,2.9318958856983905,5.840276589437226,1.0360662750501237,1.7634987833884066,2.678416144567207,4.0120864826999965,0.945867861351784,1.237677111806435,10.901429,0.0,3.926903670652579,0.30480881522253,1.4462643750899469,15023.009599096556,14859.740259740258,12703.049124788255,16239.949181253529
LOG00008,Idle 35,15.5,16.0,33.123076923076916,0.24494897427831827,44.97749846536359,24.411893491124264,72.0,2.2324919869000373,6.521617357001973,14327.993801070723,9000.0,0.0,0.0,2.133651092028857,1.8040603274220754,0.9431728624413652,2.4883399779073594,2.0119154518740583,1.1785301196362261,1.2086919175548883,1.1932632815075754,0.7269498051663945,0.4014107773246346,0.5492545275436005,0.38122646796111326,3.040422184409989,7.223701631582462,9.801568639339457,1.8359844249195743,3.1391038577356096,6.061649094395826,6.465658027440877,1.9757404494890238,2.8672707378934708,15.902287,0.0,7.245614308284756,0.450238739653241,2.5714598809040226,9466.018596787828,16075.71146801916,16826.796280642437,14943.448858833473,LOG00008,Idle 35,34.5,35.0,30.088165680473377,3.6480977708020714,50.30974393109712,24.0456607495069,39.0,2.3106804984013127,5.396844181459566,12943.31501831502,8842.857142857143,0.0,0.0,1.0800546831654791,1.285100558135483,0.7971890748670979,1.0264654582048565,1.229336722009454,0.9025522930153568,0.32307930352103376,0.32139178711036814,0.5611801873442261,0.35408346689733416,0.47054853328540514,0.286898118776551,2.850863547739258,6.671552524051303,4.4188918093034175,1.530442264722215,2.7063172195661416,3.676247121645699,4.965959072213882,1.1870133872766166,1.6462570478076899,34.70882,0.0,4.904543501398563,0.37819816422285185,2.1984547321434977,9888.36291913215,13809.664694280078,14126.76810369118,13948.464356156665
LOG00008,Idle 35,16.0,16.5,34.11403162055337,1.3221960229522745,34.4226477634258,24.288932806324112,70.0,2.248116499603974,7.040158102766798,14627.470355731226,9371.42857142857,0.0,0.0,1.8644060999104912,1.46972817007452,0.8569829836298704,1.8193477974172103,1.5528395932067367,0.8731024058187367,0.8608097807637046,0.7696253779419846,0.5490165386690795,0.38642217973684384,0.5816571875944314,0.3293567249227366,3.101697371249801,5.208480988133697,10.018210427002373,2.0017527862824855,3.3350617251174257,5.362179074488045,6.085036399578044,1.6787064959804678,2.2829036491304264,16.123302,0.0,6.760506414617846,0.445766395146108,2.7504227791135056,10086.335403726709,16085.714285714286,16849.011857707508,15488.819875776398,LOG00008,Idle 35,85.0,85.5,35.34288537549407,1.207436924883733,40.27004597036908,23.66187747035573,66.0,2.003653765085015,6.41001976284585,14725.077639751555,11714.285714285714,0.0,0.0,1.2491005951622676,1.3131089601613768,0.8713854087714253,1.543803351777402,1.3190425435927566,0.9381011619989779,0.8213360045379734,0.41402508171791425,0.6591358261326677,0.3629202081066715,0.41950972050503554,0.309904888275281,3.65322282960535,2.996383722767065,4.591130585570437,1.7643019772146324,2.4127000966949654,4.578261057246561,5.357570094012114,1.281504474844084,2.909190428496178,85.487277,0.0,3.803631269833844,0.36685170610993795,2.1135140434115125,12814.144551101073,14977.13156408809,14883.455674760024,16225.578769057032
LOG00008,Idle 35,16.5,17.0,36.07948717948719,0.8055608832488357,27.940904438432707,24.283688362919133,51.0,2.2375784364729867,7.361400394477316,15463.348830656523,11457.142857142857,0.0,0.0,1.5398310724225286,1.5867355188893322,0.9853668842535479,1.762199476080546,1.6876653451112857,1.0715284359718715,1.0282919434711835,1.312739567247821,0.6586857499347265,0.510413097477161,0.4649276312929677,0.30459793038420574,7.1220806756178865,5.206836438707073,12.221814124544029,2.5976386305430683,2.6646808872665013,5.604661345419916,5.611343821864731,1.563459199739941,2.2110736669886144,16.985653,0.0,8.702641731956287,0.43568303907399664,2.6313732808034906,12437.249929557622,16321.217244294168,16433.24880247957,16661.67934629473,LOG00008,Idle 35,38.0,38.5,36.77015810276679,3.1399376228515705,29.491508126482206,23.75120553359684,81.0,2.574050272636646,7.284071146245059,15406.161773009599,10471.42857142857,0.0,0.0,1.1275489069940032,0.925366582508709,0.811002082086128,1.238768089974838,0.926771246726671,0.904947072527191,0.44480403718932193,0.19752447717788355,0.7474993869937195,0.31960939724008547,0.35089522977356435,0.23311711362217905,1.955822722853316,2.780921420568807,6.029557366320399,1.1849078211998716,1.8799903111219634,3.6271375052806367,3.913844889387138,1.031423736804428,1.4048829148037079,38.000962,0.0,3.996428760128905,0.30529833373578996,1.5713640753582672,16257.73574251835,15697.74138904574,12372.049689440993,17297.120271033316
LOG00008,Idle 35,17.0,17.5,32.54773175542407,0.7678768745796913,27.810251364616164,24.484082840236688,60.0,1.9119923510019377,5.945601577909271,14315.363482671175,11400.0,0.0,0.0,1.4227268530203256,1.3722030545312818,0.6944328972066413,2.3714306985885867,2.1965327289882617,0.8669659099652418,1.5562103414517146,1.9222239651606028,0.7452998040068103,0.46986051070961243,0.505771510001945,0.3247213168018445,8.193417026331932,5.692608968804899,9.778883578427422,2.2622466125018716,2.868222839640286,5.636245060556097,6.519429313972325,1.3976932641266644,2.205499969247992,17.017227,0.0,8.065656482468151,0.44046099087186263,2.583066200623822,12099.6336996337,15073.034657650041,14979.318117779656,15109.467455621301,LOG00008,Idle 35,61.0,61.5,29.992899408284025,1.4461636919126257,35.21017479963392,23.827968441814594,61.0,1.5747276222006472,4.8126824457593695,13043.533389687236,10928.57142857143,0.0,0.0,0.8016996164975765,0.8152651047018086,0.6458783625097858,0.7133740835784143,0.7908316236084738,0.7943949250232475,0.5279419890679978,0.3935181116427849,0.5886831086365579,0.28995578266137273,0.40551136167183793,0.24887009302710414,4.398125010666065,6.903586147528598,3.909335228369828,1.1457637835700045,2.2774502376822556,3.3779071050365506,3.3588764910385263,0.8085108119366161,1.376866905103397,61.493994,0.0,5.2372355059251285,0.3216883292603971,1.8027138198920563,11999.12651451113,13380.445195829812,12944.914060298677,13849.647788109327
LOG00008,Idle 35,17.5,18.0,53.309467455621295,21.839719825213248,28.87577025109359,23.988067061143983,32.0,7.06256701007212,13.108560157790926,19895.083122006195,12528.57142857143,12.82051282051282,0.0,2.595653763759843,4.502676288860708,1.0297643315047398,2.4955023359373727,5.0427308646293865,2.0351737939180294,0.5726169019094626,1.6217089580044923,1.7671230436460468,0.5664990306381792,0.7813533177303724,0.42097342435620655,3.9332355654124753,3.757005997070061,7.222382179364813,2.1370510508341063,3.5125149186171365,5.655633765890928,10.500023480766457,3.6750178382960996,8.174650142039887,17.999962,0.007889546351084813,5.220097075082429,0.6079070057326335,2.9072967037592763,17732.262609185687,21405.88898281206,19725.38743307974,20716.79346294731,LOG00008,Idle 35,8.0,8.5,49.94477317554241,25.44538621795507,31.371603115916603,24.03930966469428,42.0,6.875273629725351,11.645029585798818,19438.2854325162,9800.0,14.003944773175542,0.0,1.6466150484750022,1.9911513654434474,0.898166562313209,1.6881183526184966,1.8786452080061482,0.8733736221412701,0.5794984855263609,0.4200246181103875,0.9649426967553623,0.37002198984836226,0.590925521079727,0.33648764851960805,2.555311337564702,4.255723392230917,5.004734014334626,1.1484441203190772,2.2740734192426695,5.728746846730536,5.467854780207307,1.8270228348287878,5.742775341705145,8.499842,0.0,4.069732185181483,0.4469650180349478,1.801434680137127,19118.174133558747,20166.94843617921,17402.282333051564,21065.736827275286
LOG00008,Idle 35,20.5,21.0,37.683629191321494,2.901993507254942,17.61191700150049,24.26463510848126,43.0,2.6905015108522186,7.750078895463511,16043.371372217525,13428.57142857143,0.0,0.0,3.336573659110001,2.9833002780687243,0.8880063172503279,3.515481918463939,2.8458337679112526,0.8880226466260192,1.0937099306944569,0.9308762023959312,0.00015750974403132243,0.44113327648719275,0.5001583083149201,0.3687591252500716,2.7392711050662943,4.232509330039521,7.693173880280478,2.231857931760922,2.9780785715332985,9.05287993450047,8.60221062363694,3.1648700077405727,7.3432905908096515,20.503168,0.0,5.3104508838124245,0.43997734542283223,2.631552945105794,15463.736263736264,17378.557340095802,15208.114961961115,16123.076923076924,LOG00008,Idle 35,44.0,44.5,36.666272189349115,3.7407804495415564,24.862966733819835,23.7692899408284,23.0,2.4552486484882383,7.273865877712033,15398.083967314737,9971.42857142857,0.0,0.0,1.306644173003678,0.9587780788580746,0.5793208238049814,1.2214806264357962,0.9905869829429135,0.6119669953984559,0.38355638767866074,0.447666854534334,0.1902630672831114,0.3198499151035677,0.406092468008905,0.2592700786085636,2.220878056077044,2.602273881882192,5.8710880679086275,1.4477210462516048,2.1264393026135022,3.5017606166289506,4.635213813902409,1.1459874343428134,2.4508344405127938,44.005201,0.0,3.9231706478913977,0.33388422865169587,1.8190162637342249,16587.686672302058,16479.740772048466,11738.799661876586,16786.108763031836
LOG00008,Idle 35,21.0,21.5,33.92544378698224,0.9868581979473421,24.961623885084897,24.38936883629191,26.0,1.9116644960350655,6.384457593688363,14751.366582135812,12285.714285714286,0.0,0.0,1.4579495375319595,0.9671685938627256,0.6224514138511327,1.3697096452776598,0.9445165371089306,0.6224514584109767,0.6761700763104547,0.2868545017650465,5.535740425322743e-06,0.3533948041414896,0.38759085592201786,0.266848896752989,4.695010698038421,4.271017220572536,7.894471598577699,1.5582603757734768,1.9655377890675505,4.042183876705344,3.773937406780332,1.2371402392097786,2.2153134545225908,21.146478,0.0,5.848287366795865,0.33976604347052874,1.7736282303456736,15050.239504085659,15106.790645252186,13044.94223724993,15803.493941955481,LOG00008,Idle 35,49.5,50.0,31.78264299802761,5.8736141944203935,25.026658130231137,23.700729783037477,43.0,2.2553387458101857,5.8003155818540435,13479.409692871232,9000.0,0.0,0.0,0.9821563667930682,0.9484427318389705,0.6615381157755058,0.9847453825042082,0.8848126246331462,0.6931005933428677,0.38095706270214297,0.3393838730219534,0.4411196820728002,0.31357430263173186,0.5475985069270476,0.296567595648674,3.29043608946912,5.160837249104825,4.974212299088539,1.4092636875370967,3.036150672098801,3.216697069891371,4.882242508644464,0.9654467215777187,1.3554674882613942,49.758802,0.0,4.553533381416838,0.40255240108112833,2.3668792792088755,14275.514229360384,13777.0921386306,11128.768667230206,14736.263736263736
LOG00008,Idle 35,24.0,24.5,25.110079051383398,3.3844560392325844,14.502516084394525,24.438339920948614,96.0,1.572310737294383,4.284426877470356,11313.431677018632,6171.428571428572,0.0,0.0,4.85579521197856,3.9512486685826866,1.3207986359190187,5.435589802962741,4.014318601934825,2.004661407837238,2.0115572916173274,1.5890008544070928,1.592976060193689,0.5860807529876695,0.745784903118566,0.4794045651974348,7.494636302238887,8.545891104900553,7.544970456824004,2.9501171688985175,4.391390014924706,14.661597818549156,12.68359246375258,4.426686863877451,6.244335993649638,24.323538,0.0,7.876725361764715,0.6135998989228252,3.740821939989272,8659.514398644833,11738.283455674758,11052.682100508187,13803.246753246753,LOG00008,Idle 35,16.0,16.5,25.861341222879684,0.19123953591123954,19.13264100085938,24.573392504930965,58.0,1.3789958978748236,3.9711045364891517,11891.103127641589,6514.285714285715,0.0,0.0,2.2671968898272317,2.3427181906867087,0.9565045037025556,2.2595462782442293,2.3474570758596656,1.0124294397660996,0.3330651888181371,0.25942121407555346,0.45684321739206124,0.3365938457183027,0.4560413441698,0.3404413748969213,3.109932837356481,6.868183043517855,4.462981812453609,1.3397213731325246,2.3728233956854163,6.4237294310051185,7.912365176257081,2.305266823842381,3.0447772478584243,16.156308,0.0,5.058386673977717,0.38173701868753435,1.9268035998435549,13512.679628064243,14118.089602704986,6935.474781628627,12998.1684981685
LOG00008,Idle 35,25.0,25.5,30.594082840236688,2.970134792802773,22.129614905515044,24.299980276134114,78.0,1.9235813660355086,5.781577909270218,13471.407438715132,9757.142857142857,0.0,0.0,2.3292106293244688,1.5338866930302717,0.9508157646353902,3.3967565163256275,2.0785654326985687,1.169798319048664,2.4550320446273974,1.592849607291204,1.1110324108079055,0.3452371392344119,0.5472476367837359,0.3100131972677608,5.996886717035174,7.421875140795015,6.042136205947374,1.4313064335001124,3.1524014123242456,5.9713319061770305,6.800481477327279,1.9720586379229996,3.128704509262436,25.369391,0.0,6.520590229770203,0.41423698561424305,2.4480883124391886,10831.360946745563,14435.784728092418,14408.763031839957,14209.721048182586,LOG00008,Idle 35,80.5,81.0,32.32149901380671,0.8654394976893317,30.71200865911142,23.669289940828403,52.0,1.8970513954660784,5.6165877712031556,13839.947872640181,10614.285714285714,0.0,0.0,1.114869466533182,1.081095459318339,0.8146329430216183,1.0854145383352336,1.1211211097575708,0.9180217899346343,0.4773927629695041,0.536243520988284,0.6722262567600122,0.35359411625569515,0.41597412250194704,0.2929626303298084,2.664226573223519,6.929797583550341,4.4265465946414055,1.5875301693139527,2.2535155984310977,3.3038140650959518,4.110169233043861,1.0981123165611784,1.338767152497773,80.561359,0.0,4.990474678056918,0.35771980301704986,1.9491773381165527,11272.471118624964,14168.160045083121,14345.47759932375,15573.682727528883
LOG00008,Idle 35,25.5,26.0,27.887376725838266,2.46274778428581,27.303346356026992,24.338500986193292,79.0,1.7611993332689397,4.26396449704142,12722.78810932657,6885.714285714285,0.0,0.0,1.2971214092816594,1.8941717265914513,0.9592842178880333,1.2715200705853518,2.4615414002837683,1.0278117213318674,0.8599054986151602,1.723628064740771,1.0080000376345568,0.37591123025785017,0.4718379055444073,0.32816710382992664,4.045025324450922,9.307447604073726,7.394125874610506,1.5914383520816715,2.6031790725597554,3.6601160779600983,5.526161555588249,1.623331525018115,2.4455962599103422,25.575602,0.0,7.249457640118364,0.39649880629438866,2.1574542071953102,9348.267117497888,13672.58382642998,13805.635390250776,14064.666103127642,LOG00008,Idle 35,65.0,65.5,27.829388560157792,0.7945476309060394,34.4283828587641,23.750729783037475,48.0,1.3913867878396122,3.892642998027613,12345.301493378414,9500.0,0.0,0.0,0.8005823678796078,0.7983414087850896,0.7445026165604746,0.7476263001125819,0.7747464881581839,0.7680510742094014,0.33457005468663653,0.29384102965065967,0.5252734354013638,0.26390609873302046,0.33938814015075114,0.26459381001542515,3.1291409270059836,5.4214810150121435,4.128212955351905,0.8143757080585283,1.6593796586572502,2.1326798801977747,2.956956161932358,0.7994626735316294,0.997748834396526,65.042696,0.0,4.329207839083122,0.2914564706904203,1.3070479420130845,10352.634544942237,12572.330233868695,12639.50408565793,13816.737109044801
LOG00008,Idle 35,26.0,26.5,24.052766798418975,1.0143643490253116,23.443475835132833,24.59628458498024,92.0,1.2597983659141687,3.331778656126482,11106.980519480518,6657.142857142857,0.0,0.0,1.2602692425621287,1.7693290990295532,0.91385885990333,1.265484709780528,1.7106794559952423,0.9330648998529045,0.6242136137141501,0.4168305349008691,0.8434695093918025,0.3168376285367807,0.44450098647289144,0.300437484444862,7.666651130322462,6.419542089264968,5.814084890357444,1.2253341837949094,2.0539812147543395,3.4740710931807812,4.3686359698599455,1.5360345087954328,2.192559592823973,26.104447,0.0,6.678114586772774,0.35973596423476173,1.691195241913252,7477.075098814229,11640.73969508752,12719.226425748166,12590.880858272163,LOG00008,Idle 35,15.5,16.0,23.28205128205128,1.2419576919576425,24.668108332639807,24.72424063116371,60.0,1.3568833414925705,3.725956607495069,10812.249929557622,4000.0,0.0,0.0,1.781663605925224,1.3997750659833814,0.9262262215421314,1.766149551618863,1.4204070493379324,0.8804211663475607,0.11670964411857614,0.2359446755912157,0.3466161510128373,0.32579389017308896,0.32333039709143957,0.32045634202226464,3.7340736092843554,5.0265269601396865,3.059407472053329,1.2922120120194183,1.4767690395007695,4.8664613179772465,5.281802334188198,1.6021384834069827,2.433043064330208,15.926427,0.0,4.023648969141517,0.32320090330923346,1.3875623733791749,12871.85122569738,12346.210200056354,5318.258664412511,12712.679628064245
LOG00008,Idle 35,27.0,27.5,31.433136094674555,2.156327926235354,20.29324356746218,24.241952662721893,86.0,1.8629590921584365,5.47854043392505,13945.012679628066,10400.0,0.0,0.0,1.3414090356305959,1.3419985037679487,0.6796613341019954,1.9415322600096094,1.4469631020833484,0.9083598143714694,1.71643342729168,1.2038030809803066,0.8032278684051901,0.3911522080506562,0.4278943190436431,0.277899179547701,6.736705405929233,8.776035309893736,7.0425738438840835,1.9432560160221248,2.328836002716445,3.8304808870989007,4.311582492512882,1.341703802071608,1.8610012895733088,27.407814,0.0,7.571874312950042,0.3711790008993919,2.1447285459183987,11842.998027613412,14808.284023668639,14227.35981966751,14901.408847562696,LOG00008,Idle 35,81.0,81.5,30.074161735700198,1.083324853923125,29.244573099565663,23.54603550295858,47.0,1.7343003540471575,4.440394477317554,13090.65934065934,10771.42857142857,0.0,0.0,0.6685745471976252,0.9250251898112104,0.5906727229136044,0.7053985056364133,1.0075010784582303,0.4778045508327845,0.4126910728752018,0.6058030575440242,0.46450871825255413,0.3199842645691115,0.39081554887476916,0.29158878580171477,4.460753929456383,7.490047390117674,4.63069810080978,1.4578927101959767,2.0081677335348993,2.8329562343320847,3.466093868624218,0.8070512768547538,1.2860522596922892,81.097058,0.0,5.699195862172501,0.33672478515816684,1.7547348518299377,11411.524373062835,13286.24964778811,13100.338123415047,14564.525218371373
LOG00008,Idle 35,27.5,28.0,28.900394477317555,0.7933897529014022,22.549017471050032,24.34293885601578,87.0,1.5994782819117148,5.003826429980277,12964.750633981403,9700.0,0.0,0.0,1.1891584394886838,0.7484736187451863,0.7488291356822746,1.5406911687669833,0.8221196691390416,0.8205892007040118,1.3636676658767501,0.5911454991509333,0.609376865023592,0.2813331464772318,0.30451400092994446,0.25446136730628144,2.9718937569858315,10.478795669877034,4.959034743654149,0.8549349120759965,1.3983261949452221,3.0992777678752446,2.8161971645160087,0.9935568811509176,1.4970773512334328,27.999849,0.0,6.909639083256904,0.28084853778061225,1.1589283522626357,10211.383488306565,13908.42490842491,13711.580726965343,14027.613412228799,LOG00008,Idle 35,60.5,61.0,28.943589743589744,1.0105622340698948,31.354366758739225,23.760788954635107,65.0,1.565535153306499,4.398481262327417,12688.637644406876,10228.57142857143,0.0,0.0,1.174401893238078,0.9043440138165068,0.5843956176550886,1.1526249569954903,0.8523041776956511,0.8843103841697001,0.8427506426226761,0.41925912142448474,0.8295130114330342,0.34762908681861526,0.48756725325693023,0.2823539486238348,5.207663220590283,7.1979156672598625,4.237853264897513,1.3811726254275036,2.644817755951823,5.1494432015506355,3.90771249742412,1.0481073184953278,1.6680722144103246,60.895144,0.0,5.682990599642535,0.3822266172287166,2.109822123240292,11520.090166244014,12857.931811777966,12759.735136658213,13616.793462947311
LOG00008,Idle 35,28.0,28.5,31.462055335968383,0.7113582488470579,22.533827832207276,24.383952569169967,78.0,1.7671782826420206,5.542351778656126,13910.269621682666,10042.857142857143,0.0,0.0,0.9054665705133743,1.271339871889869,0.7223934417102184,0.8512411616118298,1.3512976736635391,0.8592215688876018,0.5841660814589071,1.1397246530509169,0.575138060267098,0.3072793985659515,0.4173576159727111,0.2435545070674322,2.194372207023639,7.641709730167502,6.338728560828398,1.099890516093489,2.237821244195753,2.647991258956472,4.147955351355406,1.1036699642950787,1.5307304348065631,28.021511,0.0,5.870561493615303,0.33061901856282544,1.7631793823043402,10755.505364201017,14931.535855448898,14797.430830039526,15156.60643704122,LOG00008,Idle 35,47.5,48.0,30.28284023668639,3.592727892312956,23.784196530232723,23.74163708086785,113.0,2.1649695192970904,5.518994082840237,13052.169625246548,6614.285714285715,0.0,0.0,0.8894416679419938,1.1850772491101995,1.311736329181332,1.1234798306703615,1.1752045547165497,1.6509834744072371,0.553615014219828,0.2988403520645004,1.2696601811505397,0.34732540026230957,0.48206774738249913,0.3423579364527456,3.0952213825571784,6.350882057076313,6.753730406691005,1.5283563763624293,2.436654708494974,4.510999049660231,4.349839598938006,1.0477391295141254,3.6789703456353684,47.501549,0.0,5.642900339252135,0.39590958706333984,2.0338583261375924,13575.42969850662,14282.051282051281,8609.044801352495,15742.152719075795
LOG00008,Idle 35,29.0,29.5,29.693293885601577,2.2440441441138907,41.26916630599087,24.307021696252466,95.0,1.2761773900104663,4.690177514792899,13448.661594815438,9971.42857142857,0.0,0.0,1.333858363581254,1.1473851392714194,0.8254260703756084,1.7974803046165841,0.958948897793969,1.3631760368228931,1.236946715304656,0.7458282788406052,1.3522102963284799,0.3237805023375905,0.37010093492738894,0.2597759954490109,5.580992299533936,9.537738166278917,5.068284908649235,1.269774605989869,1.7884580017963772,5.565815640814428,2.928133278565274,1.2441203301764174,1.713565019202463,29.43044,0.0,7.01910336845555,0.3210877779982885,1.5509528642428527,13206.311637080868,14207.128768667231,12249.506903353058,14131.69907016061,LOG00008,Idle 35,54.0,54.5,30.16193293885602,2.502911640060144,39.74624860042884,23.723865877712033,57.0,1.3198942165180707,5.124201183431953,13059.833755987602,10400.0,0.0,0.0,4.077906704262891,0.772117658709099,0.6830199326629387,4.318625990351434,0.8597941873724309,0.682897623174713,1.0353946762580275,0.38500744978167334,0.002982308954066489,0.3241060295450874,0.4237953746978719,0.281620849719838,3.702098708375358,6.257927834449947,3.5604366675006407,1.2520729862737643,2.170143114616468,10.26944684301635,3.2145502536643185,2.9347477547110135,7.493881768209027,54.055283,0.0,4.674181029550203,0.34830902993353197,1.771610552699685,11737.53169907016,13909.523809523811,12679.430825584674,13912.848689771767
LOG00008,Idle 35,29.5,30.0,28.823076923076922,1.1735245047776413,44.24341513175342,24.254654832347143,98.0,1.5830470462104869,4.7504930966469425,12913.665821358129,9628.57142857143,0.0,0.0,0.9932811955643633,0.9278259338950969,0.7161280096286105,0.9956678578030359,0.9127643877561846,0.6795946851642471,0.6755897462646648,0.5600789274221293,0.4090969211079639,0.3112294433502628,0.36115854383414925,0.2719679201420081,3.754534718143446,10.581326243563236,4.274833821824293,1.0824715809829704,1.8472342667207526,3.2390005032965075,3.3618112897557166,0.9611109449668332,2.069960212168605,29.984939,0.0,6.9362622073341855,0.3168942041012464,1.5139384333226906,13939.842209072978,13667.56832910679,10081.036911806143,13966.215835446606,LOG00008,Idle 35,38.5,39.0,26.86548323471401,0.9478574995549249,42.458574743269686,23.86463510848126,67.0,1.2984009922371655,3.806804733727811,12001.796280642435,8671.42857142857,0.0,0.0,1.4512332374710937,0.6873446716332763,0.5998667760505904,1.1776863325049003,0.6452855037263833,0.6383920522836525,1.1552698231232608,0.3621097153729831,0.38193612241492547,0.21668550250159738,0.2645556558887534,0.24401682958492768,3.731167242993461,5.838803363783953,3.755982377512498,0.6499071471354875,1.1986324146375187,2.8537666724711914,2.267165509558523,1.135455989275562,2.379544968419727,38.797128,0.0,4.55048119566516,0.24254656953375495,0.9641314654437836,12833.07974077205,12474.443505212736,9330.036630036631,13369.625246548323
LOG00008,Idle 35,30.0,30.5,31.721499013806703,0.8286483620856272,39.25659297900977,24.241183431952663,75.0,1.8475223678246568,5.96956607495069,13895.83685545224,9671.42857142857,0.0,0.0,4.558334050774007,1.8029555228216723,1.1073449066606142,4.945200787056025,1.9246725141883414,1.2685851439032236,1.4930384723412682,0.8086184686436719,0.7315557557105511,0.4168595762845335,0.5381796023814169,0.3428369777002984,3.15712408374157,9.02383195861545,6.099464701248634,2.0063283817071706,3.244898882824746,11.169131877784999,5.938375182047809,3.4661980566406565,8.0212528680668,30.343086,0.14003944773175542,6.547275396153952,0.4400554450059734,2.6976584601280598,14858.495350803043,15194.899971823048,10925.387433079743,14604.564666103128,LOG00008,Idle 35,84.5,85.0,32.905325443786985,2.16081091017929,38.87713848330428,23.622090729783036,81.0,1.915421544482952,5.8349112426035505,13895.519864750635,10771.42857142857,0.0,0.0,1.1963871617513984,1.2860930104635508,0.7755011490937398,1.1679133739544445,1.2489612608270715,0.8353729952628207,0.38054656747587184,0.5775396225486228,0.5659208581523463,0.36424381147249746,0.45510864413265484,0.2828865241683617,4.1651193105353626,4.965351252773315,4.059687314232783,1.6289499708226292,2.4948457055735545,3.4666628736134615,4.779558709710142,1.2420502148397152,1.5179565514045297,84.616137,0.0,4.415276247444949,0.3740865397722533,2.106861777865583,12134.629473091012,14592.50493096647,14178.10650887574,14676.838546069317
LOG00008,Idle 35,30.5,31.0,34.3897233201581,1.0794217465140656,36.306937691342384,24.408122529644267,54.0,2.035480846797494,6.7749604743082985,14852.470355731226,11371.42857142857,0.0,0.0,1.6724236533989127,1.7309039670477984,1.0442929422810483,1.847007860207974,2.1558640432678735,0.9408243616156066,0.9562078360785469,1.4381219619910555,0.9934530738940572,0.4229714352920042,0.4983839374090037,0.2997094612359054,6.761245589168648,4.613379650734081,7.283772328138664,2.0432283557064554,2.9967815184073965,5.3216687329038805,7.140736557041935,1.7019150125064966,2.108958331119941,30.562118,0.0,6.325900543190624,0.4151775304190553,2.5647106642495805,15642.236024844722,15720.863918690007,12254.94071146245,15791.840767927726,LOG00008,Idle 35,59.0,59.5,33.023715415019765,1.8198919608182555,39.88225475439113,23.75219367588933,55.0,2.5233152377623242,6.033517786561265,14098.080180688876,7914.285714285715,0.0,0.0,3.3140966593775345,2.9511550086213454,1.174456289285167,3.5000589667007125,2.905321640986238,1.3390894307032615,0.5187587419857826,0.39128106582621525,0.7682396482743389,0.7838904565785638,0.7695134135144827,0.4861974240291697,3.0799135069433086,4.260573763382554,5.788279814501178,4.488967578849089,4.822118667208989,9.999407097047811,10.234213718443767,3.1378776707042118,5.214036718588259,59.011796,0.0,4.514515079697095,0.693547180953649,4.658522210132932,9888.791643139468,15219.536984754375,15839.271597967252,15444.72049689441
LOG00008,Idle 35,31.0,31.5,32.19270216962525,0.12034629542987481,39.12065030985688,24.33364891518738,60.0,1.8323894223812025,5.769408284023668,14167.920540997462,10800.0,0.0,0.0,1.0166521067357968,1.4129777894677107,0.7525827925385703,1.2191419325646302,1.4896745601454284,0.8560266169457514,0.7154246014277992,1.2044177003909426,0.619344433457982,0.42322103475231754,0.5559823137507115,0.31560616538975095,3.4155842263082974,12.080094649799515,9.27529721150286,2.12328606812977,3.083041961620952,3.720511936948772,5.16073019006754,1.2308711832802386,2.096181377136228,31.025832,0.0,9.01158588922863,0.4426584948137937,2.647025827625181,15026.007326007326,15194.449140602987,11466.159481544095,14985.066215835446,LOG00008,Idle 35,53.0,53.5,28.74082840236687,1.2523940404230571,39.694874409230295,23.687790927021695,36.0,1.6995038374352178,4.318540433925049,12684.516765285996,8271.42857142857,0.0,0.0,0.7208238824039597,0.7536546355145929,0.7669230896122268,0.70259885215356,0.7019376124486087,0.7176084122464936,0.3427554911619696,0.22143396667135046,0.3678859034105581,0.28481804844556635,0.34717635634552035,0.24204128885983625,3.3280393366183447,7.813937167357633,4.988370302477435,0.9635193312879385,1.7022192087557437,2.26106745487678,2.9234142855251672,0.7374219887813733,1.128514970785999,53.485053,0.0,5.686747698410486,0.29452601958549335,1.383097924303009,9023.640462102001,13653.874330797407,14109.74922513384,13950.803043110736
LOG00008,Idle 35,31.5,32.0,29.259368836291916,2.0409916557669905,40.052661608715546,24.428619329388564,51.0,1.8337008223540991,4.718441814595661,13143.265708650324,9257.142857142857,0.0,0.0,1.0033201470121675,1.270014337894305,0.7327690343899044,1.034216680513122,1.1859777419383828,0.8085727836488298,0.4744071664817591,0.5296170258831374,0.5787360311659877,0.39672790428502364,0.49834374126914915,0.28294610114497476,4.231354981847628,10.748237493123543,5.5226669995811335,1.8447247297488367,2.8104763571697284,3.635785322491223,4.743104618297845,1.1444622614699071,1.5797454909113222,31.536902,0.0,7.392086421285397,0.402408586163227,2.377160773144819,14023.386869540715,14332.882502113272,10447.337278106508,13769.4561848408,LOG00008,Idle 35,61.5,62.0,29.788537549407113,2.3437046776799706,38.74668080029885,23.78369565217391,47.0,1.643720123251569,4.830849802371541,13041.233766233765,10471.42857142857,0.0,0.0,0.9697504134099746,1.1126447557998829,0.8473369819342274,0.8857413009601603,1.034636215631795,0.7955491526644759,0.364279992349581,0.3821204053385853,0.4507087322841229,0.27018503547408224,0.35410695271397746,0.25764206723628735,3.6497763626740416,4.711891382728951,3.56928413791263,0.9778928090613427,1.5117947931784144,2.4930734084183817,3.0930880485187173,1.043646064745563,1.3648310850030951,61.5009,0.0,4.010925793268691,0.29708086562657077,1.273145286818289,11866.826651609259,13546.894409937888,12900.875211744777,13850.338791643138
LOG00008,Idle 35,32.0,32.5,38.24536489151874,8.152609558805908,42.20847566813774,24.1167258382643,66.0,3.895353852139376,8.977179487179486,15626.014370245139,9628.57142857143,0.0,0.0,1.0506552283526644,1.7704290455013658,0.7173303537364604,1.189423429506719,2.08955067809477,0.7254571421118625,0.49032626638090987,1.0125182050272803,0.4530969415646968,0.47640240148699436,0.753090943212621,0.3688632649745952,3.830661797805683,8.42743663461709,7.120984059964197,2.291177881895658,4.542191694677388,4.2458937118383915,6.8680146510143905,1.455729269819713,3.0092756267497673,32.499831,0.0,6.742998146767214,0.5568259228697269,3.5972907498341087,16238.010707241478,16291.2651451113,13413.60946745562,16561.172161172162,LOG00008,Idle 35,72.5,73.0,39.956607495069036,3.88676136837564,49.39880801668844,23.424260355029585,70.0,2.665842574654966,8.368540433925048,16207.875457875456,9157.142857142857,0.0,0.0,1.053623994537993,1.5244056820079432,0.8541745470369195,1.0507004119486778,1.4016212022283554,0.9182510171305179,0.377977199527621,0.575114894525029,0.5764940217412345,0.30981596847822224,0.43077931255979995,0.2503150382055135,2.214588816330435,2.7245431118505614,2.4532334953628623,1.305458280863511,2.35840287865158,3.120208357984873,5.453225887841657,1.3103312949793076,2.0269940468157084,72.999379,0.0,2.4729128153197846,0.33873016242304144,1.9060804627700232,18419.808396731474,16823.47140039448,11260.467737390814,18327.754296985066
LOG00008,Idle 35,34.0,34.5,22.596252465483232,4.860406976345593,40.3390839846178,24.327889546351084,105.0,2.1135950331501787,3.6460946745562133,10167.061143984221,4842.857142857143,0.0,0.0,6.183428841782511,2.969554781643752,1.6497227253750135,7.0143432400361645,2.801689104775046,1.681880086821934,2.342517238674867,1.5677930751637874,0.40357084551094086,0.48083671645211035,0.9074532264660623,0.4704672373715066,2.824220661064533,6.874025601780081,5.198924293814042,2.386511349628983,5.465931146901724,13.753894911862178,11.772665830197802,4.850414819506219,9.709823156302384,34.261919,0.20512820512820512,5.236323905474196,0.6521796090935101,4.217335635479963,7537.503522118906,12889.82812059735,7933.896872358411,12307.016060862215,LOG00008,Idle 35,68.5,69.0,23.569033530571993,3.4057162258047895,43.73122020512209,23.67467455621302,108.0,1.7598232043940882,3.597258382642998,10505.874894336432,6400.0,0.0,0.0,1.475638443004908,1.432723191684761,0.8114930218302484,1.5295914787171654,1.5174411849102272,0.8525269368141719,0.4995503981663844,0.4339974353556843,0.5720592812217253,0.32374786306104236,0.427645062277013,0.28674790571863734,2.987219052803682,4.574849300083011,2.1235934294012404,1.186552726721041,2.2143945735973625,5.495380882647252,5.255409535760287,1.45433912112432,2.1450902916081147,68.998838,0.0,3.3843942265098432,0.3511492273286512,1.7764361374485973,9031.079177233023,10869.59706959707,11308.903916596224,10813.919413919413
LOG00008,Idle 35,36.0,36.5,36.25443786982248,2.772255298031071,24.86632331340737,24.101617357001974,32.0,2.3286735861215226,7.233037475345168,15420.069033530572,13228.57142857143,0.0,0.0,1.2692544165735509,1.6557302979571131,0.6820267881006542,1.3772265318569694,2.314593233086208,0.6801842808550943,0.8180073487759146,1.7315120830362905,0.2385630860751175,0.32509078987946183,0.42614199013212606,0.28097778402453777,2.591216421729918,5.356836107301947,7.447425111872346,1.273953319427386,2.037170695995356,3.233515316459031,6.095395487894625,1.475203306931729,2.3425035032276265,36.000341,0.0,5.503763452453346,0.34939449172034814,1.6989734407433,14698.112144265993,16103.21217244294,14876.049591434206,16002.90222597915,LOG00008,Idle 35,69.5,70.0,37.39980276134123,4.069666977801665,23.98409094457152,23.42439842209073,82.0,2.6301281202316,7.210552268244575,15448.15440969287,12528.57142857143,0.0,0.0,1.7081356678036266,2.0018645762874474,0.7048877750608195,1.7868418740744223,2.368800551205649,0.7574555202659453,0.6330780772148008,1.3897097212554235,0.49902164306135033,0.41809037811696204,0.563791021272859,0.3160786914623408,2.6197311113191444,3.4969860215556903,5.291297797320734,1.9351418498204325,3.150605683092121,5.681903173113658,7.977408931127817,1.860804831439539,2.8633507518785137,69.659836,0.0,3.961890740143339,0.44443432928402493,2.614487535757134,14213.214990138067,15645.900253592563,15331.389123696816,16602.113271344042
LOG00008,Idle 35,36.5,37.0,31.689743589743596,1.5458965640427773,40.660187830531854,24.076429980276135,12.0,1.5293924391936637,5.598086785009861,13894.04761904762,11800.0,0.0,0.0,0.6757906479131885,1.6660613273018394,0.6561216521360419,0.6030430532302052,1.7031928626453123,0.5832965265474219,0.2064013038351448,1.2319373667813673,0.27407709740128877,0.29440930191946946,0.3430094096739697,0.2526041949944213,6.619300775458195,7.159860828095256,6.321790054863824,1.1802432641151468,1.6266859864288323,2.134066688546473,4.27736577675626,1.2713090391674429,2.158131012900668,36.889287,0.0,6.709291550565019,0.2989655339724933,1.4211054607123856,13630.290222597916,14425.866441251055,12844.096928712312,14675.93688362919,LOG00008,Idle 35,54.5,55.0,32.303747534516766,3.6042936480740826,47.12757066638944,23.66568047337278,21.0,1.6684410266370953,5.362366863905325,13978.810932657087,10828.57142857143,0.0,0.0,1.3289061393258472,0.9534665204779115,0.7543797897738893,1.267089353801209,0.8735323531618954,0.8127197342551054,0.4317641051139952,0.42947389701756106,0.36218825190454684,0.3009876989825551,0.38712129804474743,0.2806401345639419,3.4101631952405693,4.742336351654346,4.253531285016388,1.237729608798329,1.98504536122566,3.5907507744565557,3.5822265617963707,1.1565227911308498,1.9333536941742688,54.612691,0.0,4.171790002824878,0.3261979866414113,1.6541432330090975,12693.462947309099,14836.348267117497,13504.649196956889,14880.783319244858
LOG00008,Idle 35,37.0,37.5,33.22470355731225,5.9960463267421416,53.2414393879691,24.130276679841902,39.0,1.9839972789845728,6.134664031620553,14492.398362507058,10957.142857142857,0.0,0.0,1.239049538117372,1.2782524235113029,0.668941585282575,1.2410685077804087,1.2408112023226767,0.6856234075959946,0.9526774852365163,0.6824667483952703,0.3752242606427511,0.3240823836967066,0.3992109626175114,0.24486894455155134,5.024752921070444,10.609127081301605,7.305192111330318,1.2751790421926812,2.0780795619489174,3.5581004835984325,3.9417698318286702,1.258803601861981,1.7319095215196494,37.388518,0.0,7.982638476269523,0.3288158471963348,1.7240209185849873,13909.457933370977,15359.627329192548,13513.241106719368,15187.267080745343,LOG00008,Idle 35,51.5,52.0,30.253846153846148,3.651586345718349,50.286608618844,23.774280078895465,50.0,1.8717197334713052,5.308185404339251,13047.062552831783,9528.57142857143,0.0,0.0,0.9433186996632655,0.8304293652061494,0.7659464671583895,0.9124019212903618,0.871045722047509,0.7649819731951206,0.44251626577447317,0.4911981485566952,0.7432010890316907,0.3951122668489428,0.435457344925227,0.2938660915884541,4.90919280096342,4.828041046038652,3.816458615099121,1.8511904320582195,2.5285917749196902,3.205333326769651,3.6874968659098104,0.888668413901125,1.3497916691409717,51.713189,0.0,4.5451626542229615,0.379514638474509,2.2159289677170846,10970.667793744717,14087.207664130741,13648.323471400394,13482.051282051281
LOG00008,Idle 35,38.5,39.0,29.16351084812623,1.279681104483558,38.10341312010221,24.02923076923077,136.0,2.4899426337991395,5.2578303747534525,12772.597914905607,7757.142857142857,0.0,0.0,6.8206670596924575,5.451390574278801,1.5411899632575834,6.979918302029205,5.667354424217463,1.728081938567502,1.800881928317366,1.4407907241043332,0.7297571753854114,1.0713617343571793,1.2582444027271487,0.6312200526973673,5.363246361499311,9.547039235329658,6.2138378359957676,5.920376718872728,7.953648739344492,17.21507985340104,15.393266798243104,6.1741055357237595,9.322254275565784,38.903013,0.21696252465483234,7.269162041278945,1.021344489348279,7.011112207141118,9624.852071005917,14638.856015779093,11048.041701887856,15778.641870949565,LOG00008,Idle 35,98.5,99.0,28.827021696252466,0.30833203612288934,39.48276960490838,23.381597633136092,98.0,1.521630648632027,4.551637080867851,12401.373626373628,9257.142857142857,0.0,0.0,0.8046475536884183,0.8881218120114688,0.7212565781229346,0.9097031316545902,0.8713103835657066,0.8322262789212986,0.3893737512069793,0.32989352964962243,0.5623257558879386,0.2884532585021791,0.3757845267140431,0.2743115957315495,3.0466098680719096,5.5292687528939535,3.6591101806952797,0.9726778368215591,1.925222079105693,2.739512906790079,3.4144951486736046,0.8474131337863755,1.6091764345113329,98.999236,0.0,4.212826918844812,0.3160517596908306,1.5252183824160912,9855.42406311637,12708.650324034938,13364.215271907582,13677.204846435616
LOG00008,Idle 35,41.0,41.5,14.948520710059173,7.842652108297305,42.16436899435392,24.17954635108481,149.0,1.6092470729315904,2.4440828402366868,7387.306283460129,3428.5714285714284,0.0,0.0,2.126276965861977,4.553843370881651,1.0297211033943838,2.161382137963532,4.771117438361971,1.1674898814174002,0.3824321060715576,3.3363013393726444,0.9789740353483295,0.3285924260130937,0.40857322963559484,0.31955877231441343,2.08597207608399,6.153358594517617,3.6789929030681203,1.2082199508858553,2.0336861381745845,3.750082181873976,9.881247555568976,3.5537686462456985,6.628457631693247,41.499728,0.0,4.3108425423866406,0.35450570064580816,1.6726737216687053,6731.558185404339,8057.988165680474,6817.187940264864,7942.490842490842,LOG00008,Idle 35,86.5,87.0,14.184812623274164,12.199094047359822,41.757486122358586,23.555069033530568,132.0,1.9197331720949207,2.9590335305719924,7210.164835164835,3185.714285714286,0.0,0.9861932938856016,1.7816956007685498,1.6288825035140062,0.8743590231059614,1.3477063856491953,1.7799306002224196,0.8573613283008513,1.0557394745222914,1.6322570368004914,0.1889760622366823,0.43489652431590725,0.5739937705822085,0.3017918578254739,1.4432919730591385,2.074785694422402,1.7140331857939741,1.9818890809659842,3.3218841203755853,6.984203082826961,11.909587075117372,1.7069999156490987,3.8489407172775874,86.507387,0.0,1.7631162902920718,0.45080748329303066,2.7352146568830444,7435.728374189913,8276.049591434208,6509.9746407438715,6618.90673429135
LOG00008,Idle 35,42.0,42.5,36.45790513833993,3.2398376781444753,16.223864628524236,23.881521739130434,46.0,3.124392107012274,6.894446640316206,15423.136645962733,12642.857142857143,0.0,0.0,2.5123672973985727,2.1494620070415427,0.7703565804017366,2.847836662954388,3.095416831660893,0.7572231934491536,1.5887635317834667,2.5522192768879433,0.27823981255727936,0.35870044272443113,0.43877175576194816,0.28679144140471635,3.0672905335697287,5.274681461196544,7.508664861970658,1.5573268449774407,2.487733673460412,7.01677831099235,7.845720869899684,2.3379666760620084,5.570024426390344,42.000924,0.0,5.586011807596122,0.36671332678634244,2.0753416263541067,14486.30717108978,16533.088650479956,14829.36194240542,15843.788819875777,LOG00008,Idle 35,99.5,100.0,35.44497041420118,1.3823162354060252,24.515095507540057,23.18641025641025,83.0,2.2636138408288295,6.263392504930966,14779.430825584672,12800.0,0.0,0.0,1.0939535115583048,1.126327087535794,0.8736793134668954,1.0216422806718441,1.2039295782359354,0.9159266325480925,0.470839819943356,0.7623878215971867,0.7635480653015172,0.3392858230140974,0.39342989814073426,0.2845055890677443,2.2356976013720455,4.1624318220319765,4.625431989779217,1.3387673150907424,1.9867492603663839,3.737437867656887,4.78739304318137,1.1102583018306167,1.475580497294906,99.856559,0.0,3.817451310753379,0.3419772822182619,1.6940293013288832,13584.7280924204,14722.626091856862,14235.023950408566,16575.34516765286
LOG00008,Idle 35,44.0,44.5,29.63333333333333,1.0082956372238787,28.69273025240786,23.94059171597633,103.0,1.9118219457661931,5.251301775147929,12963.010707241478,10957.142857142857,0.0,0.0,2.6127549396583074,2.7835957123939954,1.0425597932800748,2.529167495964951,3.332977929279953,1.0458717328794067,0.6782763709601577,2.2612497992884935,0.8875176310654285,0.5229180892755951,0.5736370520724575,0.35377228540942784,7.4484911777259315,9.601883686503013,5.400479934859125,2.8450622954511187,3.4533479356943895,9.264681296549126,9.62553310596169,2.699527131255316,4.590905674690331,44.027414,0.0,7.677703100116377,0.49249623535814235,3.16385772672874,13920.738236122852,13376.444068751762,12309.044801352495,12245.815722738798,LOG00008,Idle 35,53.5,54.0,28.509881422924902,0.8578521216499488,36.59670474881476,23.650296442687747,76.0,1.468965149400488,4.378221343873518,12555.371259175607,8985.714285714286,0.0,0.0,2.5447325759374784,1.1267430064413282,0.7721155163277391,3.181120011062852,1.205027541356737,0.8495706837123894,2.0605087573124132,0.6525115584837391,0.396766390502306,0.2855019371874447,0.3914909414471761,0.2855961159637515,2.8934372495276843,6.790908636772098,4.1789483685677355,0.8597710603506586,2.0627901176633388,8.013698745830967,4.13698253633356,1.9678940120852335,7.410130940792847,53.995103,0.0,4.897347196768714,0.3247263744685981,1.5802388024830345,10457.340485601355,12914.68097120271,12891.699604743084,13957.763975155278
LOG00008,Idle 35,44.5,45.0,34.94802371541501,1.947280978421898,18.032846126199523,23.90213438735178,80.0,2.290041404999468,7.010988142292489,14747.61434217956,12428.57142857143,0.0,0.0,1.5220164543513415,1.9802729763571447,0.7465626771628547,1.4443662864741407,1.9947110818524663,0.6994897550700654,0.22812394209239584,1.3889104465498683,0.262816878112969,0.42317673462495914,0.44897879448493505,0.29260735021241235,4.04881289339129,7.48121159317543,5.793992578969926,2.007149783826128,2.580208650624374,4.265404539938511,6.083574724035606,1.7660712256597426,2.5819243425453333,44.903513,0.0,5.942271247952043,0.39424170590443536,2.3115067526907787,14656.098249576511,15326.821005081874,13999.745906267646,15007.792207792209,LOG00008,Idle 35,75.0,75.5,34.29960552268244,6.096867615110444,11.832783153837195,23.42852071005917,36.0,2.6002205718452647,6.545641025641026,14179.198365736826,7414.285714285715,0.0,0.0,1.2019096077964957,2.866659003532691,0.6630975307452832,1.229936484618684,3.0854934101358324,0.6816967368648301,0.5678706579799613,0.9561733482685206,0.6708400528561186,0.3941047582114414,0.6775370554478234,0.3244569754133963,3.472773793908197,5.0065311444482665,5.342507879506708,1.6869837274257846,3.9917936110640375,4.958605772105281,8.505828144633274,2.1979900531904777,4.663802214957932,75.079034,0.0,4.678600302318962,0.4897779601833926,3.0643376388651324,14554.212454212455,15477.96562411947,11417.15976331361,15267.455621301777
LOG00008,Idle 35,45.0,45.5,33.558382642998026,3.9640723471583414,33.974412700956975,24.08459566074951,56.0,2.4978571768308404,6.095167652859961,14427.387996618767,12071.42857142857,0.0,0.0,1.5545216424612869,1.5805468819053468,0.5076549059402338,1.6194732403304988,1.8003645730904658,0.6071658195347927,1.074555164312853,1.2412152480705496,0.37306577229371884,0.3553155922529588,0.38577153403417896,0.28420959254468414,6.20461274855416,8.079010263702353,6.870994898315917,1.6009739385035242,2.126341963886733,4.01820315657323,5.516337578152204,1.5675882722802643,2.2853849067108145,45.04065,0.0,7.094086671146425,0.3444047710972124,1.8820796607945653,13624.93660185968,15194.702733164271,14282.361228515076,14607.55142293604,LOG00008,Idle 35,70.0,70.5,36.00571992110454,1.3359639327626316,32.13614455351527,23.389092702169627,70.0,1.9861046769483275,6.625542406311637,15024.520991828684,12171.42857142857,0.0,0.0,1.0981528904314761,0.9877700155000871,0.8411061078514068,1.064116759869397,0.9642078317744537,0.9381106045626391,0.41679828159938553,0.1978429988467137,0.8362062777611922,0.3276822387045763,0.4550591985250915,0.25567792544913825,1.656285197964023,2.690008873815804,5.470351786145062,1.3180474823849058,2.4994458356294165,3.3064994867708326,4.5380269239967195,1.0444207423936118,1.4413667894062472,70.372141,0.0,3.647107395474893,0.3558209874298763,1.9980588894057176,15187.461256692026,14974.387151310228,13505.466328543253,16430.76923076923
LOG00008,Idle 35,45.5,46.0,32.692110453648915,1.2180500161501513,44.9094796340602,24.075956607495065,38.0,1.6716204297918853,5.8339250493096655,14077.359819667514,11900.0,0.0,0.0,1.3747292901191945,1.545689623020121,0.7879944706375972,1.526902273460503,1.3539864492676688,1.1810409014437184,1.0505534668425969,0.6761216210525197,1.2924152468489092,0.4121227295721283,0.3622459801211275,0.2716479746092318,7.239163085702324,7.595177693833563,5.908707533197947,1.9122741650160302,1.808830950089128,3.8327973212420092,3.893807352732957,1.4627093067017292,2.092602826251994,45.922666,0.0,6.952338481766937,0.35348734840782997,1.8612713246848358,12792.533107917723,15026.739926739927,14226.120033812342,14264.046210200055,LOG00008,Idle 35,72.0,72.5,32.262845849802375,2.787273981682638,46.14804190425007,23.553873517786563,67.0,2.047147601662805,5.75490118577075,13513.798701298701,7385.714285714285,0.0,0.0,1.7633079556761997,1.3719224759445265,1.1003346513222183,1.5216122131483947,1.615642565557604,1.1468764335094577,1.3094317233882953,0.6812297125533444,0.7437017607240086,0.3287847041186679,0.4767243056086631,0.34756953653028794,3.169664211355666,4.921989526282343,8.292888273656038,1.431019298336865,2.6724917823820222,4.2002729066238755,6.462876658544345,1.5797826158292696,2.7456597897683577,72.339369,0.0,5.860737952082025,0.3899444524306597,2.1435984417693503,15966.544325239978,13978.599661208356,8588.678712591754,15521.372106154715
LOG00008,Idle 35,46.0,46.5,32.04635108481262,0.7567197317891868,51.31327296161679,23.87165680473373,42.0,1.548889851632922,5.603116370808679,13916.138348830656,10042.857142857143,0.0,0.0,1.9342911884458192,1.190971182433106,0.7421283697801893,2.4835704381127703,1.1318435583165647,0.9283353330198032,1.7281373626763428,0.32978443655639633,0.913638624269658,0.3507393835167982,0.4921819751933555,0.2973023536407812,6.722969949718954,8.282298783713077,7.325868377934377,1.7191682244817135,2.711259048470853,4.607471849526751,4.443597881241901,1.6062214603044707,2.2460488489828463,46.145636,0.0,7.47134850787411,0.3888658300473846,2.2700732380236857,11634.657650042265,15368.413637644408,14591.687799380108,14069.794308255847,LOG00008,Idle 35,55.0,55.5,30.608481262327416,0.9605569663202365,52.30878554778154,23.630394477317555,22.0,1.2247577194092067,5.004280078895464,13329.064525218371,10900.0,0.0,0.0,0.8203174352441448,0.7948226212934419,0.5589943236785094,0.8549566995846466,0.8564634768640842,0.4693896992991822,0.3457533670701761,0.43148267280943225,0.33478902092812224,0.3391877411131259,0.3440114942657056,0.26321265238367103,5.616324810964804,5.5059320229271815,4.715898481818348,1.4025897192183125,2.00010069467977,3.2319900013515346,3.301425189826913,0.8076706302340423,0.986127464149035,55.169116,0.0,5.294591275196806,0.3176335059378946,1.7273767263274398,11830.910115525501,14321.30177514793,12937.954353338971,14226.091856861089
LOG00008,Idle 35,46.5,47.0,27.812648221343874,0.6562846849608999,51.53411379851796,24.13304347826087,81.0,1.4088048826424395,4.314525691699604,12430.717108977979,8000.0,0.0,0.0,1.3335762277072403,1.0199506677878456,0.6907332318335063,1.6922120378740773,1.0200504367477141,0.8205312077507311,1.0517438012576419,0.00564418538768587,0.6244184628846218,0.3468793256232768,0.47960630208621524,0.2925266011812146,4.582671306396128,8.279783884825688,8.035769882831703,1.512881456601981,2.659309403474322,4.396144555917348,4.373609321604264,1.1871657255469321,1.7106180329132348,46.821453,0.0,7.167735465071019,0.38119080259292143,2.163415910676573,8906.549971767363,14398.927159796725,14109.147374364766,12308.24392998306,LOG00008,Idle 35,52.0,52.5,28.762524654832344,0.992703129757335,49.488378192021315,23.83506903353057,50.0,1.736254112288217,4.666824457593688,12638.074105381796,8700.0,0.0,0.0,0.9831096522258526,0.7845035769131887,0.7253377564111579,0.9939449604146838,0.6903630513797615,0.6358603220137173,0.40025874340939216,0.3621434082701159,0.39741705583370035,0.2915519076523139,0.3849970683795565,0.27696709160284066,2.4763670948079106,7.490468331721436,3.2956362451729397,0.9113010917702411,2.058595020069071,2.629299334449782,3.346522231416503,0.8893678795889878,1.1993397216584845,52.03481,0.0,4.9362849754738525,0.32142185537985873,1.5918987305282353,9139.701324316708,13866.356720202873,14181.628627782475,13364.609749225136
LOG00008,Idle 35,47.0,47.5,24.73333333333333,0.636755004869351,44.809708187005974,23.953471400394477,93.0,1.4249104388016662,3.6754043392504934,11261.763877148493,5228.571428571428,0.0,0.0,1.4601253168801767,1.2140011284417633,1.0231604213214012,1.3963976627753287,1.0629478450427534,1.017799738125216,0.7111846714301953,0.5574873521646403,0.8065202459102647,0.364838649802758,0.47661706619855454,0.38976190747360784,6.04756967973533,7.911692108416259,6.504173406369568,1.6066227798522872,2.3836159110370274,4.377862546194522,4.693358436368226,1.3427145416752422,1.827997619356296,47.395644,0.0,6.867125617747097,0.4131930189387207,2.032592134208087,6173.006480698788,13285.770639616794,13062.073823612285,12526.204564666104,LOG00008,Idle 35,71.0,71.5,25.485207100591715,0.9422779202564583,42.73268410423884,23.702189349112427,59.0,1.2785833567514255,3.2371992110453642,11314.285714285712,7242.857142857143,0.0,0.0,0.8151291027053313,0.6816040503175937,0.7021182977922373,0.7773478614402949,0.6811520970213853,0.6898788484049365,0.26449892166984906,0.0029397935339619398,0.4765583006483356,0.28929550123283365,0.338526025380332,0.24054919168653421,5.148281853586686,5.954765986471086,4.3668577746561414,0.989806650532844,1.2977713466236105,2.2723793888312334,2.5318484177091665,0.7513386505053986,0.9658962778133822,71.350826,0.0,5.1972265302972795,0.29220750076752344,1.1541073766240966,12819.329388560158,11796.900535362072,7957.199211045365,12683.713722175258
LOG00008,Idle 35,47.5,48.0,23.638067061143985,0.2371565022262051,31.42392110785107,24.100591715976332,82.0,1.5998864312397272,3.679388560157791,10755.480417018878,6228.571428571428,0.0,0.0,2.009700648402285,1.2971388403011854,0.7332252644610515,1.983722877829193,1.3470625796201314,0.8231726850065639,0.9414164374992519,0.9172947746744321,0.707865670643272,0.39592449040903754,0.6871396183381255,0.3974391512954616,5.073023489644373,12.045120717675223,7.196745808592119,1.8189093072404305,3.7131832805188605,5.216420742701984,5.382050671259784,1.691370135009849,2.6573734713253625,47.854404,0.0,8.614206302446766,0.5121441646574323,2.923710069645302,7346.463792617638,11939.870386024231,9522.344322344321,14213.24316708932,LOG00008,Idle 35,42.5,43.0,26.189546351084818,2.798426789532342,38.921493516876026,23.81084812623274,63.0,1.6548440111758156,3.997258382642998,11883.42490842491,5114.285714285715,0.0,0.0,2.496678715882946,1.851285924425587,1.0789258660333398,2.50208899685063,1.8510446618198468,0.9968859530045161,1.2236959312416937,0.2903331289540165,0.6105081762049867,0.38088678421308475,0.572031939521374,0.40691954200352776,3.6000202040621563,6.97819475689736,6.5169866662178455,1.639908540319288,2.970387855348563,6.4871288130178515,5.706496522745156,2.197801649867341,4.672620721157052,42.525366,0.0,5.891419261448714,0.4611141564678355,2.3992190429194222,13673.14736545506,13657.114680191606,6636.939983093829,13566.497604959142
LOG00008,Idle 35,48.0,48.5,23.230571992110452,1.7451969218684713,14.03840669407789,24.00930966469428,67.0,1.4969475204962508,3.407278106508876,10645.611439842209,6500.0,0.0,0.0,3.295267024340968,2.663763448643758,0.9760513970659614,3.8625227114949325,2.50705606445348,0.8274589006749258,1.9775626024209088,1.6195304729925755,0.7300942183760859,0.48062850869166013,0.9196470479590755,0.48317704935459244,4.76470398193095,10.102949560670643,6.57954489094023,2.218646300232831,5.358853740618262,8.649315053087959,8.170882058227708,2.9961992984479076,4.354892456577023,48.359533,0.0,7.4847045105954075,0.6608616893142926,4.101201337344652,7782.163989856297,11805.269089884476,9280.980557903635,13714.032121724429,LOG00008,Idle 35,49.0,49.5,24.506706114398426,2.803434495196576,11.316932255314551,23.81836291913215,71.0,1.2162595882214255,3.6240631163708086,10981.804733727811,7842.857142857143,0.0,0.0,0.6242829644915734,0.5445289368035392,0.6603252113662627,0.6040362805556155,0.45426536025419817,0.8152860273902686,0.3631950800272211,0.28735333348326497,0.6145731716552103,0.2508072696978606,0.28783626582741373,0.2412612551738698,4.549387701030453,5.088071117278089,2.9205690241408986,0.6778696939149073,1.1710385066506168,1.517160224870463,1.9601553696016814,0.585764877220707,3.5468193448041587,49.00013,0.0,4.2862228738730614,0.2607431659103367,0.9567754454381646,11251.056635672021,11227.64158918005,9637.109044801353,11811.41166525782
LOG00008,Idle 35,49.5,50.0,26.01972386587771,0.17587628643067513,16.259701093485422,24.11794871794872,4.0,1.2579078401245563,3.58094674556213,11756.55818540434,10257.142857142857,0.0,0.0,0.5133534405782126,0.6668254263036649,0.46032862256027984,0.5141441603345881,0.543738400524579,0.4930620822846316,0.007409769340141671,0.3092941269346995,0.3423285414052206,0.24198196837748187,0.2969758331010062,0.1936981266883879,11.356016816279993,8.232063256944883,7.77280169674492,0.6429543415871257,1.159275851141205,1.462887366727786,1.9317752001884474,0.5950579400859015,0.9477493118937655,49.624345,0.0,9.25819330133939,0.24783656089478823,0.9373661996266185,10574.330797407722,12375.147928994083,11799.71823048746,12277.03578472809,LOG00008,Idle 35,43.5,44.0,27.54792899408284,4.983967456592226,25.041335717433977,23.756666666666668,34.0,2.1506825317385734,4.84552268244576,11877.627500704424,6100.0,0.0,0.0,2.4333146295000554,1.8328315165530535,0.8828358856627292,2.6634819153654106,1.8831805891444389,0.9437848555294248,0.4570659518392063,0.6243990788313643,0.7522367873164637,0.48199724922968523,0.7403546764546597,0.46062782642521577,3.7351964891767593,5.655535058910661,4.8559350554826315,2.141797336799932,4.009568540120707,7.178891916714846,7.09835106001409,2.1540997486431728,3.1517098003814383,43.666811,0.0,4.813760653182745,0.5752171733906206,3.2143378563748533,13043.13891236968,14048.323471400392,7356.7202028740485,13062.32741617357
LOG00008,Idle 35,50.0,50.5,25.20493096646943,1.0330415754533036,22.716160099324707,24.08236686390532,1.0,1.1222114972167563,3.5914792899408288,11489.842209072978,9528.57142857143,0.0,0.0,0.6503592352834777,0.4341424193697056,0.4391915308243799,0.6117079915249123,0.40417269112072046,0.4391759713526609,0.2433493297545106,0.24871936744713227,0.00026076495235842864,0.25310930861742503,0.2928887406602754,0.2178395124094766,8.390045855969905,9.17469459527129,5.818730035179808,0.6237040209826377,1.120764152143736,1.64802194504835,1.6605410111479155,0.5529225873549983,0.9439422746354806,50.41856,0.0,7.925181587910812,0.2564515481731077,0.9069506575664351,10423.92223161454,12174.640743871512,11530.600169061707,11830.205691744153,LOG00008,Idle 35,60.0,60.5,27.45838264299803,3.316093051137332,30.424653375515682,23.661873767258378,6.0,1.840855152397427,4.301597633136095,12017.145674837982,6928.571428571428,0.0,0.0,1.0868394106569153,1.3759476341935877,0.7074005862559712,1.074285889075348,1.389138725212077,0.6802382695581606,0.1396776305813666,0.2951597491999868,0.4775386325204978,0.3813688514863866,0.5404709559467414,0.31697143846691717,3.5563017731472386,5.72518063691611,3.727737094705466,1.8405174461920653,3.3041082180738983,3.6498628760279073,4.846153846153846,1.2398491433638217,2.038389118248976,60.1493,0.0,4.446759099773395,0.4234863035604247,2.6743817590688903,10138.179768949,11854.12792335869,12674.133558748945,13402.141448295295
LOG00008,Idle 35,50.5,51.0,24.956213017751477,0.6812911645367953,27.444610638751563,24.03757396449704,20.0,1.1381220070612612,3.668954635108481,11344.540715694562,9585.714285714286,0.0,0.0,0.5729887654482033,0.8230663515223847,0.5798182246517605,0.5614827013589303,0.7456748781905209,0.6908379708151763,0.4768971582864906,0.5628482273521608,0.3801325059422874,0.24843328915493157,0.2935212705873925,0.254047901164758,6.661666989539224,10.951654833896944,4.8791652953597495,0.7472275021406772,1.3359743292770156,1.6581637142794607,2.5712720280454717,0.7091383307713052,1.6625541775368036,50.99967,0.0,7.918813140443416,0.26609157041251413,1.0823992674707812,10293.66018596788,11978.444632290786,11419.27303465765,11686.785009861933,LOG00008,Idle 35,63.0,63.5,26.927021696252474,0.4858141517718649,35.50627055174681,23.764023668639055,46.0,1.4498889946376035,3.8537278106508874,12001.86672302057,9571.42857142857,0.0,0.0,0.8011697728388084,0.8697176538210382,0.7597004718302266,0.8117913705821053,0.7976551559276536,0.7135132837159796,0.33701689979623006,0.36787243776636835,0.33357788721167475,0.27074603060925306,0.412791832476978,0.2784070817845541,4.0052422077617935,5.818154928609701,3.452012831460063,0.8820270249808679,2.248401307647501,2.3038429433649132,3.3618112897557166,0.8361464591441377,1.0569090105262473,63.332969,0.0,4.539063211159577,0.32721604139475374,1.7078173369871243,10077.148492533108,12253.958861651168,12334.206818822204,13342.152719075797
LOG00008,Idle 35,51.0,51.5,24.95680473372781,0.4256657940012563,31.487635464831143,24.18331360946746,37.0,1.1844709815435641,3.725108481262328,11399.591434206817,10471.42857142857,0.0,0.0,1.11053610577058,1.1127738429388725,0.6146915253273983,0.8905968987653244,1.0758313015776202,0.8677977077406146,0.9886534158050341,0.8450484872234663,0.6621835608996774,0.2699043586869822,0.2939279314737959,0.22892497397193887,6.093225018744345,10.26558491901295,4.63037431662385,0.9111292444366365,1.243234796711275,2.311535261741034,3.5211393171429304,1.1116555374190846,1.6706301558305088,51.003616,0.0,7.392563632249366,0.2656116434739189,1.089905789465631,10961.143984220907,11620.822766976611,11106.480698788391,11909.918286841363,LOG00008,Idle 35,62.0,62.5,26.40571992110454,1.9199016926204882,39.759683860204625,23.817041420118347,48.0,1.2869106017677137,3.7694871794871796,11834.68582699352,8785.714285714286,0.0,0.0,0.8122339314168299,0.8162128251362785,0.6661597806191817,0.7215140697391789,0.8188687744215672,0.8160132897077883,0.365850361778025,0.28595158956748173,0.5759473655855181,0.2368893605525839,0.3556389654301755,0.24718315521920636,3.723657791281956,5.855960942288703,2.7826929138297243,0.6737052492786147,1.6711595952679206,2.139604933210092,2.983848698778008,0.8142258087477282,1.1268639967330754,62.008987,0.0,4.316684134721303,0.28501178636410796,1.2740983391719802,10227.50070442378,12506.33981403212,12096.64694280079,12508.255846717386
LOG00008,Idle 35,51.5,52.0,23.464624505928857,0.5298906939565474,32.86185842041076,24.121798418972325,36.0,1.1310491056836451,3.3659881422924904,10818.111236589497,9457.142857142857,0.0,0.0,3.3394151180796197,0.7107883303427958,0.7266253430585948,3.493193816545802,0.7039489258089985,0.9678763879757628,2.0125224490015685,0.31401209332395896,0.6967762029713017,0.24137190310669024,0.30934680000135645,0.22173020232523258,2.275742290252285,6.741332690679867,3.044524997573679,0.7153945912195778,1.5078468062092738,7.232447745767467,2.5237997577841442,2.414219685675913,5.26065128437156,51.710025,0.0,4.468172701784732,0.26020512479171326,1.180125292530783,10614.878599661208,11277.922077922078,10245.087521174477,11134.556747600227,LOG00008,Idle 35,74.0,74.5,23.21183431952663,1.038023643746141,41.57440505910367,23.61619329388561,70.0,1.3891820386292775,3.2494477317554242,10502.979712595097,6314.285714285715,0.0,0.0,1.6458041120123916,0.8683650417886913,0.6923921079539693,1.622082761611966,0.909992782864147,0.7242705562911427,0.37693371988180735,0.30767265021198525,0.5172254342666839,0.356975473421957,0.4205694294994108,0.31861123846590284,4.48509954020586,6.174918649044087,4.3090932089067,1.5519931743140425,2.1206865622341358,4.510343142852014,3.64905218571116,1.3158132506016145,2.5768788995683884,74.405218,0.0,5.060106141538704,0.3677967078568751,1.8582241937341433,10206.706114398423,13291.575091575092,6764.750633981403,11748.887010425473
LOG00008,Idle 35,52.0,52.5,38.06568047337278,11.553434971705915,34.10726455255995,23.732978303747533,31.0,4.419059450140256,8.800532544378697,15206.473654550577,10714.285714285714,0.0,0.0,1.7778492452997698,1.4339158980453868,0.9784516328446008,1.974193158386323,1.5080094271163766,0.8436169386353933,0.6093227319188799,0.9599248919599166,0.5262997070928218,0.40756229674454403,0.5113973895410788,0.3307903906629171,7.388479802559043,7.801129397787226,6.103990226220339,1.9223893208647582,2.937840738051306,4.435823328267879,5.456299401225939,1.6150638906371888,3.128567244718536,52.477603,0.0,7.134562597095828,0.4231062113748915,2.4825882565508834,14671.766694843618,15796.985066215837,14580.839673147366,15776.303183995491,LOG00008,Idle 35,66.0,66.5,39.6378698224852,9.579402716719311,33.279367074635104,23.622287968441814,47.0,3.362832671942366,9.10706114398422,15642.79374471682,7742.857142857143,0.0,0.0,1.2893605124319754,1.0514030489944188,0.9160678219640712,1.203604624650127,1.0088481483017455,1.0034012787496063,0.69451975728247,0.3492860172520912,0.9283515020232479,0.416529590777791,0.8051321073708197,0.3488423536614738,2.8231601236696324,4.224944772936287,5.489895287439759,1.9572064089104393,4.72611012173373,4.103445418158107,6.350231790020128,1.176413809518914,1.6648951739446667,66.499858,0.0,4.318925085608427,0.5607808835368074,3.6170964743723744,13184.249084249084,16224.79571710341,15748.323471400394,17413.8067061144
LOG00008,Idle 35,54.0,54.5,20.21877470355731,2.3159916819757025,24.393506492717112,24.05656126482214,89.0,1.2389215685055794,2.921857707509882,9350.239977413892,5757.142857142857,0.0,0.0,3.39697249899235,4.696336997017214,1.4769278171940494,3.7354377192232193,4.203624905097945,2.279998724186936,1.6376429073290555,2.4453675065603573,2.148688792619735,0.3572739152468676,0.4637655901096444,0.3265794977281229,2.400795050742822,7.370717130009924,3.7336499278126927,1.3854752759132087,2.3783591134741964,9.616048016032382,8.875956776351053,4.098475530515157,6.04406271436979,54.022618,0.0,4.9676094072752495,0.3870302922778034,1.9462956883285418,9524.957651044606,9803.162055335968,9289.130434782608,8783.709768492376,LOG00008,Idle 35,65.5,66.0,23.735108481262326,0.5207623546747707,34.07198765443877,23.82848126232742,53.0,1.1813938356051754,3.2140828402366863,10838.926458157228,7542.857142857143,0.0,0.0,0.8158918883787442,0.7070119332704679,0.708409928147407,0.6981526153178257,0.7514740932789806,0.7811812827010431,0.4333476489234584,0.30518540627653157,0.6924420455295295,0.2626535321195673,0.3237037584961168,0.22653216479999946,3.398383608132248,5.873326326361351,3.079431271864298,0.6431735389030155,1.552056631076085,2.006400016357911,2.7112884045455723,0.7633955224223802,0.940834521600061,65.803341,0.0,4.302242447921278,0.27391472084596635,1.187971377435558,8315.412792335868,11418.68131868132,11610.25641025641,12011.355311355312
LOG00008,Idle 35,54.5,55.0,28.35128205128205,2.6258864068030943,10.933434422262978,23.95662721893491,66.0,1.9161724683550945,5.019960552268245,12567.047055508592,10400.0,0.0,0.0,4.445238242420681,4.20384528751564,1.153137318740055,4.403727270935907,4.571981209827302,1.175190552552035,1.728684867313326,1.0651492361369201,0.9097243553816384,0.5735871844488059,0.5454087618900622,0.4224753841628629,8.793929210839904,7.585971013178056,6.104296679613898,3.18824292610338,3.209672968834039,11.691632909003578,12.33506571339797,4.3262257357451155,6.4546921595683475,54.755662,0.0,7.57501562442363,0.5179956325214586,3.198975892587514,12931.811777965622,11871.456748379824,12729.191321499013,12735.728374189912,LOG00008,Idle 35,75.5,76.0,26.4560157790927,3.649886964793129,18.676384601670957,23.599428007889546,49.0,1.5630792688439372,3.965877712031558,11744.625246548323,8342.857142857143,0.0,0.0,0.853491872308433,0.8426477412526627,0.46521953938754623,0.8159559948947713,0.9534510665143165,0.4652260110007597,0.6258536085639392,0.6290673328951895,8.98086151316998e-05,0.2917202049828712,0.41471660964119256,0.23107869192777422,3.5803464838638885,5.49760284963151,3.542792239128192,0.9881863690073103,1.9750969399319434,3.640122676043617,3.3921826827364705,0.8480871393715298,1.1501604106971797,75.747923,0.0,4.3047994489259676,0.3217078934740773,1.5616530059556093,12189.771766694843,11958.044519582982,9863.229078613695,12967.455621301775
LOG00008,Idle 35,55.0,55.5,31.520512820512824,4.186063726229284,18.98994545725164,24.200473372781065,42.0,2.3006221282286106,5.7786982248520715,13440.694561848408,10742.857142857143,0.0,0.0,1.7987200212289514,1.2968347612217657,1.1614503222883206,1.9508282657935985,1.3841141337513705,1.5341995086468123,1.0287653798271499,1.048596998428847,1.2698906257059654,0.37069109483888485,0.5955164281299342,0.3185074411363385,8.63843125207311,8.916809561959282,6.777189237988103,1.6690857756239186,3.4461860784014555,4.445594854399966,5.659991427429894,1.5679882194523964,3.199355662356805,55.000338,0.0,8.166237020573258,0.44478410269279495,2.7075861771472853,12226.908988447449,14263.595378979995,14275.147928994083,12997.125950972104,LOG00008,Idle 35,82.5,83.0,30.619367588932803,2.098799862987983,27.938633581929356,23.58401185770751,72.0,1.737524729490965,5.079723320158103,13295.998023715416,10157.142857142857,0.0,0.0,1.0305860691415334,0.7910748890840466,0.8531266537136503,1.088671237507826,0.9145498846548317,0.881411083864573,0.6457421847625864,0.49735065948750107,0.6737632799931961,0.32930581620505356,0.3203693588141222,0.31124002978470383,5.262264034396445,5.1112107962358735,4.576669278143098,1.4434076815537282,1.603308114558672,3.3067782823611944,3.820063530295546,0.9186694525366386,1.2780000943835894,82.885698,0.0,4.992053694047483,0.32038997216612536,1.5254544643118633,11493.675889328064,13389.356295878035,13260.474308300396,15040.485601355167
LOG00008,Idle 35,55.5,56.0,43.56785009861933,6.7551289530841565,37.200451115326736,23.642879684418148,28.0,3.7312801736860832,10.254536489151874,17465.46210200056,13742.857142857143,0.0,0.0,1.8135481206774344,2.5894564462576444,0.8775367492901524,2.1852838380207427,2.529075195861608,0.8890383518214632,1.2922156853080282,1.2813723935365415,0.5510892957549092,0.41314758575605703,0.6146257791137323,0.32901717331872654,2.6517488399934472,3.9256749238030286,6.533996525686385,1.8807642312684114,3.323540891182406,5.381500930804024,7.146536105257395,2.235424061903906,3.062200921158035,55.743246,0.0,4.659606782961565,0.4678703795945576,2.700296108668475,15882.30487461257,18474.21808960271,17434.91124260355,18070.414201183434,LOG00008,Idle 35,97.5,98.0,40.57357001972387,6.356423056988636,34.03752866788076,23.053451676528596,55.0,2.8439857469032552,8.313254437869823,16361.98224852071,11242.857142857143,0.0,0.0,1.5017401860773165,1.8721507881027686,0.7137583762672896,1.5105836294070987,1.7844273791201988,0.7752513158569063,0.7393170985260771,0.7609828994355156,0.33307011801098935,0.35575942583526937,0.4898760098225191,0.27853023949324673,2.217542211819664,2.4757480331284136,6.4469829861225145,1.4686900295561471,2.6768720841599976,5.33641429746985,5.841766234763024,1.6970816362027716,2.275336494834634,97.872576,0.0,4.187696718089569,0.38476069115856015,2.159015349398044,15470.865032403493,16892.730346576504,15652.578191039727,17431.755424063118
LOG00008,Idle 35,56.0,56.5,44.734319526627225,4.011212795059849,54.36459183801306,23.854911242603556,58.0,2.247293858223971,10.101045364891519,18002.451394759086,15814.285714285714,0.0,0.0,1.3253671901613788,1.6522396647778343,0.9439091576253231,1.7953342166736723,1.7474237951877798,0.9795963359014028,1.2246522713593775,1.1778343735205272,0.4743339953513766,0.3031893583880346,0.39183825245542175,0.28259590604305607,3.079679358595574,2.870690575138969,8.330138697606836,1.1179038947876114,1.9143030546311777,4.285888040058118,7.110982699366547,1.4977473249219038,2.4662348779005203,56.000748,0.0,5.388769186970194,0.32930302622324553,1.567524370297249,16955.367709213864,19142.885319808396,17379.62806424345,18531.92448577064,LOG00008,Idle 35,20.0,20.5,41.14714003944773,1.30911186378693,62.67880879707318,24.238639053254442,65.0,3.252231528705412,9.21854043392505,17034.77035784728,11671.42857142857,0.0,0.0,1.6248249190731439,1.2080692571817222,0.8808006284543413,1.612323516418115,1.1624785790066432,0.8958363611184736,0.3632752655219003,0.4113267454092216,0.4558902025067651,0.5687067522995432,0.5427077793775053,0.3505150773975104,7.112841927008609,3.6148803548586126,4.45635013666856,2.9026276034549516,3.237693824865607,5.298952298663467,5.097665474890011,1.4316925905704485,2.1709141946810955,20.431274,0.0,5.2763287994317984,0.4969305529585059,3.0747283057134918,12168.469991546914,18725.021132713442,19103.07128768667,18142.519019442097
LOG00008,Idle 35,58.0,58.5,39.853846153846156,4.50068589995122,36.49226847974888,23.821242603550292,81.0,3.7680374585332763,8.410907297830375,16449.936601859677,12071.42857142857,0.0,0.0,2.9135972548377533,4.15971513008152,1.1379638983365392,3.1531549444259466,4.459261158276819,1.2110791931329936,1.1256083111475002,1.1297212287849452,0.8736551918071529,0.6293157224147831,0.6607846202969152,0.3872670803380415,3.994451842096586,4.434506033045968,5.202781200886804,3.2892711997652926,3.9576620487113012,7.705117539136779,10.141601008022212,3.591119527865037,7.433947633062447,58.036088,0.0,4.571266108357398,0.5723199525943885,3.6388455530164467,17173.203719357567,18891.46238377008,13303.91659622429,16431.163708086784,LOG00008,Idle 35,69.0,69.5,38.39703557312253,3.7819431485642014,28.54347115838509,23.443616600790513,90.0,2.7493404117601643,7.568438735177866,15782.580463015247,12357.142857142857,0.0,0.0,4.105014657540461,3.7005765278925895,0.9829737053347969,3.9995037998725875,3.8231399958065784,1.0370172802332511,0.6166531134594126,0.716409911479005,0.5295102797647789,0.5837056667916779,0.688011536823856,0.3920268636096336,2.8452339450827964,3.4879551691795574,6.458122838660753,3.0750691240507875,4.319655441785395,11.225940456390939,11.442414682004001,3.9080309605613146,5.610174221320771,69.222788,0.0,4.5449069687467905,0.5679663258912004,3.749364829770281,14894.805194805196,15180.067758328627,15807.368718238284,17248.080180688878
LOG00008,Idle 35,58.5,59.0,32.535305719921105,2.1987705133643796,29.46861160937997,23.85936883629191,39.0,1.9123359834239184,5.773885601577908,13981.00873485489,10614.285714285714,0.0,0.0,1.6165451511441316,1.1579410813359756,0.7796142256766876,1.7583834711429749,1.3413798661018264,1.016651106514547,1.2939519614386574,0.9496752862738678,1.03366621151111,0.39993506051692196,0.5894305409734542,0.32193262252087285,5.217348842511162,8.726273973460186,5.465104628901036,1.8262035752332348,3.25897640552297,4.385739846815446,5.36718791495122,1.4060664588726113,2.022437062232942,58.537267,0.0,6.664231763906393,0.45130072335642585,2.64158538665231,14329.754860524092,14920.766413074107,12121.358129050435,14552.155536770924,LOG00008,Idle 35,81.5,82.0,32.677514792899416,0.7983756544876645,31.12650760964963,23.550433925049308,59.0,1.7180490625057125,5.602031558185404,13910.242321780781,11485.714285714286,0.0,0.0,0.7921029678907561,1.0131391188715344,0.812102065905194,0.7977061640362696,1.0040284102146337,0.8173531927025,0.28837736485892734,0.5099887787426468,0.5769803414839267,0.3243198329471733,0.3343758835931716,0.2925240557829841,4.371543238920378,3.4740134445976345,3.999904568916449,1.2462389570646175,1.5696808006320995,2.7528002597749373,3.0206390640110556,0.9093618602979598,1.2029961268078884,81.997789,0.0,3.9656187522014044,0.3175746152656219,1.4172172299930827,12356.804733727811,14299.351930121162,13887.433079740773,15097.37954353339
LOG00008,Idle 35,59.0,59.5,39.026679841897234,11.907807069889245,34.978019411696884,23.719328063241107,38.0,3.547654288971205,9.034822134387353,15848.517786561264,8371.42857142857,0.0,0.0,1.3751375126499839,2.1084703555691493,0.9474492632695789,1.4950558420676712,2.9421109609848863,1.6471370644166419,0.7090691478149375,2.115461847973227,1.3800522745490684,0.576162286821868,1.0186225990529536,0.4937694844806374,4.968797396074083,6.1811152120624255,5.47725709386381,2.9524340990306475,5.927015590987969,4.315382908186569,9.396303200407706,1.7799789913101616,3.0220489918939926,59.319636,0.0,5.56463470200586,0.7333401402399555,4.682220676395621,16345.623941276115,16341.163184641446,13558.949745906266,17148.33427442123,LOG00008,Idle 35,28.5,29.0,40.94122287968441,13.403741745671027,43.47316070511289,23.45812623274162,24.0,4.22134689653615,10.348244575936883,15962.517610594534,7185.714285714285,0.0,0.0,7.628339545492371,11.755359300842676,2.437943627427793,7.611695659495451,11.772255901573496,2.4481195873328843,0.34666939178986234,0.6576425467286193,0.4678305205232322,0.7062726299105726,0.9914560129820128,0.5306282420170045,3.07767296846671,5.204608118343962,5.951248512619276,3.529120664450122,5.747804046223505,20.356148483077263,29.58026555752414,9.909087660153961,19.924224774267728,28.901929,0.4812623274161736,4.8982097214293745,0.7666751560396017,4.769273740205742,13303.212172442942,17502.676810369117,14247.928994082842,18796.252465483234
LOG00008,Idle 35,59.5,60.0,41.323274161735704,7.556684589291428,52.964436021182415,23.681972386587773,41.0,2.536574943937744,9.265522682445757,16756.98788391096,11428.57142857143,0.0,0.0,1.216448934115003,2.0205092200157915,1.1916930353693955,1.170216548915014,1.7930281253369282,2.0586212981283762,0.2098906745445511,1.067950035999904,2.2984390414227773,0.5561517260414084,0.7836823845782185,0.45247028922371374,4.464516408425326,6.142267744272756,6.228872356021841,2.524810448590881,4.205355259577159,3.57257800607173,6.049597766471311,1.6676638626351463,2.452072076071027,59.923416,0.0,5.670338338848504,0.6132406229497067,3.468406021544115,17055.45224006763,17241.391941391943,14761.932938856016,17969.174415328263,LOG00008,Idle 35,127.5,128.0,39.65285996055227,7.122592794238546,47.533769526881244,23.018658777120315,48.0,2.7035023861326537,8.441301775147931,15717.455621301775,9314.285714285714,0.0,0.0,0.9557798837694567,1.9612645408672404,0.7911754159404658,0.9622128556544196,2.5185709469086333,0.8128516384066505,0.31273320146472955,1.4111632185846723,0.38332639853911504,0.32442730133336606,0.4452796305542994,0.28173641546574396,2.7729791179614858,3.5271633187197327,4.587940401065187,1.3664596797482984,2.537129307660708,2.937212783390274,7.346053160808198,1.542736819013785,2.8265913551712365,127.93656,0.0,3.7049287617667113,0.3572592107683675,2.0376747998845057,16878.1910397295,16232.403493941954,12470.97774020851,17288.250211327137
LOG00008,Idle 35,60.0,60.5,30.140631163708086,3.365582557703374,60.591593956741804,23.795759368836293,93.0,1.507962471416582,4.376706114398422,13573.260073260073,9257.142857142857,0.0,0.0,1.5471206630108187,1.9181494879482206,1.2430244902813405,2.3691392888931255,1.9397051231769775,2.4463351350371236,1.8487779006815124,1.4349354550245061,2.5936984605494984,0.4381834151104608,0.6907513859035005,0.36606263749680173,5.72272417466532,8.327239371459056,6.125041175482405,2.1616162072695957,3.947612832209484,5.965218053850192,6.516554552423697,1.7425383502280596,2.337034960423336,60.186834,0.0,6.821745058517691,0.5174115180320167,3.1824700863131126,13271.625810087347,14455.42406311637,12189.60270498732,14376.387714849252,LOG00008,Idle 35,41.5,42.0,33.576134122287975,4.362739223956876,54.38634279680069,23.762840236686394,93.0,2.3214026564943664,6.970927021696253,14001.739926739927,7071.428571428572,0.0,0.0,2.219256827110371,0.9400551840408913,0.9014874200989392,1.8937780032073908,0.8383894381576443,0.797737700299555,1.3328809850305987,0.4469942176717052,0.6974515198115165,0.3972687286222399,0.4774356118305572,0.3663968737161387,3.6098941850408375,7.240559682463425,5.904197215044426,1.6363013682597323,2.4352239196683723,6.244366297203337,4.626908689791558,1.7042307082255828,3.677056266587721,41.829841,0.0,5.782634500428699,0.4163387544032342,2.074584019351067,17174.950690335307,12802.676810369117,8875.824175824177,17153.508030431105
LOG00008,Idle 35,60.5,61.0,30.5974358974359,1.4578405760916198,63.85503990983441,23.954930966469423,139.0,1.8087233297178362,5.26741617357002,13347.654268808115,7714.285714285715,0.0,0.0,2.2907951363485237,1.6144268270577504,1.1647405686858658,2.7167912568670802,1.7019257462278001,1.9695969431572138,2.374435188497097,1.2509932589934043,1.9370544721331964,0.40923409148460504,0.5400538545643787,0.37437145072080796,5.407219044749939,8.091397483463558,11.060955398945064,1.967890427091076,3.115765495523803,5.579442401781105,5.710297283770219,1.9816806423641786,3.728237689226138,60.983011,0.0,8.505948220133147,0.446946935917407,2.605819195198833,10670.32967032967,15281.600450831222,14294.392786700479,13144.29416737109,LOG00008,Idle 35,92.5,93.0,30.202564102564104,1.8166698333396216,68.78053754895902,23.26355029585799,106.0,1.429149255377733,4.861676528599605,13061.714567483798,9442.857142857143,0.0,0.0,0.7693688540816601,0.9272092013621823,0.7777392475800379,0.7579747174445535,0.9257287825794148,1.0276134294878678,0.5038158736550632,0.40402501974769056,0.8197211013160476,0.3025392613504969,0.376552999440011,0.26945174053605314,2.794135910059522,5.300688951555607,2.9634747691805097,1.1220275668061341,2.0604305069167124,2.6790884257335383,4.122866431672536,0.8519522688277856,1.2003769161676674,92.721749,0.0,3.8594767155059295,0.3193359811252519,1.6589634918384966,10907.016060862215,14650.436742744436,13131.2764158918,13558.129050436743
LOG00008,Idle 35,61.0,61.5,33.76272189349112,2.292120730539042,57.16425069669887,23.789092702169626,148.0,2.9277761098827586,6.567869822485207,14063.095238095237,7942.857142857143,0.0,0.0,5.031970674516697,4.4195255034963585,2.0854758801399496,5.38207432181911,4.798730226075078,2.7768517938221153,2.0167205795677243,1.6047450695011136,2.4122880839301213,0.8202192494086946,1.0434937799952866,0.7362725471276168,5.3422831934648105,7.689981443211935,9.896856646629578,4.633817327236924,6.640327979942137,15.30930284015822,15.295382242648202,4.735659117021133,7.391471318631247,61.444729,0.0,7.866036185187905,0.8763059111298219,5.725653617858994,10698.872921949844,15701.070724147648,15227.669766131305,14624.767540152156,LOG00008,Idle 35,87.5,88.0,36.245652173913044,2.068517749836476,55.44514449094557,23.4051185770751,109.0,2.2432296404555006,6.932312252964425,14934.337944664032,11371.42857142857,0.0,0.0,1.2790898737913972,1.4083777250713343,0.9260128115020119,1.2649889720402236,1.316107058028174,0.9533511240045642,0.45156090282187566,0.5703001666926686,0.5261600356717091,0.37890041781214395,0.48383398763737073,0.2842407887580095,3.9599670181425957,3.621169459940632,5.288784250154378,1.7905560661441993,2.7614197623889587,4.011101196220822,5.561726919232072,1.34528783569034,1.8827989932944158,87.951724,0.0,4.349921297643015,0.39091929269568,2.327179637470868,12240.485601355165,15503.585544889893,15448.785996612085,16544.494635798983
LOG00008,Idle 35,61.5,62.0,31.71561264822134,1.3066617545744919,27.909264671728252,23.885988142292494,119.0,2.6356158175002053,5.7010276679841905,13584.761434217955,7414.285714285715,0.0,0.0,5.302645783154381,5.655933606213582,1.9695709289312302,5.511468163013079,6.127018688315878,2.20638195426801,2.4053140808935543,1.4044018079363056,1.5697523117614751,0.7245257740771119,1.0627005464681678,0.48535476229810576,5.360023245455864,9.450869293545498,5.945474940749681,4.116014512657709,6.749563182591914,16.219894581567235,16.55831711293899,5.4821363198802855,7.214131178147925,61.693345,0.0,7.15069814462408,0.793691647524661,5.590088488754408,12929.616036137775,14036.871823828345,10069.565217391304,17302.9926595144,LOG00008,Idle 35,82.0,82.5,33.83195266272188,0.6954946118810936,32.36799995588386,23.52867850098619,83.0,1.8347152212495315,5.837850098619329,14327.704987320372,12000.0,0.0,0.0,0.8512636489523744,1.3787754240629726,0.938449306773433,0.8195071040336619,1.3435752888102879,0.8224710910696338,0.367858744844191,0.5590549587838274,0.5287791089394432,0.33911594246162496,0.3617158500230238,0.2668306230502286,3.832070538275745,2.5570969213939048,3.8053957625002948,1.5249094091069555,1.6797163452958976,3.2966422460769578,5.255034216385714,1.1457904411426512,1.826746842434542,82.333221,0.0,3.449857300670968,0.3250828407175049,1.604181365469181,12463.848971541278,14761.228515074667,14408.45308537616,15677.289377289379
LOG00008,Idle 35,64.5,65.0,25.383826429980278,2.2402307647078827,54.61015142441369,23.692524654832347,151.0,2.155066400288281,4.293984220907298,10983.375598760214,5671.428571428572,0.0,0.0,3.8929855762702674,2.6365968555626904,1.4751589527398805,4.002384490418731,2.6775200269926196,1.4828965606568263,1.7050494107977654,0.9310905280363909,1.2651870667990657,0.6363448529176391,0.899169968887191,0.4086602052023845,6.091189117671892,10.921019147265863,5.39051801961382,3.286816129980088,5.415303698357319,11.59890153270067,8.99440983522675,3.324678907489519,7.2276102867760414,64.975703,0.0,7.861910891591465,0.6783422361658404,4.479323298096475,6552.2400676246825,13255.762186531418,11208.227669766131,12917.272471118624,LOG00008,Idle 35,128.5,129.0,23.662450592885385,2.0469907351264016,54.22623636629863,23.168102766798423,143.0,1.1008908002717277,2.841126482213439,10763.234048560134,7442.857142857143,0.0,0.0,0.8934025986835769,0.6897131696033431,0.7585912233079065,0.9577208661743531,0.5950628922334208,0.7588810823087986,0.7778045266661111,0.21116552720128415,0.5881104828495294,0.25813232156177235,0.3603425711511795,0.2430766511000348,2.7495362854370877,6.182570623562064,3.094411008488008,0.8539451247669878,1.813631555016568,3.492510337636529,2.5265389784220953,0.7980828464698566,1.845292258084551,128.504831,0.0,4.295715260183475,0.291870589090851,1.4174769298766596,8990.40090344438,11845.623941276115,10611.801242236026,11605.110107284021
LOG00008,Idle 35,65.0,65.5,27.414792899408287,0.4022595285540178,25.202767582236785,23.61625246548323,45.0,1.7053824346545687,4.324970414201184,12003.113553113551,9257.142857142857,0.0,0.0,7.616867624549242,6.3060587284449285,1.651606533181251,7.799718680876216,6.378923776357032,1.8365153875271585,2.4194165518115667,1.189764660093035,0.7794348549285837,0.5796337401396797,0.9002811396711256,0.44053114867408266,6.447861147489068,11.548916911084902,5.876762882472989,3.1580035136101454,5.463215475894219,18.083686677939255,15.388845572275306,6.9922474604558635,10.267094224774974,65.438406,0.2445759368836292,8.356409459675332,0.6684681732907362,4.462046028898859,11284.446322907861,13030.853761622991,10426.289095519865,13270.865032403493,LOG00008,Idle 35,64.5,65.0,28.17455621301775,0.04355447625935516,33.47050059952193,23.682564102564104,46.0,1.3450064883731487,4.3889546351084805,12430.191603268528,10042.857142857143,0.0,0.0,0.8868898180434807,0.8925217195934443,0.761549037705914,0.9130478402112232,0.8499529573994333,0.7474766899483221,0.45595079849032166,0.3243635063560297,0.5110424814726282,0.2531804022449541,0.36656338923984516,0.2607479033704773,2.9595040342123484,6.078773705152827,4.079739120931566,0.7445460703596822,1.691754483342895,2.387508583996878,3.005583233249765,0.8897102251000707,1.128181536288264,64.500083,0.0,4.55903590619172,0.2980260075474503,1.3069778274322086,10577.881093265709,12741.222879684417,12685.291631445478,13716.3708086785
LOG00008,Idle 35,66.0,66.5,40.51282051282051,5.5486847716909455,12.342895911865073,23.476765285996052,47.0,3.110258274086681,9.153313609467455,16325.133840518454,11428.57142857143,0.0,0.0,2.281371862284494,1.7927327909462916,0.6576547061950375,3.1816708816729657,2.013678965372786,0.6576547111055087,2.0309677181298182,0.9560889878876586,3.5304991483388986e-07,0.45245539463717177,0.5004766829112279,0.32501644065164537,3.76233777177047,5.839176090712085,7.75448164219446,2.1614693158185037,2.6295745666905908,6.793226699741651,5.933889564601916,2.0516515827203095,2.8714209686377083,66.399336,0.0,6.010633590184573,0.43236885524899105,2.406928748946562,14892.561284868976,17588.616511693435,15478.726401803324,17340.631163708087,LOG00008,Idle 35,37.5,38.0,37.4603550295858,5.0325867367104715,12.42218549853818,23.67954635108481,80.0,3.6806713821771537,7.677810650887574,15528.346012961396,10500.0,0.0,0.0,2.039824744511163,2.219779853874397,0.7478290706576145,2.0251443350138834,2.264726706201586,0.94707448479111,0.6607073263815487,0.37161021724031673,0.7362065030333816,0.3470341214055155,0.4197892106690139,0.2724962362453004,2.3461884140039655,3.1739073929287827,4.835910125817239,1.560962078871,2.3635807322256506,6.834764366441112,5.976614518649876,2.1317020884714015,8.553116988585769,37.500773,0.03353057199211045,3.6039013563024573,0.35161999449295,2.002887476797138,16071.146801916033,16388.024795717105,12405.945336714567,17248.26711749789
LOG00008,Idle 35,66.5,67.0,24.346047430830044,1.7217264837095458,21.742226338413676,23.70911067193676,22.0,1.4186093063165401,3.220494071146245,11103.317334839074,8857.142857142857,0.0,0.0,1.5690378646231165,1.577321828421594,0.5253929842610873,1.9747762738172379,1.5197785752322297,0.526567183732125,1.4499807307868997,1.4482894870659297,0.012947194568605993,0.22056126845899016,0.4364690217625468,0.24593703088044425,4.9439485215503485,9.639673868064225,4.3463272909229005,0.5912311446224978,2.226417759063226,3.6252299913410426,3.5747246224684517,1.5731852991679507,2.508178580776476,66.908416,0.0,6.7393496270337865,0.3160366557120033,1.6288784951990352,10872.670807453414,11638.961038961039,9989.723320158102,11911.914172783738,LOG00008,Idle 35,142.5,143.0,27.318145956607495,2.532975056622901,29.852884092021206,23.030414201183433,32.0,1.5856910852382171,3.7926824457593695,11805.226824457593,9214.285714285714,0.0,0.0,0.8866097441261814,0.8407453286195439,0.6750403900094687,0.8125560449440711,0.7806849052270033,0.6281920919615712,0.3202228129875374,0.2996879739210027,0.556462587009399,0.31330891725061993,0.3844288247369725,0.2615843667271069,3.911799033581045,5.455459395782267,3.121295551645685,1.2095469375533783,1.9561331289150892,2.451501974900052,3.039516207741014,0.8639819286232429,1.3801110884416756,142.65022,0.0,4.274213175890885,0.3237150906962413,1.6262626805322522,10472.612003381233,12509.60834037757,12044.406875176106,12194.280078895463
LOG00008,Idle 35,67.0,67.5,21.485207100591715,2.2417497450951123,25.668393815582444,23.690986193293885,63.0,0.8726591405590136,2.4922682445759365,10038.102282333051,7042.857142857143,0.0,0.0,2.006062281278801,0.7434860929403945,0.9359639876475602,2.799557214603205,0.5946828843540893,1.5526445915956955,1.9568320592010802,0.32487397837760595,1.5212359755422418,0.23906570950645858,0.3600405732373991,0.19936710328862128,1.7457199451548087,6.765155317269098,2.7280146067225735,0.5493158086318543,1.6798437164046947,6.474193955754325,2.1951174077768707,1.512788393458464,3.2706946856793215,67.220179,0.0,4.330393680647577,0.27479014399637,1.2497245234765149,10155.19864750634,10155.311355311356,8945.393068469992,10896.506058044519,LOG00008,Idle 35,121.0,121.5,26.105138339920945,2.2000928116948963,28.396942760083,23.14221343873518,64.0,1.1417726987249208,3.51701581027668,11449.55533596838,9671.42857142857,0.0,0.0,0.6809346626766283,1.2636257699355937,0.5578322350609394,0.6331586394854274,1.2177003972712226,0.5437984511739427,0.13296471122590375,1.0443067978916307,0.17320228034421928,0.22339457872280727,0.28197382274063093,0.1952139812591772,4.115718887479074,4.899414229212087,3.4771822909714056,0.624821936637995,0.9490094556494982,1.5578438530082954,6.573392287548941,1.0149931283707923,2.151941211997695,121.497128,0.0,4.2045292417742015,0.2363069141270618,0.803436805049474,10790.73969508752,12071.767363071713,10655.731225296442,12279.983060417842
LOG00008,Idle 35,67.5,68.0,17.92800788954635,1.7728960294666753,26.689606513726428,23.748915187376728,30.0,0.8330641947690473,2.3823865877712036,8496.604677373907,6242.857142857143,0.0,0.0,1.2619564432590549,1.2100955802593463,0.7037033884149075,1.5166123898172688,0.9467279990583413,1.061845886065258,1.1523916457714487,0.9114672417112116,1.1058460337774914,0.2511058498285202,0.33028296998781714,0.27869670881628866,1.4713307750141615,5.042438267238735,4.401839009471095,0.6453730533508156,1.2253370632943168,3.508232077228117,2.6483592479334064,1.23629797744036,2.232349426670557,67.542795,0.0,3.9567320098670167,0.28856705955872597,0.9792745520726286,8724.42941673711,8832.206255283178,7648.5207100591715,8781.262327416172,LOG00008,Idle 35,59.5,60.0,18.574161735700198,4.931849459402869,33.047529202453774,23.804102564102564,46.0,1.8530869787217241,2.1525443786982246,8952.275288813751,4914.285714285715,0.0,0.0,1.8640777040861995,1.8812771780587276,0.6707549988672623,2.4272645542213844,1.9781702081024128,0.8711250565068176,0.9918276819943577,0.7404909802015412,0.6737310678139246,0.36838702910485455,0.4407613492392411,0.34144671372189,2.685467864232143,5.601900569093329,4.692630478358997,1.2637184538531152,1.9975505596370169,5.249025456651543,5.303603032675535,1.872697186887924,3.0660847620777734,59.530726,0.0,4.494953038028891,0.38581749939031,1.6714054817600468,6344.80135249366,9366.807551422935,9881.60045083122,10215.891800507185
LOG00008,Idle 35,68.0,68.5,29.5069033530572,3.984106946638983,27.89727223552027,23.75285996055227,27.0,1.859163544756384,5.200710059171597,12677.592279515356,8571.42857142857,0.0,0.0,1.475933554494323,1.5560522325148802,0.7067721968102515,1.7043419371091673,1.3814025213724026,0.8155171406192356,1.3738740671303358,1.0006621952340278,0.7167713625040357,0.40295814348595543,0.43217678810960414,0.29949317188715285,6.591111740537875,9.812548629759815,5.776220695560131,1.9320980708371602,2.4207690264029087,3.9351247884395884,4.337352104010203,1.5165220749459585,1.9976261457005344,68.431719,0.0,7.595910963833867,0.38246925871648363,2.1901056634925586,12491.462383770076,13463.341786418709,11874.83798253029,12880.726965342352,LOG00008,Idle 35,80.0,80.5,30.350295857988165,3.6538508652118877,35.7968695386738,23.447633136094677,53.0,1.8906442310206397,5.393392504930966,12890.68047337278,6600.0,0.0,0.0,1.4804524470502676,1.2621263352045442,0.8162969832507998,1.3853096129403941,1.2738273026271651,0.7491509099768052,0.3395866430717456,0.5571453746020308,0.591422524016793,0.36654042953860383,0.652784041951754,0.40557624070569653,4.142873405209419,6.4455424762982085,5.756547213901253,1.6113450976383812,3.5802196477735695,4.046816753729319,5.753311369635432,1.375627553881133,2.033430614924014,80.347277,0.0,5.533120086992212,0.4915862009651948,2.776184949709507,8683.375598760214,14061.848408002255,14447.252747252749,14370.245139475908
LOG00008,Idle 35,68.5,69.0,31.394466403162053,3.4048513708482053,28.752773691786455,23.560237154150197,22.0,1.8344012386908426,5.2450790513833985,13646.661490683231,9971.42857142857,0.0,0.0,1.5912498743470402,1.552436923728455,0.6813238525428188,1.6354620140945917,1.6364063565963538,0.8152639999495497,1.006659479200133,1.3367705306306377,0.8461539574641663,0.3212359720427777,0.43266776046797417,0.2580847495485967,6.885770941906961,6.57924315772448,6.570287907772308,1.3050716702138785,2.3289158984407075,3.5232149350076374,4.4413169716524115,1.5719631937111223,2.082223362453137,68.641864,0.0,6.680044041369131,0.3449645772308621,1.8877316184252368,13646.950875211747,14114.511575381139,12516.82665160926,14308.356860530772,LOG00008,Idle 35,109.0,109.5,30.942011834319523,0.9379098293472469,31.988820504282554,23.35151873767258,46.0,1.6243887265114545,4.567416173570019,13243.31501831502,11457.142857142857,0.0,0.0,0.8473024978856658,0.8983843506173692,0.7710095228235518,0.8884926313929459,0.8365885204777677,0.6606362192941055,0.4828288069674389,0.37210432370791413,0.3288244732489407,0.30237996735556505,0.3179654690753965,0.28337843005421104,6.187229770053268,4.356539906045672,4.621969202609852,1.1523834684278769,1.4221720245932317,2.733025431255543,2.937884223056924,0.8732170303989385,1.2387261669344536,109.009012,0.0,5.119370126954934,0.30157310821881916,1.2943262582984003,12026.401803324881,13367.032967032968,13049.619611158072,14530.205691744153
LOG00008,Idle 35,69.0,69.5,24.991913214990134,0.5672467923530564,26.590136995464636,23.74136094674556,22.0,1.1460593376376078,3.6944773175542402,11244.484361792052,9585.714285714286,0.0,0.0,1.3619903192608263,1.5926408560107677,0.6343033302147322,1.2525408946763807,1.384639661951645,0.7509933162958613,0.9771874541083737,1.2640899364550102,0.7935928671232968,0.22094331345266918,0.300123504996656,0.25465565260654505,5.00363824058703,9.054251095564872,4.090259993645252,0.7110155041302865,1.4030653177430457,2.334882551350197,2.9881422460853897,1.481810130548937,2.1982997123064973,69.363068,0.0,6.422514703754217,0.260601590821051,1.1122354366246021,11469.202592279516,11384.67173851789,10136.799098337562,11987.264018033247,LOG00008,Idle 35,76.0,76.5,26.10591715976331,1.911246817003068,27.764225255043403,23.523589743589746,26.0,1.3293405692121365,3.9329783037475345,11557.544378698225,9057.142857142857,0.0,0.0,0.9943392117987251,1.315794339587285,0.5062042693888169,0.9601148968157089,1.4060918154301296,0.5046328711995665,0.5695614302770763,1.0341630382505287,0.011625024164607688,0.2664156953258257,0.3669178317757813,0.25603330199067453,4.611590133107389,7.5926127411928075,3.5734100056717266,0.834455910466487,1.7921417645796716,2.8723671590949063,4.387763152590932,1.1661957837795607,1.7338071924742997,76.499685,0.0,5.528224273734787,0.30064323802985693,1.397871376569245,11849.873203719359,11725.528317836008,9990.025359256128,12664.750633981404
LOG00008,Idle 35,69.5,70.0,22.9629191321499,1.987268590070726,24.02869230252241,23.77045364891519,47.0,1.1518837220663278,3.214714003944773,10578.853198083969,7785.714285714285,0.0,0.0,1.0975181573112547,0.9984924375418346,0.5584088009327437,1.0004961382926292,0.9404691116124649,0.8176222229828592,0.7929042883641362,0.7617950772746,0.7626281579642081,0.23993700016753283,0.34996911551096643,0.21193281568005645,3.962128005044091,9.497761127272884,3.244199018858402,0.6339377282517739,1.6160820057261345,1.8647567010847907,2.6131211925327738,1.0491742594669695,2.3335734868495845,69.999424,0.0,6.229787370182399,0.2738391646100557,1.2275174321639644,10770.10425471964,10619.188503803887,9593.829247675401,11332.29078613694,LOG00008,Idle 35,144.5,145.0,27.569033530571993,1.4528919853738849,28.899948024152135,23.081321499013807,61.0,1.450534028336271,4.16646942800789,11827.535925612849,8700.0,0.0,0.0,0.8620781420982381,0.6513098406393043,0.5791028659149374,0.6788162313896314,0.6376364896760026,0.5133996866321873,0.3938830889309162,0.16637357257123314,0.39078191149755226,0.23840870775781953,0.35719324945487974,0.27438916026308957,4.319756700692869,7.082822551467166,3.587103804896867,0.9330568621357298,1.5845186657885604,2.0366465069036503,2.5318484177091665,0.7639971307528404,1.1334398496189948,144.983441,0.0,5.218364589149183,0.29423071483716806,1.3002489204400314,9223.020569174414,12181.23415046492,12403.26852634545,13502.62045646661
LOG00008,Idle 35,70.0,70.5,18.565877712031554,0.8545269686061628,21.67989222230872,23.848086785009862,49.0,0.785520857992367,2.5962919132149906,8794.857706396166,7242.857142857143,0.0,0.0,1.4617782585935448,0.7313904301904883,0.7092833816770809,1.0538170297397538,0.5449398297224872,1.1780054254861658,0.8798136094885576,0.43988140504959705,1.1522718177207203,0.2333224067100025,0.31022218738132695,0.26931503017381153,1.5215858208623807,5.7587286417532395,4.586001346145482,0.5696963006369419,1.0931221032333,2.5926614686696485,1.768115590570186,1.1557957515649129,2.3859361784866953,70.01521,0.0,4.340107038866158,0.2727683611260196,0.871627732330899,9041.335587489435,8936.460974922513,7962.581008734854,9239.05325443787,LOG00008,Idle 35,43.0,43.5,18.681620553359682,1.280284577390219,31.224948522843846,23.91824110671937,50.0,1.1169212397485293,2.1450592885375497,8841.466685488425,4542.857142857143,0.0,0.0,2.2134348014264646,1.3749656327134157,0.7193497782662259,2.067203550658337,1.2701041756476419,0.7842907830853842,0.430464695345197,0.5032450233965368,0.4711350478915502,0.38287452509980635,0.377474439707745,0.3345360598547877,2.398291737588309,4.831481582677501,2.873092097313987,1.4479319455951691,1.5901511672834943,5.003951008123441,3.960027548113546,1.842528712301225,3.292508623504231,43.419185,0.0,3.528440436509418,0.36560189183784975,1.520705042716711,8950.536420101638,11162.309429700734,5666.741953698475,9586.278938452851
LOG00008,Idle 35,70.5,71.0,24.448915187376723,0.9878222050466119,19.542413171580975,23.753313609467455,37.0,1.240331066297308,3.6146745562130183,10995.484643561567,8928.57142857143,0.0,0.0,1.2723259521619348,1.6564639104905037,0.9211076637681318,1.4837775149844465,1.8312849876129875,1.5137383032710154,1.2496190035274102,1.5166934657185467,1.5244325153749454,0.23126333192432494,0.306243237441208,0.2670215356598774,3.7448557601826113,8.867677673531906,3.1329994354842565,0.7375154897042645,1.3246945688171572,2.8200465815112863,3.5634568682770675,1.4769370357774672,2.389661533699896,70.83014,0.0,5.844522719292363,0.26991859864125195,1.0720878691150733,10882.10763595379,11542.096365173287,10381.290504367427,11176.44406875176,LOG00008,Idle 35,125.5,126.0,27.33905325443787,1.4514814207278735,28.262948994413993,23.17043392504931,32.0,1.110744758979956,4.139861932938856,11747.442941673711,9857.142857142857,0.0,0.0,1.7738228129799583,0.6658572999870942,0.5335427117509531,1.8954879643315101,0.6250045622000603,0.534007975110361,0.8892706355148485,0.26232024526040487,0.01346869612465469,0.24219555473310006,0.2566948977173297,0.22191156917288127,5.538138748260477,5.293708956271939,3.355431909212933,0.7102396086509313,1.0559295495366947,4.445373012794279,2.0322838174804474,1.3397412652811427,2.410066471959278,125.746341,0.0,4.828845914779991,0.24069046635277908,0.8998409624154134,11562.69371653987,12102.141448295295,10703.803888419274,12621.132713440405
LOG00008,Idle 35,71.0,71.5,29.693675889328063,4.9533195965319115,16.53042160937069,23.579308300395258,34.0,2.081907744618248,5.161541501976284,12729.898362507058,10400.0,0.0,0.0,2.184275836836338,2.1085857455778236,0.686870838339708,3.2311891157314263,2.358545407290937,1.1088492766182667,2.1677000958730557,1.4488925738877236,1.0113356099118183,0.46261809722602837,0.4379146593105017,0.28232054528756423,7.4914602305395075,9.440864425639056,6.120892285660081,2.2748606154430373,2.4227038834633023,6.013489447564399,5.257593792802805,2.146764399956486,3.429793335894615,71.385595,0.0,7.804212961849628,0.402280848417923,2.3499452043230753,12371.993224167138,13493.788819875776,12121.710897797855,12932.100508187463,LOG00008,Idle 35,100.0,100.5,30.718934911242602,5.3233507830938604,23.14787116445801,23.140571992110456,29.0,1.9624762709817054,4.8025641025641015,12942.786700479008,9485.714285714286,0.0,0.0,0.9353134957567709,0.8174129954332615,0.5046147017251086,1.071484263329729,0.7249474724617537,0.4795354284808856,0.6336497893015551,0.4353439415742337,0.14480246582825473,0.33681802984509707,0.54311919008172,0.27443008736907204,3.982298394466874,5.049785471613212,3.934494636164655,1.4270573672738953,3.0559850336293213,3.7024433533829875,4.086346149321054,0.8783437084786141,1.277315418038704,100.4998,0.0,4.352749393731803,0.40155394520004106,2.3849043225313142,11883.488306565228,13289.771766694843,12699.239222316144,13898.647506339814
LOG00008,Idle 35,71.5,72.0,27.722090729783037,6.093598118940944,11.98866731071864,23.752130177514793,44.0,2.0832516527058336,4.1426232741617355,12413.306565229641,8628.57142857143,0.0,0.0,1.3504305198071922,1.1704553883687059,0.486666862941579,1.3201941578227205,1.2611698077504307,0.485812511903396,1.0107572686767525,1.0351326325252277,0.007333747126815094,0.28513614288318667,0.39059888685259603,0.24122650259495815,4.898648991910483,8.309623243335261,5.429380821355797,0.9945405886888404,1.9869478368812326,3.0556960101601853,4.874965230240645,1.2636511395531722,2.0450066423109226,71.50596,0.0,6.3907426927660875,0.31201513635451694,1.571157644706055,12034.122287968441,12855.170470555087,11791.20879120879,12972.72471118625,LOG00008,Idle 35,124.0,124.5,29.206903353057204,2.684753445228311,21.479732118983147,23.11025641025641,69.0,2.0059664065323606,4.4177712031558185,12620.322626091858,9314.285714285714,0.0,0.0,0.7871110349129996,0.859047197469369,0.699004480955407,0.7151776884988006,0.8632567346984398,0.6981755575097377,0.394731316760621,0.35487999178797136,0.005331101722545377,0.3769063003359088,0.4360013784598762,0.2971946459361411,3.1939351085906065,5.381624367711096,3.971488979915458,1.740812702428208,2.35785716772077,4.219098121001111,3.9493838932287497,0.8238646335296201,1.1386732223671292,124.115521,0.0,4.279245534383348,0.3743795840342272,2.072428441262521,9972.978303747535,12871.20315581854,12946.153846153846,14690.955198647505
LOG00008,Idle 35,72.5,73.0,22.024852071005917,0.24881123246160688,14.198268678460934,23.734260355029587,38.0,0.871184203237093,2.9179881656804736,10154.860524091293,8628.57142857143,0.0,0.0,1.1085409190079312,0.7956909049374844,0.7670282287986526,1.144895275532579,0.6134330697364321,0.9454581140918816,0.9377463408708003,0.40792913654405266,0.9620669934630323,0.23948401914965778,0.2737041518275546,0.23031867459260855,1.7643120722999408,6.339131803601614,2.7825861685768567,0.5464322876532036,1.062120401313961,2.178431116693276,1.6952189411349328,0.9648800405530162,1.6850047696797659,72.990795,0.0,4.124729279902379,0.24853789115666752,0.8445969428896968,8985.094392786701,11020.315581854044,10389.799943646098,10224.232178078333,LOG00008,Idle 35,83.5,84.0,24.30276134122288,1.4285177585296214,21.10639804375718,23.490157790927018,48.0,1.2396239693443027,3.2414792899408282,10927.923358692591,9057.142857142857,0.0,0.0,2.561928451773708,1.1274910139767713,0.7116024255876022,2.873105275472684,1.168072142464376,0.6613584569962593,1.921115011307976,0.8137667654074208,0.6210290884517409,0.267347275909651,0.34595779456251985,0.2680739541541389,3.2418766432693515,4.227918592172265,2.470957690112469,0.8940325773725675,1.623056164091519,7.150674786436639,4.773158019104875,1.9792313379953843,4.101858129426428,83.739077,0.0,3.390707482642191,0.2960996490207923,1.3102682094134215,10084.784446322908,10619.78021978022,10689.856297548607,12317.272471118627
LOG00008,Idle 35,73.0,73.5,24.02899408284024,2.2113227484461335,16.91212079210375,23.767672583826428,31.0,1.3387297957006135,3.4970611439842214,10784.967596506058,8514.285714285714,0.0,0.0,1.658342344140156,0.5626155869979743,0.7142879921402198,1.943366796349222,0.4805788220866385,0.9102638314399512,1.7569488899349972,0.37697396840614383,0.827889144327841,0.28313197514648225,0.3117788757451057,0.2530740676166203,7.047299658019539,9.297800220028975,5.12825581249492,0.9235244892538301,1.6069892886834074,3.123367423649733,2.1951174077768707,1.2382721084441302,2.227580347445397,73.180223,0.0,7.357819629026911,0.28367602789758367,1.3105937692883236,9391.828684136377,11300.112707805016,11320.42828965906,11127.500704423781,LOG00008,Idle 35,83.0,83.5,26.72031558185405,0.10824719233645075,22.517405570253533,23.640236686390534,63.0,1.2371070661845462,3.8954635108481264,11816.546914623837,9800.0,0.0,0.0,0.8168090793183608,0.7010831841027488,0.7122968541348168,0.7363695474424966,0.5554656340766911,0.729777212353262,0.5754301599775404,0.36848967734323224,0.47995555383773364,0.2581950347397419,0.3614336393650071,0.26684682534275983,4.845891639161287,6.289945433123599,3.5234309187734563,0.6291853142256301,1.5950455766146898,2.1345287577710166,2.438594997561132,0.7611487052766224,1.5408016782250855,83.499341,0.0,5.015331320711671,0.29916894882568706,1.2124447515485595,10217.30064806988,11960.834037757113,11791.293322062551,13296.759650605805
LOG00008,Idle 35,73.5,74.0,27.002766798418975,0.9333057047411624,20.89320141836538,23.76136363636364,31.0,1.3366316391849473,4.2403162055335955,11968.80999435347,10257.142857142857,0.0,0.0,1.1750368346080429,0.7805852039675798,0.6330659665255738,1.302681373374556,0.791696013438919,0.6769002571165924,1.1172913651307461,0.7140135312408191,0.35713738920043064,0.26233027729765457,0.33790282095588053,0.2551076203876719,9.074917245156815,7.459665437092105,6.805053980565324,0.838252480363489,1.5574701255840973,3.063878551551306,2.6513476325775733,0.9975030885513085,1.5183131678000437,73.986278,0.0,7.838143724084145,0.2875618129358547,1.2506758998482554,10755.335968379446,12345.53924336533,12207.679277244495,12566.685488424619,LOG00008,Idle 35,113.0,113.5,29.127613412228797,2.972707348319882,22.66415086040976,23.13800788954635,39.0,1.5766994723051717,4.449211045364891,12508.234714003946,9857.142857142857,0.0,0.0,0.7629168390821932,0.9441314515674011,0.7205693876897049,0.7321620989540809,0.8502372681253014,0.8438662289413987,0.42576141907482606,0.26659054477886657,0.6541659327092458,0.28680224031056845,0.33838210244794015,0.2629415522032508,4.315574518227692,4.802172222019834,3.7922654265398967,0.9450387323456373,1.581003626182284,2.3563251568015686,2.7076486010458525,0.8583199581723397,1.276905398172043,113.324313,0.0,4.3230513350967295,0.2977113995014322,1.3024343882965812,11686.700479008174,13144.237813468584,11953.789799943646,13248.21076359538
LOG00008,Idle 35,74.0,74.5,28.454240631163707,0.9309476229162451,24.81535637949366,23.741321499013804,29.0,1.4110681010789552,4.620571992110453,12462.080867850098,10685.714285714286,0.0,0.0,1.1511186317506727,1.5106592314652625,0.5055199790748655,1.1264337787392793,1.588838732323779,0.510921281185333,0.8955212522078124,1.2689545017809292,0.04204000426476149,0.348123855676969,0.37051630804614905,0.26308128932559777,11.317140077967197,8.010335874602623,7.490351946267622,1.3735325007027022,1.6696294529585893,3.087801283322163,3.7371739895284364,1.3429753195749277,2.0072328466831997,74.278313,0.0,9.098507435237796,0.33049675652103194,1.5287665028828663,11606.98788391096,12999.239222316144,12383.347421808961,12858.748943364328,LOG00008,Idle 35,63.5,64.0,29.149506903353057,0.832864613813363,33.76398726267571,23.682800788954633,38.0,1.4834100899857097,4.907948717948718,12793.343195266272,10114.285714285714,0.0,0.0,0.7229012185907882,0.8515832193318031,0.6701119762466813,0.7244631573234934,0.8206704633215993,0.5605204430343943,0.39069637190647943,0.2848263787971862,0.37796287536732887,0.28121160889967994,0.4038542629608191,0.3083339809751107,3.279029568800077,7.541500160872591,4.502370051917541,1.2105147195290389,2.10020916398578,2.3800618227430346,3.415938970949926,0.789867125308923,1.103776389904751,63.56284,0.0,5.4128734104882,0.3352849924643874,1.7140922406169279,11147.590870667793,13091.434206818823,12909.298393913778,14025.049309664695
LOG00008,Idle 35,74.5,75.0,26.996252465483234,2.5950046382147094,27.190036046962682,23.7098224852071,56.0,1.516671753270489,4.007948717948718,12049.485770639616,9171.42857142857,0.0,0.0,1.885049745288786,1.1401962590844794,0.7995348316177785,2.2588314775506664,1.1907113397116569,1.0869392015521642,1.8347049123375005,0.6222311250269745,0.965788442008893,0.2980162014734152,0.36804882733574446,0.274419095050732,7.843891068472491,9.08713353555921,5.55335860981327,1.0573362072405361,1.9247476988465473,4.105848044640775,4.261427379835244,1.557796528986305,2.6196157762469148,74.966963,0.0,7.6363694435758,0.31600603125695903,1.5528382979816153,10800.87348548887,12941.899126514509,12346.379261763877,12108.791208791208,LOG00008,Idle 35,64.0,64.5,27.632015810276684,0.7027632415423264,33.28929017332106,23.623656126482214,40.0,1.3540866632548354,4.263458498023715,12222.409655561829,9857.142857142857,0.0,0.0,0.8096501224542519,0.8407043268901879,0.7002722456368348,0.8244975555636725,0.8585789680310363,0.6202302437518831,0.3414325074645975,0.3530375295825456,0.37981340631530885,0.245918425242191,0.3666366267289362,0.26751396361810337,2.822364758607657,5.469206696644091,3.3666893119461787,0.7431296260835033,1.8588863978303416,2.2453289238516003,3.230597296674507,0.8253232960610252,1.1273244806231675,64.499096,0.0,4.0502082927679846,0.2980279677387344,1.415574138150607,10459.824957651046,12521.62619988707,12505.731225296442,13402.456239412759
LOG00008,Idle 35,75.0,75.5,21.23786982248521,1.8182251242305512,27.617227681869956,23.86613412228797,79.0,1.0204644736984667,2.699664694280079,9892.814877430263,6100.0,0.0,0.0,1.8678410621457633,0.47442320750365585,0.5833414244609184,2.205510254071745,0.41589523348652024,0.7678880252473926,1.780082628132721,0.295492900735294,0.6736073371956571,0.2703745724646216,0.38313804493514975,0.27520723928075724,3.8731252948767456,12.019183998021111,5.955517057190922,0.8605987052548881,1.7424532159499106,3.5205791167866463,2.256264564061022,1.3627009233973302,2.452563192547356,75.010374,0.0,8.060811930705103,0.3139194140033881,1.3741858209973958,7698.1966751197515,11068.131868131868,11085.207100591717,9719.723865877711,LOG00008,Idle 35,107.5,108.0,24.71932938856016,1.2435954839878962,37.022264918084794,23.244240631163706,50.0,1.4120540792737293,3.4096449704142007,10995.632572555649,7714.285714285715,0.0,0.0,1.0287138984856747,1.3809081104843923,0.586754215493979,1.0953657391968226,1.5618048376065004,0.6093265978649529,0.4705904920793141,0.9129963724016202,0.5688133019920513,0.2949169460773317,0.3710604457776041,0.2676327708341023,3.7860789399440162,5.816632062837002,4.1113846678954165,1.0735574137086785,1.8750724350388692,4.340079712771989,4.4908409969582035,1.2176123140267536,2.0725100658356905,107.509421,0.0,4.657291279320936,0.31426589566193425,1.5278125142129617,8799.520991828684,11472.471118624962,11974.04902789518,11736.489151873768
LOG00008,Idle 35,75.5,76.0,24.89013806706114,3.7906535869221774,26.20421601378789,23.629704142011835,116.0,1.5300958916278071,4.15560157790927,11011.031276415892,5971.428571428572,0.0,0.0,1.5288620001141953,1.3407583303818105,0.824779293252439,1.786364027027235,1.1538892479029494,0.9720184486603778,1.289946070459141,0.9649269308163158,0.8775477001010853,0.35641656058905574,0.4716768531800999,0.35330476402008054,4.746542638292594,8.831078741626467,6.282689030521032,1.385256807173647,2.5753125617304944,3.36620869031401,3.9523792549738856,1.4378894108869082,2.0460812452869575,75.964416,0.0,6.831051656764761,0.3976330279572268,2.067748922430841,7597.802197802197,12307.889546351085,12789.349112426036,11349.08424908425,LOG00008,Idle 35,133.5,134.0,27.62667984189724,4.892736776720519,33.067881233129924,23.111245059288535,116.0,1.6417079439476514,4.497332015810277,11716.473743647657,8085.714285714285,0.0,0.0,1.4757102871620158,1.0024449617671167,1.0376232402236725,1.2495958337510686,1.0485862574143214,1.105459050843174,0.9058296918184148,0.31378055425575246,1.255962525974238,0.3429886734701813,0.4491941281886352,0.3698618413161848,3.913687406597108,4.823544478604977,4.260039889010822,1.3844299463077439,2.4367669406276127,6.704815094731954,4.2230311501173725,1.2614707196380097,1.9010368414632224,133.70999,0.0,4.348619332983772,0.3899634070823318,1.9817264441856397,11115.527950310561,11043.167701863355,11259.034443817054,13448.164878599662
LOG00008,Idle 35,76.0,76.5,24.301185770750983,0.4046158782938318,23.911998702315095,23.836422924901186,88.0,1.286490353740491,3.472569169960474,10992.7159796725,8057.142857142857,0.0,0.0,1.377520354379829,1.131255002310359,0.6816671948622992,1.6050377716063824,1.0896727446246945,0.7323819670058255,1.3740535742842013,0.7643339279873126,0.619319629028815,0.28798102522825064,0.40308032463712673,0.25426358511159736,5.751127371276645,7.840981077259702,7.828858068338192,0.9909378099752625,1.9844932592938316,3.282785378591971,3.1400133430395485,1.2604166388506104,1.8820639351883928,76.00092,0.0,7.207576313592436,0.3214844681136183,1.5684660084651538,8450.84697910785,11077.978543195934,11808.72388481084,12633.314511575381,LOG00008,Idle 35,74.5,75.0,28.13083003952569,4.552816756443614,28.759820265572436,23.57905138339921,75.0,2.012258038872884,4.864980237154149,12079.93365330322,6400.0,0.0,0.0,2.147887413765108,2.830025587935757,0.8598240666749515,2.1335741939609183,3.2705854452148935,1.1682564782698617,0.6591589716573855,1.3802022379817913,0.8533171326944949,0.42058512651323354,0.6810662623304246,0.37314989507562274,4.004566207723702,5.81636043216966,4.438954283722532,2.108795744451306,4.108628442519558,6.436217925596581,9.760673695403524,2.512216667664404,4.532476964850214,74.833382,0.0,4.8156312954769165,0.5098967040894445,3.2655663498462726,11428.176171654433,15256.719367588932,8461.180124223602,13173.658949745906
LOG00008,Idle 35,76.5,77.0,26.176923076923075,1.822714450604322,21.82484454411859,23.631696252465485,71.0,1.4682989848373906,4.045996055226824,11597.872640180332,8742.857142857143,0.0,0.0,1.672414766365349,1.8989735382088218,0.6359174142818931,1.6061445103504242,1.9529337020924078,0.8496802951680639,0.9392188884293297,0.6083924864122748,0.7535107719105576,0.32803588761096114,0.49337108006837144,0.2959049198309646,6.694083550745308,8.888178505784422,4.941747852240061,1.4162698395638038,2.8237978418628606,3.866357193627866,5.4145687031038,1.789283606583121,2.9370928724826064,76.921413,0.0,7.029256565008998,0.38235336526513103,2.233792124411695,9629.219498450268,11410.453648915187,12313.130459284303,13038.686954071569,LOG00008,Idle 35,147.0,147.5,27.530434782608697,1.212526275619151,25.671255547780156,22.963656126482213,60.0,1.3404946928563082,3.888122529644269,11889.059853190287,9700.0,0.0,0.0,0.9786681216209009,0.6037974289804151,0.7068735352071308,0.8614761469015154,0.47898219397693476,0.7227845283315851,0.5165237007900615,0.3413155430217808,0.5252759120712125,0.22974859841754472,0.30242307649255556,0.21627685151254455,2.9678314200800853,5.8047607152810565,2.426871681652706,0.6712156079084725,1.347033969588377,2.0108401877995092,2.0832476925744094,0.8131305637842984,1.2807473349836276,147.071016,0.0,4.0163406420477115,0.2523356311015336,1.0641970934758658,10466.798418972332,12535.093167701862,12003.416149068322,12550.931677018634
LOG00008,Idle 35,77.0,77.5,32.851479289940826,1.6297084058904125,19.51591498372884,23.661479289940832,58.0,1.9155993461446867,5.813629191321499,13988.574246266551,10714.285714285714,0.0,0.0,1.5571442250365515,1.1398533336720675,0.739230248577161,1.7834166705760848,1.1811099861622056,0.7244444438002955,1.2398897559778321,0.573211938267049,0.5044979206854215,0.394060213412615,0.6326841998028361,0.29550550523905517,6.592179356397843,8.966371677715777,6.94442843431669,1.791706043992202,3.8705751367633505,4.61175070617839,5.638169440085007,1.3645445686836337,1.9091390079298864,77.468973,0.0,7.573588669607201,0.4629241306094481,3.0159212885459077,11971.484925331079,14101.437024513949,14415.976331360947,15465.398703860244,LOG00008,Idle 35,149.0,149.5,31.221301775147932,3.4200793388574615,20.048177330190676,23.048717948717947,65.0,1.935752634453856,5.10447731755424,12966.18765849535,10685.714285714286,0.0,0.0,2.150994353412288,0.9531915494197701,0.8022070846297099,2.474383572457684,1.0156450379929367,0.8879710221107016,1.3887646987076314,0.6878985908122852,0.5649406468874791,0.29110532807526185,0.37541015382418885,0.2791045023273474,5.076494348635652,6.0721221124910985,5.021183703389421,1.1573006282794993,1.9251911306432874,7.278348643364027,3.8199104670569652,1.6636331984991177,3.4301784340165407,149.151698,0.0,5.411523125205957,0.31810607185209117,1.5883490853278603,11722.006198929274,12842.068188222034,12477.0921386306,14823.584108199493
LOG00008,Idle 35,77.5,78.0,30.388560157790927,0.8459599415530277,21.105183532096667,23.69556213017751,36.0,1.6257153917031593,5.132879684418146,13194.582981121443,10628.57142857143,0.0,0.0,1.2172664411597212,0.9578486254377466,0.829194920014145,1.4075504227756446,0.9796316850491148,1.0486644764590882,0.8307446572373722,0.2864656505496482,0.904563087769744,0.2843314798946465,0.4024359152684185,0.24681204982336494,3.7722049959541364,10.677403786802032,4.91711196435433,1.046087240399016,2.2050172241950103,3.919304370109845,3.449265994010305,1.0952651683557353,1.8853056400730996,77.503504,0.0,7.127750281538397,0.3181798465726686,1.725746139141313,11253.592561284868,13775.147928994083,13728.57142857143,14021.020005635391,LOG00008,Idle 35,145.0,145.5,29.486785009861933,1.3090803037811252,25.65969082017746,23.051873767258385,57.0,1.5765823529357352,4.448126232741617,12585.805860805862,10085.714285714286,0.0,0.0,0.7119871430101977,0.7390772958317848,0.6777007298942354,0.6611094394843894,0.6719156959815804,0.6360343724833774,0.3382212800735332,0.24403019960318464,0.32616396098717876,0.28788147322849095,0.42217379230731944,0.28397549771409203,2.77208500424188,6.0604828677166855,4.235961915502093,1.1291550198486295,2.294358110274052,2.139604933210092,2.968274058703806,0.725658645998877,1.1473033076098158,145.013038,0.0,4.559140314072902,0.3375147092307319,1.8081855818789285,10736.376444068754,12682.952944491406,12588.757396449704,14335.136658213582
LOG00008,Idle 35,78.0,78.5,36.3818540433925,11.214724494061835,23.245636796018424,23.447278106508875,36.0,4.42748995839579,7.986824457593688,14571.696252465483,10300.0,0.0,0.0,1.9090635730228827,1.8247116486536532,1.0318349458891767,1.8670496625299162,1.9211820189636826,1.075420386390354,0.46364997666669844,1.2293034471446556,0.6060023143323973,0.46238055541533585,0.5425959330530257,0.37359986932865,3.7226460671671755,11.189956937627665,4.478106024481381,2.197699978299971,2.911007337443808,4.335077785724729,5.3855310576744,1.867363961119421,3.59356293142673,78.499966,0.0,7.283009075326239,0.4646801720733169,2.579132500790854,12463.510848126232,15451.028458720768,15099.295576218654,15272.95012679628,LOG00008,Idle 35,84.0,84.5,33.87278106508876,10.801653060236859,29.540943581836544,23.47605522682446,82.0,3.1813900675038167,6.994240631163707,13985.615666384898,8671.42857142857,0.0,0.0,1.4911167896515927,1.8842816854220066,0.9572422732768254,1.3788900634056296,2.062774126778885,1.5513878634111893,1.0054727138518387,1.2316365850391366,1.2610357458409995,0.3925178579394254,0.6200020373365307,0.3577187481311435,3.523895056432142,5.007744434038208,4.555571703852009,1.7152657293861293,3.4075843881331753,6.77709333585131,7.148191865276196,1.6991095830460254,2.852626139635516,84.095228,0.0,4.406380761060209,0.4713227831919143,2.6975700069373065,12819.949281487743,14931.586362355592,13507.326007326006,14683.601014370246
LOG00008,Idle 35,81.0,81.5,52.33806706114398,6.574425272534615,38.54109109550256,23.27374753451676,142.0,4.854651409170944,14.539723865877711,19650.986193293884,14628.57142857143,0.0,0.0,2.4471891205826233,2.2967826599539944,1.28008316935049,4.052149973566054,3.1405259939565826,1.4553473848331402,2.6669851719646624,2.1954010144550775,1.6228505115517762,0.4280762816926523,0.7179987827592877,0.3867527877501115,2.8679787294650017,4.729629121119531,6.884025680862518,1.9152501062506693,3.7408369264342864,7.7859682618893284,8.27808113145401,2.3731777408111783,3.2817857356944002,81.31966,0.0,5.098512959376171,0.5317735338230956,2.9717035417137017,17424.767540152152,20825.27472527473,20044.463229078618,20309.439278670052,LOG00008,Idle 35,89.0,89.5,47.97455621301775,11.12256105616074,31.11466290924192,23.191597633136094,148.0,4.84022236005868,12.102524654832346,18406.163708086784,12942.857142857143,0.0,0.0,3.6112972613309253,4.0761588227545795,1.5258901057898813,4.470880284759098,5.613912124464795,1.5179754197204725,2.607423495579285,3.2699695251754664,0.13375341601343424,0.5354245287459657,0.7300217973252937,0.43350890245787144,3.534208698113146,7.336259835520831,6.345985130598215,2.401987760007802,4.0718298429846875,11.342611354848584,14.127274388812753,3.8507491906131883,5.532916118501327,89.302324,0.0,5.960505201571098,0.5795231427829608,3.342853830894195,16870.75232459848,18780.529726683573,18570.301493378414,19403.071287686675
LOG00008,Idle 35,82.0,82.5,32.267258382643,3.7045620601494536,38.04178622764838,23.47950690335306,132.0,2.1158977676422372,5.640848126232742,13510.228233305157,10471.42857142857,0.0,0.0,4.943222618198915,3.810002574991395,1.1188378745288858,4.841736245792497,3.4654373900816084,1.3534536916638797,1.5854727909635855,0.8840815067410908,1.0553118456416752,0.6991196301193222,0.6769473630220719,0.44673847067734057,7.4754250973605965,6.774137907546787,6.081221106511121,3.8210038990402424,4.023943894685768,13.486643257352247,11.338089267798871,4.413137742837537,6.986575112143579,82.430561,0.0,6.8007885553315885,0.618223597819819,3.9237861348485596,13313.60946745562,12169.991546914624,14339.025077486616,14218.286841363764,LOG00008,Idle 35,90.0,90.5,30.895454545454545,2.215102467965321,33.79873283141385,23.196086956521743,124.0,1.5220665656432453,5.464901185770751,13268.859401468095,7628.571428571428,0.0,0.0,4.949174195797525,0.9889205573386937,0.8947030324908246,5.434557550817457,0.9036952564117058,0.9913867235034125,1.6519538538913427,0.3108208477378409,0.6081355009270719,0.2829050961509607,0.39423904971515417,0.30392514493572403,2.5345479863204785,4.756045689352179,6.389937045324852,0.9747713487846936,2.1178289773028607,11.901439777384228,3.8473850264175504,3.5687735350590093,8.948535755782753,90.132025,0.25691699604743085,4.826150969367534,0.3305703230643937,1.6485415917584867,14601.835121400338,13884.189723320158,9928.853754940712,14660.55900621118
LOG00008,Idle 35,82.5,83.0,46.775936883629186,2.738895971727535,19.79159345670481,23.251676528599607,98.0,3.407611154994893,11.304852071005916,18057.671174978866,15200.0,0.0,0.0,2.945792406128027,2.93681355373831,1.3173645617305858,3.580939988190187,3.5916552255018255,1.542722617715148,2.0365588221678523,2.179593486113199,0.7619648160468367,0.3810673239056481,0.5758848843757101,0.35555408421514945,3.2492428542429064,3.2378455251001257,8.340180130167893,1.6344956781319357,3.2975705845183327,7.503845168158276,8.985633942967072,2.941306406124886,5.288776292270122,82.500609,0.0,5.4954474301888245,0.44843223650220587,2.602455367697259,17119.38574246267,18523.35869258946,16958.157227387994,19629.783037475347,LOG00008,Idle 35,94.0,94.5,43.72564102564103,5.625026261900854,23.906069388859166,22.967593688362918,90.0,3.632920819380167,10.351932938856017,17231.825866441253,12942.857142857143,0.0,0.0,5.447671554140225,4.542445894168017,1.4998983761715097,5.653128345998348,4.593189304461514,1.319495168002162,0.7594393788028773,0.6269821731657099,0.29387426489288254,0.4659250353609294,0.627798206248102,0.3510723308451831,2.4924019037822887,3.53571617049462,5.110127991900871,2.2611810917891204,3.43960756881861,11.377683267194582,12.350406648313173,5.015522907097148,9.468180689559079,94.056557,0.24260355029585798,3.865521274976314,0.4947957517432445,2.9106562968975678,15836.094674556212,16420.11834319527,16215.610030994647,20455.480417018876
LOG00008,Idle 35,85.5,86.0,22.20375494071146,7.290513472378614,16.654381688184024,23.458241106719367,43.0,1.773511036427963,3.806501976284585,9556.655844155845,4185.714285714285,0.0,0.0,3.531695646833468,3.0565873335498286,1.1819770172213722,3.702274948644297,3.038267623985838,1.2168616987911336,2.3810785214896755,1.2978534277789033,0.5563621088445712,0.6681810419150735,0.6121267250277809,0.46444324389901454,4.736443747218377,4.29319255336543,4.3840643272724735,3.4195630409714513,3.5410047193002065,8.533357007542918,9.091758853565322,3.302695888927689,11.27984635870432,85.999053,0.03162055335968379,4.475318301398589,0.587898108822549,3.480813540918577,7705.477131564088,11409.627329192548,8211.095426312819,10900.423489553923,LOG00008,Idle 35,141.5,142.0,24.786166007905138,2.7995987720911617,22.36119279410696,23.003814229249013,12.0,1.7279539413362603,3.2726482213438737,10977.710333145114,8371.42857142857,0.0,0.0,0.8096758722620642,0.7951366717386598,0.6093440224893024,0.8356248709352885,0.73319655951533,0.5596863620299093,0.2991288787671574,0.15156819143797073,0.2844622457378951,0.33661262616006554,0.34045657993490674,0.29576323979132374,4.294388639636324,5.634324127046686,3.214109971906308,1.2788051879791873,1.53149871661992,2.832616355071714,2.5967446936409764,0.8024392017053276,1.5502188274852213,141.500876,0.0,4.4913949231972286,0.3249074929489981,1.4108208652786058,9893.337097684922,10633.229813664595,11204.686617730096,12179.587803500848
LOG00008,Idle 35,86.0,86.5,35.716370808678505,1.97978647379719,10.259452533111274,23.554142011834323,19.0,2.1451637988916645,7.161104536489151,14750.295857988165,10842.857142857143,0.0,0.0,6.469900035697789,7.342893059625846,2.1965115161877375,6.274584747906776,7.138219943547159,2.0111921954891687,0.6543533193283187,1.0534710015403457,0.45700191516450683,0.6337704105591817,0.6504055096925929,0.49384473714667687,5.0956462291949025,6.271728168013382,6.322093065021977,3.4755670715763713,3.998488213664614,15.953396131427086,18.90216689205209,6.920176477410948,12.131188869036835,86.030626,0.42998027613412226,5.923654430314667,0.5968179188402174,3.746163001248128,13278.641870949563,16542.011834319528,14326.570865032405,14853.95886165117,LOG00008,Idle 35,120.0,120.5,32.920907297830375,4.235800826793709,11.802407971192071,23.2301775147929,21.0,2.269145571689661,5.6598816568047345,13893.505212735981,10614.285714285714,0.0,0.0,0.697729838042054,1.0202193818382135,0.7244765275635985,0.694446987927233,1.0668617904799182,0.817752156577909,0.4091884632408309,0.3683958297512877,0.6830456301429685,0.27199422457827904,0.3319851496385393,0.2687012989765971,3.591480397114898,5.240959452996386,5.185002447322458,0.9784670598361047,1.5090071663321916,2.192420150062123,3.2261872270016565,0.873977835523458,1.4208431331008178,120.003439,0.0,4.7346466890203,0.29234419545926416,1.271711526885367,12791.659622428853,14703.437588052973,12577.571146801916,15501.352493660186
LOG00008,Idle 35,86.5,87.0,36.7792899408284,3.156731808189243,11.867969796747166,23.3638067061144,25.0,2.4244747851557875,7.182031558185404,15090.750915750916,11714.285714285714,0.0,0.0,1.401320336712083,1.4821752586470165,0.8370211642639881,1.4525009629794456,1.7813012741095346,0.6680668466869917,0.34560562076260054,1.0498293593536,0.35340924167123977,0.3496576089966398,0.37416361281250293,0.29780898136631095,4.193448119900291,4.411878836650627,6.918534291455513,1.49819927914251,1.8943282633484877,3.6848214706030142,5.805866583466233,1.442314491265379,2.1087221795465783,86.518987,0.0,5.320269377441549,0.3420277971474402,1.7077881381108189,14318.963088193857,16541.081994928147,13656.607495069033,15846.351084812624,LOG00008,Idle 35,163.5,164.0,35.50710059171598,4.098673099825165,17.18420417829083,22.73457593688363,32.0,2.302827608325817,6.613984220907298,14379.473091011552,10871.42857142857,0.0,0.0,1.8892499771939437,1.838114403792622,0.7150500434745239,1.842113903546701,1.9488371457108533,0.7150736147484285,0.4738101324097423,0.6469327305543928,0.0002280447830083724,0.36172078683456116,0.43382798211516366,0.30800466836046847,3.4221127533092734,3.7039296256488674,5.692381888142052,1.6474622903770118,2.469966922885435,5.8851600217209326,6.514738259950337,1.863857563999624,3.7859295333220397,163.500457,0.0,4.390640117665798,0.3714456090403954,2.0993890299754367,14146.548323471403,13701.211608903915,13050.60580445196,16619.526627218936
LOG00008,Idle 35,87.0,87.5,26.464102564102564,2.3529857094443734,17.112698442451226,23.468224852071003,9.0,1.4944263060476262,3.7875936883629193,11748.562975486053,9142.857142857143,0.0,0.0,0.6017497623974511,0.48281387415835264,0.6165012502690064,0.6093178768355191,0.495374315398421,1.1037636748557351,0.043462361762003444,0.06997235261032701,1.045734676255869,0.2810633127702127,0.5179876417375407,0.2353582016817317,5.888259484112515,10.953565370667858,4.532063711370209,0.957315650168123,2.824451090311696,1.6384194047790717,3.2735265893774175,0.5455327733625114,1.1406499280436602,87.000446,0.0,7.641810334505254,0.36637925063020166,2.1087884217744253,11794.928148774303,12340.490278951818,10172.44294167371,12686.39053254438,LOG00008,Idle 35,120.5,121.0,28.42209072978304,0.6666063836054746,20.231660748335585,22.977238658777118,2.0,1.1137463050036034,4.199980276134122,12242.40631163708,10628.57142857143,0.0,0.0,0.63852782618949,0.675560508448737,0.5373888772709853,0.6087584536047772,0.6183205396729465,0.5638236508784892,0.2219793020924041,0.297461363315138,0.20765845738902328,0.23497049529514435,0.27350071397358783,0.23860754348014337,4.009233318332472,8.569006311538105,4.235518868805684,0.5785608008165876,0.9922803077957005,1.5951108733329016,2.0122896572547107,0.6573050225708731,0.8426558222602801,120.832167,0.0,5.984464360771037,0.2496312841031323,0.8122046569309552,11544.94223724993,12869.343477035785,11199.436460974923,13355.903071287687
LOG00008,Idle 35,87.5,88.0,24.70098619329389,1.6483028788666199,19.584322554750347,23.486291913214988,38.0,1.1937903392427054,3.745700197238658,10981.656804733728,8885.714285714286,0.0,0.0,1.1634906102354572,1.595639187626384,0.48888866167319484,1.971916772667563,2.253482462018067,0.6480231184199451,1.5362230511647892,1.9881151538055903,0.618473974772832,0.21999490058387589,0.3777178218344798,0.2199667296059223,5.694097921415213,9.889991469838355,4.017922654130929,0.7388514880500792,2.0190149196147655,4.69671923768423,5.994244445251462,1.396383689605952,2.3150090256345255,87.911078,0.0,6.98518396003806,0.2825207197993439,1.5202504344713792,11109.946463792616,11245.421245421245,9677.59932375317,11893.66018596788,LOG00008,Idle 35,142.0,142.5,25.71420118343195,1.5971360904070293,25.575659553220586,23.04025641025641,27.0,1.3216348380304694,3.4689546351084815,11149.661876584953,8942.857142857143,0.0,0.0,0.7177120632842191,0.8318051231008147,0.6690735226811485,0.7018061446768902,0.764649990133228,0.757513821125335,0.32996903840214886,0.33529903775637904,0.5402564357676156,0.2686094672682609,0.31918805640635184,0.2440629719559099,3.6396308514422864,5.328815556447036,2.3100903601209333,0.8125344192874017,1.4322697035301164,2.5067954979692804,2.765667222819247,0.7768559611023307,1.1286707272387928,142.280258,0.0,3.957259381664962,0.2790452744260655,1.1643901163649926,9983.093829247675,11690.391659622428,11484.192730346576,11440.969287123135
LOG00008,Idle 35,88.0,88.5,23.69802371541502,1.274807606747068,20.71760197449046,23.550731225296442,78.0,1.1597986151736814,3.163122529644269,10718.450028232637,8342.857142857143,0.0,0.0,1.536391969350762,0.801580843116379,1.0369147845807434,1.9935411605303968,0.7585448864945599,1.4771934952960442,1.7501913131118683,0.7799006175637355,1.6298327248459639,0.27310949148236624,0.35250049060048366,0.2464485644061846,6.755314285892719,7.4716703076578375,4.775985623725795,0.855584411211129,1.8480395360598219,4.278358075954718,2.4247570270681154,1.2253636463386444,2.1543834835421647,88.499093,0.0,6.436100448914634,0.294155449328643,1.4400129880573458,11429.22077922078,10422.7555053642,8963.749294184077,12058.074534161491,LOG00008,Idle 35,147.5,148.0,27.33668639053255,0.33693605271844723,24.81812978712745,22.985641025641023,57.0,1.276573298769302,4.06370808678501,11786.552550014088,9785.714285714286,0.0,0.0,0.6648650056754782,0.6845448154567988,0.4930838109302555,0.6168483828293281,0.6124138583985594,0.5064537118026696,0.36312112443511035,0.3150208435311347,0.30784968365167187,0.2281760972913752,0.3059323232163125,0.24171755320633706,4.58568241934637,5.204269475593081,3.0839883744298597,0.645631501123588,1.3868058245926596,1.6390212117432705,2.3986353779865333,0.6747766593994771,0.854267671863236,147.996423,0.0,4.382688988863297,0.26082324365472226,1.0816816607410942,10237.89799943646,12005.69174415328,11871.935756551142,13030.68469991547
LOG00008,Idle 35,88.5,89.0,22.68481262327416,0.2438718630757177,18.430171023064545,23.504063116370812,66.0,0.9718937470323749,3.0447534516765287,10315.581854043392,8342.857142857143,0.0,0.0,1.978317661685666,1.268971207533443,0.6843259246194277,1.4665946666440592,1.3074843036051444,1.0208675497658732,1.1922800851826765,1.1303802122644344,0.9238939354556667,0.235474251692965,0.30281250655054825,0.23765837933315004,0.9983294318843903,6.239327988204952,2.2296048975703364,0.5367394454297878,1.1589034435918246,3.6941768773014854,3.147272699304428,1.6619309095275776,3.269667849682443,88.619459,0.0,3.8685489699297637,0.2605283366552456,0.9030909211838157,10601.183431952662,10513.834883065652,8918.709495632573,11228.599605522682,LOG00008,Idle 35,169.0,169.5,25.83076923076923,1.21309423918181,26.05627283119514,22.80854043392505,39.0,1.0804710846032375,3.487021696252466,11224.781628627781,9100.0,0.0,0.0,1.0609109120413858,0.8236842551478879,0.5702588264747511,0.9977610026061932,0.8349849417418412,0.5293416847636989,0.46806995227430764,0.5753213279221695,0.28989074072686927,0.2276163732692446,0.3157450164069223,0.2305352959298389,3.75063517182301,4.747412327427509,2.5051727289682324,0.5893771731807831,1.2453171275496768,2.668761504601304,3.3130546872858506,0.949733571973482,1.593858279455347,169.12793,0.0,3.7807000410282328,0.2611836208720538,0.9742125539211529,9974.499859115245,11641.617357001973,11125.500140884755,12157.50915750916
LOG00008,Idle 35,89.0,89.5,23.361932938856018,1.90017922217107,15.487619261736553,23.477928994082838,54.0,1.313021783199166,3.5053254437869827,10469.139194139194,9114.285714285714,0.0,0.0,1.6006436853412476,1.3444213876706286,0.6949968497243333,1.9608035371455936,1.1713620395867501,1.1972710450046358,1.2294032026803539,1.071378270486366,1.1866520203014788,0.26150870212152516,0.3514833589119659,0.248156958272652,2.537426135222296,9.035730347196624,2.6994649962236767,0.756601338977135,1.6723514941333883,4.697559062319943,3.2310744666554774,1.47809490139318,2.4912225146106017,89.484714,0.0,5.638264081695006,0.29069412837577635,1.2979223986957322,9982.417582417584,11233.446041138348,10109.157509157507,10551.535643843335,LOG00008,Idle 35,148.0,148.5,27.557988165680477,0.08674645010322367,22.368813338085445,22.90869822485207,65.0,1.2716533120896911,4.011143984220907,11882.051282051281,9628.57142857143,0.0,0.0,0.7532587475191729,0.7407616372512379,0.7845999021440033,0.6996683469335195,0.5839357919024404,0.6761832079295944,0.36139608815731183,0.40023632697678924,0.5190198634419644,0.260640615704886,0.30207859467720244,0.24422595314745113,4.438948781734317,6.297787627396008,3.7076010600290785,0.840435571554066,1.4434082100645393,2.118761872832164,2.528340351093276,0.7470363257356658,0.954535228837366,148.499575,0.0,4.936689204550338,0.27008105209853617,1.1810502129069547,10086.75683291068,12099.887292194982,11997.407720484644,13344.153282614821
LOG00008,Idle 35,89.5,90.0,34.78678500986194,2.6283995398637487,14.162630485000557,23.39096646942801,48.0,2.1294964733358803,6.626863905325443,14369.590025359257,10800.0,0.0,0.0,1.6016076745068935,1.6462962418660896,0.6760043797447474,2.1881907982761812,1.7768352447045157,0.6482883947269135,1.3368282257328041,1.3485249105321278,0.35249449590446613,0.4480642789897795,0.48755543527929546,0.30447134152226424,5.9131107423164435,6.624196722195322,6.653878147134593,2.163845374880767,2.7163638292788854,5.373615137407071,5.4116537264709415,1.6241056706725996,2.4523033540072556,89.5005,0.0,6.406219770976656,0.4207828808246921,2.4556933093739066,12887.123133276978,15279.938010707241,14417.920540997464,14893.378416455342,LOG00008,Idle 35,119.5,120.0,34.50867850098619,3.2996508734677445,15.813432489244885,23.11481262327416,50.0,2.2810134765079724,6.283195266272189,14119.702733164271,10714.285714285714,0.0,0.0,1.2956801598378334,1.1240453563964155,0.8030535778816151,1.6047571390382707,0.9221346126329006,0.8581112005783038,0.8111207996142276,0.3672970962602823,0.5046652955661766,0.3137123161375599,0.41835201813045464,0.2717085029829206,4.032272755462353,5.504476378542228,5.059160622774229,1.3465655548912006,2.275030851917293,4.011079330610366,3.8773097080310865,1.2129025187198137,1.6021736266137772,119.644327,0.0,4.9042019392694485,0.34022509164935516,1.869358736411362,12180.13524936602,14957.931811777964,12673.795435333896,16666.94843617921
LOG00008,Idle 35,90.0,90.5,26.391518737672584,5.574578380776089,16.190947122204072,23.46652859960552,56.0,2.136820565819326,3.7420315581854044,11842.216117216116,8571.42857142857,0.0,0.0,1.6175337019511487,2.017850536662234,0.5050539607724993,1.9820631415349248,2.6512926711141778,0.4845850569572418,1.6909759701705966,2.2426516776117094,0.22734990623134732,0.30630935531933084,0.41493002839397336,0.2430247290088616,3.371290743421274,7.465485978483971,4.647931646031355,1.1424675725084228,2.0514644220835057,4.114965231446771,7.575263387144726,1.8286793137748147,2.4944152828592903,90.304586,0.0,5.437595999391596,0.32916731739800564,1.6603822495599767,10792.448577063962,12665.82135812905,11696.224288531981,12214.370245139477,LOG00008,Idle 35,191.0,191.5,28.213412228796845,1.7281911264997252,16.63973249785524,22.76668639053254,51.0,1.4062212623202952,4.069428007889546,12020.604395604396,9871.42857142857,0.0,0.0,1.0018143196728977,1.0699792554188987,0.7134798503468762,1.368988443617946,1.2567468797397545,0.8617476227348956,0.9356106295869262,0.6585004963035019,1.0041702690584513,0.2770913803356866,0.302611223383144,0.2602124311268553,5.163938843940761,6.773577743123351,3.9934812844575123,0.9495651054608579,1.3159474062002232,3.6563419276529943,3.800757736141083,1.0364573165664983,1.5895294316078703,191.01416,0.0,5.431252544162309,0.2805136329941486,1.1474736305018045,10990.307128768667,11644.181459566074,11389.659058889827,14058.269935193013
LOG00008,Idle 35,91.0,91.5,28.9930966469428,1.8210070681188084,24.63927481905597,23.43552268244576,84.0,1.5085027824328148,4.690690335305719,12496.463792617638,9214.285714285714,0.0,0.0,1.7290029275203522,1.4341910332169316,0.6706174392869921,2.1460303824665288,1.8996012963785853,1.1341473343308162,1.8105322686998657,1.4047745621661947,1.0692628921296758,0.3445895754432841,0.5373196991450556,0.28130122929430745,5.8681402352722545,8.865581665424898,5.355790313227454,1.3297720164916256,3.0512116793675514,4.5875227401636645,5.405636622806825,1.5884512965674773,2.1490064934507864,91.409637,0.0,6.873089988411329,0.4027343277298341,2.3535278124714347,10416.877993801068,13728.994082840236,13258.861651169344,12581.121442659904,LOG00008,Idle 35,119.0,119.5,30.302958579881654,3.2106963619224245,30.38665166806654,23.1363708086785,87.0,1.9968853181623154,5.202682445759369,12639.208227669766,7785.714285714285,0.0,0.0,1.4457146814854362,1.2734801376988025,0.8199801714576481,1.3848675100444383,1.1960179682748933,0.8055358576948006,0.4528232944309795,0.2631699704679251,0.6550898088344981,0.34602917963353025,0.45236977000435574,0.3612157646418199,4.412779357857795,5.904836189119124,6.58954948452021,1.4531745420232154,2.4679060781898903,4.177992496615468,4.396744357674843,1.3623220253258586,1.9361743364911257,119.028709,0.0,5.708527962338666,0.389380461159101,2.0251267442250347,10080.867850098617,13240.602986756834,10947.872640180334,16287.48943364328
LOG00008,Idle 35,91.5,92.0,33.65838264299803,3.8012434054594335,34.34979005621032,23.431913214990136,112.0,2.416798100240744,6.484358974358973,13947.203437588052,10257.142857142857,0.0,0.0,1.4858987228486227,1.967793028047763,0.9913538194228242,1.6478395020698513,1.989300309665659,1.176766195511203,1.2791370346519366,1.545504746169138,1.1725371750662272,0.38581152665798224,0.6620712254928712,0.3238169304179123,4.207579444912196,7.056520818018138,7.2928529543136085,1.7717197877692883,4.064797614773266,4.432487202552192,7.080266768617754,1.7435745489936116,2.651975814941154,91.938456,0.0,6.342552458162033,0.4802937455880774,3.1354083191380107,11047.590870667793,15520.569174415326,15236.094674556212,13984.559030712877,LOG00008,Idle 35,89.5,90.0,34.37297830374754,1.3445336790593732,32.039541223955936,23.343471400394478,132.0,2.030157294169248,6.146074950690336,14332.650042265426,11242.857142857143,0.0,0.0,2.404037638769857,1.6310732446568985,1.1786103992329149,2.822496710071961,1.7910220624750983,1.257493137752502,2.0781047074490404,0.6827549886033766,1.0524354434798846,0.3020463743046051,0.3978916399860939,0.2866103728353418,2.2780968881431978,4.071466815831226,6.541740690704735,1.1791543334545294,2.169192954456767,6.8919528296924755,6.386623101069021,2.0542391411490692,3.721158088409087,89.512462,0.0,4.638999127994623,0.3325132955828958,1.7458240197353043,15080.36066497605,13835.953789799945,12181.403212172443,16232.882502113272
LOG00008,Idle 35,92.0,92.5,34.22899408284023,4.78065294472149,36.13203309645354,23.364773175542403,119.0,2.5354546369866373,6.259368836291913,14364.095519864752,7142.857142857143,0.0,0.0,2.7245125567594575,2.362291396068658,1.1702793758174355,3.8111741632375775,2.368034998263066,1.640532874716206,2.737559366722845,1.314367439424457,1.3013156424578765,0.6978369614855775,0.7443420830350639,0.5251477698674876,5.183890336057474,8.851884829746952,8.90115783929349,3.766003402515134,4.168060029059832,8.325005700965288,8.32382100091219,2.5498420845103307,3.5338366332935407,92.499789,0.0,7.841326310758708,0.6625208780582433,3.972121979093909,9906.48069878839,15440.772048464356,16047.957171034093,16061.17216117216,LOG00008,Idle 35,123.5,124.0,34.25098814229249,4.896983121025274,36.31544224453355,23.015494071146247,88.0,2.362571168261542,6.4524308300395266,13884.154432523997,7871.428571428572,0.0,0.0,2.610538677651266,1.9001954179975609,1.212228795710534,2.6268149638696627,2.0587846534100187,1.1230050630352817,0.7527595602274727,0.6058258083733834,0.9763403090664081,0.41366373218501973,0.6609259775147963,0.42979177542063374,4.4675016826885905,4.9736774541038065,6.385875313969108,1.9222747656233914,3.846398034736123,7.76775029619462,7.068971334729353,2.2831617128548016,3.623520578365447,123.780084,0.0,5.33777238892299,0.5140239298250454,3.04055242646582,10981.338226990401,13908.27216261999,12566.064370412196,18080.942970073404
LOG00008,Idle 35,92.5,93.0,29.595857988165676,1.347348409008116,21.949991808959652,23.38994082840237,109.0,1.7235620586797098,4.934714003944772,12757.727528881376,7357.142857142857,0.0,0.0,2.323938549319473,2.6875515246143933,0.977187579878622,2.415472437950749,2.9085250224671544,1.0028668725746004,1.2536447218480264,1.827444679903935,0.755838043606849,0.36683870006289665,0.5966232949857455,0.4176726798728749,5.469773962135254,8.435163746527897,9.005040555650213,1.5991217385910672,3.31995526587714,6.912812904203376,8.387437774793653,2.5123319424859294,3.9472151249349516,92.587595,0.0,7.792328920943049,0.4708079776638146,2.605695041851584,9449.873203719359,13370.695970695971,13085.573400958017,15124.767540152156,LOG00008,Idle 35,148.5,149.0,29.77258382642998,0.9595866499858767,20.571130220654148,22.9,69.0,1.4763749422307997,4.586449704142011,12628.97999436461,9700.0,0.0,0.0,0.906072981319957,0.9405583763232905,0.8153598353269046,0.9145964320193062,0.8710684613424785,0.8990609203514829,0.5790680558326677,0.40477014326992516,0.6909682116702931,0.27343854369706516,0.3363695062674511,0.26744049158935734,2.968744226732778,5.356993001222207,4.136872427632904,0.8945526587378494,1.702573701213357,2.241354197589764,2.9476029106940693,0.9234766663944303,1.1108063566825648,148.949451,0.0,4.267104005505852,0.2940734026663739,1.3599598647236444,10514.708368554522,12889.51817413356,12893.688362919132,14218.005071851227
LOG00008,Idle 35,95.5,96.0,33.26903353057199,6.055327389639629,49.76466541812762,23.13846153846154,138.0,3.345636530812997,6.1091518737672565,13884.495632572554,9500.0,0.0,0.0,8.535843685908072,6.857377343994239,1.7975688266185075,9.467096122998129,6.60343063567047,1.8838599285547235,2.9978566753682916,2.169288313965442,1.3178208085580125,0.9979952574136197,0.853320788402634,0.5547643539132803,5.619643039494142,5.628972711833666,5.711260497939625,5.610925338641066,5.443358573969419,26.08081810408377,17.349749470989902,7.742230023326037,11.37973078480791,95.759509,0.45956607495069035,5.653441965069557,0.822985295557782,5.527776936554638,12823.020569174416,14343.702451394758,13026.176387714848,15345.083122006201,LOG00008,Idle 35,93.5,94.0,32.45719921104537,5.8700693729759,52.185486089748935,23.012564102564106,115.0,3.1031805857494366,6.027554240631164,13387.588052972667,9585.714285714286,0.0,0.0,2.551191873318783,3.169943611592828,1.3515682880376643,3.4311632347605245,2.919589662996149,1.503969285982897,1.6673936114711692,0.533926833830276,0.9511662748205344,0.6414649162863939,0.5986683522621108,0.4825205196238738,4.51698260319017,5.201906711038184,4.607356019109868,3.3775117828423844,3.645585599340198,11.232788719027507,8.743552146697121,2.8772489008744078,9.026314022231503,93.99934,0.045364891518737675,4.785070349698622,0.5781312096415006,3.5141058752800673,11494.054663285433,13712.595097210482,12981.262327416174,15362.440123978586
LOG00008,Idle 35,96.0,96.5,28.893491124260354,2.9932364654149297,15.663961737814272,23.14465483234714,40.0,1.9673519923222524,4.6499999999999995,12182.0090166244,9200.0,0.0,0.0,6.8025506114723555,5.765523135293189,1.210160769845258,6.501262333154072,5.335575017517943,1.1791543751974876,1.3033497517621795,1.6764801526715114,0.20446752417177955,0.6253829437084447,0.7852165040673947,0.44062773139786177,7.12615686259174,8.105920501041652,5.276199695842099,3.308843316190485,4.996451446195844,15.879663349290029,14.054206134078566,6.305392606541006,9.070609329803387,96.255761,0.22287968441814596,6.936049356559178,0.6329353790654266,4.237509359593853,11706.649760495913,11562.5528317836,12239.532262609186,13219.301211608905,LOG00008,Idle 35,124.5,125.0,29.149704142011835,1.2360044551132356,16.429596869872913,23.001558185404342,38.0,1.4499176067752153,4.744674556213018,12444.428007889546,9714.285714285714,0.0,0.0,0.9100582427282198,0.8824852979122848,0.6602545478240877,0.9357272047599327,0.9149074661241692,0.6602545554646967,0.5998899703489664,0.5746792918210109,5.4423237917038946e-08,0.31359434043911794,0.40770183404456734,0.26546466118894635,5.223386908519683,7.287233696099189,4.397605049165053,1.1646826508213233,2.1103163162085212,3.7673988222116304,3.4461195053234026,0.8963777959624248,1.1465005333178493,124.704508,0.0,5.765601324698643,0.334182426317778,1.7043944132125182,11355.001408847564,12324.992955762185,12214.454775993236,13883.262890955199
LOG00008,Idle 35,104.5,105.0,21.09250493096647,11.797347971858244,34.96908016667502,23.01027613412229,94.0,2.109904413544036,4.334378698224851,9056.255283178361,3428.5714285714284,0.0,0.0,6.334042174275184,3.270319134132035,1.1221955515910895,6.008707163905277,3.6205435516457536,1.4762652651992803,1.8200024035400684,1.0465443443268725,0.9545605823354432,0.4925787246648496,0.8047614315734953,0.48033073664082176,3.5413299586698943,5.7907309118755785,4.170526455136687,2.580066716774102,4.769734208411589,14.556832782944628,11.448280061686502,5.040589127501209,10.585697572542118,104.956336,0.28994082840236685,4.599524369719086,0.6112807260996064,3.8345213965954894,7227.190757959989,11564.58157227388,7475.8805297266845,9957.368272752889,LOG00008,Idle 35,136.5,137.0,24.528205128205126,10.165493190594397,36.2731740464171,23.103254437869822,45.0,2.1100224949329154,4.60250493096647,10422.323189630883,3300.0,0.0,0.0,1.8779806917466646,1.371541805373346,0.46302561100588807,2.1227776870847084,1.2960357091914303,0.46298603892112306,1.30773972195669,0.7944040768597279,0.0025826852035179247,0.46055519146383195,0.6538056672057208,0.42182767216416756,3.2752848231178904,4.826814494952811,4.858989438037135,1.9922080945515563,3.6060840064482376,5.984364901488021,5.741128135501295,1.644375018427983,2.5968815965812433,136.552291,0.0,4.383127011628014,0.5220190034401829,2.9131370508060987,12397.830374753452,10804.451958298112,6549.140602986757,11937.869822485207
LOG00008,Idle 35,105.0,105.5,27.19802761341223,2.575126824250254,14.57407017346475,22.88483234714004,23.0,1.613694034258974,4.077968441814595,11621.041138348832,7971.428571428572,0.0,0.0,5.0232185667491915,4.7367028277765115,1.7409589030256958,4.9639947594604426,5.1429233716992995,1.9706995797238502,0.98782422104765,1.2139314210469905,0.7820419474785552,0.7402076231919347,0.8022067961057833,0.5840382883928761,7.335534633013928,9.638690611903868,7.079100071108199,3.972977955311232,4.68595477953174,13.06839842809153,13.299018961015275,4.8820630090157495,8.661468016296128,105.000731,0.009861932938856016,8.099960553009186,0.7147362663851703,4.344118209096374,10194.026486334178,13307.664130741054,10745.759368836292,12236.714567483798,LOG00008,Idle 35,191.5,192.0,26.539842209072976,1.476585957369379,15.849662366835577,22.76335305719921,45.0,1.264877004109693,3.6754437869822487,11390.448013524934,9971.42857142857,0.0,0.0,0.981710789676714,0.7154207145400703,0.49909585857609634,1.0685894008053636,0.7204985176606533,0.49219172068806244,0.5350388513485036,0.5520143373611264,0.16546406485206985,0.22431317367418752,0.25112239188817403,0.21279899319936696,3.701104124388795,5.522003738714728,3.1652475427238373,0.6036546463334843,1.1093208176261442,4.172087203916149,2.0807182798634205,0.858947866101518,1.533503707290601,191.926745,0.0,4.250862227700262,0.22997265569199601,0.8930262057909444,10758.748943364328,11513.891236968158,10805.325443786982,12483.826429980276
LOG00008,Idle 35,106.5,107.0,30.811242603550298,9.93012330986041,55.13279510137515,22.913925049309665,14.0,2.8168900030704416,4.032958579881657,13595.548041701886,6600.0,0.0,0.0,1.1540260214387756,1.231416066311814,0.5131183769145587,0.8760579783547184,1.0176936483146102,0.48405975713923494,0.8670062208573761,0.5166548261431364,0.15506600328108708,0.44979552076711543,0.5973210893833364,0.42740135731696316,4.2522758303116985,5.774714979624133,5.92947968396443,2.0442543929676034,3.317683785766183,3.028138908066855,5.127179384594867,1.1933485631886167,3.1223044535212034,106.999521,0.0,5.372395870109083,0.4972525899247581,2.755540031055907,13594.899971823048,14062.299239222317,12153.141730064805,14571.851225697379,LOG00008,Idle 35,104.0,104.5,32.42623274161736,5.712404079192692,51.087799030521715,23.155660749506904,42.0,1.9689550747102933,5.497889546351085,13785.939701324316,9157.142857142857,0.0,0.0,1.0440142998953597,1.0251125191867585,0.7949870818798987,1.0016005899139402,0.954992244410497,0.8087214450471135,0.3800705013362591,0.45325396940015583,0.48038577743181604,0.33195784728884503,0.44581968853550524,0.23308267849343914,3.0083866821736365,4.4075495135264156,3.9413454033952013,1.3288785735973307,2.4926477333249446,3.780203807786343,4.483368344891632,1.0346065762838113,1.5925981029327574,104.03175,0.0,3.830190888738711,0.3479840715110464,1.9973996828146416,12537.4471682164,14810.538179768948,13275.683291067906,14520.090166244014
LOG00008,Idle 35,107.0,107.5,19.53786982248521,4.91143111731547,55.50534015364307,23.057712031558182,25.0,0.7619830333292632,2.5058382642998027,8904.360383206538,5442.857142857143,0.0,0.0,2.816207940051101,2.04351190236525,0.5409781869757305,2.4808067150217217,1.6987904097339817,0.4735880531243435,2.1382956792657666,1.2995740750334825,0.32095280025935,0.2668742786274634,0.4002046997675255,0.30787149570519123,2.0245027878847224,4.930505212426518,2.886782638683276,0.9329687548580117,2.1579276015909197,3.874510849065547,4.871524958784787,2.460382902793313,4.459774868493513,107.06957,0.0,3.49961936934677,0.3297324876202402,1.662390181523166,8534.03775711468,9479.233586925893,7446.858269935193,10157.311918850382,LOG00008,Idle 35,223.0,223.5,23.836686390532545,0.4569809881631761,49.20224543148999,22.455936883629192,25.0,1.2445293879090942,3.312445759368836,10344.449140602987,6571.428571428572,0.0,0.0,0.940606824546806,0.8559050187532148,0.5838121672959621,1.011792255635493,0.7560406702689993,0.5161059776225898,0.3594902073467638,0.3656883107719337,0.37247559106675915,0.29308023259922267,0.3487949955780686,0.24261719700736972,3.34515125624619,6.478141848793884,3.537620389076892,0.8756584952462382,1.775661841775815,2.6680223378499424,3.0157378129096397,0.899253746033612,1.152822765119359,223.018962,0.0,4.678714807774769,0.2980028388927597,1.3999558522745612,7030.825584671738,11566.018596787828,11858.18540433925,10922.76697661313
LOG00008,Idle 35,107.5,108.0,37.17001972386588,2.43148492377029,58.57894580032093,22.908382642998028,45.0,1.5788546848701053,7.019408284023669,15117.765567765568,11800.0,0.0,0.0,2.600736225043187,1.9557079714843348,0.9958571202023989,3.1702044974036254,2.186859337527729,1.0804991255144978,2.235037595162723,1.7113739881215895,0.9377770958205157,0.41804209839597495,0.6435578857255777,0.3420390774010123,3.5214429934006084,5.823915390349646,6.692817988030265,1.993879895512049,4.052492380037133,5.204117623256261,6.210952977090487,2.3009370462899743,4.173427791680482,107.604292,0.0,5.510969783096958,0.48508304401762736,3.1936070146455227,14652.07100591716,15962.806424344884,13823.386869540716,16032.79797125951,LOG00008,Idle 35,138.5,139.0,33.87554240631164,1.0731037822557732,52.48613712791936,22.955128205128204,46.0,1.2968595572781623,5.717218934911242,14075.50718512257,10428.57142857143,0.0,0.0,1.6560775687906604,1.0864348296945978,0.7348976099758355,1.4158577891066293,1.0821829497839146,0.7156428682799654,0.7247951666879833,0.23102022244332743,0.6103409159323183,0.2764635893955546,0.4603400880673518,0.2745015747051867,2.016213564375419,3.253655577564306,6.456846953546061,1.2064262315593968,2.5911774906451615,4.408839963356031,4.491499751722565,1.4005237507848833,2.7384732317088836,138.890436,0.0,4.33367681982647,0.34818396835531173,2.0210968606453235,15042.04001127078,14252.127359819668,11309.721048182588,15698.140321217244
LOG00008,Idle 35,108.0,108.5,39.50256916996048,2.362899446574617,66.50821316049391,22.977114624505933,84.0,1.9855788176355758,8.017450592885377,15738.474025974027,12428.57142857143,0.0,0.0,1.7533950244710463,1.3636838988957674,1.0214539133467064,2.2186473451714543,1.449980172813971,1.5389116281639745,1.5270659711651662,0.8677682394604809,1.6878388409898504,0.38109011442600926,0.44462533933065623,0.3089484288888579,3.559461309834829,4.7045873705095955,7.062426083685482,1.7184204052744758,2.497583082233191,4.798921156757496,5.303813230366308,1.5706730862829765,2.8477138401428395,108.46656,0.0,5.312901571661527,0.38226103620476576,2.1436988993234496,14218.915866741954,17376.08695652174,15427.131564088084,15931.761716544326,LOG00008,Idle 35,177.0,177.5,36.21086956521739,2.453162119020318,67.41702708014905,22.627252964426877,73.0,2.4252979331506217,6.992332015810278,14465.916149068324,9214.285714285714,0.0,0.0,1.0967223812114333,1.4254815644133472,0.8155189710818632,1.2033895827821466,1.311317354552161,0.8848420130342703,0.3784492496782606,0.34228061391658865,0.6579861346654617,0.36349950374208345,0.4890948489519216,0.326186458560064,1.8922858304943846,4.265142877912623,5.09834786204472,1.7647768376846935,2.876675016597757,3.8350371421177822,5.394331675865789,1.2717699618901999,1.8056063835591063,177.108413,0.0,3.9902105356198323,0.39905858644230857,2.3863881115554193,10293.026538678714,16174.788255223039,16407.62281197064,14988.226990400906
LOG00008,Idle 35,108.5,109.0,35.38323471400395,2.4756197777849147,65.79201927519772,22.846272189349108,90.0,2.159539298446978,6.764930966469428,14361.644125105662,8514.285714285714,0.0,0.0,2.8546045068500767,2.047193527496177,1.5383751468255322,3.7154137817193766,2.117926248021494,2.1183920056819705,2.7044658899650704,1.4828538147612496,2.4452116547251475,0.518721777175098,0.5490186718645557,0.44969988168342456,5.815736841272632,5.98177760492573,9.997106774302903,2.8092505767867526,3.111575937076901,7.213427103117637,6.912384906004395,2.4839251427479665,3.5649537274526693,108.606654,0.0,7.517681428440106,0.5075180679075044,2.964270029482191,10541.448295294449,16626.542688081146,16673.51366582136,13605.071851225697,LOG00008,Idle 35,92.0,92.5,34.4948717948718,4.566913568240204,63.96856354049838,23.174437869822487,70.0,2.8014278756095847,5.870552268244576,14685.636799098338,11428.57142857143,0.0,0.0,1.1152331404102502,1.1162285387408937,0.6779298650813989,1.1738680861042188,1.155650520465053,0.6769224774963968,0.4997123064087077,0.3558490381393213,0.44581179506844565,0.30438624027018507,0.3846337638535848,0.25428361092218277,2.2874107773041144,3.5616702493175216,4.680737942194314,1.2894231614311469,1.9066173485642581,3.7202468582596144,3.9603558105246814,1.1157309505810395,1.65616340425129,92.005505,0.0,3.643581146459163,0.3189849893780887,1.6275444391907237,14592.42040011271,15203.12764158918,12805.522682445759,16141.476472245702
LOG00008,Idle 35,109.0,109.5,30.838264299802763,0.987773054235746,53.36322034457834,22.976429980276134,89.0,2.0807710021917383,5.448007889546351,12785.967878275571,7714.285714285715,0.0,0.0,3.5399545001178137,2.9744223484107706,1.4586688909832926,4.227730806607625,2.950133657291605,1.6504042495085998,2.1365543708237875,0.8785165569615946,1.6500128821933364,0.469625692299952,0.6640285064633172,0.5583522253909852,3.7537620804345586,9.352586791016067,17.634438350748113,2.2636250681460917,3.78581857618604,9.06822703825599,8.506291904959916,3.269439261527105,4.8754975916023735,109.354472,0.0,11.726537218155135,0.5695727509467597,3.1190079144605147,8159.6787827557055,14688.44744998591,15195.970695970698,13099.77458438997,LOG00008,Idle 35,151.0,151.5,29.3861932938856,1.7036469485084427,53.11043733473511,22.980552268244576,87.0,1.739691276018565,4.680631163708087,12560.545224006764,6714.285714285715,0.0,0.0,1.40550016736838,1.6056128796005769,0.9197264493240113,1.3477042916081978,1.522026934777803,0.9961351043994092,0.4306868500765024,0.39632327984636395,0.5751498459537167,0.3877079039575496,0.6455862102715603,0.4164982958329428,3.847311606302273,9.071029519432424,6.206392949316112,1.6123490978581965,3.3621997429386505,4.244267511139514,5.844466693122794,1.5088776357961904,3.5665881388029756,151.479017,0.0,6.7232109535975795,0.49684665780489956,2.6366699380829663,8307.55142293604,13597.182304874614,13274.020850943927,15063.426317272471
LOG00008,Idle 35,109.5,110.0,34.717751479289944,1.4830536735373017,38.562672079619325,22.99412228796844,84.0,2.1820087173560507,6.503510848126232,14026.429980276134,6471.428571428572,0.0,0.0,3.9314596503429007,2.8617071153646494,1.3300063215766262,4.330486758373407,2.92736264256488,1.4315025549134883,2.024052061157258,1.022999801871307,0.8078063018170829,0.5099529856426097,0.7709594452486564,0.5543101550415159,2.8653197981873384,6.126299264364587,9.740667800639315,2.666556653348738,4.323252856045271,10.999641378410885,9.594747083567817,3.438440242057652,4.732437131217315,109.562636,0.0,6.8464640368794285,0.6222781429998638,3.5917293636089855,7785.319808396731,16134.375880529728,15563.34178641871,16622.68244575937,LOG00008,Idle 35,135.0,135.5,34.41400394477318,0.805467720337165,41.768698730152344,22.831913214990138,78.0,1.9528839572939627,6.360749506903352,14089.21527190758,8500.0,0.0,0.0,0.9830740590411785,1.2323398616166195,0.7563974620448534,0.9582848989379885,1.2152671347845552,0.631936492411803,0.37177856130705345,0.3388436576555663,0.4693240330589499,0.3337611188793985,0.4223017621105842,0.29272548607129023,2.5973660602595166,3.180366422764625,9.48670046440155,1.3859154527617323,2.3642121088197987,3.4127617556443863,5.700790629965822,1.1146964026336874,1.503239979442355,135.153346,0.0,5.968208182676865,0.3537529613317772,1.9378158500866274,16465.03240349394,14744.885883347422,9113.01775147929,16033.925049309664
LOG00008,Idle 35,110.0,110.5,29.960552268244577,6.233806009781151,28.64058869063034,23.052248520710062,46.0,2.150552769506427,4.935936883629191,12798.175542406312,7471.428571428572,0.0,0.0,2.3554772695526878,1.311647538337456,0.8666291069261934,2.3786657381467338,1.4729730267447652,0.8348702145439707,1.3509764595836369,1.027858032218306,0.7580024241967552,0.35174718073166006,0.5719672500777093,0.3335270784817821,4.150134897118045,7.504650804363975,6.85377054523203,1.536446869231725,3.243869792265327,5.175804733093056,5.77247771877958,1.906396133048703,3.349177496664395,110.000667,0.0,6.338179918725567,0.4328636915530186,2.5380465136737995,9619.357565511411,13358.861651169342,13762.440123978584,14452.042828965907,LOG00008,Idle 35,169.5,170.0,30.967588932806326,5.668216019426347,30.08296396908891,22.88302371541502,39.0,1.4585128492038473,5.295415019762845,12721.513269339357,8885.714285714286,0.0,0.0,1.0069096552721792,1.1252647928179258,0.43759478867533386,1.0426932841046432,1.1488218105381685,0.437572441904326,0.7057895338901834,0.7798682888659193,0.0030311898440455952,0.2844305049997418,0.4669182470468438,0.2551643999567697,2.9103368319258607,5.786546327294233,3.4495545578106697,1.0868351513596932,2.5376030064146966,3.0019756340633212,4.367052351994339,1.0677284083126921,1.66003962665922,169.99908,0.0,4.236885865841364,0.3483399836390706,1.9520040553743685,11590.090344438171,13421.372106154715,12263.833992094862,13610.756634669677
LOG00008,Idle 35,110.5,111.0,27.20335968379447,3.7566710855930845,28.985648965683282,23.073952569169958,56.0,1.5846036366076366,4.3200790513833995,11601.983342744212,7514.285714285715,0.0,0.0,1.0848435297677976,1.5835070921826178,0.5954060531365742,1.4830175556726395,1.4908186140421367,0.6125051868994035,0.9501442997287236,1.1598697772900917,0.42791777407063203,0.31550421843906257,0.5344347546107385,0.27584096984533946,4.604911482326802,9.21538705000377,4.8184352925718485,1.287863071479486,3.101688832036026,4.277896125073282,5.959348453656227,1.3572730372094821,2.196397244013805,110.507759,0.0,6.566223849117146,0.3921103838775936,2.374769978509243,9456.43704121965,11992.828910220214,12236.222473178994,12722.444946357991,LOG00008,Idle 35,190.0,190.5,27.659171597633136,2.673511254908108,31.181499344883974,22.86593688362919,70.0,1.6067603640058115,4.248126232741618,11735.080304311074,6557.142857142857,0.0,0.0,2.7277324882405165,3.0119672657350987,1.1443429564989533,2.628546582724131,3.040814373734928,1.0045439052080887,0.39444344056204117,0.4253072077630961,0.513676293299127,0.3868552502904537,0.7087001057677151,0.41037606150003064,4.276500620569174,6.971506862527381,5.450888819810954,1.6306006779506947,3.5506902791601074,6.17304696853504,7.322252700869085,2.873366608811219,4.852784103927608,190.45576,0.0,5.674579409317044,0.5229153329952938,2.762811975999756,7859.650605804452,12262.919132149902,12961.4539306847,13856.297548605242
LOG00008,Idle 35,111.0,111.5,29.12386587771203,0.6178815096120632,36.81871778411672,23.099072978303745,56.0,1.525560435515512,4.511203155818541,12424.753451676528,11042.857142857143,0.0,0.0,1.262283147516677,1.261960564490802,0.7738698148702918,1.4069585818798942,1.206001247535941,1.251240902758409,1.0638006107310618,0.7565451650121054,1.2151479016206381,0.31443808176634025,0.37045019117126116,0.28799949977703343,8.609990631685195,10.236702310595993,6.754883289591297,1.1835098452722055,1.8585774723947328,3.7919253981126886,4.1502833723742185,1.2621218663097773,1.5909733865369264,111.441046,0.0,8.651598332667936,0.3261126407013079,1.5580445716906546,11565.82135812905,12888.64468864469,12267.202028740492,12977.345731191885,LOG00008,Idle 35,143.5,144.0,28.69349112426035,0.9538342851929699,33.73868587062887,22.87871794871795,64.0,1.601947793902866,4.614970414201183,12243.540433925049,8728.57142857143,0.0,0.0,1.07241250468311,1.0200927412405196,0.7700168764092727,1.0940864220122517,0.9086566294555211,0.7052812508476833,0.3243097909499742,0.4024965799973526,0.3509695927989833,0.280608097934853,0.41214135947631136,0.28300573481402747,3.2930739889336835,5.776978307444925,3.6172441982867642,1.1918870506835175,2.230067140899209,3.0553732537811324,3.904430296071839,1.0465796149678004,1.4788314277668175,143.600282,0.0,4.370441253516632,0.3310053628745944,1.7879868839711084,9561.031276415892,12955.085939701325,13365.116934347703,13092.927585235277
LOG00008,Idle 35,111.5,112.0,37.70216962524655,4.039344863936126,44.02279526645066,22.957988165680472,44.0,2.5085917180283883,7.893136094674556,14992.561284868976,11900.0,0.0,0.0,0.9276641259839842,1.4446204856723865,0.7000965755885693,1.0426622334109945,1.5918985981376923,0.9192666934717456,0.33988523189378905,0.906068184668858,0.7470880808020258,0.3917041114217411,0.47405579268499154,0.2915809807751366,5.7664357418368155,7.186915923242204,6.469634193814596,1.817990469529664,2.526145085817039,3.1722415372743415,4.697139168771634,1.213978805058381,1.9606075712569782,111.981686,0.0,6.500248924829995,0.3929293718692466,2.200738324051528,14289.292758523527,15620.991828684137,14698.47844463229,15361.482107635953,LOG00008,Idle 35,137.0,137.5,37.77455621301775,4.467710535198903,39.61217390003171,22.98370808678501,52.0,2.2984453399545237,7.09120315581854,15286.608903916596,10057.142857142857,0.0,0.0,0.8379947939869022,1.3382313581213556,0.6663773656978536,0.8899454994910412,1.2659198300060848,0.6663773687334986,0.42811744718713846,0.4939452059877744,3.336877497324132e-08,0.3244502471347911,0.5024623587975482,0.2580388287413882,2.5232107502373116,2.7154916914736535,6.573122541892727,1.3533242960651264,2.9331157202581073,3.4751867686389284,6.007720213993428,1.116489687056821,1.6827227780169793,137.072207,0.0,4.356850068849965,0.3760852837732645,2.2841469390940463,16511.073541842772,15448.126232741617,12326.458157227387,16860.777683854605
LOG00008,Idle 35,114.0,114.5,21.26213017751479,17.09193454896349,23.08075520769777,23.21923076923077,64.0,2.2643043088815613,5.340808678500986,9795.104254719638,3442.8571428571427,0.0,0.0,6.87733504967828,6.043205088757563,1.4795105782190716,6.878114977648644,5.941991489548704,1.8516965002955268,0.2928465610116401,0.9846464397634533,1.6290757745902809,0.6790485725002717,0.8345414478551589,0.5082754697531291,2.7846486499894696,4.451228664899345,5.543652545322955,3.780494784178258,5.296721331252812,17.58714565549772,15.664568242529127,6.473718604106864,12.397385556258497,114.421471,0.33925049309664695,4.408317452058681,0.6870008115365429,4.601488763115021,7952.719075796,10832.826148210765,9603.212172442942,10791.659622428855,LOG00008,Idle 35,152.0,152.5,22.999604743083005,12.258493862646048,32.013786097071595,22.846126482213442,43.0,2.048269655755164,4.480415019762846,9444.706380575946,3814.285714285714,0.0,0.0,5.009261367405418,6.1226942113822185,1.2662905345481623,5.535246367131698,6.313108775600821,1.3924153188928303,1.6140633171541108,0.7078678375921666,0.7519407266496642,0.5927407024729691,0.44152568480720694,0.4230894543109651,2.2453243467450603,2.35895044908765,3.07092296936124,3.2569892759754944,2.5948589978554355,15.040065070080415,14.302698824903267,5.593750256003288,11.423069122869252,152.463608,0.2924901185770751,2.584356562543658,0.49169474170524835,2.9445944001314235,8444.014680971204,9490.542066629023,8209.26030491248,11635.00846979108
LOG00008,Idle 35,114.5,115.0,39.827021696252466,5.921798030890738,12.074575073463446,22.951676528599606,43.0,3.0926123174502362,8.15792899408284,15731.452521837136,11585.714285714286,0.0,0.0,3.4812212140555117,3.3046971083622396,1.0104514808384892,3.7716114373256597,3.1590468027166843,1.1664051227164185,1.2629985955790337,1.090004416522988,0.6684147530326879,0.46146798832985325,0.5030747539223497,0.43015019507215885,5.422829849150573,5.115173727754969,7.546147837916748,2.2816765341068246,2.7501006934409586,8.321332581797439,8.750542389500987,3.3941069605426306,9.065734616963462,114.500397,0.0650887573964497,6.124171591043931,0.46585623769851664,2.5267668699702166,13801.775147928995,16586.22147083686,15584.305438151594,16953.508030431105,LOG00008,Idle 35,164.0,164.5,40.394280078895456,1.1046909232695967,21.514229096838,22.478303747534518,30.0,2.168965923103193,8.142642998027615,15889.454775993237,13600.0,0.0,0.0,0.9997089782429948,1.3608623013922843,0.5753499450967419,1.0013886579990496,1.7564602702228693,0.5751528233887971,0.015573084271736133,0.9848476317682286,0.004470075255694375,0.3238444175834807,0.45732400285693087,0.20082539046027792,1.554940754772762,2.0969023170671255,6.016107958545669,1.2796539699548797,2.521842994349709,2.8172475271426403,5.574491070074048,1.1940193140251871,1.6904095412248645,164.085499,0.0,3.786308450503003,0.3436816782249688,1.9996507658803806,15529.867568329108,16314.173006480702,14603.550295857987,17110.228233305155
LOG00008,Idle 35,115.0,115.5,36.35424063116371,6.7269803816067935,25.565995735627887,22.98205128205128,27.0,3.0439423752918335,6.452169625246548,15034.347703578473,9314.285714285714,0.0,0.0,1.7697412511765278,1.333400132582315,0.9169014928033857,1.891682587082219,1.3770871505663764,0.8628292871041743,1.3987031731747595,0.5151326326770401,0.560780090970535,0.37964638145712465,0.4446483434038421,0.27704124833818267,4.103408919631222,5.331991396232964,6.1502461085611255,1.7285153144688883,2.3619478462432597,4.227737841728439,4.517552880008007,1.5668343897308354,2.8130188703870203,115.499798,0.0,5.2628770397658196,0.3735395461108272,2.0696089993917512,13813.863060016905,15881.600450831218,14778.33192448577,15663.595378979995,LOG00008,Idle 35,231.0,231.5,38.241025641025644,8.001812746627113,25.313498658769753,22.398717948717948,35.0,3.151335601128212,7.443826429980276,15030.825584671738,10657.142857142857,0.0,0.0,5.431760401163027,4.574444150469914,1.3906265861416984,5.421423591119835,4.828113252324582,1.5699851866335959,0.2204918297944348,1.2916583272695397,1.5053009960853243,0.5138887937827098,0.7975968514074471,0.49074438905518153,4.068910441345262,5.011541687326617,4.771846281621519,2.4862927929196164,4.609336927233861,10.702817192589443,12.440945314387564,5.021432083649602,7.76295804955715,231.069422,0.0,4.634727579154505,0.6167312989029785,3.7032174362900796,14018.455903071288,14492.08227669766,14904.029304029305,16708.7348548887
LOG00008,Idle 35,115.5,116.0,24.791518737672583,5.194875629109626,35.84166816012567,23.03280078895464,130.0,1.5699004586366188,3.8189151873767253,10673.746125669202,7742.857142857143,0.0,0.0,2.225170722762193,1.6288433099688198,0.7386710882244948,2.609585623719094,1.4738863519423022,0.8424446609835898,2.179606276473316,1.153092874728861,0.8342635376250737,0.3283783623138686,0.6318806935613954,0.2894106142848524,3.79040281150515,8.086757632092791,3.87967794028963,1.3401522395464582,3.6239865557033255,6.053508934015145,5.602725456809275,1.9499378546338604,3.320281677047089,115.55406,0.0,5.621823648190063,0.4437957726223117,2.732149939249293,9138.884192730346,12195.519864750633,10722.879684418145,10637.700760777685,LOG00008,Idle 35,98.0,98.5,24.595454545454544,2.723009678716636,40.92211573808569,23.34913043478261,127.0,1.389993073974479,3.3346245059288537,10862.104743083004,7185.714285714285,0.0,0.0,1.212232566063952,0.6767893098692083,0.6686897289467453,1.621886450020393,0.6807026089234726,0.9538326755352842,1.253116416321381,0.4027922892897635,0.8346599443532582,0.28456506807155996,0.34782022994499917,0.2627398018760865,3.052131435959543,5.8795402795928435,3.0178355135745787,0.8298744814700633,1.592733502839807,6.236923078423046,2.9748617399034702,0.9817208269613191,1.5646944471015845,98.178412,0.0,4.202849485318228,0.3005486060608993,1.2699393028927735,8732.15697346132,12212.817617165443,11474.392998306043,11029.05138339921
LOG00008,Idle 35,116.0,116.5,40.44367588932806,1.980979098184125,41.28299642813242,22.814802371541504,138.0,2.7461227046476497,8.666956521739131,15851.079898362506,10957.142857142857,0.0,0.0,2.1086058937337038,1.300400062204805,1.090982327306853,2.1543183394888517,1.3582411297276251,1.505149458658433,1.321978813235576,0.6453179266375738,1.3313949984671372,0.514515151875241,0.6474548889578614,0.4032666223721762,6.467138989303681,6.2868266245215345,8.53300854188237,2.628834716732825,3.769519355941489,5.305675982234356,5.822642188503083,1.751750429837363,2.795110081647837,116.412384,0.0,7.168456609563927,0.5312085728048516,3.2496190655765567,11826.171654432525,17644.55110107284,17534.95200451722,16398.644833427443,LOG00008,Idle 35,88.5,89.0,38.773175542406314,0.9464093748928423,44.19371957546255,23.19287968441815,124.0,2.5400692865728725,7.833412228796844,15689.961961115807,12914.285714285714,0.0,0.0,2.259373330446824,2.2768587485554033,0.7356095616060477,2.0219663356773756,2.254011137615582,0.733478708801616,1.456857325393177,0.9569299119854004,0.18228279293045632,0.4623886404510478,0.6670560210884302,0.35746899287335643,2.8246328639283824,4.67257536221262,7.428398767366421,2.26499530490408,4.038134996184923,6.928772585844558,8.2994973826572,2.268132889317516,3.4950307328218835,88.964919,0.0,5.322675379247783,0.512038758609277,3.2738920246894923,13538.968723584108,16240.65934065934,16512.397858551707,16467.821921668074
LOG00008,Idle 35,116.5,117.0,37.7723865877712,2.5224097821195786,33.95933780475919,22.979881656804732,135.0,2.8738809563863468,7.634457593688362,15180.705832628912,7971.428571428572,0.0,0.0,3.599998985120636,2.647126513551171,1.195095575744176,5.102880668451807,2.7290176404726787,1.184646955819107,2.977147234404529,1.1818914319407343,0.8534465439189634,0.49086204134957434,0.5595440078264061,0.5301981103031868,3.5757631159770225,5.558740777790199,12.249732336132515,2.328162553088527,3.246766127744776,10.522447124653288,8.969815699799128,3.1596891834178242,4.546469348979645,116.734006,0.0,8.036201905608971,0.5276188891303327,2.8250514297862344,9017.187940264863,16714.25753733446,17171.85122569738,17819.526627218936,LOG00008,Idle 35,134.0,134.5,36.328205128205134,4.6727053068799576,36.64741135488583,22.940236686390534,108.0,2.1715865458212393,7.161380670611439,14610.48182586644,11042.857142857143,0.0,0.0,4.549556278986974,1.0402530212544072,0.8482957312246537,5.006572490248631,1.0731390575741686,0.8816216754048398,1.5985664084400215,0.36697499090939006,0.6193079115250523,0.3113780197391876,0.4264084695860265,0.26993861060483615,2.506844546592494,3.343465958198955,5.019548595714642,1.304558611378721,2.489354555532667,11.41878102766626,4.581284282870183,3.3000445969637076,8.245234444174354,134.26543,0.21301775147928995,3.7708930109085403,0.34236788576357674,1.9873046160155743,15005.888982812061,14827.669766131303,12684.868977176668,15923.499577345732
LOG00008,Idle 35,117.0,117.5,33.55246548323471,1.0427588371231082,22.502045703734566,22.858836291913217,70.0,1.8499218718037673,5.84258382642998,13806.424344885883,8342.857142857143,0.0,0.0,1.6253514148650618,1.5118483751789553,0.9565470317879262,1.712481419428035,1.481946494907012,0.8747044482930969,1.0920873041973571,0.6190134622019584,0.9526295374361269,0.3164346634220079,0.5877849976132586,0.42133187352169765,2.165290266363967,6.430853373693388,8.424178317076853,1.3286927250510623,3.39731505270672,4.867474467555808,6.416202370558503,1.5696261866022598,2.582234207742609,117.024056,0.0,6.2452952257269105,0.4557567506464831,2.579454780079629,10006.227106227107,14613.299520991828,14790.363482671175,15815.807269653424,LOG00008,Idle 35,192.5,193.0,33.87687747035574,3.733281431905264,25.668275656907113,22.64820158102767,45.0,1.882282356558657,6.087272727272728,13676.08695652174,9985.714285714286,0.0,0.0,0.8612272549911385,1.179819609079582,0.5764362937626808,0.8980360804106814,1.3392427528714448,0.5765075125238678,0.24625798550777867,0.9040313602717798,0.0016087018130879272,0.2918305185333558,0.37612502437023243,0.23867826828595745,2.973680875576952,4.42009513237449,4.312723837117944,1.218494107405121,1.808806118265557,2.692765890732518,4.5698357967749965,1.0328810906169863,1.376593376283268,192.791982,0.0,3.957255186121565,0.30746403651860316,1.542158789368967,13568.012422360249,13922.303783173349,12541.925465838509,14672.106154714851
LOG00008,Idle 35,117.5,118.0,53.05147928994083,12.797574843493498,22.606143166047808,22.357790927021696,47.0,5.472004842824354,14.495502958579884,19047.99239222316,11900.0,0.0,0.0,2.8581468932956207,1.7831551964457808,0.982251855992586,2.7801214605927935,1.6967160124815412,0.8899359259687799,1.0489589660478273,1.1128268231628318,0.4116103641156619,0.4621566518127579,0.5427139097460018,0.3589683440360429,4.140475035493031,4.637397697715631,7.970004406649798,1.9973795829500969,2.661682746244717,6.248313381893005,5.367004166926894,2.3820837640883874,4.722859851911203,117.99188,0.0,5.835807889468159,0.4607911423723871,2.3530916089309737,16715.86362355593,20510.22823330515,18712.341504649197,20253.536207382364,LOG00008,Idle 35,248.0,248.5,52.75285996055228,13.581728891077317,15.53855362109497,21.77414201183432,29.0,5.249819638923436,14.020394477317552,18856.227106227107,10871.42857142857,0.0,0.0,4.052064829694534,3.766526351185935,1.2362410633006553,3.682334011815002,3.693365443007625,1.224421065084295,1.0062599650944193,1.4462103107474067,0.21022626876130449,0.4378412773095933,0.5467446232669881,0.3660697202262652,4.411068299090015,5.8865350773438125,6.839104073849902,1.9823520213609573,2.7424546556400498,9.540529139018732,9.290511797928875,3.9119017202778386,8.123474970694987,248.01193,0.01972386587771203,5.798912636261686,0.4563046158192987,2.3927784137729575,18816.624401239784,19636.88362919132,16499.94364609749,20471.456748379827
LOG00008,Idle 35,120.0,120.5,15.056607495069033,4.42030132865147,11.860697638088451,22.947514792899412,72.0,0.9087344348524203,1.6734911242603552,7310.235277542969,3500.0,0.0,0.0,2.3982800354116462,3.172972038825699,0.8041193765348107,2.5622569343738477,4.162461720379873,1.3943104217857913,1.5256182780779333,3.764228174172025,1.3760359620643334,0.33060425057936965,0.4015359872009201,0.347239151919829,1.254773235102838,3.3432193608224248,1.5174943999558803,1.1577368873206353,2.1567230734508493,4.566190821607151,10.402548618078134,2.812427660174018,3.712321184962219,120.333033,0.0,2.2401161294306315,0.361065713384035,1.7308681515092577,6206.2834601296145,7760.185967878276,6886.700479008171,8387.771203155819,LOG00008,Idle 35,174.5,175.0,14.642490118577076,1.6279041925675595,12.787822054254043,22.813478260869566,43.0,0.7241066065012357,1.836284584980237,6870.63805759458,4614.285714285715,0.0,0.0,2.349505135622909,2.1173569453239587,0.7115414237245944,1.9811035234634249,2.1361474030368357,0.5726574384403015,1.0896136331271646,0.3507418120070537,0.489817917270677,0.3106692899442129,0.2955602503074614,0.2567545279495165,1.651482329033315,2.804347204521368,1.9683148041421215,0.8260937566791401,0.9394596476039716,4.458194036955575,4.453315148322279,2.2364452615959576,3.4424154429534606,174.904382,0.0,2.1959068206416195,0.28855626655173605,0.8845946315404679,7141.643139469226,6355.081874647092,6617.814793901751,7368.012422360249
LOG00008,Idle 35,121.0,121.5,37.91264822134388,0.9696776810391857,22.060711527294128,22.805276679841896,38.0,1.9194019191770906,7.376284584980237,15141.14201016375,12242.857142857143,0.0,0.0,1.849118017782268,1.4976245188912418,1.0027303719940415,1.830640576812012,1.3632127209073075,1.0160711032675374,1.4810852141494641,0.8058243807979065,0.9019925873814529,0.3632634357835786,0.43829011095112796,0.2821314864958698,2.8113556713207695,5.3567148426599305,6.62894470320239,1.682518555303121,2.4109044196510316,4.532927401805541,4.835025372811525,1.6825749081796102,4.553601329316981,121.040417,0.0,5.181409798319234,0.3668136315202456,2.0788613240945377,14534.556747600227,15672.416713721062,14517.363071710899,15840.231507622811,LOG00008,Idle 35,179.5,180.0,35.218577075098814,2.9151998336557283,19.985472982524442,22.665652173913042,21.0,2.0184978741022066,6.073181818181817,14426.616318464145,11342.857142857143,0.0,0.0,0.8718405649414328,1.2547318282818565,0.6410350195941598,0.9430961654325262,1.2205589849591163,0.6259883186895799,0.3935359999454025,0.4830032575226327,0.25807414896993885,0.4505281218587455,0.46597005632736155,0.31610328746509586,3.1616427502741966,4.576044765473142,4.618587640816535,2.0317662299193495,2.608491835997169,3.1396986336082358,4.807150471139209,1.0803837122941382,2.0698817244626957,179.500832,0.0,4.174027725985169,0.4163431959035455,2.337980289855389,12843.39356295878,14482.128740824392,14198.36250705816,16182.580463015247
LOG00008,Idle 35,121.5,122.0,42.83392504930967,6.818963071835264,47.33118864151123,22.71272189349112,31.0,2.569374446660054,9.29457593688363,16832.093547478165,10228.57142857143,0.0,0.0,1.373061705543498,2.0015666116325814,0.7627740358392099,1.4781598681356698,2.3147964342771705,0.9126144101569814,0.643349721213038,1.1963082687338087,0.7060940857590717,0.3503814549452927,0.47432318958639985,0.3211469997168306,2.7024602903343866,4.482034706651774,6.899378707737138,1.4338614405661043,2.491332939795556,3.528413828055297,6.216190605268281,1.7163285448934813,2.8983301359116136,121.958931,0.0,4.999778437932422,0.38767901137243155,2.0325720710042074,16698.9010989011,17406.198929275855,15311.383488306567,17911.890673429134,LOG00008,Idle 35,130.5,131.0,39.92386587771203,5.995616614290936,43.69687490301243,22.98658777120316,53.0,2.603639707019484,8.394990138067062,15829.621020005636,11485.714285714286,0.0,0.0,3.619523029228299,1.1413502274262015,0.7358398730765134,4.173239633827034,1.1397713746965614,0.7349230534470719,1.2383324855194326,0.35263544317441586,0.22457191856103154,0.35666596423306307,0.5301883800689865,0.266947298890859,3.471369412168988,3.5144589928565293,5.242316333891141,1.53208453844024,3.0256639287755194,9.102744671376225,5.312149744806014,2.683619505514878,6.2361520107069754,130.877537,0.0,4.158673993506199,0.3998212887393578,2.3981164736956533,14498.422090729782,16624.598478444634,15427.726120033814,16767.737390814313
LOG00008,Idle 35,124.0,124.5,34.80118343195266,0.6293280752622366,52.65751063996206,22.726666666666667,94.0,2.50233641166933,6.975857988165681,13888.095238095237,6357.142857142857,0.0,0.0,4.115182691252146,2.49177553665778,1.4260107751300457,4.704739946708775,2.532842013534305,1.6509503060354296,2.130833429993801,0.7610119708709576,1.0686553277409165,0.5167906337777708,0.9871444336182359,0.70937672265186,3.5882626280543115,9.776112065865531,14.62373497800889,2.784583176348206,5.467469534764983,10.969295500941811,9.612614985731268,3.401740283110062,5.478248544654383,124.016943,0.0,10.36503128342752,0.7626143688269957,4.338613060621141,7372.499295576218,16857.95998872922,16866.356720202875,14455.564947872637,LOG00008,Idle 35,194.5,195.0,33.28579881656805,2.017095452881222,50.158255743024654,22.743708086785013,59.0,1.4960996463350682,5.77956607495069,13589.708368554522,10842.857142857143,0.0,0.0,0.9852743782224406,1.1815516783994404,0.646421087841958,1.52979620850037,0.9642879405336716,0.5745265979501856,1.2955833531038365,0.6078445048005461,0.4942161761773317,0.30095307956557166,0.40352988384533667,0.2589930013432956,3.6136901209658765,5.09084891051124,4.0523710068840355,1.1161417005959609,2.1228719958971136,6.005585828541976,3.6213807342077042,1.0878487875412992,2.0506285856690014,194.996013,0.0,4.297177744266351,0.32684680305460173,1.6959300997938311,12466.948436179204,14322.316145393068,12974.133558748945,14595.435333896872
LOG00008,Idle 35,124.5,125.0,38.49309664694281,6.946661513984283,36.5909135196927,22.89846153846154,78.0,3.594946023697652,8.490059171597633,14780.621301775149,7114.285714285715,0.0,0.0,4.228681236400033,2.5867126806167873,1.2568284663797484,4.676670629095097,2.4990374051962996,1.2492319650534587,1.9955699382853687,1.1780061835668891,0.762048965062575,0.569166130784911,0.9721651590328031,0.5670375525882808,3.247446829153992,6.939569363260573,9.444218694994184,2.8050741688268865,5.707548510844291,9.815456956569683,8.995615850873644,3.505198103613074,5.7960043305119875,124.551657,0.0,7.021319928488392,0.7281453075944043,4.496918450242385,9062.186531417301,17123.555931248236,17739.81403212173,15196.928712313327,LOG00008,Idle 35,99.0,99.5,37.404142011834324,3.6360352135956,31.73019615560777,23.04741617357002,83.0,2.3157230289523114,7.377554240631163,15118.737672583826,10157.142857142857,0.0,0.0,1.6245185984032884,1.6384869577909968,0.7684209277539863,1.5595719302832785,1.652092276932044,0.7814359711350184,0.49047156809546055,0.3601301116927394,0.5668726201288488,0.38072383806717375,0.5957927243307887,0.3223531962546816,3.0917856948601687,3.9591602293822583,4.311621572059082,1.810099446176787,3.485006306736608,4.333940179022452,5.717028786525096,1.631517727058058,2.6134111371055826,99.107757,0.0,3.822048712645675,0.4486391253460149,2.776844338727277,13164.468864468865,15121.724429416738,15042.885319808398,17145.872076641306
LOG00008,Idle 35,128.0,128.5,31.56627218934911,10.243284542268725,23.6489502548794,22.704437869822485,49.0,2.642921216843431,5.713076923076923,13108.41081994928,5228.571428571428,0.0,0.0,6.588150839780306,7.753966634880228,1.1818100574429637,6.274336502211631,8.13852374125118,1.151834556756695,2.2299472785746803,1.5760271925522997,0.14600236088019466,0.7097545424876148,0.9112863509364398,0.5702101871270036,4.634153485055998,6.639580335342508,5.620587874385888,3.6946639748924874,5.328548928478257,13.982589907196038,17.42688303930118,7.194710906719385,16.493226512307658,128.002721,0.3609467455621302,5.690647696182957,0.7437145468274478,4.584974131364055,11620.540997464073,15947.421808960271,11287.996618765848,13577.683854606932,LOG00008,Idle 35,125.0,125.5,33.01025641025641,7.534785428463869,22.258353435893046,23.119921104536488,37.0,2.513385225800837,5.780138067061143,13736.327134404057,9942.857142857143,0.0,0.0,1.4749941898122667,1.345825425092477,0.536223389897682,1.3526398794174592,1.2561373829576747,0.5362233637856255,1.0917127176444053,0.46471894078213344,1.694273206695375e-07,0.3642077677671188,0.4747022739355985,0.3095647098369378,3.472117270439365,4.099606599701245,4.84138998685895,1.663428523054342,2.7439723210459612,4.675674597195148,4.960395415936693,1.4118877318691612,2.3086834209572618,125.35368,0.0,4.1753814044090785,0.3889386654979432,2.2689621581217607,12965.877712031559,14154.212454212455,13145.111298957454,14680.107072414767
LOG00008,Idle 35,129.0,129.5,46.11538461538461,8.119817722228072,24.08959443100926,22.429151873767257,16.0,3.8045969174860126,10.975207100591717,17508.74189912651,13600.0,0.0,0.0,1.9465253030017646,2.1745620155609906,0.9731825968164366,2.3605478373431636,2.626479149496,0.9960491858642645,1.5180573478349026,1.2876785852128907,0.42640102339212904,0.37277898945699994,0.5724915105469022,0.3608431312593188,2.6849785201483973,4.267401199144138,6.725248621156471,1.6079379808847882,3.189372625131846,4.44093385349571,5.832981110808885,2.063695800590143,4.016898736211711,129.003062,0.0,4.852792723936809,0.4460636987418896,2.5256249021095996,17440.46210200056,18164.412510566355,15725.274725274727,18704.81825866441,LOG00008,Idle 35,291.5,292.0,45.50788954635109,11.666089738494923,22.686317475725005,21.903451676528597,1.0,3.1053513606694607,9.374714003944773,17512.489433643277,11371.42857142857,0.0,0.0,1.044271402308352,1.7557810295862062,0.6923371706166122,1.0495771860190586,1.756264926954165,0.6777584646561462,0.025281011050924312,0.020870894147037362,0.12385541294681673,0.2892724466083892,0.36452591508090026,0.24584819009601436,3.1983592304817914,3.6802131276863346,4.7178653287640175,0.9943148466145607,1.709576618800406,2.5028583265461393,4.16830342605676,1.4445189139526435,2.759003537738493,291.709491,0.0,3.917130058803958,0.30386346917974916,1.3984481094676278,16691.2651451113,18295.181741335586,16462.411947027333,18601.098901098903
LOG00008,Idle 35,131.0,131.5,18.720355731225297,1.2841849939754544,65.549586643721,22.681600790513833,124.0,1.6528256121782663,2.828063241106719,8024.0471485036705,4671.428571428572,0.0,0.0,2.0093147726578673,1.7044840170197475,0.9936685379614733,1.9009986494300473,1.5536578387128503,1.2784209293142124,1.166531863697596,0.966751534040445,1.2060975319376628,0.3412998090346394,0.3977244268115182,0.3700671341568454,1.9909333365755058,5.301455507487708,5.865999682428766,1.2114185379008595,1.8668363413767346,4.186133707255391,6.0536142146067204,1.8631440658060925,3.1908050630036078,131.282046,0.0,4.707412534957105,0.37041416599652005,1.5736284185688076,6010.784867306606,9447.713156408809,8544.014680971202,8093.675889328062,LOG00008,Idle 35,239.5,240.0,17.427021696252467,1.4799380302883527,56.67271435920341,22.449585798816564,117.0,0.6611596782415321,1.9397633136094676,8039.553395322626,3642.8571428571427,0.0,0.0,0.8634966890189812,1.3201397272614754,0.583702339588207,0.6120059625981938,1.1082064593016316,0.671130665492741,0.5295326967629786,0.4448784986840771,0.7458285281380552,0.35057467423562305,0.3878879927603224,0.31532641919368515,4.0126605705671,5.2058822285472495,5.187773194672494,1.0936355697340632,1.7713868257291057,4.492816971483536,5.489096238434238,1.1154361101023997,2.576018280931621,239.507656,0.0,4.834447412457478,0.35251025885050813,1.4720479010131062,5862.919132149901,9988.58833474218,8962.1865314173,7344.519582981121
LOG00008,Idle 35,131.5,132.0,41.828007889546356,10.339457587851653,34.34724733344234,22.45382642998027,81.0,3.9076090470301352,9.889980276134121,15651.465201465202,6671.428571428572,0.0,0.0,9.819038559412187,6.062969371319499,2.4621209540609192,9.717467924802756,6.14424140700225,2.479516117099982,1.4829960267091522,1.0483799094045223,0.7699967674217056,0.7438261006658554,1.1503667216222417,0.5599580343566469,4.356108705897308,6.062265668013319,5.718287504015704,3.942827170147014,6.856792179247303,23.214504409746464,18.27248284145648,8.160058695523631,13.773060867654534,131.901605,0.5759368836291914,5.429105514592911,0.8544342889671183,5.5929189643260715,14352.57819103973,15628.148774302621,16115.948154409693,16509.185686108765,LOG00008,Idle 35,175.5,176.0,41.67731755424063,7.63649097311023,39.717060274762225,22.531045364891515,105.0,2.9281982298724833,8.759940828402366,16402.04987320372,7285.714285714285,0.0,0.0,1.7361338444038024,1.1154958467957141,1.0171973029917043,1.6008193847632037,1.163506160715436,1.1788589727803207,0.9003321206667008,0.674259901085222,1.042828900390617,0.3416235878147696,0.4974354237574144,0.300010760800819,2.2730399956364074,2.6755114653385883,4.521241558230894,1.4834364310397843,2.7779944607211737,5.295973685556463,4.9208729040757655,1.4591935632229904,2.7152543095683366,175.973844,0.0,3.304880111330066,0.3890823105532813,2.2268629132406845,17180.980557903633,16624.93660185968,14003.324880247957,17798.957452803606
LOG00008,Idle 35,134.0,134.5,26.367455621301772,11.125975171031671,37.0037115148545,22.496055226824456,86.0,2.408161048490638,5.072998027613413,10572.56269371654,3542.8571428571427,0.0,0.0,2.386262600015898,3.4663604069069986,0.7962333568239276,2.3362653073418174,3.4709208316836033,0.7712278212193937,0.6818642194614833,2.1928848776470242,0.15455200883964296,0.5927589081275763,0.7215798394286529,0.4304150133090468,3.505369294051931,4.867121209617119,5.595985257240447,3.1272425884732575,4.44123349394323,7.881268833258432,9.022763235852773,2.975727110036057,4.2994596233277225,134.022717,0.0,4.736086068898361,0.5936603045278513,3.8408463360881893,11391.406029867569,10327.69794308256,9416.117216117218,11155.029585798817,LOG00008,Idle 35,230.0,230.5,25.185573122529647,9.075221954601744,38.355348304532846,22.501126482213436,77.0,3.410958002494533,4.298418972332016,10206.909937888198,6742.857142857143,0.0,0.0,2.539467582430365,4.106658290443504,1.3028628522607966,2.7350442681346814,3.86859595397119,1.1636768028953566,0.5937667466418074,0.47189639642158293,1.2998483332275694,0.4094078536683641,0.668647572985066,0.3821114909812338,2.262142369688751,3.952733983842976,2.6770381547266258,1.8002866976843126,3.6953097738208673,6.168099751581077,9.557398888703274,3.4142010717503952,13.970145818214766,230.49425,0.12648221343873517,3.05002335125653,0.5035585232602257,2.9065741447927254,8327.2444946358,11058.55448898927,9569.819311123658,11872.021456804066
LOG00008,Idle 35,136.5,137.0,40.07648221343873,6.906588785561632,31.332349330864005,22.49197628458498,115.0,2.8406048244183686,8.32567193675889,15287.747035573124,9314.285714285714,0.0,0.0,6.475551419788746,7.664127667971754,1.3113783687852445,6.218208261827245,7.637055416385014,1.3245320280352013,1.0072741815807227,1.580461814634439,0.19160202839747797,0.6506295915647713,0.931007310298356,0.48551589833339814,4.186085803556563,5.685501377164389,6.651544915725196,3.4256141458754263,5.8975618822841644,16.069758994776418,19.18430476736425,7.094773396708953,11.889574618739648,136.692355,0.45454545454545453,5.600336002728932,0.7131664520019637,4.822658417916043,15468.887634105027,15392.998306041784,15089.073969508752,15200.028232636929,LOG00008,Idle 35,205.5,206.0,39.92781065088757,3.6510888029985833,40.807942474811156,22.357712031558187,90.0,2.6698038651367164,7.962662721893491,15499.408284023668,12142.857142857143,0.0,0.0,3.3346603582132515,2.776749725910777,0.8387773147491133,3.3513248893340504,2.723574835703886,0.9816718438021733,0.5246567010169544,0.25366735186317246,0.9953737958354112,0.5809875898746057,0.588787750953701,0.39441129311626477,3.218895249024916,4.17272062502537,5.327188880322029,3.138299994242227,3.561362868848639,9.410011874137057,8.363652930108096,3.0684115389713056,5.035554523947245,205.858285,0.0,4.326346626787009,0.5290802911339212,3.3565035630455244,13934.68582699352,15607.974077204846,16467.202028740492,15987.771203155819
LOG00008,Idle 35,139.0,139.5,38.49525691699605,9.82114245713006,11.386886826925695,22.57646245059288,56.0,3.0739820842456624,8.126067193675889,15154.616036137775,8142.857142857143,0.0,0.0,8.021661358488956,6.7028730391116955,1.5108173979935653,9.016055681485474,7.130344242188233,1.4993099873027684,2.75188383116777,2.950212308435791,0.17345149096107584,0.46707207503795306,0.7110323140651962,0.44998341765329375,2.7619088104916663,5.212595550693454,5.638087828140432,2.1908438017870187,4.163774545082537,18.829482391043694,16.282522942089898,7.3917372088273465,16.046980427597447,139.047287,0.35177865612648224,4.711239292387442,0.5556402766443127,3.32692162712814,14580.0395256917,16798.221343873516,13359.23207227555,15880.971202710334,LOG00008,Idle 35,153.0,153.5,33.89664694280079,6.13173017913778,19.367526743602266,22.878698224852066,49.0,2.526479959643597,5.895384615384614,13947.682445759368,10871.42857142857,0.0,0.0,2.288362301672331,1.2730291631355048,0.698896405371942,2.290319312968046,1.1516972464287012,0.6988963129272316,1.1563022708041821,0.5061418536413173,1.070341992197202e-06,0.3985052211943263,0.536463843084216,0.30864567602902454,3.8495204441115596,4.890734129624681,4.839464714242982,1.780548614737266,2.792684562931702,6.558791922243755,4.6428668964069475,1.8516486267524643,3.0250343604381578,153.068375,0.0,4.55186799371831,0.42499490961156955,2.341947953892211,13406.33981403212,14261.73570019724,13017.75147928994,15104.902789518175
LOG00008,Idle 35,139.5,140.0,25.473570019723862,2.1256885823749565,10.501629327371539,22.518343195266272,53.0,1.2315926399405022,3.6569230769230767,10863.024795717103,8728.57142857143,0.0,0.0,3.142678121239674,1.8719118089098532,0.46850113806427524,4.399489322324275,2.0383139537235095,0.4738177581509882,3.0064337802190373,1.54955030470664,0.022755394775271855,0.31354989736538075,0.4428188674831306,0.2834594313124769,5.4197911902772296,8.882795528475512,4.518334453829444,1.2153475235962614,2.3292188241469436,8.85116914685694,5.103465968488351,2.5865497863036286,4.498759413921737,139.93421,0.0,6.549644753307198,0.35343615016806845,1.857731134189234,10941.363764440686,11902.507748661596,9910.932657086503,10697.295012679628,LOG00008,Idle 35,263.0,263.5,24.852859960552262,0.31555140385638925,14.608607708899262,22.312781065088757,58.0,1.0510133394797634,3.4262524654832345,10624.358974358975,7714.285714285715,0.0,0.0,0.9008789333043087,1.0587478232936791,0.5682511126928705,0.8356508861161045,1.0125458604001716,0.5389250765507666,0.35499834246466044,0.23379364999188698,0.5123797961008979,0.2614869166768337,0.30300060248751715,0.2492311251866441,2.7090004052422216,4.807251897312738,3.8959599812081493,0.7483098807027587,1.215886676923813,2.3533936216582085,2.8053203890477643,0.9829877430061404,1.3515869229174762,263.000007,0.0,3.8998657316628598,0.2722137190167293,1.0095415020389722,8248.661594815441,10813.637644406876,10793.716539870386,12641.420118343196
LOG00008,Idle 35,140.0,140.5,37.78520710059171,11.306696193108897,21.38804057166477,22.50005917159763,86.0,3.218034423987776,8.364280078895463,14463.285432516202,8728.57142857143,0.0,0.0,2.488849255808153,1.7463774601615842,0.6902421313719752,3.384831396121742,1.6921857640197726,0.664737615188206,2.472568611644755,1.3876649274973734,0.3467845278851476,0.4555779192519941,0.8173859267042157,0.36918983056970894,4.756781255805037,6.728148097310117,5.329235412512634,2.1622019692129193,4.53973864160957,7.950165294201637,6.2959553091201235,2.149907538883617,3.425335003060671,140.018069,0.0,5.665559543325344,0.5807960412744382,3.5555832355459844,14535.305719921105,15354.77599323753,13122.090729783038,14840.969287123135,LOG00008,Idle 35,149.5,150.0,36.44762845849802,11.022983727880531,28.85508648671428,22.926086956521736,64.0,3.101055190253677,7.4249604743083,14541.276115189157,8942.857142857143,0.0,0.0,1.3694837688841217,1.4332210405075756,0.5395092956477376,1.6096139745603524,2.366903182725548,0.539733234455174,0.8419973454360538,1.6877499444598238,0.0010758535852412182,0.34229738512156155,0.5427869147878956,0.31905923395512414,2.6722579458562796,4.707767347032363,4.3991922409946955,1.4501372880605303,2.9659534578383937,4.499670607180322,7.060859099663188,1.401714725646891,2.3157090327634013,149.561124,0.0,4.027278994399904,0.41375674395230977,2.3344997395895213,12985.093167701865,15463.241106719368,14094.805194805196,15621.964991530209
LOG00008,Idle 35,140.5,141.0,36.42110453648915,1.2203438108523081,40.85477923840983,22.513076923076923,88.0,1.9598613080759848,6.346074950690334,14688.045928430543,12285.714285714286,0.0,0.0,2.028272355612444,1.7688454472721864,0.9634168189922364,2.8534274859298403,2.1640152371204353,1.0939283046148962,2.2616231609018365,1.729960458083193,0.9654830413365423,0.3861146253355467,0.38086728083925786,0.27659792761488644,3.933783128614236,4.478850955645654,5.783530686381257,1.6457440963289778,1.9224753573694848,5.2969046820804095,5.3076923076923075,1.9029848876012119,2.743214467568433,140.500503,0.0,4.795274854346085,0.3514971802033647,1.78946711764908,13639.954916877996,15830.45928430544,14251.028458720768,15030.741053817977,LOG00008,Idle 35,134.5,135.0,36.107100591715984,2.481105895609148,42.836304210009345,22.86428007889546,92.0,2.138812446329156,6.496193293885601,14839.447731755425,9571.42857142857,0.0,0.0,1.3059783712154442,1.4324741313208758,0.6606508985918103,1.3060952292412156,1.3756827173793424,0.6930195697845284,0.37505633430512897,0.47407718550008887,0.6028702023669715,0.33172992142153485,0.44286293213943817,0.23932965216558996,2.2816000436333144,3.1634629624411628,6.6332421853547245,1.2476081997875554,2.44448192110824,3.7411302071465595,5.925241029892996,1.3706862593215932,1.9303978827854242,134.778449,0.0,4.442713081118116,0.3480665644361627,1.9406207876350001,16169.850662158355,15419.752042828964,11342.18089602705,16426.007326007326
LOG00008,Idle 35,141.0,141.5,34.99211045364891,0.7740979885562144,46.9216804289228,22.700177514792898,110.0,1.9658939292832223,6.289901380670611,14114.856297548607,9700.0,0.0,0.0,2.3665104280076843,1.506528024925048,0.9273277778835636,3.3551657039749667,1.583182045334774,1.1907236569139261,2.6431592981371215,1.4110619896793621,1.2253627043708606,0.43722457770583384,0.5296239567482992,0.31333751484730504,4.684067235549026,7.311000163069774,8.067051494051057,2.1149124075190766,3.096478169429459,6.172567676095284,4.760537983620247,1.983683227704676,3.266348580020335,141.421964,0.0,6.842721901388404,0.4358314908013777,2.6515119785917767,11315.187376725838,15228.261482107635,15072.161172161173,14843.815159199776,LOG00008,Idle 35,128.0,128.5,34.21360946745562,3.3938847705321424,51.84017313354939,22.932938856015777,134.0,2.370088115776329,5.7295266272189345,14360.488870104253,9900.0,0.0,0.0,1.2996039376125574,1.4450749313794518,1.0660532401888272,1.330443511150806,1.3258512987729008,2.0459814413318074,0.4839281541646933,0.7878737384710129,2.330200860775579,0.2980546222502484,0.4191529334483577,0.2556854384018932,2.442852923072229,3.29418685054289,5.665266026645413,1.0918703096492166,2.270876453436772,8.333648909212089,5.732704887349757,1.374265613329423,2.4837157355102937,128.000688,0.0,4.037921765905283,0.33161261680554815,1.7817211678412315,15172.809242040013,14685.517047055508,11729.050436742747,15854.578754578755
LOG00008,Idle 35,141.5,142.0,32.40158102766799,0.7606668792198243,41.618974190604725,22.426501976284587,108.0,1.929908214718871,5.765138339920949,13175.663466967815,7285.714285714285,0.0,0.0,2.3558799738961045,2.0350484020304878,0.9033379054323053,2.792450948815076,2.2656214163069883,1.1982437495129097,2.500054598014211,1.847727464511313,1.0264935412583862,0.3800432893278743,0.7153328833243346,0.5478795936304046,2.972386087922983,10.961246569856964,14.026692996398845,1.8163836500688049,3.820159570332833,5.830612954984239,6.676902550433411,2.2013169297049835,2.7579189672229245,141.861973,0.0,10.420046734317841,0.5645960458135456,2.991059068878682,8143.534726143422,15140.90909090909,15644.099378881987,13774.110671936758,LOG00008,Idle 35,308.5,309.0,31.86962524654832,3.10191524115463,41.304602530691845,22.102051282051278,74.0,2.08074378882575,5.193096646942801,12911.24964778811,8557.142857142857,0.0,0.0,1.0354164235378205,1.230415089584577,0.8643292085433452,1.0470128011678885,1.0988445973223273,0.8002685735444939,0.5057732559854491,0.6355791952530965,0.6731370308006447,0.3741763840733624,0.5853971719237803,0.3133455876327796,4.498254388961828,7.02800198953803,5.121941384980857,1.692712869543654,3.430643362162865,3.461823350100035,5.141776912944124,1.137103439184244,1.6439243095455904,308.640211,0.0,5.652768880939218,0.4400315415147373,2.7050499752380595,9439.983093829249,13677.993801070725,14187.489433643279,14339.532262609186
LOG00008,Idle 35,142.0,142.5,37.655029585798815,3.946639814769907,30.53797722540533,22.459723865877717,110.0,2.6643864499015426,7.5400197238658775,14638.778529163144,7342.857142857143,0.0,0.0,2.6079232906766956,2.0213202925248512,1.0921707269874772,2.9899352696528214,2.8639798614388265,1.0771538489844492,2.6204817195052126,2.1604639235106156,1.0059096909489358,0.4245834993319302,0.7551914470541704,0.46513527589901,3.5732159604416247,7.699331026096781,12.392195788293296,2.037665407081536,4.140296958189631,5.409466463171166,7.84250795131694,2.3331309023527504,3.4363456885430037,142.428258,0.0,8.672064095026924,0.5677253134202508,3.262984769594479,9550.831220061991,16446.210200056354,16604.14201183432,15953.930684699915,LOG00008,Idle 35,204.5,205.0,35.72110453648915,4.345553437415658,35.761169902926085,22.35838264299803,98.0,2.310855383764915,6.473353057199211,14210.37616229924,9857.142857142857,0.0,0.0,1.336188725986586,1.1382375774097837,0.8652435660157725,1.2627720978362669,1.0884856944308612,1.0655929396460173,0.6255432806954646,0.4250556896245009,0.9934361041254348,0.3781324953255794,0.5767589158837949,0.3280143507394392,3.560358148929688,5.052749165516727,4.4083448307559605,1.7402726058413853,3.281789652453592,3.821717242607799,5.115047222341648,1.2411658015916633,1.6614282198251589,204.697073,0.0,4.383298926042378,0.4409189061356656,2.6266606238333705,12232.882502113272,15032.431670893211,14789.630881938574,14786.559594251903
LOG00008,Idle 35,142.5,143.0,40.20788954635109,5.517997886388733,22.865332233744727,22.534260355029584,100.0,2.7977542880259523,8.000394477317554,15766.8920822767,10842.857142857143,0.0,0.0,2.135921708059211,1.863062468455504,0.9183518998107927,3.433282215561753,2.6059179541153497,1.0675402625477435,2.582314480023113,2.094121277487868,0.7606721795502867,0.5203750775793718,0.4527612195625366,0.3166518655301275,5.4016918693817155,5.3307185997698205,6.120997416048406,2.6210826386710844,2.3861435567754885,7.102101253085102,6.7388596065539295,2.004141125810018,3.2831956582507424,142.500277,0.0,5.629133894568735,0.4381975761568453,2.5063674184249356,12520.540997464073,16486.869540715696,16573.091011552548,17487.066779374472,LOG00008,Idle 35,206.0,206.5,39.019132149901374,1.7227589096106604,29.48666295272029,22.300729783037475,99.0,2.3909808623291084,7.394536489151874,15398.626373626372,12685.714285714286,0.0,0.0,1.6171637928012592,1.1211191557423623,1.1510290415633118,1.7228530708143706,1.0856475941664747,0.9647840020379965,0.5379340191212107,0.3785274767505402,0.9014157465366932,0.39576623468141003,0.49497831327690206,0.3342621371012792,2.4969305169844422,3.9739306338881453,4.2149127187226245,1.922327989555511,2.836194741289428,4.768817186368332,4.795420234643097,1.3914249699713992,2.452166204101982,206.007257,0.0,3.6419901114661917,0.4136687964333552,2.4227407527371088,13423.161453930687,14841.67371090448,15455.48041701888,17874.18991265145
LOG00008,Idle 35,143.0,143.5,26.043392504930967,4.828336265677919,24.733839713755074,22.62800788954635,47.0,1.5433820340002522,3.5413214990138067,11245.224006762468,7514.285714285715,0.0,0.0,1.4378024037083512,0.9491899136759231,0.618658647741741,1.7480023634156339,1.4425191786410476,0.7380196273125128,1.4609361962406946,1.262700434036186,0.6834136926513972,0.2819320237243334,0.5346184726915209,0.27519518708824087,3.610444089026954,9.749578494234443,4.689704821244832,1.106059861387384,2.9854918999341242,4.1812958175670785,4.188836483417874,1.2182440733148716,2.6847010324249827,143.493788,0.0,6.584904925804054,0.38342099070553615,2.251280780083257,9692.561284868976,11931.614539306845,11532.516201746972,11824.204001127078,LOG00008,Idle 35,208.0,208.5,27.892307692307696,3.1690565050421395,22.52119650841738,22.532662721893487,31.0,1.5023252425539129,4.352800788954635,11679.783037475345,9371.42857142857,0.0,0.0,0.6671787226981429,0.880976952555138,0.4639977002289153,0.6813550921336289,0.9432117614160442,0.46399769584801376,0.4104587783078077,0.7086850524052863,2.566052616897401e-07,0.25717992410936075,0.29722512625276293,0.24251675212858625,3.6379864133227193,5.110097448717884,2.960213566828141,0.7958057988841849,1.2464963197107881,2.459935375427991,2.5616655085148787,0.7814242890243632,1.111129875793622,208.36124,0.0,4.004618393810956,0.2666449975178392,1.045719834513584,11459.453367145674,11882.896590588898,11010.425471963932,12366.356720202873
LOG00008,Idle 35,143.5,144.0,19.38974358974359,3.5940139435131573,26.712371276925246,22.620650887573966,61.0,1.1518153126611015,2.38905325443787,8600.887573964497,6614.285714285715,0.0,0.0,2.059638657939938,1.0044435075591902,0.38134735315425894,2.6126175491933408,0.9769164936444953,0.340999912030198,2.2619384356289296,0.8609895298261456,0.14615369647035514,0.27729983965403915,0.35951793270797894,0.24953855846781442,2.0625703928891084,5.513534912734735,3.8076581864494097,0.6576345279391775,1.664927517120525,6.059859197301886,2.7642405179408036,1.6203422726631607,2.8048128109307355,143.518409,0.0,4.047695835262442,0.29911972919048624,1.2657935869648926,7577.23302338687,9371.851225697379,8719.836573682727,8734.629473091012,LOG00008,Idle 35,320.0,320.5,21.051084812623277,1.530509514981798,23.888521144174426,22.10986193293886,59.0,0.8778004110881602,2.518284023668639,9181.727247111863,7600.0,0.0,0.0,0.8538735931485177,0.5807095135915857,0.7884206720929423,0.792062136864915,0.4839696792492402,0.931801685858085,0.4795959366369505,0.30953521228548553,0.8367779317158459,0.27057483869784316,0.2720238630120858,0.2575500262994148,5.1567504378604,6.406413934177191,4.173821533439454,0.7679740861754968,0.9937275603743597,3.2405225185599136,1.8568068707929921,0.7301793109408592,1.1916121323629043,320.138635,0.0,5.324628336556958,0.26679564053860344,0.8880536755412548,9094.759087066777,9551.112989574529,8826.937165398704,9254.099746407439
LOG00008,Idle 35,144.0,144.5,47.2300395256917,12.447547133580434,33.033824782908745,22.28401185770751,53.0,4.676950255995033,11.922015810276681,17068.69706380576,10271.42857142857,0.0,0.0,1.3630113360817528,1.9998203492970794,0.7615665814142555,1.310492577424839,2.6375385666984523,0.717292348556788,0.2838112116990846,1.6786747568373803,0.24032628823321642,0.4295124351188033,0.6120626448449933,0.35305812142154697,5.852440690126766,6.381540318694308,8.407720413792823,1.8632456736319547,3.331843665520035,3.4250876333960694,6.944870430500679,1.7112979477212693,3.154622055742527,144.499066,0.0,6.96813895352939,0.47740676235890794,2.699339423986375,15602.90796160361,17792.828910220214,17044.918125352906,17834.133258046302,LOG00008,Idle 35,198.0,198.5,47.628796844181466,10.293668183248114,23.449378599665835,22.347731755424064,25.0,4.710419684905016,11.145207100591717,17497.266835728373,13100.0,0.0,0.0,1.6393584155484882,1.7657740593306668,0.7938612305893253,1.632655462354457,1.7573866348069516,0.7937290083023872,0.07407393121240291,0.47230242462132804,0.002251255887740451,0.377882958175943,0.5038760469222455,0.25750967844017214,2.2941424206916725,3.396249626869637,6.193606636089173,1.3585299601915726,2.435742487361659,3.299333505105125,5.712196715931535,1.7037391295668995,2.62003902757716,198.465816,0.0,4.287904077636573,0.39285189543140864,1.972111193299819,17361.566638489716,17882.38940546633,15831.445477599324,18913.66582135813
LOG00008,Idle 35,145.5,146.0,21.34102564102564,5.627410141856375,36.182289065468595,22.6067258382643,128.0,1.5331373455733983,3.3556410256410256,9130.5438151592,3714.285714285714,0.0,0.0,2.0714181085353234,3.474631104631922,0.7556677745335639,2.176977865418834,3.5317957758682508,0.5818648286642839,0.7460138282920606,1.6383447706665928,0.36500115499237196,0.40334630655118076,0.4527648153363287,0.33712215567265735,4.475600775604567,7.253274227920125,3.721492986076606,1.9128421585889892,2.3451425379950406,5.938873374851888,7.6377552801802375,2.8604050669130507,5.29864914198694,145.91875,0.0,5.369373004160414,0.4005561004655064,2.1399367569146994,10097.154127923359,8605.438151591998,8391.2651451113,9428.317836010143,LOG00008,Idle 35,261.5,262.0,23.52682445759369,2.083822910858783,30.41402570966621,22.404516765285997,105.0,1.2226206618909605,3.1822682445759365,10038.856015779093,7285.714285714285,0.0,0.0,0.8430058990128313,0.6923164923951807,0.7319519238041121,0.8841802238594292,0.5464011072893479,1.1401292209614555,0.6270705368807313,0.3559932938931664,1.026661446326469,0.25634326795989254,0.33316744782072477,0.28557355461170636,2.970113613992317,4.226912745699993,3.3636611399311027,0.7015290361397568,1.4224925607993046,3.309778709896065,2.302130048746426,0.7713498140963014,1.2343250395378333,261.517175,0.0,3.559147018789106,0.29340794945450827,1.1215230880540397,8296.900535362072,11064.468864468865,10654.381515919978,10139.673147365454
LOG00008,Idle 35,146.0,146.5,44.134122287968445,9.178553134446103,15.548330118657391,22.465305719921105,131.0,3.717626610339836,10.268599605522683,16365.152155536773,11314.285714285714,0.0,0.0,3.688482744334055,3.267575993823021,1.1788304850743738,3.899636865648343,3.385452194382008,1.150256281801421,1.2853852041250868,1.2794993489994229,0.3357507743437896,0.5832389333314489,0.7877059682382189,0.49950560052781906,4.878523409701643,8.273708083224921,6.02742849167464,3.1600192629301924,4.7477379098310175,8.618016997112774,9.925362487729126,3.484390752388327,5.952835666442981,146.321273,0.0,6.546860069979594,0.6351257593869036,4.032786691763928,16952.80360664976,17158.918005071853,15209.946463792618,16138.940546632854,LOG00008,Idle 35,112.0,112.5,45.74063116370809,12.902431845610595,16.975329554032353,23.03721893491124,130.0,5.4862630479700485,10.360749506903352,17375.697379543533,5242.857142857143,0.0,0.0,6.274765902652232,10.430336547957983,1.60011772015422,6.207900997666622,10.357965853476275,1.6000681211900805,0.35495183962448107,1.824169706962737,0.00047576471153468273,0.5476554815892046,0.8815865748763524,0.4487155025889675,2.868909417732665,3.998099748874416,5.735936812415073,2.399287230904448,4.357644171501924,14.492737758331081,20.836264093658215,8.607107749899365,18.229002170468192,112.09799,0.388560157790927,4.363347872338518,0.6528059992015474,3.51750209252289,16895.801634263174,17871.09044801353,15309.636517328825,19426.260918568612
LOG00008,Idle 35,146.5,147.0,39.264426877470356,13.773150807624024,24.21000808292494,22.528774703557314,99.0,4.3326569389979115,8.453498023715413,15448.228402032752,9757.142857142857,0.0,0.0,2.173977244974457,1.9687737499474502,0.6313080610350986,2.470552065627575,2.2998960055965343,0.5755928568166162,1.4788540029855464,1.3343897516725947,0.21572532311777315,0.3695598732551939,0.5314839049273089,0.29772689682660763,8.827125070139218,5.71935323088979,6.745427263995492,1.4847954374620551,2.8120067326660663,7.022971905635945,7.164360630307963,2.0739150344395596,3.200086217177768,146.603434,0.0,7.214104873034572,0.41137612400785456,2.2485550199703166,15464.313946922643,15896.809712027101,14019.11349520045,16412.676453980803,LOG00008,Idle 35,90.5,91.0,43.0207100591716,16.00462904834429,33.60764225768045,22.949013806706112,90.0,5.647350454659722,10.123471400394479,16694.265990419837,6785.714285714285,0.0,0.0,1.8008672014003655,2.178659729542077,1.5175409549382723,1.7265105047601108,2.2431450016946246,1.7562784459492446,0.6757351924036251,0.5531438297701033,1.70970462264334,0.4481317667367625,0.7736958510304511,0.3980516611485278,3.1009210040695225,5.491897295851643,6.1517794798769,1.8501059864844278,4.017028904761375,4.1562196447854145,6.795839311863011,1.9987096955546018,3.4968671596698626,90.795983,0.0,5.086617663067688,0.5650582492697688,3.1272522590058096,18472.330233868695,17714.370245139475,11719.752042828964,18870.61143984221
LOG00008,Idle 35,147.0,147.5,22.19033530571992,3.760309338013344,30.872858360232136,22.638757396449705,47.0,1.2897764136369032,2.9512426035502957,9816.272189349113,6928.571428571428,0.0,0.0,0.9678001279689602,1.8461691639672435,0.49516277217958954,1.0211647005107132,2.0702592898797194,0.4825846102759597,0.49208992469968027,1.8080104362840301,0.28547874287179514,0.2978112748533781,0.35668470927085094,0.2515660927442287,2.4511530464527453,6.394148323667496,3.773233602578697,0.8870040569057283,1.6387256139447477,2.6032902864609344,5.244138269848907,1.4739365097724266,2.822480805521603,147.433146,0.0,4.514073395571653,0.3050688645076843,1.317611064534184,10098.929275852353,10000.309946463794,8468.272752888137,10697.576782192167,LOG00008,Idle 35,318.5,319.0,22.403952569169963,1.465379185007445,29.92232669256169,22.199624505928853,36.0,1.0429123995413352,2.875474308300395,9599.717673630717,7071.428571428572,0.0,0.0,0.6407290506142514,1.7135773493523203,0.6008279879902588,0.5716776824917268,1.4836838375435968,0.4703099381189971,0.26401218379765196,0.8525168510070327,0.33448348638823355,0.31305208146760327,0.3705142243385852,0.30261827665246543,4.440793705016099,6.671739807417713,4.299346789018111,0.9193533062692438,1.4265701432036262,1.7119667168276642,4.63638301166222,1.2936152922168098,2.9693290267370784,318.784073,0.0,5.250940982358403,0.330080908017277,1.2000651805689984,9913.438735177866,9254.009034443816,8407.933370976849,10823.489553924337
LOG00008,Idle 35,147.5,148.0,34.843786982248524,8.821435692142167,36.93957042607767,22.425009861932942,43.0,2.599267858345754,6.651005917159762,13759.129332206256,8057.142857142857,0.0,0.0,1.939615098670036,1.900780471647819,0.7834505560471402,2.959099436118721,2.29541989639048,0.8209965329047293,2.151521331275086,1.8094803228543808,0.5103350234005092,0.5004424044405069,1.1249250157825437,0.4194351542177921,4.871603024573218,8.270647867966355,6.189654566082458,2.334145427784642,6.704368742281648,5.865016802254686,8.768218565064041,1.920295957969302,2.8157642183327605,147.820872,0.0,6.59413769526521,0.7509604383475105,5.019800549351097,13898.788391096085,14146.520146520146,12159.678782755705,14831.530008453086,LOG00008,Idle 35,188.0,188.5,32.90394477317554,11.043267256439428,36.205155946485775,22.64169625246548,70.0,4.0449991186586605,6.811262327416174,13087.728937728938,7242.857142857143,0.0,0.0,3.8289718150078214,3.108801431567085,1.4106803737404865,3.4559325449490697,3.2625186570160714,1.9144309140041118,0.647607179430634,0.6391640429125197,0.9213554921453947,0.8014899250859854,0.9752520306143649,0.5077156173837644,4.2851948561149475,6.297902465905646,5.429046396485065,4.250488649431077,5.952223585917351,11.14960131428275,10.675877433464613,3.487525734746472,6.37743680898437,188.389873,0.0,5.40064857833828,0.7855524110176987,5.171828466591542,12802.02874049028,12831.473654550578,13299.915469146237,13417.497886728655
LOG00008,Idle 35,148.0,148.5,30.821104536489155,5.370902719157918,46.88245904207305,22.464201183431953,35.0,1.4686409930096145,4.817317554240631,12838.179768949,8942.857142857143,0.0,0.0,1.2921067585739392,0.9591679568307525,0.6352541793406613,1.6082617675787516,0.8687743766579874,0.7762606727688302,1.274178586795993,0.6423093666670802,0.694117025080996,0.3269618921493077,0.5556634545595881,0.26205863790389505,4.317033370836613,10.260401570834729,5.218108801608549,1.278593035337847,3.0365496761818322,3.4930192429977627,3.8579306877290445,1.1378802759876216,1.61296509013419,148.278645,0.0,7.097916994563246,0.40180454757298617,2.3297461327293187,12183.544660467738,13630.515638207948,11912.369681600452,13626.289095519864,LOG00008,Idle 35,183.0,183.5,31.693293885601577,4.479371345546587,44.512513063586724,22.497140039447736,52.0,2.3598075621752015,5.7604536489151865,12869.836573682727,8000.0,0.0,0.0,0.9909273988079891,0.8574321728701705,0.8138633722158808,0.959127050486461,0.8624547066489876,0.7513173240708978,0.36887180984380924,0.3081480740309755,0.47889705369110264,0.3327686559762486,0.430255751355196,0.3267096891075246,5.474790489619282,5.2545349181833645,7.904708389293401,1.385597156142878,2.3143490797653254,3.0801265375272306,4.280362019012727,0.9265870279637065,1.3919581826622245,183.448133,0.0,6.3263439370987795,0.3663305478804621,1.9073661345061463,14959.030712876867,12552.352775429697,9169.258946182023,14798.703860242324
LOG00008,Idle 35,148.5,149.0,38.08856015779093,7.758854920816504,51.51926502495843,22.543510848126235,74.0,2.638072659484566,7.719546351084812,14795.259227951537,10557.142857142857,0.0,0.0,1.3128517776586552,1.6022805840230823,0.7840005359551163,1.2346365306778029,1.652372683049959,0.9882431565885892,1.1075085874354957,1.0132240009490459,0.6822386143570064,0.34148726942031477,0.42010238588674803,0.3082483026541911,6.768410631633594,6.749934434305566,6.657262425810001,1.5126998784438932,2.1497561487441756,3.379366559459815,6.096851452441341,1.4647325455588884,2.567802269537819,148.929789,0.0,6.725378312827128,0.35968346542159846,1.8587243503687627,13714.370245139477,15981.769512538744,14199.295576218654,15285.60157790927,LOG00008,Idle 35,131.0,131.5,37.43557312252964,7.986418768796308,56.07183724670419,22.767984189723318,44.0,2.0025462393119104,7.223102766798418,15514.257481648787,6085.714285714285,0.0,0.0,1.7167220467824866,1.3532543336784935,0.8949060282138526,1.8508218997982853,1.434646620580951,0.8572734689245572,1.0754372707643733,0.20867244818662103,0.31264468723297106,0.3522667500045884,0.43347150832867026,0.29830780148113323,2.144546382842656,3.040666048833237,5.245224778646297,1.4537442615942258,2.3191237855245768,5.974749238126904,5.025036133431529,1.545708879046872,2.663041191156735,131.414232,0.0,3.712910457094978,0.365594017144717,1.9354208212561923,15212.648221343874,16162.168266516093,13979.33370976849,16702.879728966684
LOG00008,Idle 35,149.0,149.5,33.122134387351785,4.61089363447285,58.638899697596656,22.45930830039526,90.0,2.266364930442594,5.546877470355731,13721.259175607001,6914.285714285715,0.0,0.0,1.5430226038921164,1.3514043277595262,0.7158750182211874,2.227119623488644,1.5974627832834378,1.0365755206909097,1.7373280749207232,0.9038164887419662,1.025482329234979,0.38248754099023213,0.5950448409942861,0.4473526480154679,4.7259266265139255,7.100060292241112,6.5260710783304665,1.7303315604448501,3.325840993383741,5.067138179294427,5.964320793656581,1.4503814003925286,2.0750386966522747,149.06791,0.0,6.200398975121778,0.48321819553666123,2.650968278039484,11481.338226990401,15686.420101637494,14410.813099943536,13306.465273856578,LOG00008,Idle 35,177.5,178.0,30.715187376725844,2.126916380199598,61.34692085966014,22.59861932938856,61.0,2.03488379941034,4.827968441814595,12844.082840236686,6428.571428571428,0.0,0.0,1.936314584942728,1.6772100182469223,0.8919486713337512,1.9639448243610678,1.6138123502808928,0.9045449851073163,0.41434731613712283,0.37988477759155886,0.4534456029781405,0.39353434977133256,0.5752101284217406,0.36798360539833497,4.646016974694819,8.083009003603886,6.940324077845635,1.5925307363465495,2.883698572561223,6.00591424490558,6.083897328696007,1.811401062322998,2.598351751544617,177.979551,0.0,6.710405019744035,0.4550267062238794,2.32936381911458,8279.543533389686,14246.351084812623,14499.85911524373,14350.577627500703
LOG00008,Idle 35,149.5,150.0,28.098422090729787,2.1973171456135923,53.61832466309968,22.6203550295858,101.0,1.871853349716491,4.630887573964498,11627.049873203721,5685.714285714285,0.0,0.0,2.0399763783758935,1.5938913985070746,0.9006794572579523,2.2419452238249535,1.6161611939392722,0.9139589767516176,1.0204517403196527,0.5703081094103087,0.5535406521227215,0.3705244568943438,0.6848686107540409,0.4437085137255993,3.5784976815097247,10.637858319019196,6.671602659370459,1.5633540719789027,3.734008223543308,5.350625320604967,6.633695588415503,1.8305727812035315,2.8204109385545326,149.927218,0.0,7.53834547091547,0.5174329690261334,2.8624197253252426,6563.341786418709,14139.588616511695,14459.70695970696,11345.562130177515,LOG00008,Idle 35,162.0,162.5,28.29920948616601,0.8957957177689864,52.38658964310968,22.84146245059289,105.0,1.8211639770425578,4.540098814229249,11940.704404291362,7342.857142857143,0.0,0.0,1.746384076676399,1.8374237544433834,0.8907603078266263,1.818405765928644,1.9159836315668566,0.9507846116223825,0.43933790803011175,0.5179590981684713,0.5052792784248508,0.3650772706916552,0.5112186480016897,0.31682502594340095,4.1325766945158335,8.46739223757689,5.454236497532959,1.5807835100306642,2.8285007664575446,5.30642089989085,6.299350615882417,1.7924819938651677,2.5489483561724184,162.290918,0.0,6.285528808622054,0.40620356830222476,2.2912107161319524,8358.130999435347,13412.140033879163,13483.34274421231,12509.203839638623
LOG00008,Idle 35,150.0,150.5,33.17573964497042,1.6779058503589845,39.947755663052966,22.46577909270217,101.0,2.157548043786923,5.737830374753451,13379.16314454776,5914.285714285715,0.0,0.0,2.8069248347940308,2.2766309668415956,1.190885278518384,3.0994043986463495,2.3188065393665207,1.220161838718575,1.1604274785492532,0.6190765062530877,0.8280723730966749,0.464624864798839,0.8139522429035555,0.5871694496970556,3.3329182711866543,7.339578081339013,7.561130791321115,2.2372166629241708,4.447500096574135,7.42218009727935,8.226214891421339,2.5555699547621074,3.6601729047754583,150.115652,0.0,6.380920765791987,0.6385302084669688,3.520326370231354,8027.190757959988,14970.047900817131,14183.6291913215,16335.78472809242,LOG00008,Idle 35,214.5,215.0,31.70355029585799,3.68939351062843,38.79626462677164,22.484753451676525,69.0,1.5811657457182466,5.16757396449704,12904.149056072132,10457.142857142857,0.0,0.0,1.4705359785146919,1.5170404643437123,0.5237444074697188,1.8613070000206051,1.7968879125697959,0.5222113136610528,1.386122071191959,1.3692660412898137,0.007011979031800135,0.3057328645399244,0.35730504951474507,0.2763041235737368,4.085406115363077,6.195371102071593,4.167292594852494,1.1952225745593452,1.8599011323252845,5.946341258200236,6.380443493331606,1.4939691821725019,2.377548640851592,214.970389,0.0,4.913908620468444,0.31489863531638934,1.5632960731673877,11989.715412792337,13551.620174697098,12374.640743871512,13700.619892927585
LOG00008,Idle 35,150.5,151.0,28.365680473372784,2.81963488908842,27.454878111433857,22.559171597633135,67.0,1.6824163935890653,4.343491124260355,11951.859678782756,6828.571428571428,0.0,0.0,2.0093863674256864,1.9510392224771531,0.7650917997123762,2.682689153036421,1.7659449434580115,1.0986522774609857,1.4149778075974961,0.6540953205505515,1.0866267921019466,0.37460800302760877,0.5377411260846632,0.36016214948477476,7.427287560540044,9.21332025718059,12.200070706970832,1.698300659745386,2.9198511686561477,7.1959061339596,5.5993800727590415,1.9804276837643493,3.1034957320967704,150.762838,0.0,9.813113605840822,0.4317458544624866,2.3884886411697965,8102.451394759087,12559.904198365735,12566.751197520429,14578.331924485772,LOG00008,Idle 35,145.5,146.0,28.96074950690335,0.29462279962342075,24.492765976741822,22.842879684418147,63.0,1.3458700976158033,4.407613412228796,12383.720766413075,10500.0,0.0,0.0,0.6651992153110107,0.5400198457172286,0.6090283902164736,0.6527739200553005,0.4762843633976333,0.6799277458285662,0.34607226532482654,0.257137674745679,0.5580018655166805,0.26559802774269925,0.3049272680218009,0.24896515941208505,3.5813789467169452,6.978035146617397,4.383370791674454,0.8139925966589137,1.4478933452546434,1.985648707338394,2.2232410550713197,0.6058512316645248,0.8321418058763899,145.986776,0.0,5.187587402146261,0.2741694133956447,1.1745167275624908,10938.207945900254,12633.192448577063,12221.837137221753,13741.645533953226
LOG00008,Idle 35,151.0,151.5,26.031952662721896,5.128983729393037,21.179356992067937,22.51041420118343,37.0,1.9969324190245206,4.369842209072979,10811.43279797126,6928.571428571428,0.0,0.0,1.547498739783681,1.0649507022606395,0.5949736877718801,1.7758655610897074,1.134699360685694,0.7836354649370703,1.4239540835970488,0.7006213735202845,0.7487300240023447,0.4556241379215318,0.6901454903493962,0.5003278806679331,6.270316416369712,10.35226861665461,5.9034114762119145,2.116460801755247,3.928730688746748,4.5771924075032855,5.475604854325233,1.3283208098719057,2.0543588230973544,151.373524,0.0,7.774672566100733,0.5580388699364985,3.1554976746994248,7788.081149619611,11062.97548605241,11723.189630881938,12671.484925331077,LOG00008,Idle 35,219.0,219.5,25.384023668639056,3.899638528668028,18.931599692976427,22.428402366863907,21.0,1.405711770371104,3.7779487179487177,10743.322062552832,7685.714285714285,0.0,0.0,0.6758485692025296,0.8324829222544369,0.5414080768298799,0.5991593180482194,0.7063195444992113,0.5482194486219804,0.2912624532003009,0.40463739472858656,0.3965259408802335,0.2503633358994615,0.3961475291295837,0.2782012610669327,3.708942830709614,6.051061662825765,4.124560746981051,0.7804649691763565,1.84036858366713,1.6928903425891348,2.5953227539631096,0.7582213081740692,1.1352882561673225,219.000596,0.0,4.739325040703891,0.31464827265663514,1.4135207978414062,11311.749788672865,10903.381234150464,9288.27838827839,11469.87883910961
LOG00008,Idle 35,151.5,152.0,35.637475345167644,6.768497624698259,25.305781439561002,22.54441814595661,56.0,2.470972581727496,6.783293885601577,14424.873203719359,8557.142857142857,0.0,0.0,1.1630021454425994,1.3942764794799363,0.48611404214232273,1.1880134721312001,1.613965272810367,0.4887293832604523,0.2425815344863609,1.458883391424276,0.027971763673790187,0.4460681479220686,0.6054449707450872,0.36661534615184027,5.369247323526802,6.220624216383178,7.5389337517667,2.0734286105322184,3.4733785540479083,3.5612421652239314,5.961248959058309,1.2838576423293693,2.121469717234106,151.983227,0.0,6.438439370328281,0.4830276794088092,2.860372771396545,12159.453367145674,15318.512256973796,15013.412228796844,15208.114961961117,LOG00008,Idle 35,168.0,168.5,34.66804733727811,4.373693632374087,29.77787313750799,22.645167652859957,52.0,2.714041480211943,5.990966469428008,14276.838546069315,9314.285714285714,0.0,0.0,1.2400207415327607,1.3399650260258762,0.8123002310635546,1.2679977592629839,1.5646797103562025,0.8716244797486002,0.1937373734612807,0.5378478812794389,0.35948288264837586,0.43365569554613637,0.5990432806482664,0.3115965203957306,4.198169560231904,5.417985594659007,4.196088923465725,2.138913687087282,3.6289717797821055,5.2918753550301565,6.2631321603167285,1.2909604390538043,2.999473051122438,168.000275,0.0,4.639912276973276,0.4633222441930194,2.9786228310466063,10842.547196393349,14776.669484361792,14618.399549168778,16869.73795435334
LOG00008,Idle 35,152.0,152.5,28.173122529644267,3.2048488665947663,30.831973578165346,22.54393280632411,30.0,1.5289533090342116,4.188339920948617,11744.536984754377,8557.142857142857,0.0,0.0,0.8642132316582403,1.4013725841342708,0.4631483377843774,0.8473780411092372,1.2123540420387011,0.46314830986315925,0.32001221242178113,0.9115756114374267,4.3645218334557933e-07,0.2797301480274649,0.43937262645680414,0.25542546564268265,5.581398718396114,7.7004658747902575,5.907875765485445,1.0125196562381353,2.215102654467902,2.1269027751685696,3.929467071048006,1.1641970686564072,2.0709968990046965,152.000985,0.0,6.464059158220767,0.33493254499665004,1.7221898594666227,10275.437605872388,12356.60643704122,12265.782044042913,12080.32185206098,LOG00008,Idle 35,256.0,256.5,28.430374753451677,2.869650834994856,29.45621917674867,22.328895463510847,24.0,1.5899356000082085,3.716903353057199,12018.110735418428,8842.857142857143,0.0,0.0,0.8809372915116539,0.6846133928594984,0.5447455635728454,1.461626768200565,0.6549790820324674,0.5447456080676377,0.9837558553930855,0.40207384541545826,1.2628669347357014e-05,0.30544163828892545,0.36407829546442044,0.2562221069410971,3.5652837964059265,5.946132679605196,3.442348573739194,1.138969883175135,1.8671475047121164,3.811122516050506,2.610478052148592,0.7889062077517462,1.4622598331182421,256.324824,0.0,4.469060531234268,0.3117142749988817,1.5465271092245139,10600.788954635109,12621.02000563539,11875.20428289659,12975.42969850662
LOG00008,Idle 35,152.5,153.0,27.94990138067061,2.409140833647792,33.67973776654978,22.560808678500987,22.0,1.4042942434400325,4.256015779092702,11887.764158918004,9400.0,0.0,0.0,0.8917853204930591,1.189239132434538,0.5660842210963251,0.8619962070683324,1.1386244729335264,0.5660842210963916,0.5082504809161693,0.870638350766301,7.056105405867388e-12,0.28088667284035285,0.41477020498746825,0.23801188679672208,5.227526296733018,8.273086091455758,3.9106176533195343,1.045327948842873,2.313130717947974,2.3742537496759057,3.753499353463339,1.051087715645217,1.7425506658018457,152.548536,0.0,6.084513540953194,0.32019853434039186,1.7948933448740847,10860.101437024516,12487.207664130741,12051.225697379543,12152.521837137221,LOG00008,Idle 35,209.0,209.5,28.181262327416174,2.153091439251939,31.38218055158034,22.534358974358977,30.0,1.362441364391521,3.9391124260355035,11936.622992392222,10257.142857142857,0.0,0.0,0.7295855335776735,1.0015043687175047,0.5015436607228174,0.6955890870140454,0.828262659546809,0.5015654673683373,0.1796819109953604,0.5698138665126535,0.00033266010708422775,0.20705136605644947,0.29675161439820996,0.2456689366516252,3.4601241347726712,5.574933412574163,3.096248474641859,0.6171214844922006,1.2755093101977395,1.6835437406337914,3.910991944272665,0.8761581054142186,1.7224460186639328,209.499768,0.0,4.188838192124168,0.2525107359231325,1.0019388521818515,11435.981966751197,12422.654268808115,11082.55846717385,12805.297266835729
LOG00008,Idle 35,153.0,153.5,25.43491124260355,1.7103652394962763,33.89610921135733,22.655384615384612,17.0,1.1570643057727956,3.6576331360946748,10937.85573400958,8942.857142857143,0.0,0.0,0.7032600964820043,1.1545815861093391,0.4896345479764278,0.7823625157917268,1.1092197789809206,0.48963454797642764,0.5070158537974613,0.7953348915723724,7.943431904819465e-14,0.2374020578624248,0.32461877704561376,0.23489225587151671,4.218824473566557,10.919287927194983,3.404235625643071,0.6595452445352915,1.3651762882351113,1.873199332597834,3.0592440829352534,0.9559376031642008,1.585489582718782,153.416727,0.0,7.038421910500669,0.26889369606861013,1.0720788747915224,10139.673147365454,11433.220625528316,11024.626655395887,11153.90250774866,LOG00008,Idle 35,186.5,187.0,25.917554240631162,2.2627651335963472,34.3884123289121,22.55102564102564,31.0,1.3962529344109527,3.520927021696252,11264.94787264018,7971.428571428572,0.0,0.0,0.796041514243212,0.6149081433376661,0.5509180993029024,0.6953523294300402,0.6452616608373798,0.496842601531337,0.3957117068652782,0.23837839502364105,0.30981429091549284,0.29605710345209263,0.3321455852043199,0.2786460503178158,4.305298828270395,5.488227992004092,3.70566135081595,0.8130722416446239,1.6426831113448557,2.2444320763096517,2.6487316007293322,0.711264408339684,0.9860619562996494,186.911007,0.0,4.5602693831196275,0.30310290861514455,1.2960505920739802,9191.2651451113,11888.193857424627,11922.851507466892,12057.480980557903
LOG00008,Idle 35,153.5,154.0,23.683234714003948,2.174909594833378,32.930754944652705,22.66102564102564,2.0,1.2698273768213728,3.245601577909271,10201.951253874331,8785.714285714286,0.0,0.0,0.5497565999356853,0.5631696545953523,0.4717044004356771,0.5397798076483523,0.5490307474028002,0.47170440009575354,0.0868437482313266,0.2986614666921709,5.044908760358735e-09,0.24755131332498775,0.29799897847715384,0.2311225860702065,2.855947630620853,7.723518903071139,2.9536403959708117,0.5788886360593247,1.1433004404570328,1.3910108707711635,1.8589301497837802,0.5565035395349671,1.14414521431122,153.507493,0.0,5.050847212882763,0.2604500551571795,0.9061589126935383,9398.224852071005,10880.95238095238,10374.18991265145,10154.437869822485,LOG00008,Idle 35,256.5,257.0,22.360749506903357,0.9467779004996422,32.90673834472737,22.419092702169625,21.0,0.7058664073498784,2.743688362919132,9772.111862496478,8000.0,0.0,0.0,0.6899473221803634,0.6261846512182271,0.46652986440916294,0.6858401042456129,0.47012577883013396,0.46652950139687144,0.3874988813772073,0.30929786517940416,3.576219134677699e-06,0.22593193251313598,0.2924067666848657,0.22335355024283218,1.9656580050841723,5.411659123889172,1.8549155052587118,0.5213403981657557,0.8746754161498613,2.318351451285272,1.7518657284655101,0.6588378119101644,0.9591143262259957,256.571467,0.0,3.492400196511161,0.24928816239999252,0.7200183658687332,8684.784446322908,10509.185686108764,9503.381234150464,10391.096083403776
LOG00008,Idle 35,154.0,154.5,26.2560157790927,3.0808593897860184,32.200014742798466,22.643471400394482,5.0,1.5664248952921243,3.559546351084813,11254.247675401522,9371.42857142857,0.0,0.0,0.6715980731511743,0.8039709293551112,0.5124724095087511,0.6071715634883518,0.7750735313287299,0.512478256129994,0.22995675098524357,0.5463305863666296,0.00033233641058774113,0.3058917549732773,0.373377155482399,0.23292324547711205,5.458588554406945,7.94855686109453,4.221524429970271,1.1540504962892255,1.7743230786117394,1.9143391235825735,2.602532524754746,0.740747334490139,1.077569716181031,154.064912,0.0,6.077198194705387,0.3094260839470121,1.4966721309758608,10475.091575091576,11825.077486615948,11246.153846153846,11470.667793744717,LOG00008,Idle 35,225.0,225.5,26.47588932806324,2.4732025651901592,36.95397657451816,22.48871541501976,28.0,1.6577500082564522,4.144209486166008,11112.429418407679,8414.285714285714,0.0,0.0,1.0824679483702446,1.5532833774732187,0.7963147893913858,1.0321985367648723,1.4174674856346061,0.8700840078666715,0.2535692905860764,0.42334138656607334,0.3737591280262159,0.3341306860065242,0.3801642005580421,0.2917309058035806,4.653759636662773,5.161410762415752,2.8096925478421535,1.2728202677789326,2.009684813254304,3.5597663910561996,4.911267999171272,1.3387356180335783,2.085411551287926,225.223946,0.0,4.32789448529777,0.337280820740474,1.6820975718866338,9578.317334839074,11361.744776962167,12141.981931112365,11367.67363071711
LOG00008,Idle 35,156.0,156.5,17.07593688362919,7.751193383970029,29.904920601380805,22.60128205128205,85.0,1.4150684635327668,2.6359960552268245,7653.205128205127,3442.8571428571427,0.0,0.0,2.2792064149051123,1.7714342284993068,0.7009790053050959,2.0295710113919814,1.473340184868906,0.5654324520242265,0.6816285072473085,0.6166507364621892,0.35338852360012685,0.3066029428472135,0.4203784796297101,0.2924663658834463,2.118460307809531,5.558968056596328,3.3257404925322076,1.056792378612701,2.0535993556652508,5.169703885552808,4.58859747901879,2.041171368068289,2.9480992241139496,156.381406,0.0,3.9349099843025295,0.344606058116331,1.6331075355105407,7988.278388278388,7443.082558467174,7293.293885601577,7888.165680473373,LOG00008,Idle 35,187.0,187.5,14.008678500986193,8.41758535591143,35.83401639577188,22.82777120315582,55.0,0.8342699191899379,1.952603550295858,7854.092702169625,3171.4285714285716,0.0,0.0,1.1264541401586663,0.626668779784436,0.5046352312329028,0.8970756790727182,0.5574017769972069,0.5558269210650703,0.45847235017863075,0.3458175182362069,0.39949103535414693,0.32450723969561435,0.3199623822953829,0.32290773288668473,2.0587040908741585,5.254964983721919,3.0078528387699848,1.0918109345903433,1.155675780828225,3.1883664270865704,2.1178307535286467,0.9114857896415925,1.7485754354639824,187.412182,0.0,3.6923388348318458,0.32246461235150653,1.1241969639000022,5973.7390814313885,9241.701887855732,8385.8269935193,7815.102845872077
LOG00008,Idle 35,156.5,157.0,42.30986193293885,9.109101013970184,10.208762802342518,22.376883629191322,93.0,3.910313377310155,9.674990138067061,15781.875176105948,10842.857142857143,0.0,0.0,2.1974980002364526,2.384872689619418,0.9008395617644567,2.1796484235162055,2.447550431001404,0.9222061968515438,0.14993494900033028,0.6824391259985818,0.28580111762543137,0.5980477393391478,0.6139708985168315,0.4156173182212176,5.671733475705759,6.690358423808783,7.177180451641209,3.0311632175557714,3.5433241002399343,6.830001111813726,7.706909218625974,2.2930999985538967,2.850084536460848,156.779,0.0,6.543224885174259,0.5499573068156072,3.2972030670557886,15473.908143138913,16650.380388841928,15174.330797407722,15828.881375035222,LOG00008,Idle 35,270.5,271.0,37.42544378698225,11.696205640333208,18.74083763487184,21.952347140039443,74.0,4.6202700631363625,6.866785009861934,14295.287404902789,9371.42857142857,0.0,0.0,2.2810370663703528,2.7033533729421975,0.7810126551128993,2.241818442142019,2.6488170372306707,0.8208166203141951,0.49747332942667855,0.3814923887424106,0.22763668224370898,0.3940462889198669,0.4864832506449673,0.31824063905781486,3.568614278400901,5.2229324254021,4.969018167523898,1.8297081861393087,2.7042190906282966,5.293738625872386,6.977704702775273,2.5011247027240993,11.313915232119099,270.50005,0.03944773175542406,4.6441781668918924,0.4054690844431667,2.308747813918156,15516.060862214708,14660.214144829528,11997.435897435897,15007.438715131022
LOG00008,Idle 35,159.5,160.0,38.7199604743083,3.58999719224611,59.31746705869605,22.35606719367589,138.0,4.047110208281846,8.243023715415019,14799.809429700734,9157.142857142857,0.0,0.0,7.125942656545142,5.362765278540631,1.680225833331458,8.024402773746989,5.6895808905189735,2.011736510697209,3.3813839672725905,1.2821309006648605,1.3358104833258693,0.9682643617676306,1.0138972107429458,0.6211401709138075,6.100587786008507,8.593715084088913,6.107130394507786,5.477627213642935,6.436238036914702,17.41665642276429,15.022118080369138,6.306279020828789,11.303093586648574,159.996238,0.274703557312253,7.032452202392712,0.8853132289655896,5.976184399743257,10732.72162619989,17179.220779220785,12746.103896103896,18541.191417278376,LOG00008,Idle 35,150.5,151.0,38.554635108481264,5.422958101534272,53.820869164250595,22.93759368836292,105.0,2.5963921475605694,7.88041420118343,15382.931811777964,10614.285714285714,0.0,0.0,1.309612153575609,1.2641572682957247,2.1514401695734846,1.3803188934480393,1.319890728597532,3.073498344045182,0.5875156891593931,0.45640710483743097,1.7955814249972046,0.390298937195524,0.5429669793045867,0.36919224283977903,3.3178048962597706,5.277029115239283,4.811111321121327,1.8303068115264975,3.1377875411926417,4.422017710408192,5.498072102490241,1.2870853879556428,1.5757581933558873,150.780527,0.0,4.546121341574235,0.44100238592104746,2.568631316283446,12633.16427162581,16725.133840518454,15967.737390814316,16205.691744153282
LOG00008,Idle 35,160.0,160.5,34.20828402366864,4.071482874220424,19.45135841785452,22.43455621301775,64.0,3.1040903931192783,6.420177514792899,13710.411383488306,8814.285714285714,0.0,0.0,5.851114107577147,3.6877888608341474,1.3930395290869477,5.896023406369987,4.503332989610751,1.8136820985720594,0.7937387036945656,2.0568869257194984,1.2525964579494941,0.8326097041983908,1.192672542620579,0.5517289860396445,5.639466354868199,10.073049113370942,6.084146210341703,4.646239657657674,7.514623772421694,14.338951240674673,13.575996917637111,4.890568626549513,11.29843437889927,160.002157,0.1873767258382643,7.534072256907035,0.89816694578137,6.24728394574139,11230.149337841645,15895.519864750633,11162.073823612287,16553.902507748662,LOG00008,Idle 35,206.5,207.0,34.30966469428008,2.3337514318277854,21.668593602002097,22.39570019723866,52.0,1.9916685737483686,5.824930966469427,13982.988165680474,11485.714285714286,0.0,0.0,1.0006081216457263,1.144004519116281,0.659209880621415,1.003813396342576,1.1185517714137385,0.6877925015241042,0.43190639329027986,0.4687715093356251,0.5199633621855745,0.34243846981055104,0.3706543858816647,0.28005159823987447,4.183924559274692,3.9214868660222906,4.459245701270464,1.413461804408337,1.8496123279042136,3.613201741455574,3.9807227793648035,1.074700645031411,1.457215869519068,206.614987,0.0,4.193970123180276,0.33320548067532035,1.6460467848843956,12483.741899126513,13653.846153846154,13772.471118624964,16021.89349112426
LOG00008,Idle 35,160.5,161.0,31.484023668639054,4.970850056028515,11.574651365966,22.337692307692308,24.0,1.9790051109899491,4.940552268244576,12880.973513665822,9171.42857142857,0.0,0.0,0.9683337806631372,1.5850906279710415,0.5135281026448268,0.9395134851379001,1.8791249928215683,0.5511859127561936,0.6907057368663676,1.5241113189678068,0.16137630251280718,0.350302348290962,0.5466399728491279,0.28677067893766717,5.731890041004547,9.30822662763962,5.274008159258751,1.5093230431822366,3.0896216325116983,2.5964624697849903,5.27058751015194,1.3134273123502105,2.401250881492401,160.986754,0.0,7.007443862484004,0.40978222567319356,2.431441741103942,11185.686108763031,14091.744153282614,12110.228233305157,14136.235559312481,LOG00008,Idle 35,158.5,159.0,32.29013806706114,2.0316483578540403,12.480018773890807,22.77879684418146,37.0,1.8820345842546482,5.383609467455621,13398.316427162583,10528.57142857143,0.0,0.0,0.9413906187352602,0.6024126252709006,0.6100986067380563,1.0819040790059165,0.5775185926638547,0.5376338867146349,0.5541090400010813,0.24776412964769504,0.28089780388352337,0.24979426324913562,0.3181002193419832,0.25514124856015197,2.622849720283089,5.106547089366397,5.126278608940215,0.8124667929265387,1.4575425275903175,2.989462096965158,2.65876541473143,0.7902902214150617,1.7995769097996308,158.50046,0.0,4.443530736084521,0.27609296756372326,1.1799433268896233,13709.60834037757,13808.79120879121,11392.3640462102,14682.502113271343
LOG00008,Idle 35,161.0,161.5,29.3025641025641,3.4887100713397197,28.576363548463608,22.402406311637083,58.0,1.2856405441390415,4.403570019723865,12254.346294730909,8928.57142857143,0.0,0.0,0.8502270015709799,1.502938949248275,0.8791097587761899,0.8394749672127504,1.8408873534794312,1.3447427510913823,0.5272465524543857,1.5172091604247684,1.3904588756418201,0.2712384055527463,0.3850327304327636,0.29478931675934256,7.607059518501672,9.671632381976352,6.032205695721114,1.2030982779171138,2.091258443127168,2.7499327587260733,4.361839179250081,1.2210060277017245,2.5333613656388256,161.050882,0.0,7.911917867066339,0.3207913223196379,1.7059905249264704,11468.66723020569,12964.074387151311,11493.970132431674,13090.673429134968,LOG00008,Idle 35,233.5,234.0,29.34319526627219,2.024662547025233,30.328806739580852,22.519329388560156,36.0,1.7017246754043753,4.528165680473372,12338.292476754015,10257.142857142857,0.0,0.0,0.8741816783302827,0.7521107468389778,0.6265490917063148,0.7939693172781596,0.7786029745548497,0.6391974893171045,0.5246083171874689,0.42333431741988364,0.41902692520379153,0.27403920493700723,0.34793257581485654,0.2655522222941173,4.763640120325162,5.380183615347691,4.01289518765383,0.8424554996903871,1.5355309079978032,3.301126458867624,2.8109394640602705,0.8154336828458321,1.2217592304507041,233.804224,0.0,4.751910868900445,0.29814568358495047,1.2384640564778495,11224.034939419555,12750.859397013242,12221.724429416736,13156.551141166527
LOG00008,Idle 35,161.5,162.0,24.60729783037475,1.7848380707813474,38.191078926039644,22.479487179487176,55.0,1.2193955887894743,3.3141617357001976,10544.25190194421,8414.285714285714,0.0,0.0,1.4942671943048809,0.8579418726918963,0.6702941954989262,1.782221651118176,0.7071523677719488,0.8424104367300654,1.5370116699828984,0.5508961844337269,0.7189945034205516,0.2637865061452477,0.3163741727810505,0.2492285314414898,2.6809001490655957,7.455749423418256,2.936228371368791,0.7006450059966398,1.502951127316676,3.0547276387176585,2.60442651563548,1.218379806319412,2.1913195552902414,161.742477,0.0,4.878417165532712,0.2779633062784202,1.1725539466332664,10524.823894054663,10871.625810087347,9684.023668639053,11096.534234995774,LOG00008,Idle 35,255.0,255.5,25.003557312252962,1.065756608190199,34.47260185606952,22.345454545454544,52.0,1.2947470430442396,3.4416205533596838,10589.03867871259,6271.428571428572,0.0,0.0,1.233196081797439,1.175016819175427,0.5884289633555339,1.3960108309368333,1.0546666372820994,0.7730586576238557,0.6477713200254198,0.3335430664338344,0.6286195556275523,0.29648896796437685,0.38745035046809634,0.30758860720865244,4.635119168276029,5.255626864559146,3.879352030163328,1.0397577449228206,1.8096987276157213,4.017747190916643,3.4766300524702265,1.2044577828852479,1.7119814065249732,255.043273,0.0,4.624403226995097,0.33298359993999244,1.4758227625397553,6700.282326369283,11638.255223037831,11808.44155844156,12209.175607001693
LOG00008,Idle 35,162.0,162.5,29.124505928853754,2.166952709320453,42.15984792918058,22.56980237154151,40.0,1.6112386042840776,4.304466403162055,12085.262563523433,9900.0,0.0,0.0,1.652664020013132,1.7402455389047715,0.6033268328003469,2.0376903821088304,2.275255880906337,0.5737236408489956,1.6126140417185224,1.785954816004441,0.17139199986639864,0.3468064820196977,0.4434385715867274,0.27915361683830753,8.91333467264914,9.727357806781143,6.214712604143289,1.445513888255686,2.535282435398079,4.539027076193639,6.27372965583204,1.6970198730014812,3.0472272933014968,162.498201,0.0,8.420049042610398,0.3627851726737028,2.0636336191749356,12350.705815923206,12334.359119141729,10994.184076792772,12661.801242236026,LOG00008,Idle 35,181.5,182.0,27.892702169625245,1.141422862026096,41.74605143130436,22.7,35.0,1.04889063586702,4.002741617357002,11870.069033530572,8300.0,0.0,0.0,1.4737486398757644,0.9102451619035614,0.6215400626681724,1.6515310309000344,0.8170932059542206,0.5407781000784778,0.7659879186278521,0.31168510821733975,0.435138092330202,0.24479288070523114,0.32876110349435606,0.2638682762246074,4.475510596880197,5.500784563617534,4.318649632440445,0.7742578821809654,1.35552688444258,3.7590128378063437,2.793695353436135,1.224843114097578,2.3958712801554345,181.649594,0.0,4.793730647623619,0.28144501228039676,1.1038406593720766,12673.682727528883,12076.7258382643,9231.896308819385,13497.971259509723
LOG00008,Idle 35,162.5,163.0,38.628007889546346,3.59195416038026,45.367027864952604,22.27984220907298,16.0,2.1947917388447693,7.80414201183432,15020.801634263174,10871.42857142857,0.0,0.0,2.1730828794626973,2.344347823334912,0.724426448526805,2.6293577318124948,2.6770576180531425,0.7053037885283716,1.2292049926104875,1.7071274999701271,0.16670977455627656,0.4294196434909488,0.6145032885342726,0.3077488816538738,3.560221414471386,6.078549823082578,6.674895323737895,2.011705727658264,3.5246975909661726,5.114854416324793,7.403021932144376,2.2603380187251885,3.4146671824772605,162.58502,0.0,5.602921025519214,0.46787637113327973,2.8697084383658034,15270.695970695971,15177.768385460691,13596.027049873202,16038.715131022826,LOG00008,Idle 35,235.5,236.0,38.507297830374746,3.301808421475339,47.87599451323138,22.39341222879685,24.0,1.8495926176478226,7.207140039447731,15276.754015215552,12528.57142857143,0.0,0.0,1.176036184983064,1.3595254189740653,0.709494209825691,1.1504026013093338,1.4975349399670441,0.7183326386985346,0.44303799801280785,0.6803942534140817,0.17392104358838778,0.34292004309187285,0.41727294614598787,0.2269889095113573,2.0400166543533955,2.7324921448802564,5.78608371095568,1.4296499815942274,2.161866557586031,3.4415376591817317,4.962581881935173,1.2710960768616444,1.8724335119272064,235.865205,0.0,3.8775828373725365,0.3382478541841961,1.8326982952304578,14915.018315018315,15837.052690898845,13951.394759087067,16403.55029585799
LOG00008,Idle 35,163.0,163.5,36.89605522682446,5.546676974946857,50.14732674408896,22.34842209072978,11.0,1.9582772618917217,6.58189349112426,14843.110735418428,11042.857142857143,0.0,0.0,1.2275155827908277,1.3928395157215894,0.6668017445429043,1.2328479798121625,1.318925472194722,0.595820686148627,0.9253976348205021,0.7804807814735327,0.17244822397627252,0.3277499721147707,0.4581296369593226,0.28810975582251097,4.732380860379671,7.962871617496402,6.583187835693423,1.3886356407010647,2.417279447474185,3.0447030992404915,4.65029531839898,1.3127826214857237,1.68702469548944,163.286482,0.0,6.561024185405797,0.3652898574565229,1.9712367779907054,14777.59932375317,15311.862496477883,13363.905325443788,15919.075795998873,LOG00008,Idle 35,240.5,241.0,38.005917159763314,5.754302437776949,50.58166638804584,22.40542406311637,46.0,2.790837938273213,7.484536489151873,14601.472245703017,8728.57142857143,0.0,0.0,1.795169585369766,1.6964137962009669,0.7918609707214513,1.8759831571573728,1.621402596389785,0.7010851376879703,0.5029005115337606,0.5386093506464283,0.353261250421654,0.5391327758854906,0.735114870615768,0.3953442931012081,4.373191949539737,5.478166466145979,5.202802172672793,2.862677579718275,4.558694562791742,5.598499376285773,6.948528713479659,1.7464898522719263,2.371974544819926,240.792179,0.0,5.0399823447539385,0.5736883977451307,3.80635120832594,11871.625810087347,15709.805579036349,16004.87461256692,14819.58298112144
LOG00008,Idle 35,163.5,164.0,28.075739644970415,1.556694265664182,51.607595647748774,22.558757396449703,18.0,0.8714764357427053,3.8494871794871797,11991.715976331361,10300.0,0.0,0.0,1.736894895340115,1.3273148512939983,0.4961605039674515,1.6683000037102478,1.0753642792494273,0.5067101640166595,1.249699340951492,0.9448194468846257,0.19045241998651039,0.2662292706840315,0.4291869669161351,0.2506773108835172,7.23702350631032,12.274111251718612,5.8547256172410265,0.7888982163340881,2.3929174926701053,3.2191488210627823,3.6349714925263568,1.5457309908137569,2.6695693117614487,163.758071,0.0,8.893932919011547,0.3255347351315035,1.7816305063707356,11501.493378416455,12659.28430543815,10869.850662158355,12936.235559312481,LOG00008,Idle 35,220.5,221.0,28.26804733727811,0.6510837072254292,51.39802874230429,22.491992110453655,23.0,1.0039853313483937,4.1303550295857985,11889.327979712594,9871.42857142857,0.0,0.0,0.685308948666359,0.6320640463188643,0.5506691296665788,0.6389040613707737,0.633437420139151,0.6250211085276042,0.40851669195911733,0.13250328360849342,0.5168714019463069,0.26199482059425544,0.2993322748119799,0.24193065798395133,5.585459134680461,5.975811915068839,3.9007102190288196,0.6987871814760055,1.1462782529778381,1.7602895583933231,2.284498831525769,0.6592242842049908,0.9689665883180881,220.974762,0.0,5.232055746463335,0.2688069567768404,0.9492779777928867,11675.57058326289,12342.293603832064,10485.60157790927,13053.846153846154
LOG00008,Idle 35,164.0,164.5,30.86785009861933,3.829297924797568,52.33061945331503,22.50830374753452,28.0,1.363297864053044,4.830118343195265,12706.92448577064,10085.714285714286,0.0,0.0,0.7109092343604106,1.4772793922352223,0.5989614791749323,0.694527733094137,1.5139789417952212,0.6258000038388644,0.2936419302805944,1.1856072430955862,0.30610283771507174,0.2919901332052198,0.3816203621199238,0.2374824573592381,4.863200461230706,7.66073690537092,5.264984997890391,0.9512345567482436,1.8331179024162492,1.9616641488138629,4.071355656735136,1.1592554382494336,2.3256436408771894,164.492096,0.0,6.05688797121199,0.3094566508291191,1.4603370203673833,11875.542406311637,13631.2764158918,11902.874049027896,13418.005071851227,LOG00008,Idle 35,194.0,194.5,30.46646942800789,2.12349957715879,49.529257184100146,22.435404339250493,34.0,1.2961611334154621,4.567061143984221,12807.227387996618,10271.42857142857,0.0,0.0,0.9182009649870029,0.8607461445701899,0.5040657687793291,0.9545898673324762,0.815512591870585,0.5311629550010262,0.504140582477468,0.3362188359861292,0.37189372250692293,0.27678764801573136,0.3509896754589612,0.26066376775418054,3.7568125856008594,6.881866800155003,3.3238579039700125,1.0238278009956865,1.758548494722682,2.7823762069500906,3.334713718125447,0.8899373397873329,1.314760273336163,194.499762,0.0,4.916698174730294,0.2987478056782302,1.4388738955139664,11351.507466892082,13723.584108199493,12520.766413074107,13633.051563820796
LOG00008,Idle 35,164.5,165.0,41.142094861660084,1.8372051829564102,56.74130310905509,22.247252964426877,26.0,1.9168030717934974,8.446106719367588,16040.965556182948,13957.142857142857,0.0,0.0,1.2309802283320628,2.0632144965122907,0.6055772188394856,1.2188834210155195,1.8974848848165802,0.6323660293484694,0.2878475628993668,1.2557182991359912,0.23434359059317944,0.37473471752623483,0.4846435017370023,0.2725170170225336,2.1776612183721493,3.851441561284316,8.209548711427196,1.649268336340039,2.66108069482376,3.497881911330434,5.762081310400608,1.6988476066385299,2.454718467751427,164.573997,0.0,5.384313652555486,0.38711365982194895,2.2137565933970182,15125.296442687748,17074.251835121402,15446.696781479392,16517.61716544325,LOG00008,Idle 35,241.0,241.5,41.76508875739645,2.0622712393635205,56.33616114720364,22.14666666666667,41.0,2.843509454299935,8.3130966469428,16075.232459847844,12428.57142857143,0.0,0.0,1.2901557718424035,1.3107096090074395,0.9185555540966789,1.3431273907001304,1.2486329585774076,0.9234095801924521,0.5519969299471316,0.7226287008280728,0.6619409643565146,0.423488641102776,0.544815852310045,0.31164708326325186,3.4796801454843327,3.6191591224618964,6.358484981744365,1.9166932198033875,3.0708032451532223,4.500712194354384,5.3221653287907404,1.3004732974503364,1.8900907097921549,241.442331,0.0,4.677492844521362,0.4371463700630447,2.5596430873545475,13338.96872358411,17598.61932938856,17185.88334742181,16177.458438996902
LOG00008,Idle 35,165.0,165.5,29.346548323471403,1.836889929889308,58.00913007871539,22.54264299802761,12.0,1.4262056737994213,4.110907297830375,12443.272752888137,10471.42857142857,0.0,0.0,1.1388259387940072,0.7288984925340602,0.6192354802378802,1.0268628709408183,0.7153655095471009,0.6999148378886336,0.6940941642053707,0.44561770326574446,0.7358644411208183,0.2649159820278016,0.4188986839081967,0.25613316890879734,6.262824508818079,12.038996235640804,5.977352996884586,0.9343150180571649,2.082957953096459,2.350877967682481,3.0938636218252493,0.9560903543307188,1.4837808852085796,165.457971,0.0,8.56133069951533,0.3221080487088333,1.6142580938832163,11437.193575655112,13574.556213017751,11789.433643279797,12971.907579599889,LOG00008,Idle 35,299.5,300.0,30.02110453648915,2.792948355358427,48.743856609925984,22.19688362919132,22.0,1.385315434861296,4.765147928994082,12213.193857424627,9914.285714285714,0.0,0.0,0.6337888560102046,0.8299866342761898,0.47537181209265333,0.5647758462425576,0.9913314581745897,0.475138978759828,0.4352699086169872,0.880093685862137,0.022354098325466195,0.31585585517677095,0.33984801671901355,0.24849415460352386,3.767966358534768,5.154885818811183,3.3247977652968097,1.2281891651139514,1.6453185029343396,2.5000986173843107,3.047616846293936,0.7384328429450582,1.483316546285736,299.999879,0.0,4.156308396648524,0.30387000542414855,1.4518129358497602,11111.77796562412,13017.779656241195,11656.184840800224,13067.032967032968
LOG00008,Idle 35,165.5,166.0,26.371597633136098,1.7225909375989836,56.017143586921236,22.55767258382643,46.0,0.9609356391702638,3.5287968441814592,11365.278951817412,7757.142857142857,0.0,0.0,1.5308062591400773,0.6355338482483536,0.5887148255466543,1.7268236631093783,0.5591723859819073,0.6868999065298887,1.4229459414495822,0.31108141627037056,0.6443876949656837,0.28954339735216533,0.467467539176383,0.28340534114797555,4.662096664837805,10.838597778971742,5.004207691735509,0.8828667337714055,2.514399148555725,3.508232077228117,3.1138806119508238,1.172021986844061,1.906880371536815,165.874314,0.0,7.399379292630965,0.3571553660640599,1.8843641829351814,9600.817131586362,12988.024795717103,11391.885038038885,11480.388841927303,LOG00008,Idle 35,221.0,221.5,26.720512820512827,0.3580207112965554,54.94692954043157,22.445128205128206,31.0,1.0168582178195222,3.542623274161736,11322.19639335024,9800.0,0.0,0.0,0.7002618821010416,0.6101455001317547,0.6831570277823519,0.6814264096282652,0.6319453182371216,0.6642708188189753,0.4284268219361427,0.3140558213898468,0.53734763712856,0.23808056173531178,0.27446888219817406,0.23888729022367036,3.618424140103342,4.225795310597082,2.9153512344255263,0.5866065180920279,0.8838708665427389,1.6141631523627837,2.1080291701607266,0.6567511838035474,0.9700453631310604,221.025078,0.0,3.6262750440276563,0.25105288858573527,0.7501116302894738,10580.501549732318,12211.073541842772,10361.876584953508,12135.333896872358
LOG00008,Idle 35,166.0,166.5,25.45956607495069,2.596257777420712,53.68754900649384,22.408244575936884,49.0,1.3891276323905752,3.765857988165681,10766.948436179204,7385.714285714285,0.0,0.0,1.3706215909492352,0.7205195114164736,0.6241531375306527,1.5113707202209952,0.5896623313150178,0.6655096308872493,1.3035905914221415,0.33411864398536967,0.6148399715630917,0.30377856774460943,0.4997344228265652,0.334196195805492,6.286490196932866,8.181800647479772,8.436481743811843,1.0680629137630835,2.7289632373071355,2.8217945805519484,3.388692183424742,1.094931941242936,1.923122556147901,166.490933,0.0,7.694934373662195,0.38888859110274293,2.072196749627063,8060.467737390814,12579.85347985348,12020.73823612285,10406.734291349676,LOG00008,Idle 35,221.5,222.0,24.929585798816568,1.0624449984768456,56.5444485272095,22.46173570019724,41.0,1.2451247510493313,3.671005917159763,10638.320653705268,8600.0,0.0,0.0,0.5163250391223684,0.6286498655161938,0.5715898177896553,0.45239219452998886,0.5964816426678815,0.595030974682088,0.3072698981254028,0.4071517172487478,0.4632080268467721,0.28619488890054273,0.3030549504739347,0.2835698431538536,4.677287414137237,5.90549363148026,3.0468907319538157,0.8826671839060425,1.1514756206441306,1.8541493527990691,2.316649284057784,0.5752356905818011,0.7391248751114063,221.727526,0.0,4.691674033802384,0.29106796078456443,1.0259136080787725,9065.173288250211,12057.847280924205,10512.172442941675,10918.089602704988
LOG00008,Idle 35,166.5,167.0,29.160276679841903,1.8129810585621633,51.47071227451585,22.512450592885376,81.0,1.4884150087017607,4.519446640316206,12180.187747035574,6828.571428571428,0.0,0.0,2.1721851855268137,0.8840183001618667,0.7784861678064355,2.8817766773621765,0.8435193966036395,0.9262824669742165,2.30889334192801,0.2760882431669825,0.7780443128846832,0.3581317205715925,0.5511627476775537,0.3025710856973342,3.783590032707985,9.57485218394759,6.533585226939356,1.4961854239024863,3.0720519234698407,5.311074268114025,4.184008706223607,1.6582938272880394,2.55493999897853,166.704034,0.0,7.039912021176904,0.41776706652036893,2.416202996769209,8350.028232636927,13871.287408243928,14250.959909655563,12248.475437605872,LOG00008,Idle 35,254.0,254.5,28.83431952662722,3.636540079251341,46.901648985573416,22.25990138067061,83.0,1.779321329093241,4.158915187376726,12164.412510566357,8457.142857142857,0.0,0.0,0.8960782495345319,0.8468527828373127,0.781414432788037,0.7711294132106866,0.794801530355607,1.1099763316966322,0.4418273682487394,0.3188580403547434,1.1133706184534637,0.3198906841913361,0.37032892314649796,0.28526842385223544,3.45626907780786,5.749944051506399,3.65127661058343,1.2552217567435753,1.8998881513065433,4.128842123175274,3.555144617935798,0.8718130146677585,1.611080342661818,254.000457,0.0,4.4098175858213695,0.3270329416630607,1.6101485406752722,10117.187940264863,13743.730628346013,12443.956043956045,12352.775429698504
LOG00008,Idle 35,167.0,167.5,31.902366863905325,1.6820300732109472,46.981455876432555,22.464181459566074,95.0,1.9094569636607126,5.4668441814595665,13035.594533671458,7071.428571428572,0.0,0.0,1.0241670152264997,1.1233458209696219,0.7082965526653222,1.137752483748232,0.977660664018091,0.7655724773747307,0.802623293278343,0.5888368713149688,0.592431974438915,0.40761551705086285,0.6775275076856345,0.41044006989814585,3.1693553913437063,9.39575813621093,12.378796355094629,1.5864976685198844,3.632064726767634,3.4652401859540825,4.887491582038484,1.0749009044018598,1.5176090076201785,167.000004,0.0,9.157140815627939,0.5143458578263411,2.8025764067772236,7865.08875739645,15087.996618765848,15060.918568610876,14128.374189912653,LOG00008,Idle 35,167.5,168.0,32.62761341222879,5.568230787867916,45.981279303056525,22.756745562130178,102.0,2.7234703827983173,6.293688362919132,13103.261482107635,7285.714285714285,0.0,0.0,3.2456429679573353,1.901813149014727,1.1596882280967182,3.313479513859816,2.1260189525525117,1.3028812090218602,0.5894923684939519,0.4954071656527898,0.6548217993574262,0.4682594270851837,0.6856472308830822,0.45438939801924394,4.134944511498551,6.60792591109951,5.774139895298685,2.2057021935769,3.869324146660812,8.341928506236183,7.559233548073477,2.6599898053579274,4.251043306586075,167.891753,0.0,5.600688722238609,0.5464579097253127,3.1493484658483233,9179.797125950972,14147.365455057763,12905.74809805579,16180.13524936602
LOG00008,Idle 35,167.5,168.0,29.167258382642995,1.0887958072863102,38.64124316690848,22.54033530571992,85.0,1.6903698853878903,4.291617357001972,12237.235841081996,7242.857142857143,0.0,0.0,1.9874723433410362,1.186294184912374,0.7309855666228527,2.4773774426884705,1.0465205772774075,0.7874524864569624,1.7124374019324304,0.691819391886963,0.659296502519685,0.29940379100014325,0.48649570499728917,0.4124177873965597,4.061542667358494,11.424000950846644,10.98098605054863,1.0354031051191988,2.386726341835147,4.4540166479036385,3.816811147709316,1.6366643224409858,2.701199544559665,167.839573,0.0,9.444327772196779,0.4067796833697331,1.839636135340392,7839.306846999155,13663.905325443788,13224.992955762187,14220.73823612285,LOG00008,Idle 35,289.5,290.0,29.54418145956608,1.6579914271778093,40.36442669962215,22.117712031558185,73.0,1.9468371686122308,4.513353057199212,12218.70245139476,6885.714285714285,0.0,0.0,1.9123378569076668,1.3045283233573295,0.7072518843351483,1.8534400934883384,1.2159719091864876,0.7299963239043049,0.37153032166563293,0.3608455231773776,0.5035358815037206,0.37867330831244067,0.6213429086128366,0.3536697246499832,4.060532893635221,8.537456180813264,5.178080950287783,1.754054894851631,3.3439481380033365,4.484907849899564,5.120442843274652,1.6368919062362814,3.05926610607346,289.857686,0.0,6.223305867123826,0.4670984045665123,2.670084055213333,8199.295576218654,13042.237249929558,13759.706959706959,13873.570019723866
LOG00008,Idle 35,168.0,168.5,24.81913214990138,3.2073954293367217,29.106658950363993,22.614378698224847,66.0,1.3462607414645906,3.426646942800789,10733.143138912368,6171.428571428572,0.0,0.0,0.9905204618702784,0.8819090132656983,0.5243020787294914,1.444405718780157,0.8664047125155211,0.6706902379909574,0.9772041352591647,0.5571970927088632,0.5650533490959366,0.2983927203395915,0.5676853947988334,0.2996649325051847,6.488531819204192,8.438243208564227,7.090110163140286,1.0083438052543274,2.8376218693542365,4.852255011664664,3.8121574441119592,0.937788433779972,1.5709561236841991,168.009265,0.0,7.38409677936692,0.40869874593760225,2.1294195339378534,7300.056353902508,11605.043674274444,11475.260636799096,12552.211890673429,LOG00008,Idle 35,261.0,261.5,24.633136094674555,3.347277534168396,27.196137774135035,22.27682445759369,60.0,1.1067931528271855,3.3332741617357,10592.194984502676,7914.285714285715,0.0,0.0,1.870131905317733,0.6903619522387533,0.6982130016799645,1.7314351182466219,0.5875907321497826,1.0953612796075356,1.437237695311802,0.31971372544035925,0.9904442457655563,0.2578812792921912,0.2743000285029987,0.22939053839268767,5.0432005557316275,5.164682978003704,3.2287175223688043,0.6825051860759973,1.0452829603561233,4.8085640235356975,1.8316739845831782,1.4096086280216644,2.877244470515947,261.179764,0.0,4.565538995119281,0.25453439777379805,0.8827314983140383,10463.398140321216,10961.031276415892,9615.046491969568,11329.304029304029
LOG00008,Idle 35,168.5,169.0,26.58224852071006,4.040085201487573,23.891490867547258,22.46246548323471,25.0,1.6891037419848236,4.155207100591716,11079.14201183432,6285.714285714285,0.0,0.0,1.5337374622591018,1.2659288278636094,0.5888415210731082,1.4972600864593013,0.9955751867788011,0.667259765421262,1.234036430536621,0.7448875399785609,0.42051814910665053,0.3020000318324656,0.44280334283684736,0.24366953966645577,4.470063210032072,8.137952198144312,5.273062126683099,0.9924310877006294,2.3110292747622845,2.965614910077132,3.866612255619345,1.4062230264707523,2.1213426638917467,168.794572,0.0,6.16476318206476,0.33992825920359493,1.7784509794541628,8460.242321780783,11788.644688644688,11978.5573400958,12089.123696816005,LOG00008,Idle 35,231.5,232.0,27.391715976331362,1.3303357876456279,26.75735694152333,22.497199211045366,26.0,1.5818022385603938,3.639605522682446,11646.245421245421,9585.714285714286,0.0,0.0,0.8099018572289639,0.681874778248871,0.5516151694895128,0.791031152366271,0.6415666781623363,0.5633771158705426,0.3083493371422106,0.29350002861077906,0.45600836290536384,0.2590298335438788,0.32485887020020066,0.24265054696236527,3.844070086544582,5.475037725189497,2.895020343167624,0.765957475012633,1.4828945655240635,2.426025881541512,2.6180228021361716,0.748630159543039,1.1268488669371324,231.585399,0.0,4.208485701922941,0.2777943052899966,1.1801837030709517,10537.30628346013,11789.208227669766,11644.632290786136,12613.834883065652
LOG00008,Idle 35,169.0,169.5,37.929783037475346,4.773819189817443,27.989663378078,22.299763313609468,20.0,2.2945402566683017,7.366370808678501,15018.751761059453,10657.142857142857,0.0,0.0,1.5748891446107272,1.1446162010426058,0.7118068961526148,1.7615868700225588,1.0479804653158318,0.6473484379188014,1.2102501785697704,0.6224741417655622,0.34942000744294677,0.4549081156144968,0.4788841331914516,0.3022358014538393,4.421102909275161,6.57649619912895,6.778445754386817,2.1346422347709555,2.8023673213462534,4.194012826606947,4.604260097492852,1.3766666382065622,2.1826956353778226,169.091531,0.0,6.020625106989125,0.4193717071822661,2.4909797343833726,12939.194139194138,16131.839954916877,15477.204846435616,15526.768103691182,LOG00008,Idle 35,267.5,268.0,36.13142292490119,5.100730470723632,26.55183042030076,22.23343873517787,19.0,2.153179581037546,6.880177865612649,14121.964991530209,11014.285714285714,0.0,0.0,0.7428899906606119,1.0828873363399822,0.656806128694065,0.7638941320857466,1.0975901668621304,0.632671944268322,0.35553259607162435,0.431535176496051,0.2713848624143554,0.3032834130651857,0.38787663469690065,0.2534080436328675,3.6852352393472407,4.734280452045962,5.1856264859798245,1.144217220247586,1.981981193231599,2.428015015809426,3.8032127047366617,0.9285823930673105,1.642937413990507,267.999048,0.0,4.578394632038859,0.3197106759567146,1.6182525293406567,13892.348955392432,14539.384528514964,12863.975155279504,15192.151326933936
LOG00008,Idle 35,169.5,170.0,18.78873517786561,6.231848866705464,37.323922860650356,22.567154150197627,44.0,1.1156365359268223,2.112075098814229,8718.146527385657,4100.0,0.0,0.0,1.2081651345613287,1.9778421336785528,0.39968444130307523,0.8255169895932349,1.5213449505961376,0.399662873806075,0.990720881572689,1.5041978638282791,0.0009083030667654209,0.3128723427994724,0.39616562722579174,0.2978782748985437,3.387728726216771,6.075580426340818,3.2433217225124427,1.2228732462200218,2.0591898515159626,2.373270120992062,4.0673674853484245,1.6388292312080173,2.826934729387541,169.925188,0.0,4.431272173807843,0.33841186629144077,1.6934700795861473,7197.656691134952,9995.623941276113,8869.734613212875,8809.57086391869,LOG00008,Idle 35,185.5,186.0,19.95739644970414,2.267461180213319,41.47569335162528,22.77067061143984,54.0,1.1349850572114963,2.655838264299803,8887.038602423218,5071.428571428572,0.0,0.0,0.7866629085155425,0.77005636864084,0.5476896563861108,0.738921026879792,0.8101576922026393,0.5156690584410648,0.33932505547866626,0.11777447966236627,0.4363185002828454,0.2791368900079823,0.326586027340906,0.290232803459582,2.4246030991512333,4.1343609636851015,3.982589324798073,0.8297369114640467,1.3321250714240007,2.9785558366085523,3.0313939223443125,0.7784039255163255,1.230046842180368,185.939239,0.0,3.597807596136502,0.29933866930376807,1.109734325900189,6043.3643279797125,10372.978303747535,10163.088193857426,8968.723584108198
LOG00008,Idle 35,170.0,170.5,24.412031558185404,17.103769415538533,37.4729590027409,22.465384615384615,48.0,2.733171819551495,5.445897435897435,9514.440687517612,3385.714285714286,0.0,0.0,1.4521061303462104,2.1862956099295094,0.7446370958885848,1.2732635856462833,1.7311110970422225,0.7093938557473796,0.9884566395696395,1.4649221356594486,0.2891264377659239,0.3776459047325643,0.6197782972093192,0.3430971654895587,2.101107757053777,3.4301011700741637,4.26881125386116,1.6660024662074864,3.6855714457008744,2.977562377521512,5.7760643289483795,1.8558691640018818,2.788202717474946,170.045551,0.0,3.3863942163106846,0.4634857897929307,2.85998261347644,7852.296421527191,11121.780783319244,9151.9864750634,9931.699070160608,LOG00008,Idle 35,228.0,228.5,22.212820512820514,12.507380595562832,36.17399012492989,22.372741617357,75.0,1.7868181835640446,4.1198816568047345,9849.598478444632,3428.5714285714284,0.0,0.0,1.1556216396602865,1.1709324987798422,0.5307560249041762,1.1792336020908547,1.154971210504748,0.5307346959353121,0.5753431213690844,0.866564331821422,0.0006174933250444291,0.3135018987774456,0.5668791192246343,0.2711442572930804,2.440811736190701,4.405614909998873,2.7540410171301324,1.1897982002046956,3.124661085273828,5.656156862539167,6.655068807187674,1.1633022588196793,1.8420665375893566,228.127444,0.0,3.3141990782473028,0.40544403009251373,2.3642257353132488,9610.510002817695,9837.644406875177,9039.363200901664,10910.876303183995
LOG00008,Idle 35,174.0,174.5,38.92702169625247,6.177212019100351,44.6465805802382,22.054220907297825,13.0,3.5487999418962954,6.594082840236686,15521.08340377571,11942.857142857143,0.0,0.0,1.0724587014420146,1.6640177874553388,0.7352857224811302,1.0939022410516883,2.0758341079724816,0.5947631873159734,0.485273093938037,1.414692689388489,0.27992072628993764,0.3251050571552951,0.3960157406636972,0.26354472108486865,4.989981419647757,5.700660148316473,6.483116488769604,1.2420340256191376,1.9920987353864996,2.927122706221607,5.130063765747085,1.399843359677512,2.7114842009636355,174.002693,0.0,5.756973745003815,0.33265476851788633,1.6599858270967514,15397.94308255847,16155.508593970133,14019.63933502395,16511.242603550298,LOG00008,Idle 35,235.0,235.5,37.869169960474316,4.074813958599876,42.494443292521474,22.484901185770752,24.0,1.8664736480487674,7.249743083003953,14875.239977413892,11371.42857142857,0.0,0.0,1.037055877616813,1.3829599101349492,0.641004834481327,1.0210960231082218,1.3856577662232408,0.6410041495698905,0.31044301385496204,0.4209879067456603,3.6615780854500047e-06,0.3095609741082919,0.43761821832027803,0.2811270843341241,2.225289686062103,3.332961248771882,5.825238520589711,1.3455547007121813,2.38501878261613,2.9858030348376716,5.48119314208773,1.2223058140948286,1.8815716884795026,235.113425,0.0,4.082235853649794,0.3494615568952208,1.936340885025204,14744.099378881987,15304.77131564088,13326.990400903445,16125.09881422925
LOG00008,Idle 35,174.5,175.0,33.31758893280632,5.758357641229345,56.911754689173804,22.186699604743087,42.0,1.6221726837098867,5.514664031620552,13396.943817052512,8800.0,0.0,0.0,2.407548912532329,1.219752670998583,0.7092787773551175,3.4852322176733805,1.419000459629248,0.6828766662166904,2.486640093939092,0.8842138086782996,0.1678531393998018,0.3337000879310981,0.725956783407098,0.2613342315631195,5.182782173753763,7.360117685774253,5.872701540321543,1.371351569816826,4.428270282054259,4.923726536268294,6.059161553810714,1.9084140463541686,3.868905604132061,174.876791,0.0,6.205405890316435,0.4853399429426379,3.2779706236453663,13036.081309994353,14180.067758328627,12022.303783173349,14349.322416713721,LOG00008,Idle 35,222.5,223.0,31.376923076923074,3.1794272120068583,54.54478413408112,22.540138067061143,46.0,2.134511920340756,4.969861932938857,13032.593688362918,7714.285714285715,0.0,0.0,1.137001165743078,1.3164588063420832,0.7610078667922517,1.072051432520248,1.289471604938843,0.6520355752406071,0.42722219807180456,0.3667593279822508,0.3455624700892119,0.3418719847461441,0.4476531205443502,0.3004523576179154,3.9716430523588193,6.054050766181593,5.940038896109467,1.3370135691252663,2.5003170614329546,3.6598466248675288,4.630743674859204,1.230007203169303,1.81351437558675,222.535539,0.0,5.407079966801163,0.36857445628869695,2.0048928514658604,9204.36742744435,14451.338405184559,14879.76894899972,13594.899971823048
LOG00008,Idle 35,175.5,176.0,33.0887573964497,2.422782203142786,73.92119968161683,22.216153846153848,59.0,1.3124085349047547,5.237633136094675,13471.632854325162,10557.142857142857,0.0,0.0,2.7724565525476934,1.5314051662848593,0.7822234317504781,4.160453561521959,1.5363059986258616,1.6356777761130235,3.3430044063768514,0.894697066445251,1.5725132639837882,0.3819819278054538,0.3892850371317121,0.2751543144873992,6.088999189940163,7.735719124863587,6.069204964991837,1.8043763296342632,1.9759211956753904,6.737103246781285,4.54085117445619,2.239611251879284,3.7283353142178326,175.999509,0.0,6.6771378703991076,0.35268632431933056,1.8920938811887322,12194.449140602985,14908.114961961115,12881.487743026204,13902.47957171034,LOG00008,Idle 35,302.5,303.0,32.55612648221344,2.5224313855235363,70.83433534596274,22.205573122529646,99.0,2.6862827028153964,5.056067193675889,13180.957086391869,10400.0,0.0,0.0,1.1427563273307084,1.0830161080871923,0.7544727661123933,1.2226655620253821,1.2023918214486495,0.7008649806851331,0.7840774116636848,0.5923591953344964,0.5898908017007434,0.35399735399576665,0.4193772890103016,0.30458797566373885,3.341359843278651,5.350979357677012,3.446757863171015,1.416755648468297,2.1813596022239636,5.224410627349467,4.493517509117226,1.1132870056797346,1.4501488631696478,302.618267,0.0,4.150413853095127,0.36238343969363385,1.8392289528062444,11766.65725578769,14520.94861660079,13119.62168266516,13316.600790513834
LOG00008,Idle 35,176.5,177.0,32.7534516765286,1.1804133428141343,64.59225741380652,22.194280078895464,110.0,2.117210247297657,5.8907495069033535,13018.66018596788,5914.285714285715,0.0,0.0,4.218346695630328,2.535891286672769,1.2746702460700579,5.843476697156673,2.685088708406517,1.337209418918541,3.3280997784497037,1.14383661157129,0.946526585911358,0.5258469437903949,0.9545187612268947,0.5848356320092816,3.6091002154115657,9.943873345551355,8.236841773643901,2.7136194614829687,5.262464635391402,10.566591690822177,9.601220336637564,3.480315607984293,5.0314254419676745,176.546067,0.0,7.74062408942362,0.7140620398573035,4.186720949650471,6871.625810087349,15594.815440969289,15012.989574528037,14595.209918286842,LOG00008,Idle 35,176.5,177.0,28.695660749506906,1.1284648188728603,64.20969316534666,22.815601577909266,109.0,1.5321413676571918,4.469447731755425,12080.07889546351,9371.42857142857,0.0,0.0,0.6994947029888462,0.8440270355394837,0.926915775556241,0.8801173293811014,0.8308623871506257,0.6838468689644077,0.5314367767921746,0.35863870136292036,0.6308470695187078,0.27028972066288737,0.39729529175371314,0.27269841241375914,2.649625264557473,5.537805428918012,2.298334470701834,0.8982328964688601,2.0754718513949086,3.426028689872055,3.3076923076923075,0.7751369157223207,1.144193235485964,176.995941,0.0,3.7846243472922283,0.3189903374078252,1.5991256583257376,10538.574246266553,13302.930402930404,11876.359537897999,12602.451394759088
LOG00008,Idle 35,177.0,177.5,31.327470355731226,0.3777093484254997,47.644585782134286,22.329525691699608,97.0,2.08623728223139,5.351640316205533,12620.038114059853,7542.857142857143,0.0,0.0,2.2394079134008233,2.0055315309269837,1.02033475596643,2.5722841121723254,1.7114858147556835,0.9477962587339478,1.4173515397662544,0.6942192962208606,0.8409852815720509,0.5590832693807818,0.7767250235932452,0.509380533144553,5.545855499869959,11.40658370846779,9.308387808619509,2.8713440936113694,4.687710889742077,6.549447069562135,7.423123789781426,2.125688655958882,3.2731032831193727,177.007774,0.0,9.083184990581533,0.6259244874381308,3.887110127699197,8711.434217955957,13631.902879728967,11718.915866741954,16417.899491812535,LOG00008,Idle 35,205.0,205.5,30.853557312252963,1.0980926662319086,44.62739054111056,22.506245059288535,98.0,2.011049563020496,5.142411067193676,12650.945793337096,9528.57142857143,0.0,0.0,1.429046221050002,1.573583270588617,0.8089773544502921,1.4325627682868807,1.6240758795934824,0.9875973411439569,0.32706640408428644,0.37192359997263624,0.7518794423236962,0.3843836039980925,0.5111177416965631,0.28763814185466957,4.537320341204515,5.550486130534577,3.0106096539958993,1.7596583235859327,2.967136131913501,4.923927222100013,5.621458041632437,1.5030531280320165,2.6361977154689167,205.499168,0.0,4.489207155415392,0.4048570947668506,2.4392923401134063,10772.61434217956,13798.051948051947,14185.798983625073,11847.31789949181
LOG00008,Idle 35,177.5,178.0,32.45759368836292,0.36503563442221965,25.549810764808075,22.24422090729783,82.0,1.995512875956279,5.548303747534518,13038.116370808679,8671.42857142857,0.0,0.0,3.246361337769709,2.7165311310003166,1.0316481617242617,3.3931406993808,2.7547610515094907,1.1881930441953377,1.0655097237270457,0.6074630993328255,0.8203511744424449,0.5564874424249348,0.7727974678138482,0.3967943749785031,6.051445123168193,9.449647926272366,6.35819500608579,3.070139240193607,4.58137527811278,9.427497654815841,9.84855739894106,2.9931925531996604,3.97887199644514,177.659887,0.0,7.446307311785133,0.5956341091225728,3.8996637286488918,9585.23527754297,13536.996336996337,12621.189067342912,16409.044801352495,LOG00008,Idle 35,290.0,290.5,32.03747534516766,1.9726972536403917,32.825484609611074,22.29051282051282,73.0,1.7837476118428657,5.447218934911242,12861.270780501549,7028.571428571428,0.0,0.0,1.9075257578588714,2.147047593460303,0.9551398397865329,1.9552614736746492,2.1225248220157233,0.9593615594537744,0.4363277983038505,0.36405449174394694,0.4539294896494656,0.37996773587147725,0.6711022150813214,0.3959721752397558,4.309603353799506,8.07489644071947,6.205058689774224,1.459935054060086,3.554228444066058,5.037923243901186,6.991541804547387,2.030821002141589,2.654409362872012,290.400299,0.0,6.384339875533117,0.5005156097980218,2.716979038811457,8795.94251901944,13377.289377289379,14171.400394477318,15100.450831220061
LOG00008,Idle 35,178.0,178.5,40.80157790927022,6.12870806932095,10.535997630277997,22.165404339250493,70.0,2.8310755728575945,8.781518737672585,15447.316145393068,10257.142857142857,0.0,0.0,2.2561008115695107,1.6637752258128178,0.8464067487179011,3.2442193859846165,1.708728412344995,0.9592428213764896,2.4010459887255307,0.6828221443777703,0.8184020883221373,0.4130070470500448,0.5272477841540426,0.3034693145195427,4.338732563181342,6.6759059815561965,7.1914908997637035,1.8012279982762374,2.982699484773775,6.203803630610779,5.897045695006448,1.9821880427942624,3.098784636277221,178.209402,0.0,6.194348561142167,0.42452274052293376,2.4638302009517585,13190.588898281207,16041.701887855732,15597.464074387151,16959.509721048184,LOG00008,Idle 35,175.0,175.5,36.618934911242604,8.224644045444425,12.645375237503027,22.726508875739647,105.0,2.6024682470138014,7.667317554240631,14233.75598760214,7971.428571428572,0.0,0.0,2.000110984200137,2.0762449819165063,0.9925795591071583,2.1036611256007585,2.0484726371151387,1.0255276402278917,0.7453478375759791,0.33925351353520034,0.6406590505543603,0.34214885962688235,0.5171772742051711,0.3099193261646964,2.8745196754418134,4.3703856131492715,4.968670146540978,1.5558007672505134,3.0814328977928405,5.486041099262818,6.317846735773656,2.038533440252025,3.097189822856937,175.000081,0.0,4.1653658021535875,0.40024499323482954,2.4408753277233637,14221.639898562977,14189.574528036066,13060.636799098338,15463.172724711187
LOG00008,Idle 35,180.0,180.5,11.150690335305722,3.15555527748065,33.038484667807445,22.37455621301775,110.0,0.8690938529813205,1.6136686390532542,5991.589180050718,3442.8571428571427,0.0,0.0,0.9080201739067361,1.6792596691940085,0.42325710777970516,0.969591675443963,1.2963671963440524,0.34216286821420505,0.6064768152768442,0.8376129769177804,0.24235196331140021,0.2609583726282202,0.2792644717557746,0.2690367420036209,1.1798301075848776,1.0152222045790975,1.0685888581642922,0.8535059197241962,0.9361892983734241,2.019139192062567,3.2081011852792516,1.349891416522675,2.6113512997855737,180.000016,0.0,1.0900393502418544,0.26985717579102453,0.8958020867895901,6598.985629754861,6040.715694561849,4197.407720484644,7129.247675401522,LOG00008,Idle 35,203.5,204.0,13.109861932938855,2.4878444882870014,24.43135516356766,22.5608875739645,75.0,0.5820910531881246,1.571360946745562,6486.376444068752,3671.4285714285716,0.0,0.0,1.4452819547372386,1.0838770268082205,0.29234484721126747,1.1754147622094753,1.0109620789785405,0.28974744789470086,0.7974391989289616,0.9124908703719236,0.009325578754178873,0.3302146230394493,0.517755076398437,0.2810181895013393,1.4062483501390486,1.7903909954330455,1.0577831447333956,1.2391415532318504,2.568401628622587,3.361224535010039,5.6166138450860785,1.2774250150070887,2.599000580027866,203.500337,0.0,1.4493607234546084,0.3899073561912058,2.0164521708754966,6460.552268244576,6660.524091293322,5790.025359256128,7034.404057480981
LOG00008,Idle 35,180.5,181.0,34.24260355029586,13.698759626778465,17.540906545327054,22.227889546351086,78.0,3.715582644748144,7.65069033530572,12956.670893209355,5728.571428571428,0.0,0.0,9.996489985688505,8.000549658318702,3.570861555277077,10.131545333857908,8.072846673828817,3.4563061484034847,0.5933347067462537,1.0233919109084377,0.6713222821096928,0.6344174104177228,1.2560453526977335,0.5221469810385141,3.198320178105501,7.208933469166491,4.776418311914227,3.3173848110436714,7.558269881178971,19.693759962474562,20.299386413322853,9.053690045202401,16.813440208393896,180.868191,0.45759368836291914,5.323286754594856,0.866558874415031,5.83662940322925,12893.688362919132,13674.866159481544,11732.713440405749,13525.415610030996,LOG00008,Idle 35,158.0,158.5,35.27475345167653,15.1715682421884,15.486424521754278,22.792248520710057,34.0,4.482317090108291,7.640157790927023,13790.624119470274,6200.0,0.0,0.0,5.166596095968583,5.6684433087802875,1.7845785127772744,5.299935704191445,5.758774861694788,1.7868555419343304,0.8718475870226728,0.2935492731892435,0.12672469138470355,0.5134318023027494,0.7516802563556243,0.3983641861776441,2.8957493579533526,4.963744073939086,4.405121444909777,2.4308835406432654,4.084459896406052,14.519048224357645,11.563903574386636,5.423327611519233,9.729155172714893,158.272561,0.2781065088757396,4.180479020401716,0.5736809357821597,3.3609527989485115,13191.54691462384,14912.228796844183,11885.742462665541,15172.978303747535
LOG00008,Idle 35,181.0,181.5,44.43372781065089,3.7635732670646718,14.24509792893857,22.273136094674555,46.0,3.6841019636844816,9.224792899408282,16884.030712876865,12914.285714285714,0.0,0.0,4.024857639948425,4.5733487581106,1.175418421187683,4.142719025587304,4.629207659254465,1.165366147538711,1.0996158798433888,1.3120071392122485,0.3400322842931207,0.427625612718516,0.5621217297493885,0.37929544445346625,2.413266352595064,4.378660935486483,8.08116582171415,2.0920818700256922,3.1978858979347495,10.918742368571694,11.638625077231541,4.307841564238578,12.193052228896645,181.00335,0.1203155818540434,5.486400371663365,0.46285690297415644,2.7021547667648633,15579.628064243449,18875.965060580445,16471.20315581854,16609.326570865032,LOG00008,Idle 35,293.5,294.0,42.140828402366864,2.356143027202952,22.801543993082564,22.031992110453647,1.0,1.9870438538133826,8.758027613412228,15947.132995209915,11800.0,0.0,0.0,1.0953833090452019,1.496709136844179,0.5455824757734914,1.0964295320143989,1.4967091368441787,0.5455824757734993,0.01565524318400316,1.6407362386487442e-13,2.7342262548279283e-13,0.28951174244733385,0.3669505514985583,0.22123125658444193,2.4091442591916703,2.9681911501438796,6.438987067083196,0.9269833327358279,1.752644978906002,3.093544847560138,5.9713319061770305,1.31148824509556,1.9689727179386083,293.953014,0.0,4.323374037926602,0.2985593325454304,1.4019740584715614,15812.116089039167,16409.749225133837,14364.694280078895,17201.97238658777
LOG00008,Idle 35,182.5,183.0,30.413241106719365,1.315175400154633,22.69611393677446,22.213992094861666,129.0,1.635007487172007,4.840256916996047,12442.934782608696,7242.857142857143,0.0,0.0,3.3321998247892677,3.0468070296854353,0.9547036615265235,2.9176073664486704,3.1726392947199353,0.9984883374018122,1.7169241994462492,0.518403584950603,0.6412890823308802,0.43434862888081066,0.7087597711413899,0.6051645095241568,7.240235049653533,9.65262301293899,13.254900419102416,1.9447321367321433,4.192490233831451,7.1055008474061925,9.497867453592301,3.1926939055025447,4.347235220578616,182.720958,0.0,10.348695887638412,0.5936394046295131,3.267947172493068,8326.341050254094,12984.415584415583,13199.15302089215,15261.829474872953,LOG00008,Idle 35,297.0,297.5,30.260749506903355,5.088841665586679,29.569992801498703,22.164990138067065,91.0,1.88575438817017,4.872820512820512,12165.201465201462,8628.57142857143,0.0,0.0,1.2874243757667765,1.1361594802254624,0.9032405914214542,1.3387927162852464,1.08669824724719,0.9148803763691117,0.9167776587304626,0.8010054437508665,0.7598175472645571,0.3122613164475783,0.35655666141929654,0.2640919609191797,3.4134164205837303,5.1916413350414,3.099223888050775,1.300179203945105,1.8861527530595295,3.338851448340108,6.048945659347883,1.214149885274604,1.8516811422794912,297.395275,0.0,4.0087296458390105,0.31325407492650803,1.6198824294135314,10880.924204001127,12868.695407156945,12043.984220907298,12867.20202874049
LOG00008,Idle 35,183.5,184.0,34.057199211045365,4.59794165912845,17.144243357516608,22.279999999999998,95.0,3.4615402902288577,5.166114398422091,13923.49957734573,10471.42857142857,0.0,0.0,1.6096126998754776,1.4701047813984058,1.0441274249584045,2.023334925368553,1.264227857760326,1.19254989146586,1.5792679820377034,0.8184396838110112,1.1438698493171686,0.30952992563724074,0.4108511878783684,0.31345611560930225,5.212747439294209,10.428444998380003,6.131644896968113,1.3513775307003777,2.224713788492969,7.091261950825595,4.35437162725514,1.5414378209793091,2.3891501427065434,183.500343,0.0,7.605311084863007,0.3477845165515251,1.8405940170489237,13661.820231051,14070.160608622147,12626.458157227387,15335.55931248239,LOG00008,Idle 35,266.5,267.0,35.558579881656804,7.288026193278588,16.623237494090333,22.212051282051277,72.0,3.008675983883089,6.603116370808678,14033.22062552832,9114.285714285714,0.0,0.0,1.4719770467304496,1.3841103372203623,1.194255647804142,1.5192928091356284,1.4048108744954986,1.3145176959181468,0.44728618502578427,0.3620409195129314,1.2779982514308383,0.39696140292942605,0.6441842816402915,0.3681150683603777,3.308198402407508,6.0842762452998915,4.818702068491302,1.7193833930457205,3.824041989884827,4.401900253102551,6.0767607897836875,1.4287193306772252,2.373701011111133,266.607955,0.0,4.871087617212899,0.48581904988108554,2.9647576960591335,12366.24401239786,14607.720484643562,13127.078050154973,16031.83995491688
LOG00008,Idle 35,184.0,184.5,27.76508875739645,0.6276534537464412,20.2148843667402,22.33818540433925,119.0,1.2144155452947079,4.021696252465484,11592.49084249084,9042.857142857143,0.0,0.0,1.3014522184502788,1.2243098605239415,0.8642726356807604,1.5778649560812918,1.2255977143621812,0.9030502321655995,1.0987040398207986,0.9644912538005206,0.8835773532140276,0.24368374852949895,0.35077519914854594,0.2503598427659819,9.534882973096295,7.459934029461877,7.097318353655029,0.8166554100538389,1.8013805033203796,3.426316530972321,3.1227358661822215,1.2634699267266523,1.627401897443393,184.142598,0.0,8.102191819659947,0.2858350692881575,1.398552425994998,12125.133840518454,11441.476472245704,9968.723584108202,12834.629473091012,LOG00008,Idle 35,275.0,275.5,27.830237154150197,0.6397988992683123,20.753990231173237,22.271245059288542,109.0,1.4760752686431513,4.238517786561264,11466.826651609259,6342.857142857143,0.0,0.0,2.6816028929433973,2.378263668904348,0.8045312737948537,2.8017559983586815,2.6903125017963254,1.1526272905277672,1.0510597132281494,0.5425170559365146,1.0627027354667182,0.37823558788874556,0.508000864011132,0.4127576216247951,5.620546372733235,5.900008757399904,7.017089291886898,1.7774161891369789,2.6085371781340263,7.95205494608863,7.420727301005565,2.534475503360879,4.167947776228083,275.477335,0.0,6.208601211109046,0.43646148817925856,2.2320029703288533,9632.411067193674,11968.746470920385,8965.6691134952,15300.479954827782
LOG00008,Idle 35,184.5,185.0,27.742011834319527,1.6011553692959453,20.176683637384652,22.338481262327413,115.0,1.2473399468991977,3.7873964497041417,11641.53282614821,9371.42857142857,0.0,0.0,0.793935302807039,0.8426744573302334,0.6613577521890349,1.110531830391692,0.7409172147970053,0.9159715744612187,0.9101707750036373,0.6617055508449348,0.7676281516031944,0.2664841108811522,0.3517645144146419,0.27656922479184654,9.733549980485188,7.273093470508881,6.920782689722837,0.9342548365419865,1.7385459013363629,3.023902151344732,3.1350282880484355,0.8186676694728171,1.4085480250084013,184.993026,0.0,8.073353637981542,0.30068953593113834,1.3955955629507346,12009.861932938857,12217.666948436177,10201.775147928995,12136.827275288815,LOG00008,Idle 35,266.0,266.5,24.494674556213017,1.8579408026727449,26.32366921865856,22.43311637080868,82.0,1.2374188521780765,3.337810650887574,10422.449985911524,5671.428571428572,0.0,0.0,1.1668426487732564,1.3478111590032482,0.6775844323183446,1.199364371956812,1.4079375149855493,0.6754481581752743,0.32232112552783587,0.38211452186679756,0.5012755634061559,0.32865535241715704,0.47254879863562027,0.36905003346445825,3.9735543275299103,5.800468514765956,4.928187212858119,1.1850860038279156,2.404042546081677,3.6512136265556365,4.477865792013206,1.2605785749666434,2.064935981626495,266.353416,0.0,4.957203451866826,0.3947634882494122,1.8952373729746481,6891.659622428852,11295.99887292195,10708.932093547479,12793.209354747816
LOG00008,Idle 35,185.0,185.5,31.563636363636366,6.792184957742218,21.448211355374443,22.39956521739131,68.0,2.116615189905062,5.307015810276679,12578.289102202145,9057.142857142857,0.0,0.0,1.5986936822202733,1.2175653589336908,0.668773653602102,2.1049552002534067,1.2031838461849704,0.779195165661501,1.3705567950794793,0.739922817091857,0.6134603095334591,0.3659726698575709,0.6040890018574983,0.31021652846014375,3.973555659072349,7.315128237336988,4.91410794762975,1.6627093185477557,3.56965487246646,4.323161264648602,5.593792437514293,1.4209656739074212,2.2650991337505926,185.122268,0.0,5.581179762540913,0.44538141398795494,2.784514157488617,12164.793901750423,14002.230378317336,11822.219085262563,12323.91304347826,LOG00008,Idle 35,255.5,256.0,30.683629191321504,5.304710073052802,27.545898082568936,22.390631163708086,57.0,1.951585391714376,4.891617357001973,12447.231614539305,7114.285714285715,0.0,0.0,1.4899168623102341,0.913232242275566,0.6857404448820723,1.6839597798157533,0.8831005109797688,0.8010059086749374,1.2983772260823951,0.4089877698434836,0.6500077108656583,0.3734097871698017,0.686448144278176,0.31880882748050265,3.8117277270172645,7.6450040087165245,4.070671279050053,1.6023462480875523,3.933684078809986,6.291567883284761,5.104238869593567,1.2356871337292523,1.9209337008551481,255.883832,0.0,5.4633847634437185,0.48726618065031657,3.0034466809520226,9561.792054099747,13140.88475626937,13324.852071005917,13761.39757678219
LOG00008,Idle 35,185.5,186.0,34.519723865877715,8.383302974367671,29.23181128477683,22.301913214990137,61.0,2.3647814316189635,5.966587771203157,13948.73908143139,8557.142857142857,0.0,0.0,1.6558659382895302,1.3953459132417776,0.5891913979334644,2.724582051348658,1.789216839921335,0.4966605178286938,2.0683472806224183,1.298695316915918,0.24537930694993207,0.36997655402984064,0.47576232910666216,0.2930074110223628,3.083314962128861,5.878873787572677,6.818515171742116,1.6311926695487637,2.7057072845135584,6.133459822038469,6.386931924506791,1.5311567887038866,1.975329581660745,185.937181,0.0,5.49424357284283,0.3869047200723623,2.234014484583679,13809.89010989011,14507.326007326008,12882.69935193012,14595.040856579319,LOG00008,Idle 35,163.0,163.5,33.75581854043393,6.887631531736712,27.1384463151745,22.72074950690335,53.0,2.6683670126484986,6.21284023668639,13692.335869258946,9671.42857142857,0.0,0.0,5.263563979001969,6.221427196652264,1.1858186271171551,5.521291858253106,6.310565437326404,1.1571245862597446,1.3842325176941128,0.7455193964678538,0.3991589079635311,0.6153967786188168,0.747691624231799,0.4761611677350017,3.6616948979827497,5.644912958853037,5.309096118347797,3.1348978288543585,4.489249669209453,13.014329835419447,14.350294995902628,5.762432738188425,8.16822107155243,163.073271,0.11045364891518737,4.948385374132842,0.6230263284269675,3.8717532843566467,13314.933784164552,12459.932375316992,12718.427726120031,16276.049591434205
LOG00008,Idle 35,186.0,186.5,17.92741617357002,1.2762346887017735,31.20682689438535,22.43234714003945,45.0,0.6506873018335736,2.006213017751479,8118.998309382924,6514.285714285715,0.0,0.0,2.8089999789620155,1.7459952298534223,0.41295097686816995,3.1618624217210987,1.667514671750561,0.38249490148893006,2.6151200422689285,1.392483588932675,0.28458621950877244,0.28826620666439823,0.351346719908361,0.24083981883579741,1.7727792956243706,4.6048145094976,5.57163447689583,0.6293178224515144,1.2213906408149353,5.233973377612293,3.7289845057048683,2.338694104033222,3.6583294087856477,186.263737,0.0,4.296904848919679,0.29695439707801685,0.9715544295420189,8048.295294449139,8322.569737954354,7469.540715694561,8635.587489433641,LOG00008,Idle 35,224.5,225.0,21.6491124260355,2.4712337513138207,38.365998983413604,22.46039447731755,24.0,1.3449060656847924,3.002347140039448,9447.893772893774,6557.142857142857,0.0,0.0,1.4562865275464945,2.0453925222879255,0.5528871049750917,1.3803927646032341,2.0436229974762825,0.5209220071595195,0.3240658065440274,0.27761334067098375,0.35883027539452417,0.34469320879249754,0.4226431131545437,0.3444109256964884,3.5803764896569947,5.760258285891137,5.128050757225899,1.3950701087100392,2.0727607101394727,4.105367631833345,5.600964977439244,1.7754437502417235,2.8939293735665896,224.823399,0.0,4.909058833644563,0.3724063618431461,1.7667141208630974,7755.367709213863,9747.506339814032,10139.616793462948,10149.08424908425
LOG00008,Idle 35,211.0,211.5,15.479289940828401,4.567921021033076,10.368001718319489,22.31051282051282,64.0,1.7305423901735613,2.3475147928994082,6991.420118343194,3385.714285714286,0.0,0.0,1.9460291232061038,2.527097130862231,0.8045475931086098,1.8920992135259687,2.5207639935141186,0.9416452167017694,1.4199725696390353,1.870887690309666,0.851230738413139,0.30692153961731883,0.3941192772184897,0.3483531302984582,1.6172914692261042,4.946469043617811,3.862522609014667,0.8535473819276987,1.7400420063273976,4.125735843757509,6.262817232238072,2.2553546569418343,3.5249739136632154,211.390249,0.0,3.741758436931771,0.3516061904768954,1.370454179638908,8069.118061425752,6945.703014933783,4533.812341504649,8417.047055508594,LOG00008,Idle 35,174.0,174.5,10.705325443786982,0.8743277172792318,18.395847415722322,22.77406311637081,48.0,0.5185323879238883,1.6222682445759369,6236.728655959425,3342.8571428571427,0.0,0.0,2.4022162412023587,1.7634999433224627,0.7985020978665147,2.3703072630057465,1.7374461489247033,0.9279905306460074,0.3219317808098428,0.2650557107162014,0.5837259957749049,0.2881263700498264,0.30395054169344804,0.30264547768304884,1.737433311133796,2.319650154190839,3.12426400445193,0.7793038307664758,0.8952278819475172,4.392031514960061,3.924333634812101,2.107198960657811,3.518797130693579,174.274937,0.0,2.4603845849777866,0.298327014128138,0.8392697484312011,6127.303465765004,7191.772330233868,3805.1845590307125,7822.6542688081145
LOG00008,Idle 35,211.5,212.0,29.31439842209073,3.445302347733119,16.052661064526124,22.30502958579882,60.0,2.402241427095527,4.81861932938856,11943.068469991547,8414.285714285714,0.0,0.0,3.892297845362256,4.463043162564061,1.1233320789317518,3.9677869169639868,4.505136030614742,1.1269113083788103,0.9481009751342807,1.466774877411353,0.0569073883684514,0.4487045566225169,0.8051836885688755,0.39840545678577566,5.465707793312958,9.278426095983392,5.002359610662134,2.182829058775269,4.918681246515553,10.895233563279957,14.234164529125307,4.18740592658041,7.677208984456055,211.999955,0.0,6.855332575810149,0.579765314435612,3.8051391501926397,12672.527472527472,12304.621020005636,10628.79684418146,12166.328543251619,LOG00008,Idle 35,325.0,325.5,28.067455621301775,2.2385421686736073,17.66479733690826,22.13422090729783,59.0,1.4276800184430842,3.9846153846153842,11607.734573119189,9371.42857142857,0.0,0.0,0.8223701077270958,0.7912740614527052,0.670870849820276,0.7570797855332585,0.6328021184704832,0.9040003349906612,0.5302020168910033,0.45625734968612275,0.7365038820610573,0.27026213445352143,0.35733982535710096,0.26097961779145434,4.1750933157556664,5.646658010170141,3.499743973903531,0.7406872783030286,1.7482947014900019,2.2130151145972543,2.529120341965169,0.8069718812978968,1.082455089824116,325.18106,0.0,4.530061028358609,0.2993569402392348,1.3426004631866406,10428.458720766412,11765.060580445197,11151.056635672021,13086.362355593124
LOG00008,Idle 35,212.0,212.5,28.84110671936759,2.615998581334436,29.421191180180507,22.35286561264822,76.0,2.409419907127883,4.142193675889327,11974.033032185205,10057.142857142857,0.0,0.0,3.752267475995893,3.7115326456246156,0.950713727374973,4.080259069632958,4.113738671943314,0.9507001318573106,1.8755958344278345,1.4451835974450324,0.0001912878181621172,0.49261854420242607,0.5365646367346437,0.3537391045274785,7.786202096916756,8.733933486898529,5.847337725515614,2.5687517179636963,3.2641176026153493,11.548916414786767,13.192104477806401,3.7319556395376585,8.16407175314529,212.029553,0.03557312252964427,7.55199522695463,0.4675132773723115,2.9370860654945767,12262.84584980237,12031.67701863354,11508.074534161491,12093.53472614342,LOG00008,Idle 35,237.5,238.0,30.14486166007905,0.860613394994916,33.212320410916874,22.379881422924903,50.0,1.4865878024944057,4.508537549407114,12522.430830039526,9142.857142857143,0.0,0.0,1.025481497332404,0.7342216994750773,0.702974624644648,0.9969143467025063,0.7914887640101671,0.6130429271975048,0.3019937011476278,0.37357388151891013,0.3877906097131207,0.24864504099450938,0.33725535050911387,0.27154662591654083,3.1158774591131366,6.051740942113285,4.252131543797282,0.7243150567778531,1.6010029277140412,2.3312620206007844,2.8080910765271034,0.891822237150201,1.1747045785560914,237.523653,0.0,4.633676849487,0.2882724971879005,1.2425463122201994,9801.835121400338,13046.866177300959,13264.991530208921,13976.030491247882
LOG00008,Idle 35,212.5,213.0,36.58599605522682,5.835741498748992,44.0618978195325,22.24493096646943,63.0,2.1690079681264196,7.0137475345167655,14243.138912369683,10371.42857142857,0.0,0.0,1.8586570986978375,2.122379052523422,0.918798434658762,2.29720204513051,2.3314008149744123,1.0287572658480335,1.6468415251928936,1.594717180424001,0.8872647793433496,0.3631305231666988,0.6355922623582873,0.3095996210399227,5.506565877258069,8.008374978774457,8.187251160365708,1.6487913881038128,3.569686100224566,5.006307658425387,6.808597650940066,1.9948808301663146,3.1723968944659906,212.802041,0.0,7.336834447365643,0.4588729766769558,2.7803931282843575,13800.986193293886,14883.291067906453,13529.47309101155,14758.805297266836,LOG00008,Idle 35,170.0,170.5,36.00059171597633,2.715101250009141,44.03293677609812,22.521617357001972,49.0,1.4706347121579866,6.192721893491123,14769.33643279797,11971.42857142857,0.0,0.0,1.0671613259325932,1.1183080940375885,0.885482987576035,1.1268732977018612,1.4231506882417226,1.1070135285221931,0.5912605104788963,0.703284802613681,0.9385294943541038,0.29575413215067575,0.34270658602393794,0.22927494017088978,2.5303094922802916,3.191820146905435,4.872134145447965,0.9691292620916375,1.7093496536822805,4.350519704156328,4.400555819295748,1.093033917304535,1.7021317983480555,170.019798,0.0,3.666418466212639,0.29296490630491745,1.3894401327847872,13800.50718512257,15678.923640462102,13975.373344604113,15622.5415610031
LOG00008,Idle 35,213.0,213.5,38.712623274161736,1.4019141683409855,60.754044608011355,22.174516765286,74.0,2.0255118088256756,7.065719921104536,15234.474499859114,11942.857142857143,0.0,0.0,2.4514917553347417,2.2882877006429423,0.8842876673569318,2.616186179722594,2.93984530518204,1.0250039778306215,1.9203573093663726,2.1113105131649657,0.6819775123129751,0.4012218630130864,0.44923166847131724,0.30615090718893423,4.926635258130991,4.209511693392946,7.05804676348982,1.8972532445346042,2.579547688522407,5.449064845669181,6.852201304828506,2.371294206481767,3.0955225916026015,213.427529,0.0,5.531960104070421,0.3900924904386236,2.2642477946614377,13370.667793744717,16882.783882783882,15242.32178078332,15442.124542124542,LOG00008,Idle 35,303.5,304.0,38.841025641025645,2.256608382910038,62.42810575025389,21.83360946745562,79.0,2.9457774313910696,7.385956607495068,15046.816004508313,7600.0,0.0,0.0,2.1323314455494717,1.6120428803189208,1.0948807352491656,2.0631174151850833,1.6766148221512942,1.1978118359864425,0.37463225430995195,0.38720967342589474,0.4658013899347852,0.5565676888831858,0.6847629800957356,0.420701749834781,6.335692311347717,6.852118468537563,9.947489318363623,2.39893035227423,3.736834528227084,6.116231194425914,6.534991537746785,1.890174547715901,3.0069123126619393,303.973806,0.0,7.8749617630797095,0.5644046696984975,3.139968083150902,9115.610030994647,17041.89912651451,17146.914623837696,16882.840236686392
LOG00008,Idle 35,213.5,214.0,34.65384615384615,1.6816916438544438,66.00566291649719,22.240216962524656,81.0,2.083927000019267,6.135917159763314,13765.511411665257,7942.857142857143,0.0,0.0,1.7190868760816946,2.176494330519995,0.9365480881166295,1.7997977751877425,2.417034722526576,1.0133204655744732,1.1679477347852014,1.3884171683972208,0.5345979010450091,0.3944928501444159,0.5882396037494879,0.49968775414222943,5.947163544548649,7.2734023389260605,15.898296490626283,1.8692363665975498,3.589888883893749,5.386446575072884,7.615773105863909,1.9611714940695522,2.701692303014596,213.832023,0.0,10.661878619851873,0.5004458984659329,2.8619352537151066,9537.588052972667,16228.881375035222,16369.87883910961,12925.697379543531,LOG00008,Idle 35,303.0,303.5,37.77514792899408,3.449799715166658,72.29492391791719,22.064595660749507,92.0,2.8381525222058785,7.429861932938856,14489.940828402367,9000.0,0.0,0.0,1.622731248570992,1.5586478514604731,0.8011298289006932,1.5654101524535704,1.4621418467226561,0.7880276370105623,0.5936060617937354,0.6629142028044859,0.616525519615638,0.4439458063604662,0.6426431437909375,0.3610152260197863,2.7155701815497078,5.843386162475768,5.182364536624781,2.14138482279396,3.944366334943297,5.357072414301585,6.61762037353942,1.5910122296750453,2.1736953642829326,303.419361,0.0,4.774110229323764,0.49679307653007865,3.1736063668582424,10181.121442659904,16308.143138912368,16595.463510848127,14875.035221189068
LOG00008,Idle 35,214.0,214.5,36.32998027613412,2.4883493018729665,60.678094082363536,22.30930966469428,68.0,2.7570443528972786,6.945581854043392,14190.729783037475,8085.714285714285,0.0,0.0,1.892428930164404,1.8788318793010932,1.083861206673154,2.062222050468942,2.1584250333001167,1.1772678502356557,1.3643876762972895,1.0676328124601322,0.7577294094292474,0.4059447337036618,0.7255511411658556,0.4045528682104997,3.7137384445581914,6.558451171873854,9.837624207079166,1.9238026599146028,4.225671707135462,5.537393059327749,8.00431343280434,1.8856426605273424,2.42923123376412,214.154629,0.0,7.155044492015243,0.5338160133873077,3.2830868135627815,9474.161735700198,16072.72471118625,16940.180332488027,14275.85235277543,LOG00008,Idle 35,222.0,222.5,32.91205533596838,2.855227665984959,56.52395337276644,22.348517786561263,48.0,2.2084311037792803,6.196521739130434,13188.142292490118,8871.42857142857,0.0,0.0,1.0992234656125113,1.4375142950214705,0.8026344928682575,1.0476153185605777,1.403825273463246,0.7837618942923594,0.33412811009896487,0.28126677990295423,0.4548610236898242,0.3776835019839691,0.6128333107215789,0.3299920978420111,2.67858982330344,5.549744107212815,3.526155964910778,1.8507309627230064,3.442532293383905,3.8138503569823694,5.802752515737104,1.279597510107037,2.0350462520143777,222.351048,0.0,4.099116936850503,0.4572031929893673,2.7637143202014087,9681.789949181253,15237.26708074534,14929.898362507058,12903.613777526822
LOG00008,Idle 35,214.5,215.0,35.81600790513834,1.275971563463523,50.20154123795552,22.135612648221343,80.0,2.261565313586543,7.037173913043477,13927.4209486166,6657.142857142857,0.0,0.0,2.3228683589017387,2.1526532955491504,1.1691208696380995,2.8738860898565837,2.5340176590271715,1.2814719190106794,1.8057624697780235,1.438542739077265,0.7100813955488761,0.4531432816134467,0.781603755203715,0.5512212228394043,3.891147037539738,11.624127848177524,17.18070607830643,2.2656151034089236,4.3658621471434715,7.31504486814161,8.804979726506456,2.2393786664636997,2.9280209544178897,214.951761,0.0,12.185210090483814,0.6110341235229887,3.478057222405551,7424.082439299831,16596.13212874083,16741.89723320158,14947.571993224168,LOG00008,Idle 35,304.0,304.5,34.84181459566076,1.8934817759466802,49.363501333166646,21.79972386587771,53.0,2.0099803339057796,5.784792899408283,13911.038320653706,7814.285714285715,0.0,0.0,1.913261327323287,1.3048664150941545,0.6813274789974068,1.8344011192488043,1.3396624400477177,0.7869550491670664,0.5163009406315484,0.36631016909004077,0.5750672897041836,0.47535129796218234,0.4979228523969596,0.3741311796149027,4.46083093445071,4.59784440487342,7.124948615310798,2.194973146747516,2.8452698950249475,5.896711215229939,6.028695352467229,1.6375660700978663,2.946429053685116,304.020174,0.0,5.531849557125159,0.45234948250716284,2.5410104181681317,8935.812905043675,15386.052409129332,15022.766976613133,16299.520991828686
LOG00008,Idle 35,215.0,215.5,35.969033530572,0.9397887068226353,37.9789068490589,22.15936883629191,82.0,2.29812261212484,6.758836291913216,14150.788954635109,6714.285714285715,0.0,0.0,2.421644578447312,2.224705247281804,0.902587385431389,2.6971338123451942,2.1078756840458817,0.9058412923778055,1.755928709495754,1.0881544111609096,0.5912151816994289,0.5368211488280117,0.8522725916572673,0.549616812898567,3.5019181332740685,9.382320877675927,18.221094504197872,2.6681422265450134,4.686325409614058,7.19247908749571,8.563603547568109,2.325260835003941,3.0639663882270707,215.021806,0.0,12.004161231211134,0.6624762026769966,3.8131764177563925,7670.836855452239,16385.038038884195,16687.799380107073,15859.481544096929,LOG00008,Idle 35,250.0,250.5,35.98695652173913,1.3375497575196464,39.399220941386226,22.182885375494074,48.0,2.0388278168422502,6.230869565217391,14389.942123094297,11714.285714285714,0.0,0.0,1.148210809289771,1.06461458025072,0.6930536540633274,1.0503005735352113,1.0445144808054743,0.5624438636205124,0.38905892269831954,0.3604452419470612,0.4518125810541174,0.3576761131495521,0.37722549065247085,0.28325338431520686,4.333316826277632,2.949039416443173,4.5477402745525195,1.4963749975163658,2.025845302383164,3.3627816454918564,4.006417776419414,1.1072019389100363,1.5187096573984766,250.010741,0.0,4.006511774658156,0.34179123864418903,1.7808968698916898,12415.697346132129,15008.356860530772,14610.643704121965,15525.070581592321
LOG00008,Idle 35,215.5,216.0,32.93293885601578,0.73484681695415,27.89880228367089,22.304477317554237,52.0,1.811323836607193,5.640808678500985,13294.878839109608,7871.428571428572,0.0,0.0,1.9488364603692296,1.5363408929679567,0.7992777952113671,2.138025780839839,1.7650199936327773,0.6960382481987973,1.470927486319869,1.218702769142585,0.4439131100471189,0.3790833940989059,0.5575687144316306,0.5370596745386151,3.3155415661142764,8.00091442335105,13.3079343254264,1.708648866475279,3.0757208810060104,4.591175825810948,5.3404784485260866,1.7547516759744166,2.607674155652861,215.657141,0.0,9.167125385424457,0.49766795657680934,2.487924826714388,8748.605240912933,14532.121724429417,14762.975486052408,15135.812905043676,LOG00008,Idle 35,179.0,179.5,32.47297830374754,1.7848252544376393,27.88670539497348,22.566252465483235,48.0,1.8842479884422996,5.572366863905325,13316.765285996054,6928.571428571428,0.0,0.0,2.3398231964737244,2.371615095376626,0.9550960468101477,2.370018045343132,2.315872368824947,0.96021803510701,0.9675761592560395,0.45921683392633306,0.5196456322697729,0.4026863551871761,0.6898647382596597,0.4535180463689698,3.1484329339538735,5.654017353594173,6.294221435605055,1.7398179996533267,3.822159003551703,6.960015416337866,7.599439406294442,2.3557727767523327,3.035894098837387,179.311411,0.0,5.212093810065831,0.5303295441296628,2.969500473172977,8603.832065370527,14067.934629473091,14746.914623837702,15848.379825302902
LOG00008,Idle 35,216.0,216.5,30.360552268244575,1.7078257313117047,25.213018917387398,22.361972386587773,68.0,1.7072752335203434,4.648698224852071,12535.834037757117,9628.57142857143,0.0,0.0,1.8854279451352502,1.1468921647749684,0.9251810126517761,1.9774629363616216,1.1403035911768657,1.056066371546044,1.28326716490741,0.8777356713528408,1.057834179462012,0.277634393156707,0.350576661123171,0.26842041697796376,8.044824003753401,7.132224782882948,6.951167217732814,0.9222740926022889,1.660877677380706,6.757127875089799,4.397417208601985,1.5604807230336335,3.1419672831489347,216.180998,0.0,7.391584162496788,0.3011280856149575,1.3433361755545232,10337.757114680191,12980.529726683571,12980.107072414765,13844.94223724993,LOG00008,Idle 35,190.5,191.0,29.009270216962527,1.0900540402255219,24.116108888005837,22.3914201183432,67.0,1.4243359072360162,4.250295857988166,12206.25528317836,7028.571428571428,0.0,0.0,2.518543127526568,2.4831539771290863,0.9439341105922243,2.4989961395498987,2.4785785968018472,1.0994379871870685,0.539380474182661,0.451818935691462,0.6548398377864376,0.35268484668993855,0.5813827000316331,0.3555424555835904,4.310301101886378,6.194082180362417,5.484975435141937,1.3333257662402902,2.86386708973726,6.706439544269876,8.128164684846402,2.500911149895505,4.320449137611023,190.500155,0.0,5.386102646939828,0.4430210238439356,2.233773970951451,9188.672865595941,12057.903634826711,12407.12876866723,15171.315863623555
LOG00008,Idle 35,216.5,217.0,29.011637080867853,1.451532103054898,30.680961350686,22.321005917159763,67.0,1.3441142098742171,4.579980276134123,11958.453085376163,10157.142857142857,0.0,0.0,0.9886700808454577,0.9711943639878801,0.6733205912185407,1.0125011140360114,1.0288622099015883,0.651427812498431,0.6836030337675852,0.7889913321501323,0.5801044507356975,0.2568731445888855,0.34069348149766304,0.25726804016927934,7.5358929176290035,9.725677916923349,6.182678693763829,0.8506584350089075,1.5083493445645169,2.8475395102311425,3.3317550504165716,0.9799711785049566,1.452559853133991,216.637772,0.0,7.9499268097264615,0.28765877079074265,1.2244871412758918,10910.707241476472,12842.152719075797,11838.686954071569,12242.265426880811,LOG00008,Idle 35,298.0,298.5,28.904142011834324,0.7571894749249853,31.23505985519188,22.078895463510847,60.0,1.4909040113952534,4.232465483234713,11969.702733164271,9500.0,0.0,0.0,0.9721392614434832,0.8769395938159485,0.619567660851795,0.9474272324859786,0.9627106226492641,0.5693503470359476,0.6936339818553418,0.7134327240372337,0.4537475813419331,0.31942600552016137,0.33552197473760315,0.2938657440853145,3.6877573445167586,5.272665202410027,2.800887805564619,1.248324599536464,1.7942523784050626,2.722540871473591,3.401473169652508,0.9257639534033397,1.2257475027067772,298.005978,0.0,4.0515645154311875,0.31673598052700114,1.545583369349596,10293.040293040294,12118.737672583826,12323.35869258946,13143.674274443503
LOG00008,Idle 35,217.0,217.5,33.33280632411068,3.3217023276919315,39.08644214224396,22.230494071146246,36.0,1.7625235941504822,5.527332015810276,13488.826933935628,10800.0,0.0,0.0,1.36212600295173,1.649865132659771,0.5119313054229995,1.4440164618027593,1.7913069019661803,0.4807296657995389,0.9464163983594426,1.383377399086388,0.3297086833235651,0.2944977808881604,0.38661546667460855,0.25589096899909486,6.472117678068891,10.084728719976521,5.258522910483764,1.0746439587735102,1.8595958761160543,3.2833873379586507,4.742583142303367,1.5128519762163941,2.4035166529567675,217.175448,0.0,7.555177557904108,0.31711230925092987,1.5187093962631955,12909.345002823264,14106.860530773576,13081.394692264257,13857.707509881422,LOG00008,Idle 35,304.5,305.0,33.36765285996056,1.6647224400994654,39.24560875683947,22.13222879684418,41.0,1.7445285959390147,5.439723865877712,13361.291913214991,7600.0,0.0,0.0,0.9040122855753182,1.2031287810533469,0.6349247039707677,0.9598184725433646,1.1167275378475152,0.6224044088533204,0.3407830976519455,0.4809806146023275,0.38571317103121816,0.35204405966598273,0.4799707543671584,0.31284847285526673,3.0195609303101536,5.2802490404007525,5.629791959382694,1.528164155318263,2.392505927833589,3.27864406475498,4.114725564290771,1.064132763397036,1.6409884305421136,304.503585,0.0,4.785162332545563,0.38823580118348927,2.007407569518263,9378.444632290788,14541.279233586925,14550.352211890673,14975.091575091576
LOG00008,Idle 35,217.5,218.0,29.16449704142012,2.2556179903156965,43.406798291835216,22.375917159763315,27.0,1.4638050516593066,4.437573964497042,12045.773457311918,10228.57142857143,0.0,0.0,1.3308180641278018,1.2946595726044858,0.5712455042645201,1.63305939552783,1.0543729851571342,0.5712462748327785,1.187562126389125,0.8570204472681664,3.8734255887252385e-05,0.2676102617816751,0.42845633809594263,0.24939472134010202,6.943368945872839,11.768616686088391,5.2257068169272065,0.8533199076431096,2.1809590666580734,3.5191782257531923,3.6684593071700986,1.3128633075734317,1.7569246207006302,217.664786,0.0,8.446275762312224,0.3252628746607625,1.6560098603598499,11562.862778247392,12598.281205973515,11576.331360946746,12445.618484080022,LOG00008,Idle 35,283.5,284.0,27.9741617357002,2.9565464149281677,40.91212933457479,22.243609467455617,33.0,1.6218473222609007,4.182662721893491,11581.980839673146,9500.0,0.0,0.0,0.6165888516322215,1.8092261308417892,0.4951798089575701,0.7558332097290874,2.382695303641001,0.5309146393185782,0.5854852000015889,1.269910185757431,0.15122134476329827,0.2889521246414789,0.3534888545579073,0.23705125707862493,5.065845798845741,6.067006217313669,3.1240033194035286,1.012145446477003,1.7464104369816686,2.4894253671835838,6.368066287702723,1.3515696438729845,2.9791912267095886,283.607724,0.0,4.906823644621505,0.2970078557401259,1.4273030195481684,11423.415046491971,11479.092702169626,11064.468864468865,12360.94674556213
LOG00008,Idle 35,218.0,218.5,27.793293885601578,1.5004648847069861,44.90606114195443,22.172662721893484,23.0,1.2274588450196777,3.997790927021696,11628.22626091857,9800.0,0.0,0.0,0.8259264083710842,1.3427381417413904,0.46140932470510454,1.1456728179303095,1.5410079312652296,0.4828156847388458,0.7517740722878128,1.133060022007676,0.16057534049348884,0.29032745147600403,0.3205195600057059,0.2535423470692874,8.095816650078815,11.395637535297267,6.547774146289101,0.9572901988992977,1.3316196237076083,2.4191054143871367,3.9205622911134808,1.1146973018115462,1.7847612308705214,218.177801,0.0,8.912091941820417,0.2894284823488097,1.159658429700713,11021.245421245423,12184.3617920541,11358.438996900535,11948.858833474218,LOG00008,Idle 35,282.0,282.5,28.820710059171596,0.878959112281408,44.74024165353461,22.164516765285995,42.0,1.2527808727631233,4.2161341222879685,11891.24401239786,9371.42857142857,0.0,0.0,1.0762885492569445,0.6980844378271046,0.801908739662333,1.307052157805432,0.6154228124244336,0.9273237002730353,0.9990188895014,0.5078211817567696,0.859349289491787,0.24114726765713293,0.3366233668929486,0.23040811898813862,2.850165325295654,5.389889282024926,2.275100371163963,0.6780107963682324,1.5612284341768707,4.1080092070211345,2.524827410275112,0.9071160134177995,1.4766587476685544,282.38042,0.0,3.7572343797388705,0.2735904464295113,1.2035640538987213,10400.450831220061,12840.88475626937,11992.927585235277,12330.712876866723
LOG00008,Idle 35,218.5,219.0,25.788165680473373,0.5664328222968967,44.53915586987149,22.307258382643,10.0,1.0294092106186412,3.443293885601578,10890.081713158637,9657.142857142857,0.0,0.0,0.8858135246492523,0.5639598992446804,0.5469091330270349,0.7796487150410313,0.6009312994984592,0.5346433512947507,0.3932347694394923,0.39958846964488376,0.2776226022774147,0.2501429571063643,0.28782497819015634,0.22992835956892613,3.572900396239135,8.347419523014358,3.229694211487501,0.6947565160271724,1.0972908221913924,1.9816714400355235,2.2170221867915165,0.7425349717042294,1.3371032330953214,218.983827,0.0,5.564049922923736,0.257087383065329,0.918350087120287,10051.9864750634,11669.089884474499,10810.876303183995,11028.374189912653,LOG00008,Idle 35,223.5,224.0,23.517554240631164,0.6166233802042871,44.86888357251631,22.44621301775148,31.0,1.1835604118461296,3.2602366863905328,10220.914342068187,6871.428571428572,0.0,0.0,0.8423893340996494,0.7689375088971514,0.5745101644353982,0.8626441146443813,0.6860907300656345,0.5319294616463344,0.2727190187818399,0.37983947167806204,0.44636115673588017,0.28029160636124156,0.3365105150542468,0.27129743283918617,3.565345170917664,8.266323978281557,3.329781724129539,0.8305087106839881,1.5136195693604018,2.843727309335748,2.929143502255349,0.8065000566626789,1.236774533049732,223.987775,0.0,5.541697833457588,0.29743627239223996,1.2208171278436317,7169.343477035784,11230.008453085376,11580.276134122289,10904.029304029304
LOG00008,Idle 35,219.0,219.5,27.709861932938857,0.851000907778629,44.17701814465077,22.30907297830375,29.0,1.2006585737912678,4.100197238658777,11550.845308537617,9914.285714285714,0.0,0.0,1.1448891832028674,0.94455949397077,0.7189461477355588,1.0463434288359164,0.7973894343515388,0.7415609508341872,0.6033845329189473,0.36410594293689236,0.7589363685822355,0.2729503424784925,0.3473828463229023,0.2682503990670475,7.1877259282449835,8.380729133061358,5.677580816599487,0.9367331743571365,1.5191234038225532,2.806726212432945,2.9572896594986284,1.049515097429581,1.3919377237180177,219.488949,0.0,7.16786692469308,0.29840409289985603,1.2619835490177,10481.375035221188,12444.406875176106,11700.281769512538,11577.317554240632,LOG00008,Idle 35,236.5,237.0,27.548915187376732,0.4649593381153929,45.412718261031884,22.401518737672582,52.0,1.1538545693799773,4.084122287968441,11568.244575936884,9085.714285714286,0.0,0.0,0.6549191695397732,0.5767745385797228,0.7026210796996504,0.5659327151433783,0.5376401157700349,0.6340162873973848,0.3990788381249741,0.2692774476883919,0.453836598665334,0.25420282274471306,0.31815538184637954,0.2601307169544951,3.5349457727946803,5.089455318437721,2.5574411902056196,0.723308393714812,1.5938611543084287,2.020603928702107,2.5028583265461393,0.617085078001615,0.858317840342013,236.549897,0.0,3.870353235228593,0.2789921814868983,1.237652699999418,9487.714849253312,12669.568892645817,11955.903071287685,12159.791490560721
LOG00008,Idle 35,219.5,220.0,24.60078895463511,0.8651477560960323,43.366137513472,22.358205128205128,66.0,1.1419158320233314,3.3583234714003947,10506.008734854888,6528.571428571428,0.0,0.0,1.1881944715506796,0.9445332121073697,0.8428966686613171,1.063756026579229,0.9967226924478564,0.8904872654568132,0.991301343203856,0.7726413902630112,0.7863927071817974,0.26313792466555636,0.39027136069499113,0.30089300620297826,7.841007627459782,10.142270081892757,9.01488398675493,0.7620246939275972,1.8593162407197257,3.0669710851393543,2.8826489023604798,1.0733007712187355,1.6121081659674976,219.87075,0.0,9.048299588368153,0.32253676976838946,1.4208691912276055,8403.691180614258,11942.659904198365,11643.054381515918,10034.629473091012,LOG00008,Idle 35,210.5,211.0,24.42721893491124,2.1268845356076924,42.20074789879699,22.54295857988166,66.0,1.1739034771337502,3.136410256410257,10502.852916314454,7414.285714285715,0.0,0.0,1.403638847913384,0.6932376903812723,0.6239691518762556,1.4281919529973164,0.6315884006157461,0.5931979162833074,1.043304324289113,0.38910954299909123,0.5301323294675712,0.27747048084829146,0.3957023115833561,0.3030831952406141,4.3184752506436235,5.658873445145649,4.021838659827727,0.9502974398352071,2.0094621373469357,6.315973300899283,3.139743327993623,1.1069734664247317,2.1930452467240986,210.701437,0.0,4.720425947033488,0.32935776412681983,1.5717829534621284,8728.205128205127,11357.480980557904,10890.363482671175,11035.362073823611
LOG00008,Idle 35,220.0,220.5,23.554743083003952,1.456479062020573,40.849026184649674,22.303695652173918,96.0,1.2378146378465704,3.3320355731225297,10008.2086391869,5571.428571428572,0.0,0.0,1.1379087550567573,1.197175692211529,0.5437803240839508,1.182413989616449,1.1315242796283724,0.6216863917452174,0.7857420347975747,0.6111380544851662,0.5118590971111044,0.3068760349196901,0.35023305834818,0.3327995649359923,5.966399792226401,5.912949174283246,7.621909565735915,1.1666083480321952,1.7060006204041385,3.458106132511756,3.5374897868537882,1.167918227629181,1.5671125290401131,220.130217,0.0,6.548648711670541,0.33045001961443243,1.4614056853792705,6322.699040090345,11963.890457368718,12373.800112930548,9372.444946357991,LOG00008,Idle 35,254.5,255.0,23.251873767258385,1.4101112185780151,42.34442572258664,22.41209072978304,78.0,1.106570069298742,3.035838264299803,10068.42068188222,6071.428571428572,0.0,0.0,0.9691082464828507,0.787076001910997,0.7644043191678831,0.9978299466335038,0.7575994671888988,0.881007265684145,0.3985299897767666,0.3730988754079691,0.9877742600249699,0.2852885888096697,0.35539774068371444,0.2700013549812952,3.449190505652068,4.38832039558886,4.076470457285457,0.8365298118207775,1.826921376748611,2.8805954896086075,3.5681585480557216,0.8827965298372171,1.6625571867481126,254.96928,0.0,3.990483781353778,0.3058310343309613,1.4208138236387522,7036.93998309383,11077.0921386306,11339.109608340377,10820.540997464073
LOG00008,Idle 35,220.5,221.0,26.15167652859961,0.5826994159686436,34.27522170192574,22.304753451676532,96.0,1.3894243522112235,4.240177514792899,10929.261763877148,5542.857142857143,0.0,0.0,1.6778631999476674,1.719365331726428,0.719672549367247,1.5078187880356437,1.8256455328860568,0.6843725422074359,0.8651068721739374,1.056806527118455,0.61138566459083,0.3439543647312537,0.404912182808607,0.3069765541419867,6.550026883050936,6.258499574378226,4.211177192352569,1.4689606739433922,2.195417186306015,4.314783540569838,5.793793863892477,1.6987410134687038,3.073285563704121,220.99938,0.0,5.767890499323904,0.3542565386822564,1.8678466322907836,6193.462947309101,13078.5573400958,12773.795435333896,11671.231332769794,LOG00008,Idle 35,189.5,190.0,25.908300395256923,1.9518032294577194,36.08370473841693,22.78415019762846,73.0,1.440879663561292,4.073043478260868,10964.222190852624,6471.428571428572,0.0,0.0,1.4180133254491474,0.7392864872109407,0.6772008634671092,1.3934313026340097,0.7551100431439143,0.5764978861516737,0.6168321679324301,0.2391331776296008,0.597748853652742,0.3552691719934456,0.4416763328960557,0.32105498616631983,5.3038655859028765,6.83645752447404,6.628230520205953,1.4020619294906456,2.0938571359384768,3.5694686886660865,3.6132168449152684,1.1307754642996204,2.306850371409542,189.998976,0.0,6.292894974128951,0.3761074632564793,1.7818551231578152,8095.031055900621,11981.19706380576,12618.97233201581,11161.688311688313
LOG00008,Idle 35,221.0,221.5,32.175147928994086,1.9333504372017651,21.194038069337235,22.162781065088755,79.0,1.739425522580759,5.6173372781065085,12915.236686390532,6614.285714285715,0.0,0.0,3.704911119405263,2.9822920789413945,0.8882166608062287,3.9853984027763505,3.1069256264385863,0.8705047506747192,1.4066336032019646,1.3498002089126455,0.5586348767024402,0.3960811879422036,0.6330482818434198,0.47960742810296036,4.163871941230328,9.92213424515125,6.357954731592586,1.8072378938377085,3.55705481141726,10.479716484413515,9.269576544247569,3.3630664910769568,4.887790682253474,221.286513,0.0,7.21595837688358,0.5123975408730179,2.821236230480322,9561.256692025923,13842.011834319526,13722.03437588053,14535.643843336153,LOG00008,Idle 35,265.0,265.5,34.13853754940711,3.4939921666265583,27.587865489185788,22.20806324110672,92.0,1.8870735545658512,6.08292490118577,13622.254376058725,10628.57142857143,0.0,0.0,0.9777242365892903,0.9833219276003395,0.8282708185400988,0.8905488673208388,0.8784724104666509,0.8466976505091433,0.40088411996373713,0.5040548297261094,0.7090960472104698,0.3494758417064257,0.378323361405529,0.25091092053176367,3.9187852433322807,5.547792944558261,4.6010753156248985,1.4975674411693356,1.9112491219324514,3.333860300901772,3.570022309249278,0.9805270766566719,1.4655435805075856,265.406293,0.0,4.736552135576468,0.33076588889207337,1.7169131380093225,11836.871823828347,14533.314511575383,13880.152456239413,14238.678712591754
LOG00008,Idle 35,221.5,222.0,34.676528599605525,2.768636221907992,10.878864444034955,22.276252465483235,51.0,2.053679128156534,5.899585798816568,13812.003381234152,11371.42857142857,0.0,0.0,0.8100102479088329,1.3314792234081294,0.7842803523240254,0.8537283641566584,1.8615524454698542,0.8358858881996105,0.36460661056047083,1.2523650645420845,0.46681351523548514,0.41377987437081337,0.4636468538655575,0.30577550339437065,6.589107157609299,10.809588075950785,6.493436086952516,1.9173457964289795,2.4709328254054954,3.722631886942419,6.370698455944061,1.1020330131363674,1.7169917491081115,221.662352,0.0,8.214382503096477,0.3998669978921477,2.211529327269962,12357.988165680474,14518.117779656242,13278.97999436461,15092.927585235277,LOG00008,Idle 35,200.5,201.0,32.49861932938857,1.3888603259475971,12.835730196716652,22.52595660749507,43.0,2.6710111325773567,5.027041420118343,13393.505212735981,9414.285714285714,0.0,0.0,0.8882596159074957,1.300543260312376,0.6767304667152276,1.1529536778410905,1.3469027772853082,0.6779488530512928,0.726011766084368,0.7766447538102731,0.002010118411420752,0.28393573112303183,0.34040381896749816,0.23483269869568812,2.745407665208262,4.550943127629228,4.756763668228032,0.9771731910873972,1.6425518122939207,4.420233199556505,3.9859219717020355,1.11364669379388,6.5337438530441405,200.500142,0.0,4.118055657486682,0.28962081863057176,1.3514517937111126,14266.723020569174,14022.879684418145,10647.562693716542,14636.855452240068
LOG00008,Idle 35,222.0,222.5,30.574753451676525,2.9046235482357097,16.634471775701428,22.324773175542408,46.0,1.6015626488662278,4.557416173570019,12570.118343195267,9614.285714285714,0.0,0.0,0.8361959578913488,1.756138496416252,0.814780698632267,1.1959993244023797,2.0680352785685554,0.8309338428135643,0.8917293709196281,1.7721332531703367,0.5584784070502636,0.2647265880830477,0.35285571584189146,0.2592152679242337,8.860866554636843,8.638430890256478,6.748014961591304,0.8520291828906983,1.7614238707947607,3.310672479760657,4.450472572030797,1.3753628791320793,2.096408363573958,222.364845,0.0,8.137836532041327,0.2953979675880306,1.3835764852553305,11189.067342913497,13386.728655959427,12607.945900253593,13096.73147365455,LOG00008,Idle 35,260.0,260.5,29.889723320158105,2.6531160593977106,18.289106780610346,22.469703557312254,28.0,1.7340404428387801,4.473260869565218,12461.370694522868,10200.0,0.0,0.0,0.6796350396094505,0.9250762584885052,0.6061727588039426,0.6910184589506485,0.8154797384947162,0.7033897360523186,0.36816634203477894,0.5312908419317307,0.46880416227702176,0.25187468420360676,0.3198036054889719,0.25431698688569443,3.8220194953258417,6.117609046609901,3.822490706749836,0.8021293616329742,1.485214450041267,1.7496470564472102,2.7794417501879307,0.8116864761359617,1.1072291154534617,260.499023,0.0,4.713258203302783,0.2771235178550238,1.1935814751002773,11683.455674760022,12591.501976284584,12049.830604178429,13520.694522868436
LOG00008,Idle 35,222.5,223.0,26.767588932806326,1.0231398415522623,21.556580689486008,22.18565217391304,57.0,1.1572156430787572,3.8136758893280636,11274.04714850367,8842.857142857143,0.0,0.0,0.8687212830510445,0.6333275763924229,0.670756761988868,1.025822824639488,0.5967633297819185,0.6943124619698795,0.7313677206380254,0.3617340294462027,0.6239511988058164,0.2646329237198301,0.31054106495848266,0.2522125317760203,7.485130627474053,9.247817585652196,5.291399235335871,0.8519782824292691,1.3979035335962793,2.2453289238516003,2.1559734098252505,0.760190925572304,1.3126872068573188,222.500939,0.0,7.517717217248889,0.2769341067997488,1.1575839673587596,9274.76002258611,12266.685488424617,11981.50762281197,11573.235460191981,LOG00008,Idle 35,316.5,317.0,27.98974358974359,3.0359147608653263,25.42520823872233,22.048816568047336,44.0,1.5817775193182912,4.0926232741617365,11587.48943364328,8571.42857142857,0.0,0.0,0.8146122011344835,1.1044513429472285,0.6804154755143293,0.8238277631998568,1.190800306819251,0.5866839106429734,0.5574491366981993,0.7243053562932771,0.4239058053254865,0.2951523749048125,0.35495136954283474,0.2623389525724018,5.082984544611001,4.80560596553955,3.556228030985382,1.1410920249499665,1.6550457319813743,3.4703591319820153,3.591025412169639,0.970413779574235,1.495657732889763,316.536668,0.0,4.530538539921782,0.30655457653794166,1.421489955003935,12927.867004790081,11232.88250211327,9500.225415610032,12688.982812059736
LOG00008,Idle 35,223.0,223.5,25.209072978303748,0.30107717300083564,22.08565672832591,22.097948717948718,58.0,1.1120080996225246,3.6398027613412225,10735.25641025641,7942.857142857143,0.0,0.0,0.9350333433844055,1.3975482864127589,0.7327153808173341,0.886049038732871,1.3634915068267524,0.7729125301840489,0.674620245498879,1.2156115814907433,0.6057120484494257,0.2324860427543852,0.2865556876540477,0.25231255188810175,3.41703785854563,11.59860087506777,5.28457080697445,0.5229692617105038,1.1070690299781176,1.873199332597834,3.2228229506448467,1.188997175374243,2.1392939311721824,223.4224,0.0,7.6186258297189795,0.2580862556347936,0.8657651776985252,8497.604959143422,11509.32657086503,11577.542969850661,11356.551141166527,LOG00008,Idle 35,316.0,316.5,24.035375494071147,3.3621165395926744,23.132783601227647,22.061818181818182,46.0,1.3166396842477393,3.472391304347826,10029.150197628458,5985.714285714285,0.0,0.0,0.8031688697915536,0.8321103922081742,0.5264256374957761,0.8820100275047141,0.6058363587155559,0.5203323842134494,0.6025379957561912,0.6798972283673623,0.3299359156891376,0.27820665879169587,0.33094060291151456,0.28550223593548846,6.707960520386077,6.6650329190125595,5.798004101221662,0.9518175622820534,1.464775693757198,2.6378965149746523,4.386919111237128,0.8177676742886951,1.2131716715243932,316.494245,0.0,6.4040677102490235,0.2991277064931963,1.2352174919605117,11422.61434217956,10158.921513269339,7611.264822134387,10923.800112930547
LOG00008,Idle 35,223.5,224.0,28.16272189349112,1.2995868284301575,21.721906253891284,22.18214990138067,75.0,1.304523297787205,4.214319526627219,11650.50718512257,8057.142857142857,0.0,0.0,1.368332929353534,1.296359928360476,0.7897059034204373,1.4840833567797955,1.6537381852134987,0.8293516084367322,1.21541817755219,1.3441325922760654,0.6611318802944114,0.28901568999088,0.37698797644361987,0.2854160907457228,8.654000837104233,8.829799937917613,6.942170319634108,0.9997308824573168,1.8383361034848495,3.2258815286803184,4.292096309471986,1.3328323355568772,1.917398767014356,223.671016,0.0,8.186387607466827,0.31995434481632434,1.47968602526258,9074.640743871514,12380.21978021978,12640.856579318117,12506.311637080868,LOG00008,Idle 35,262.5,263.0,28.427667984189725,1.1502814986468044,23.723394713059395,22.242826086956523,78.0,1.3877027861724767,4.172332015810277,11885.311970638057,7757.142857142857,0.0,0.0,1.4282121689318932,0.9520722287522333,0.5910221210936583,1.4123694125885111,0.9521123535614258,0.543941914296545,0.4941632509866673,0.004216695994407357,0.331038079842919,0.3036815077955953,0.3366750546613223,0.3048208817203598,5.704114952185006,5.81537533050942,6.895993265070682,0.9703944206929578,1.5355867954629812,3.6903356317683103,3.07257407761808,1.21371980461851,2.020576637712483,262.870765,0.0,6.1619867124799494,0.3154300347890099,1.2844633389303666,8444.918125352908,12413.636363636364,12490.25974025974,14192.43365330322
LOG00008,Idle 35,224.0,224.5,27.403747534516768,0.3269091390224001,19.954517999002338,22.267001972386584,77.0,1.2340046773787872,3.9009072978303747,11445.949563257254,8342.857142857143,0.0,0.0,1.2151245953755685,1.1940764199412277,0.6648056628851421,1.1581412163496256,1.2534831209554471,0.6386231569261556,1.0942375625588932,0.9326574940123459,0.5505376592452645,0.27035465456176855,0.28413159118263354,0.26489260438374196,8.250436312552091,5.244482335983305,6.400153209659435,0.7533024311599554,1.2430764471071087,2.3357271462598423,3.0180260539510617,1.2046464790440174,1.7134627777603442,224.470182,0.0,6.746264532490877,0.2732462212049724,1.027789765989118,8861.67934629473,12050.521273598197,12455.818540433926,12415.779092702169,LOG00008,Idle 35,192.0,192.5,26.68777120315582,2.3600238112075482,19.800824235749058,22.437672583826433,53.0,1.3474540227006768,3.845759368836292,11443.603832065368,9114.285714285714,0.0,0.0,1.2641770784696837,0.8381683711875362,0.5101464659675784,0.9563899266102845,0.7616456250201658,0.5102778881109895,0.9505485104477956,0.44142466032990463,0.0007317910488733958,0.26489804088768815,0.32976806659740776,0.2663758137101539,4.495038355298687,6.09913819458596,3.2990480440536913,0.8101137195018198,1.48974952764886,3.57754337053338,2.5224827317842835,1.0725366903251639,1.8647392016023367,192.329272,0.0,4.771043719817781,0.28860239311971186,1.1990908834727818,11384.3617920541,11533.474218089605,10336.79909833756,12519.780219780221
LOG00008,Idle 35,224.5,225.0,29.962919132149903,2.069656271037633,17.495117766246047,22.18593688362919,79.0,1.6746900869592616,4.9885601577909275,12218.540433925049,8414.285714285714,0.0,0.0,1.3953525180468211,1.3227719567193348,0.5586227693225619,1.23859499076581,1.5434726601311517,0.520282787376793,1.0001925792810418,0.932515394851549,0.4878297360160839,0.28924469331534713,0.3460095264660169,0.2980692002073143,7.220370535010213,8.54310431804442,6.011020185731263,1.0442270838029717,1.7155526558902028,2.6153846153846154,3.6805367930252544,1.359546670604342,1.8510431083530214,224.872661,0.0,7.331456101964594,0.31210592920169183,1.420128712067956,9222.682445759368,12805.015497323187,13167.483798253028,13678.97999436461,LOG00008,Idle 35,264.5,265.0,28.95029585798816,0.46593515988553347,20.87933776863155,22.416804733727812,46.0,1.2095921087433985,4.045818540433924,12034.967596506058,10328.57142857143,0.0,0.0,0.7213969077726273,0.5312557863286624,0.6915111494854608,0.7253292179612757,0.5767315596434138,0.8535028168676377,0.45016419507002275,0.3494558874618321,0.7508287323230777,0.2563043106942835,0.3271427366922915,0.24147173075732395,3.623104438257453,6.209606173367107,2.6253562762394536,0.7143704683051365,1.5947294583960387,2.4575287855395356,2.333192444323554,0.6335006744477839,1.1046225331121646,264.520333,0.0,4.418845632667337,0.27750247242498055,1.2356146671722992,10946.801916032684,12675.683291067908,11986.334178641868,12531.051000281768
LOG00008,Idle 35,225.0,225.5,31.311660079051386,2.018257185363632,14.504498357951137,22.07681818181818,78.0,1.6753624879693858,4.680177865612648,12826.856295878037,8914.285714285714,0.0,0.0,1.026975189645059,1.0777584164231917,0.6171428988400858,0.9356203868987981,1.4159828077020533,0.5685083012032437,0.7619445072399399,1.1647906655101115,0.49757545010601856,0.2630432416266434,0.3664207107056335,0.29390827191185387,3.329730786217074,9.802458416479258,5.199889803699222,0.8045051182929686,1.747391109175116,2.2910722070042904,3.7847206861189586,1.0526730841808227,1.641419558527883,225.004862,0.0,6.688650887538332,0.31082575853023425,1.3602580956906347,9909.881422924902,13930.18068887634,13581.168831168832,13886.194240542069,LOG00008,Idle 35,267.0,267.5,30.240631163708088,0.38508432445127355,16.39863285096853,22.363786982248516,40.0,1.3046383420169336,4.645384615384615,12482.480980557903,10800.0,0.0,0.0,0.9527237297885339,0.6507682598449686,0.7153003728172268,1.4010784374328273,0.6193114835003394,0.7477033829179482,0.8543725894728356,0.4523387927657875,0.5477172433789269,0.25079911821726286,0.31351968767294874,0.2503551031876647,4.7644840588860395,7.482377035665085,5.024796950520807,0.8776626279586998,1.4901545475688691,3.847179350463805,2.3696802770383636,0.8158375553147281,1.3894428110329835,267.088423,0.0,5.885996342880011,0.273174223984869,1.2228761720132486,11947.05550859397,12807.523245984785,11467.455621301775,13707.889546351083
LOG00008,Idle 35,225.5,226.0,28.14733727810651,0.3716902735060756,11.270453453648793,22.220769230769232,78.0,1.285165340310271,4.22759368836292,11677.845872076641,8885.714285714286,0.0,0.0,1.1253853293529303,1.3968900573131293,0.7641102504247683,1.2681385115280028,1.5605149424762406,0.6611326235228064,1.0029440850271125,1.187377824759526,0.4199138914200431,0.24313157519060105,0.3578861962319573,0.239015089024814,7.70237517330421,7.626803023136465,6.552549837510448,0.7163937995624452,1.8504408623848696,2.4854606802159247,3.560411296410223,1.2684230311183808,1.850939049690586,225.950991,0.0,7.312788274366005,0.2853791075567036,1.403095054020785,9377.627500704424,12801.408847562694,12118.991265145112,12413.355874894338,LOG00008,Idle 35,324.0,324.5,28.650887573964496,0.731493703761309,14.60350630148098,22.05431952662722,83.0,1.1896538525916713,4.274891518737673,11764.39842209073,10057.142857142857,0.0,0.0,0.5891651230207362,0.5895167957880914,0.614426273989416,0.5499156030027625,0.5354133650260663,0.56798627155642,0.3683707444368413,0.31344884150976443,0.3900611387754691,0.23002315110896435,0.2618257017209655,0.22901563303423209,3.9599356931360084,6.240109325570919,2.7023720095298613,0.5447073788153526,0.8100214635370188,1.6031281058810858,2.078821544483005,0.5893409856357765,0.7499151842495219,324.470713,0.0,4.543231946780478,0.24077064349143806,0.6902321710578789,10796.703296703297,12107.917723302338,11433.107917723302,12719.864750633982
LOG00008,Idle 35,226.0,226.5,29.625443786982242,0.8144428222689559,12.379781575250144,22.163431952662723,77.0,1.3580177810414995,4.4706903353057195,12156.311637080868,9757.142857142857,0.0,0.0,1.6058405569207783,1.3184818464195998,0.5789391058971977,2.547561292170205,1.4452980460294234,0.5977280427749654,1.730668586966313,1.3816100268163463,0.3749774302702575,0.2725523651425309,0.3396651325790697,0.26205038638095157,7.744414168319245,7.814884804436862,6.497844768108612,1.0772343520244703,1.4477262462750264,5.899553688865849,3.8813771727824196,1.4692035722781358,2.548980357467472,226.232167,0.0,7.377225357985628,0.2934436908148651,1.2759986546495958,10794.899971823048,12783.854606931529,12056.973795435333,12989.51817413356,LOG00008,Idle 35,324.5,325.0,29.25187376725838,0.4289929492832287,18.328362969709,21.97856015779093,70.0,1.2217357936694337,3.9315976331360947,12004.036348267118,10328.57142857143,0.0,0.0,0.6200134637743243,0.6543793996707226,0.714017454558617,0.598839388296774,0.6140408817893718,0.8391954360266362,0.34554674278930286,0.3803530416695964,0.6056250353762135,0.21046162948388894,0.32451756484502825,0.2309840085835097,3.8891248296737535,6.9692582151652385,3.1534444573387885,0.658434482582979,1.3601847850775097,1.8279012226278581,2.233861693807641,0.6374280720108157,0.8001872364995579,324.721308,0.0,4.954461422326137,0.26010213352916306,1.0685594549229973,10861.510284587208,12249.225133840519,11735.953789799943,13169.4561848408
LOG00008,Idle 35,226.5,227.0,30.899408284023668,0.2321744501791494,19.463347024760708,22.259309664694282,46.0,1.4188421412724481,4.892465483234715,12662.827557058325,10800.0,0.0,0.0,0.5601697797181613,1.505458097124178,0.6327739888457709,0.5462060801643036,1.7084497570507653,0.5863909967686854,0.32972836784769777,1.3181408498924507,0.4035091162396024,0.29363512521959084,0.3277803630540688,0.2439974587822027,8.555308245015931,8.962552887285742,7.090389463766653,0.9950152476809707,1.5784750641828227,2.1234113448988094,4.252856100300354,1.1358244284012922,2.0125649020064493,226.895153,0.0,8.242052256012553,0.2905146657564552,1.3194011655604583,11546.491969568893,13325.922795153565,12520.991828684135,13257.903634826711,LOG00008,Idle 35,260.5,261.0,30.247140039447736,1.5661756037587455,21.808186164269088,22.275463510848127,42.0,1.3947847707557528,4.696410256410256,12522.696534234996,10400.0,0.0,0.0,1.3911400667560307,0.8200942454183617,0.578901509849547,1.0885577715192682,0.7530755898693636,0.6629342376969184,1.1213500163710868,0.42581667902461406,0.386562356175678,0.24899493460653624,0.30349349982576346,0.2414719910578344,5.6491732523306,5.6215230270292595,4.36596976767234,0.8329902162990189,1.351253073892,4.262121592983098,2.457930047487763,1.1418899370566074,2.0418438192206145,260.863071,0.0,5.246470927855428,0.2660924052289848,1.122443221315106,12085.122569737956,12627.613412228797,11807.6359537898,13570.414201183432
LOG00008,Idle 35,231.5,232.0,51.9163708086785,6.569118794801397,18.489236870373663,21.66786982248521,33.0,3.7121522862626515,12.864063116370808,18880.670611439844,13471.42857142857,0.0,0.0,1.9512971283252514,3.419670404030789,1.284891603633396,1.9319557818407325,4.523435825401892,1.2925787844907115,0.54573332502918,3.0570493034178243,0.02258959424874971,0.4498680241285794,0.5171506936849571,0.33901128232885025,3.201405327460417,2.853192436176741,5.694311417895833,2.04811286098716,2.676960441579598,5.250903932700888,9.88723401410648,2.784035394460215,4.8600392291308,231.500504,0.0,4.115616020011544,0.4414954619088913,2.38336773255021,17681.825866441253,19997.069597069596,18184.50267681037,19659.284305438152,LOG00008,Idle 35,291.0,291.5,52.550887573964495,7.030498101234574,18.879119137463803,21.697435897435895,60.0,3.381613397725505,13.729013806706114,18726.000281769513,13642.857142857143,0.0,0.0,1.548699832696697,2.450064673625467,1.0134288598572685,1.5234490952759456,3.11219069150088,0.8344854485053558,0.24966493052811708,1.5760352569039418,0.41257851586923283,0.3596639877756868,0.514350109752923,0.2835674081342211,3.3247507265745577,3.890520525204031,4.927743507630503,1.4869696711583,2.7650710842793793,3.4469779234473967,7.311739769818019,2.049547276442074,3.8868490101043123,291.38293,0.0,4.101738388695152,0.39762825790827666,2.2199883900667774,17131.191885038043,19710.312764158916,17651.56382079459,20410.932657086505
LOG00008,Idle 35,232.0,232.5,37.56942800788955,11.405884163817664,33.495784548042884,22.061380670611445,103.0,3.2325933220794663,7.646410256410255,14288.539025077485,10400.0,0.0,0.0,1.3657724233057502,2.5961572424646278,0.9309970458149944,2.0052611530642075,4.710750256713016,0.934401424052996,1.3622882252319088,3.4728527821010413,0.022688818057288933,0.3517380906012428,0.5279678267353954,0.38855432911231214,6.000356431010949,8.009775098504214,6.1906351062641995,1.4257291088580049,2.8499542294776723,6.20284976181536,11.857387281188663,2.0742910523675318,4.037996231916392,232.352908,0.0,6.794231314056148,0.42951297113491355,2.2533244997073436,14207.607776838546,14839.447731755425,12888.052972668358,15219.047619047617,LOG00008,Idle 35,209.5,210.0,38.90118343195267,11.712746920090284,38.21467677860914,22.293747534516765,88.0,3.423652535618445,7.904280078895465,15167.469709777404,9371.42857142857,0.0,0.0,1.0312546432053808,1.452773838920028,0.7819242398182484,0.9548586546971654,1.4846312574697684,0.7930730410420503,0.6215600241955163,0.6863718622017709,0.4291675295850426,0.3816020080818766,0.5150218655064515,0.3072086159873422,3.1475358977088668,5.192997886732174,4.030739705900576,1.573400001124629,2.72543831639234,4.374933079228956,4.704481895106056,1.2597694166360547,2.067613105495725,209.59744,0.0,4.207971477077534,0.4103838643102839,2.225264206785176,14222.513384051845,16102.000563539024,14284.108199492815,16061.256692025921
LOG00008,Idle 35,232.5,233.0,34.93735177865612,12.67788090073293,47.93206358417263,22.136245059288537,59.0,3.2483652478394376,5.864090909090909,14421.739130434782,6985.714285714285,0.0,0.0,1.2953285356376463,2.251956504359532,0.530881693538109,1.3273874512388009,2.5251243981083347,0.8033546498576684,0.5789462283341473,1.7679039158254553,0.6609663049542551,0.5852385582292023,0.7373696752162503,0.4174126432987239,4.967622830181938,6.8169495533102555,5.367178056601121,2.8226422516978618,4.061369925495715,5.359045399036362,8.83858322129083,1.837006275542407,3.1521814908641557,232.715969,0.0,5.772194212676905,0.5945450705518021,3.4972871595560355,14433.145115753812,14921.76736307171,13111.490683229813,15220.553359683794,LOG00008,Idle 35,183.5,184.0,36.283431952662724,11.84387430851502,44.27818349838409,22.534753451676526,57.0,3.0605000174026475,7.131518737672582,14669.033530571995,6742.857142857143,0.0,0.0,0.9965645723031962,1.599110337617697,0.5731307052072673,0.974283541304156,1.7703920690443633,0.567008775399427,0.1423392074800564,1.1426563753688428,0.03184682865109384,0.32252549207083187,0.4780313618914686,0.2802571025374501,2.927180670069235,3.5474896515880143,3.4327580566740035,1.2556228663928026,2.581231013335462,2.5547264469870177,7.84250795131694,1.3323465800319438,2.5479198677575905,183.725361,0.0,3.313452246978032,0.3701714555491061,2.0296973083212797,15966.074950690336,14695.998872921951,11591.067906452523,16422.992392223165
LOG00008,Idle 35,233.0,233.5,31.6181459566075,6.943132354912214,52.99365742705545,22.02852071005917,63.0,1.2767385746564357,5.299999999999999,12685.76359537898,8571.42857142857,0.0,0.0,1.8147251668835762,1.2313786232610664,0.6056952161686844,2.079006597115792,1.2108710937994818,0.607444665772215,1.1524487165853243,0.6541032155566526,0.0809073258741341,0.47088592842832516,0.8360316389734112,0.42813475949571084,4.937969896573766,7.688228686407235,5.978110794028342,2.19035411546254,5.054619114117479,5.172945856694414,6.06506470385378,1.5507289810190792,2.2458295984656558,233.499316,0.0,6.304237085739559,0.6066250437859244,3.8953065052653724,11708.171315863621,13637.503522118906,12247.111862496478,13150.267681036912,LOG00008,Idle 35,253.5,254.0,31.511637080867853,8.0557575354443,44.92297688433361,22.1525641025641,37.0,1.9080035789584135,5.5054240631163704,12581.980839673146,8728.57142857143,0.0,0.0,0.9096481131529442,1.9165822046826984,0.5102739680177901,0.9489189467598881,1.8049956184359042,0.5112803744348557,0.47171353933346233,1.0638749560871974,0.3410892067925896,0.3176717470118855,0.4990977000795666,0.2414058814342423,2.4308322280950656,4.969700603819726,4.010454124295784,1.3132608631768654,2.837061068539191,2.6002579146845575,6.102025401778066,1.5001245010113504,2.9691005936861488,253.847536,0.0,3.9450649211317526,0.3689131120220315,2.2106073375175415,11509.354747816287,13577.148492533108,11746.463792617638,13494.956325725556
LOG00008,Idle 35,234.5,235.0,44.88323471400395,11.476923720962125,24.936771005486236,21.947021696252463,124.0,4.4634358479951395,10.303510848126233,16631.74133558749,11314.285714285714,0.0,0.0,3.4237722886937756,2.728293486248399,1.3944046336950706,4.162453061363389,2.9405207866813456,1.6212228237216406,2.1897115190261904,1.2580669717824662,1.711687719295897,0.5108964495689627,0.7328350680074891,0.49380565632831724,4.47591899052953,8.353306029068658,6.832289958590822,2.3043923381821614,3.8829019170564134,10.954451150103322,10.1581187591915,3.0956261104930687,6.770780990801871,234.500691,0.0,6.745165145082776,0.5893234667270463,3.192737958692586,13544.435052127359,16766.35672020287,17174.10538179769,19042.068188222038,LOG00008,Idle 35,273.5,274.0,40.71558185404339,9.936292819595828,32.75954842891874,22.135996055226826,77.0,3.2201533915431,7.864319526627219,15684.01662440124,9614.285714285714,0.0,0.0,1.1996100281051623,1.5985627816280117,0.938456550645319,1.3497991923519421,1.6762168780057891,0.9112823737972887,0.7033770149246811,1.3173591377849225,0.3844172033667293,0.38589960873320817,0.5248349344638188,0.2988849039806126,2.786608358015308,3.8102758317511407,4.672444058028818,1.7764139977842184,2.8376277457876533,3.7130825803529754,9.063984694406425,1.4132351514055885,2.9212136873617522,273.99155,0.0,3.8347151797926466,0.4138044635982813,2.3672534628961497,16299.40828402367,15742.941673710904,13430.487461256691,17263.229078613695
LOG00008,Idle 35,236.0,236.5,41.651084812623274,5.951378754506541,63.30193592791836,21.846627218934906,73.0,2.000462061435751,8.003589743589744,16042.378134685827,10714.285714285714,0.0,0.0,1.7431912580709605,3.4412036101815953,0.9487399812448762,1.975716393585982,4.515867390115385,1.0832372058600597,1.3054143262682867,3.12774983460437,0.869258431872401,0.37956792231368225,0.7400286424386946,0.395448216754863,3.9426603961220055,6.794735738532364,7.0556109601165025,1.6462925168637448,4.152894135707224,4.915860094975526,12.810252304406971,2.7276911526913983,5.323574347536176,236.106834,0.0,6.0963008121361035,0.5316933613195312,3.1588612468319206,15471.935756551142,16924.485770639618,14851.70470555086,16921.386306001692,LOG00008,Idle 35,170.5,171.0,41.04773175542407,7.203098293969154,54.3872318905823,22.477712031558188,49.0,2.440128865044066,8.83043392504931,15817.821921668075,11714.285714285714,0.0,0.0,1.4629449477112393,1.6622796299449623,0.8556248524140758,1.781709112746526,1.7322729893107687,0.8477457003854921,0.7986693714390396,0.9460183609194344,0.43727984725508845,0.3156019800945159,0.4541948443431967,0.25706499432266655,4.416966601601565,2.860656279199521,5.352756220612457,1.2523950817932272,2.2937235069324013,4.168776586104378,5.353573526804629,1.5657875794889617,2.459773401184379,170.953108,0.0,4.333780007672004,0.35212686055531783,1.847925995157021,14548.887010425471,16590.138067061143,15235.587489433641,16896.675119752043
LOG00008,Idle 35,238.5,239.0,40.325838264299804,13.78087256870575,25.221658811269535,21.98278106508876,59.0,4.652245098512601,8.034694280078897,15622.992392223161,8414.285714285714,0.0,0.0,3.3178452089393873,1.7783228390063268,0.5990523081808414,3.9279789235269753,2.586368437680188,0.7031862255521533,2.8016103753329498,1.6383642430854228,0.314299012840702,0.5370351430865534,1.0841737035229964,0.5587132079275101,4.062504989230707,6.696078477933938,7.682839793550983,2.511723559217507,6.417552062169429,7.891023037346734,8.707270987360925,2.6618160107540842,5.468978467689669,238.50027,0.0,6.3342308415872415,0.7694153219671446,4.8730755026258015,14816.596224288533,16680.417018878557,14498.450267681037,16496.506058044517,LOG00008,Idle 35,141.0,141.5,37.503353057199206,12.74653561625956,28.27371738165286,22.675996055226822,75.0,4.516296284024284,7.873333333333335,14923.309382924768,9485.714285714286,0.0,0.0,7.5183375123233676,8.450295370251531,2.1088889660003107,7.506268253875522,8.545727836144884,2.1480691973491597,0.5073336410948686,1.828843768529639,0.5282934994768638,0.6451597774239268,0.8257602462401127,0.4680696311975798,2.9015512641947345,4.709894456196653,4.391609904011786,3.2493389231568437,4.714546823297569,16.694198167791203,19.516442266398673,7.997902562350431,14.939801675170056,141.34204,0.3747534516765286,4.077921982099725,0.6626211341648309,4.04877482620405,13805.66356720203,14178.895463510848,14522.82333051564,17185.855170470553
LOG00008,Idle 35,240.5,241.0,35.218934911242606,2.0804045961619813,11.255422279272828,21.872899408284027,47.0,1.9904938922626434,5.860315581854043,13804.994364609747,10985.714285714286,0.0,0.0,1.1815482526849106,1.9192152971041943,0.7382540072550561,1.234418040495803,2.229845425126183,0.8067575826249069,0.8213482973468336,1.0276887998449165,0.46364245061783943,0.42865877280221637,0.5094436245912364,0.31999983969717183,5.898203197076717,10.774084341685088,6.290774364014724,2.0808928814212075,2.8153748880468794,3.8543502408438055,7.249974494956158,1.5936504682742554,6.029251135397453,240.500068,0.0,7.967507691758544,0.42648995593611755,2.47552529215462,12533.558748943364,15725.274725274725,12043.026204564665,14918.117779656242,LOG00008,Idle 35,259.5,260.0,34.22800788954635,3.9763408510891423,18.99138131172455,22.293727810650886,34.0,2.49726976083729,5.630966469428008,13875.887573964497,11371.42857142857,0.0,0.0,2.4603391694473076,2.321904174863529,1.0662139172667648,2.4328857797143404,2.3609682975752393,0.9404315800331505,0.4574682696898544,0.35969513237778955,0.5217393536501113,0.3714507538725079,0.470955267539858,0.3147348181640329,4.731165129419984,4.673330335286683,4.97182858473457,1.7605215228428377,2.5618171332252886,6.798595979893964,6.968936428945979,2.3921233063917664,5.106828381496323,259.52133,0.0,4.7938509009123385,0.39108078122929224,2.197992613326931,13051.366582135812,13309.32657086503,13341.730064806987,15801.127078050156
LOG00008,Idle 35,241.0,241.5,30.375345167652863,7.197369919394093,22.51098913348324,21.882781065088757,37.0,1.7505920634768484,4.2780867850098625,12488.391096083404,8700.0,0.0,0.0,1.0062692910431332,1.1943137787627154,0.5122570610371154,1.1118222527269912,1.2626596081990153,0.5122364221210508,0.7505890602100267,0.59062204784469,0.0006636493891152833,0.24120261097529755,0.4277431551781037,0.237445760843165,2.834427129703152,6.646500948596715,4.2721231910489195,0.8528125362835375,2.2346055923588417,2.7710108239040303,6.042910332447112,1.1043014281071373,1.8708685445086117,241.000262,0.0,4.84633843132429,0.31491977586120223,1.6912645232848371,12207.072414764722,13204.395604395604,11143.758805297268,13398.337559876021,LOG00008,Idle 35,280.0,280.5,30.986982248520714,6.504568881714067,21.448567813098716,22.09664694280079,58.0,1.770080548517252,5.190216962524656,12340.391659622428,7028.571428571428,0.0,0.0,1.136311326892192,1.0461440202223793,0.6686329889091722,1.1001121738132853,0.9477469044495382,0.6062680424884691,0.5740386818330168,0.6558434629557541,0.43633754742102526,0.30710876577798524,0.535088086094061,0.2808836991160531,2.7830316171716807,4.419000591632985,3.4273288551247854,1.2686797917655321,2.9553548404889654,5.114275954662001,4.375383894118012,1.092158583418758,1.5037526254066995,280.244521,0.0,3.6064485897810363,0.3913782085258027,2.2741669515710363,12050.098619329388,12740.856579318119,11424.147647224569,13146.463792617638
LOG00008,Idle 35,241.5,242.0,28.23570019723866,7.937455688913883,31.326939100858993,22.059211045364894,83.0,1.7400012475590234,4.6998224852071,11352.387996618767,7285.714285714285,0.0,0.0,1.0276472521003035,1.6622756350957857,0.45869349112331365,1.2256448830869957,2.42772102403618,0.4586943981298482,0.7388586285882623,2.0182462348462082,1.138842939225543e-05,0.3739076833675244,0.6384715827419655,0.33720497106113856,3.95436102277906,6.937674193033664,4.457631257439058,1.7538535375613602,3.7407729585417226,3.2423479937879143,8.267232913100232,1.3818862402134269,2.6105510341032487,241.855633,0.0,5.280112711374549,0.4694536221888315,2.921419565773931,11059.988729219498,11887.630318399548,10320.315581854044,12141.617357001973,LOG00008,Idle 35,265.5,266.0,28.335108481262328,4.135719010497926,31.558122682122637,22.207731755424064,94.0,1.85612280310301,4.024339250493097,12018.864468864469,6914.285714285715,0.0,0.0,0.751388240697835,0.7819635850331615,0.7913962772733317,0.7314880262559673,0.7146475407769771,0.9687151970161534,0.44571660661885526,0.3517839435759988,0.833959352151726,0.27923030261587495,0.36367916538938383,0.25701732953333223,3.294077296572495,5.470985026151445,3.451395454187494,1.031409100314226,1.9642777565020582,2.349619130661733,3.10690520623856,0.7668283173490992,1.1150148155570798,265.500019,0.0,4.191052094377331,0.3034743289075796,1.5687880412757749,9669.681600450831,12649.506903353058,12369.428007889546,13386.841363764439
LOG00008,Idle 35,242.0,242.5,38.15049309664695,2.010469332355725,43.25587637431506,21.88094674556213,57.0,1.9393919044812682,7.149644970414201,14857.572555649478,13271.42857142857,0.0,0.0,1.645450055059457,1.6665373523119593,0.7062041590058233,1.9997333920547955,1.766637399594322,0.8470908610124376,1.2485886184423374,1.192888541379494,0.5732593019143699,0.32280556982165565,0.3774106832854158,0.22705794636696114,2.9764224689579777,4.872279677088262,6.192067366002381,1.3407076237366948,1.9068103135007022,4.581069012128676,5.251467344487344,1.6560272688494784,2.221056056504223,242.29072,0.0,4.862780351150183,0.31527637123336194,1.6482449004954243,14343.223443223442,15279.205409974642,14274.18991265145,15533.671456748381,LOG00008,Idle 35,249.5,250.0,38.24280078895463,3.0208549356380887,43.28033519163515,22.17694280078896,60.0,2.215305448443662,7.261499013806706,14924.119470273317,11342.857142857143,0.0,0.0,1.0649557087886974,1.293499140494715,0.811329621803882,1.0563054830870888,1.3061017985730066,0.7343766574834976,0.38280653063158043,0.33647047839881417,0.6399396633100773,0.4541299063070626,0.5303074298764751,0.3532551185380874,3.040147264282848,4.862012978832202,4.607311490279873,2.155716067087983,3.0681510391747344,3.7263388973507587,5.313077906842837,1.1847511739057708,1.6271112639222707,249.958455,0.0,4.24691985495858,0.45175550937721914,2.6514771883886032,13205.015497323187,14909.270216962525,14731.92448577064,16850.267681036912
LOG00008,Idle 35,242.5,243.0,31.62667984189723,1.0979587799544328,47.17786787020134,21.935415019762853,70.0,1.577303606555056,4.969901185770751,12760.234330886504,10328.57142857143,0.0,0.0,0.8782639742825824,2.0124664075907526,1.0555286079637318,1.2653061162656007,2.393203835535629,1.2768802763480358,1.0509100067940922,1.801078896381305,1.2821889936577533,0.289825423295168,0.36863326165074983,0.2849698430770847,6.426306320580758,8.096573207553476,5.177712896169863,1.0820579447013756,1.935765923781811,3.8637874883255043,6.591106716404732,1.5526378602565163,2.485041620919804,242.607415,0.0,6.674843855011961,0.31680544452753745,1.5681261281169667,13286.476566911348,12408.441558441558,11220.158102766798,14125.861095426311,LOG00008,Idle 35,308.0,308.5,31.537351778656127,1.5989522578526518,43.71289752431118,22.128320158102767,56.0,1.8264420416591152,4.856936758893281,12744.304065499718,8557.142857142857,0.0,0.0,1.0323853915882557,0.9237175864486036,0.7843563941713041,0.9763724776049242,0.8325270013097998,0.8955868516842902,0.3671529692815847,0.5507229134760602,0.6274243850308544,0.30439198048083793,0.38391628674793715,0.26470364467776797,3.180217259148757,5.853487946976736,4.326643105072852,1.10671185130832,2.0554925098556986,2.5963641345865933,3.5733422315190175,0.979559537822809,1.3122909897334865,308.27124,0.0,4.5861001413497275,0.3215142363447614,1.6507362872214273,9307.90513833992,13623.546019198193,14007.42518351214,14038.339920948616
LOG00008,Idle 35,243.0,243.5,27.39408284023669,1.8056574736836566,43.68865020758383,22.083136094674554,99.0,1.4502549078926854,4.057297830374754,11358.100873485491,6428.571428571428,0.0,0.0,1.074210604318827,1.261396714265034,0.8748877927341593,0.8399480142391003,1.3535885386336142,0.8511526089750527,0.7786018529070521,1.1515827686987,0.7704278650617145,0.3057072863053897,0.4248911662773552,0.36280598510046763,5.076780030324237,8.925687497604953,6.361642140037288,1.1519987576763675,2.0649974957480217,2.864115189467846,4.107288945911536,1.17154814096341,1.9994897500853193,243.489421,0.0,6.974049122738249,0.3677035177537545,1.672022098408614,13269.258946182023,10822.569737954354,8102.028740490279,13238.5460693153,LOG00008,Idle 35,249.0,249.5,28.97948717948718,1.808857598586968,43.02285496310144,22.17353057199211,84.0,1.3534332734744188,4.495956607495069,11894.850662158355,8457.142857142857,0.0,0.0,0.9987404260199397,1.0023462789295212,0.7193805278682798,0.891393267994181,0.8841384922849788,0.7879446958855392,0.4969103172428717,0.4334451156464604,0.7682371454810155,0.2508643447406253,0.375056569938987,0.2404627960007106,2.8429061600269883,5.223712002413681,2.9861973037405782,0.7036290848934771,1.9113385105221605,2.051602539066412,3.069542430034652,1.0005449768626966,1.3717812004389038,249.036985,0.0,3.842163316663659,0.29519637891694006,1.4401924855575907,10142.349957734574,12779.402648633417,12052.972668357283,12604.677373908144
LOG00008,Idle 35,243.5,244.0,25.602366863905324,2.383820032689362,35.71619345229847,22.146410256410256,99.0,1.3960030106236039,3.620927021696252,10737.461256692026,6557.142857142857,0.0,0.0,1.5050508792623056,1.1713338491456444,1.1091740764178275,1.5657318669730227,1.1767816995429121,1.1380677828139232,1.445926638070829,0.7145676130425025,1.204272960162857,0.3983201777709566,0.6642710041574925,0.3874882393124575,7.140153593026915,8.189202146973253,6.584569432350712,1.7111877191870108,3.7722475446410573,6.433854001883649,5.200326192166312,1.348554992449805,2.422439844934389,243.739026,0.0,7.334879679664234,0.5000206884351082,2.9289942769103297,11898.929275852352,11993.068469991547,7927.585235277544,11130.262045646661,LOG00008,Idle 35,248.5,249.0,23.204339250493092,2.899279123369283,39.019000938651054,22.349664694280076,66.0,1.3925563815908581,2.699644970414201,10205.247957171036,8028.571428571428,0.0,0.0,0.8181914628338502,0.9089043963149637,0.8235450823838768,0.7841622201140446,0.8897261939093402,1.0603734711858142,0.6154775557379152,0.45634390839519107,0.864195659299181,0.23596379964270392,0.3154401146894425,0.2679001169623876,2.1051039318326583,3.8589356985808485,2.763246926773411,0.6154959958467635,1.340151708032762,4.3051732561287235,3.2423479937879143,0.8647382469553616,1.3969490757388308,248.504232,0.0,2.997686934283481,0.2750465738534547,1.0427947836095388,9447.478162862779,11165.229642152719,9487.123133276978,10721.16089039166
LOG00008,Idle 35,244.0,244.5,26.324852071005918,6.318856109483555,29.626359053186693,22.010867850098617,111.0,1.9296501866489877,4.159230769230768,10685.967878275571,6300.0,0.0,0.0,2.0642287361563407,1.646771915587291,0.6889502500517002,2.477749327134095,1.8377808080326603,1.2064993392897287,1.9432068029525165,1.6117056808181622,0.883526503466423,0.3432313368398054,0.5814575585077927,0.3279470639212761,3.873790695407169,7.084993676930213,5.743192587269702,1.452223423909081,3.436716856834117,10.400936841433428,6.247997706879192,1.8672035262847806,3.2464507184573113,244.412856,0.0,5.720945459404238,0.4333781719119645,2.6381788820129306,11812.820512820515,10892.899408284024,8390.98337559876,11647.168216398984,LOG00008,Idle 35,296.5,297.0,25.058579881656808,4.022591571820099,27.933217756434512,22.184063116370808,91.0,1.2859236909998615,2.94086785009862,10722.048464356156,8028.571428571428,0.0,0.0,1.4296721152980316,1.152245581345038,1.0480959242368828,1.821256321555729,1.2700497830386757,1.519134814359332,1.5806516736330474,1.0736889300894543,1.2075098554212356,0.2807692247475031,0.3690392505762311,0.2461829354692751,3.9697299396246066,6.235934102666633,3.0593993329366644,0.762980435640249,1.7009650455941951,5.603253492761327,4.151946384181799,1.2983898176183282,2.3427643135959997,296.500427,0.0,4.619002569268463,0.3031101910457919,1.3182225213337557,10610.735418427725,11320.428289659061,9609.354747816285,11347.675401521556
LOG00008,Idle 35,244.5,245.0,30.386785009861935,1.370297380274346,28.485202574959455,21.917948717948715,112.0,1.8523151783245972,4.83465483234714,12392.34291349676,9200.0,0.0,0.0,1.172638191597947,1.3674977115384466,0.9143350667229382,1.4596871046260882,1.4142370279805168,0.9676908528347592,1.0483436449270682,0.6871219134627781,0.8676343086178399,0.31133552923670244,0.5108736348215858,0.31059577631611784,5.4306287476629835,7.5116850718082695,5.994057852280919,1.291205009928044,3.0258844860212357,4.608755923642311,5.195772822865186,1.2737994974596656,2.041692498789487,244.500661,0.0,6.373012651001129,0.38918351232048554,2.3262832265662836,13926.429980276134,12893.716539870386,9749.253310791773,12999.971823048747,LOG00008,Idle 35,262.0,262.5,31.80907297830375,3.006993250881641,30.92705766397549,22.219072978303746,85.0,1.7942228564605986,5.229664694280078,13013.531980839674,8185.714285714285,0.0,0.0,0.8963911233235597,1.174166629101234,0.7287865415148226,0.9612391245284485,1.1763089132375344,0.7573084532960481,0.5162784748847083,0.03637752595538621,0.6375334537118195,0.3374558375593801,0.5228307129679473,0.28858816493467304,3.586573333808072,6.319514917413988,4.645923825539769,1.3619308677131465,3.024186254303543,3.0463221916703938,4.525840774265478,1.044553569442043,1.715046598070848,262.108182,0.0,4.979437225996499,0.3960267354888375,2.345267382320017,10275.85235277543,13500.3663003663,13431.952662721893,14845.956607495069
LOG00008,Idle 35,245.0,245.5,31.701185770750982,3.3059651705019872,25.69247459294352,21.894505928853757,78.0,2.05288588294126,5.312905138339921,12628.691417278373,9257.142857142857,0.0,0.0,1.2822876937350836,1.4562861057828846,0.7607980444919479,1.3939563646380035,1.246256493884409,0.5692550670107405,0.9768419554772367,0.6548374859896393,0.5244750746413084,0.399636488059934,0.4886901515988491,0.3405100323730079,5.320066676206551,8.008586016914489,4.813574774567118,1.845986878772932,2.7614839524971733,4.50976104289702,4.783659604265981,1.3720479130483596,1.9355552106913652,245.246513,0.0,6.207819304177343,0.4141153096281481,2.348772144813247,13274.025974025975,14274.90118577075,10752.7950310559,12213.04347826087,LOG00008,Idle 35,315.0,315.5,31.76627218934911,3.768098535972823,27.944383853434285,22.03682445759369,74.0,1.76460202720255,4.945542406311636,12920.865032403497,7942.857142857143,0.0,0.0,1.9645820269435221,1.1107173116523874,0.7025695320876896,1.6696630058048474,1.034026903942679,0.7620576096630718,1.239985931544091,0.35805243712346585,0.6970711214585403,0.29697530856412957,0.3505421694691852,0.25787442158789214,2.8515718191782007,4.502200469007327,7.15795546682042,1.1278699441774718,1.6824704440513458,3.8322826791018927,3.2176166955078793,1.5958188316650836,3.536006568372007,315.455386,0.0,5.152268023826835,0.3041783269631006,1.4322704713295644,14078.444632290786,13646.914623837702,10021.132713440405,13936.968160045084
LOG00008,Idle 35,246.0,246.5,16.470808678500983,4.876439345184349,28.207070047990626,22.124950690335304,71.0,1.7032463660437271,1.635897435897436,7687.883910960833,4257.142857142857,0.0,0.0,2.0064757195976437,2.9465654295473724,0.9007566142332931,1.6629293673360948,2.463034201151427,1.1576694806255174,1.5069954563373302,2.2728864985878476,0.9132323036426188,0.38837346399180606,0.4702772036501935,0.35002511766434774,2.2352667186313004,3.0413534026123017,2.365911392050791,1.7362862662728642,2.339618557681022,5.048092185569113,6.695990734253968,2.520733290526645,3.8633621830539497,246.278474,0.0,2.5718854651816496,0.40600171543232877,2.06015836695789,7106.818822203438,8222.738799661876,7211.101718794026,8210.876303183995,LOG00008,Idle 35,173.5,174.0,15.0370808678501,6.900962240266688,28.434333512848927,22.72688362919132,48.0,1.483011844528547,2.210256410256411,7420.865032403493,3357.1428571428573,0.0,0.0,1.3461014792926296,1.3052087551261489,0.7568309822939371,1.473075491283285,1.3742642182058868,0.6893420816863086,0.6331029221598553,0.6782592567948617,0.16416934552351456,0.3443790549566699,0.448749669898136,0.3744605154068883,2.5736501251380353,4.448541765601921,3.351751565272376,1.2907874430913246,2.3400817237931193,3.8933007753090045,5.339924428248801,1.3258127859942666,1.9647177987707003,173.646482,0.0,3.5424773517146395,0.39166051512558986,1.8897241461748884,6618.8785573400955,9208.481262327416,4629.106790645252,9226.993519301212
LOG00008,Idle 35,246.5,247.0,21.115976331360944,1.6232777805697558,28.933411793994225,22.085226824457596,62.0,0.8042754071757812,2.7810059171597628,9096.77373908143,7285.714285714285,0.0,0.0,0.9079032238316245,1.2338598024807292,0.7094687416800478,1.0326082312890132,1.1791256436001274,0.9725160185036402,0.8214984562448527,0.9216479421726105,0.9975069072743311,0.22872615238630584,0.29162014044228396,0.23437817884797366,1.177104967175477,4.717967458659645,3.7036971359991653,0.4261829925255394,1.145820537562999,3.75665090679224,3.337669763132919,1.0832124159234973,2.0493185506056113,246.502428,0.0,3.529030344628628,0.2531739124377509,0.8644468310483834,8357.706396167934,9754.184277261202,8818.963088193857,9456.241194702732,LOG00008,Idle 35,315.5,316.0,22.36429980276134,0.8850543241330596,25.293620968839946,21.9903550295858,66.0,0.9405147399152896,2.777100591715977,9622.992392223161,5700.0,0.0,0.0,2.036766247705074,0.7143009633512565,0.5507260289877356,2.1118033656033863,0.5528010782921987,0.6662759894455852,1.4218444663169567,0.42971929919778673,0.5527832862616654,0.27327355757745636,0.3290927788298335,0.2830420226972289,2.6898003038414338,5.764923234031767,2.9979813012836596,0.8567207712894374,1.3143173050171266,4.896361809993107,2.293976332958466,1.5262114227778438,3.5351314905471747,315.500768,0.0,4.0602650755696255,0.2961380764449357,1.1093692933884218,11006.762468300929,10236.827275288815,6814.877430262046,10433.502395040858
LOG00008,Idle 35,247.0,247.5,27.855029585798817,4.409465047043356,32.575289927261785,22.060493096646947,59.0,1.8388001545718256,4.262564102564102,11292.885319808396,8457.142857142857,0.0,0.0,1.1117768194375846,1.1401069137178628,0.6854686249053568,1.5938219607426212,1.83166976392872,0.6733696710221809,1.2191992024750613,1.4238317564023095,0.5110549802796747,0.30649766199941464,0.4996287876925114,0.2948709588679231,4.888604560446475,8.677094376532967,4.935212297809643,1.1824994462373906,2.8470027238682287,3.564840358979608,5.448521866758394,1.1260309655924257,1.7207656332059005,247.401207,0.0,6.417339578364481,0.37882213270693166,2.1798772270548685,9694.928148774301,12212.059735136658,11668.3572837419,11596.196111580728,LOG00008,Idle 35,319.0,319.5,29.4025641025641,4.869145028342742,30.914806223168682,22.090177514792902,50.0,1.900712835708944,4.972919132149903,11842.364046210201,9042.857142857143,0.0,0.0,1.1933783648972864,1.3211222893650978,0.6136466497301455,1.1565199642404214,1.4775782690987544,0.5435995069857404,0.20537268843110418,0.9546981921233565,0.26600783896059554,0.33808983656468516,0.4764283615327095,0.29041503139033065,4.836754486300192,5.011782095386551,3.452198043736114,1.5238976192465705,2.663608919319049,3.3136499715754963,5.794644878697655,1.2588717220714343,1.823351061635469,319.415477,0.0,4.488126003339542,0.3766650199308506,2.1699166376869594,12280.698788391095,11495.35080304311,10866.300366300366,12727.106227106227
LOG00008,Idle 35,249.5,250.0,21.871400394477316,4.801338428148677,26.068046113742955,22.042721893491123,95.0,1.6928413769204544,2.9905917159763313,9111.792054099746,5857.142857142857,0.0,0.0,1.7799985530835585,1.916463615769696,0.6000489556199984,1.6399230891137926,1.809017106877439,0.5331711408217448,0.3821627637166619,1.1148298528862446,0.4006493914993576,0.3064708134827375,0.37194493672240614,0.31060199525783994,3.836364550268526,6.464218392761231,4.5957454780899525,1.1833949073764152,1.787492539074561,5.42766672474929,5.7199605521322185,1.8494901513050317,2.645244115357759,249.799575,0.0,5.086737293893271,0.3310292005892918,1.515841859174574,9766.18765849535,8789.799943646096,8941.701887855734,8949.478726401803,LOG00008,Idle 35,204.0,204.5,21.269625246548326,4.952072510326186,27.02353264252203,22.571380670611436,93.0,1.2525686574913713,2.932465483234714,9149.549168779939,6171.428571428572,0.0,0.0,0.9266592251781377,1.153399259869003,0.44778559399566625,0.8473695894544747,1.2765728608012317,0.4481979125868419,0.6247182871298648,0.8163264797804689,0.006310323036864143,0.2623901439303208,0.3587915872788946,0.24130288751270823,2.6989446359743186,3.913670763438554,2.589123909445712,0.6642176069184957,1.604046806970494,1.9199975345151823,5.153272069059762,1.0461900334724352,1.7862156833963552,204.319208,0.0,3.1254164315128574,0.29200860390055516,1.227630072190473,7912.651451112989,9884.333615102845,8932.262609185686,9868.94899971823
LOG00008,Idle 35,250.0,250.5,29.828458498023718,5.728606911759905,13.918872126253298,21.97911067193676,69.0,2.065727079007403,4.740731225296442,12157.361660079052,8242.857142857143,0.0,0.0,2.4250418737805517,2.2383001863566334,0.653377800212466,2.208657250858062,2.8597156116636016,0.6535243297165526,0.49665124007108047,1.8607173236114318,0.006739624747616278,0.541610192530265,0.5247509135818992,0.3936137835787658,6.481574329519334,8.216274493872273,5.789796675757695,2.8441288775945828,2.945098960367594,6.892597851198046,7.42551950512209,2.3335397804444247,3.405275378295611,250.236629,0.0,6.9050637915072866,0.49113369957711117,2.8950541410071855,13376.679841897234,11839.553924336533,11291.55844155844,12121.654432523997,LOG00008,Idle 35,321.5,322.0,29.106114398422097,2.9580535758040627,10.865409908674946,21.87311637080868,53.0,1.6292763708045845,4.613175542406311,11830.515638207946,7971.428571428572,0.0,0.0,2.189041004980335,1.6451045384544285,0.9049339301021996,2.199517927342807,1.5453219963424203,0.8642996444588568,0.3804039981201732,0.4516007979448114,0.5981179827002565,0.4370789086775161,0.4100980634998324,0.36888127600233,5.234473091293749,3.917162987895085,6.2166099149944785,2.1205469428655275,2.0341264232926406,6.522454009928861,5.465329128717419,1.9362682489687049,3.02497245094861,321.516879,0.0,5.208650281100379,0.40632162543242695,2.0777860384112756,12729.585798816568,9981.854043392505,9551.169343477035,15059.453367145674
LOG00008,Idle 35,250.5,251.0,28.725641025641025,6.528101395030575,23.04138274063751,22.066272189349114,68.0,2.3773810347066244,4.986962524654832,11328.10650887574,8028.571428571428,0.0,0.0,1.355773082746576,1.6878763531275518,0.6581527431261753,1.3177878728341037,1.7215722267043971,0.6493143780755787,0.7718372973095371,1.1158422774374366,0.20697097974605513,0.4781477669525782,0.5778112312532061,0.38007528725118067,5.681886573043981,8.973221488674541,7.379474233751574,2.36851834153145,3.3049420136170102,4.735821775526012,6.4555833363854696,1.5308571512958549,2.283576957466405,250.713145,0.0,7.4667971464868215,0.4854373732292528,2.8751105063581246,11845.252183713723,11708.030431107356,10575.683291067906,11183.460129613975,LOG00008,Idle 35,217.0,217.5,26.162524654832346,5.917801174966388,19.638528823180366,22.395739644970412,71.0,3.9694350544971417,3.508954635108481,11360.974922513384,4771.428571428572,0.0,0.0,1.7714690504583666,1.4880499142839634,1.2445667983222415,2.585178793407418,1.2754031253918643,1.2693354922070421,1.9282999255399411,0.7249100648926985,1.0520531554943475,0.3304441074609868,0.5185328839616662,0.35658928367868037,4.698884738381982,4.757671690686513,3.9282903309749297,1.3722274390413776,2.7031015769647415,7.3614754974131245,4.499616464041286,1.6359087908762477,7.305100355460061,217.000782,0.0,4.47758947892688,0.4103760783881721,2.1435678528853863,12220.879120879119,12677.4584389969,7022.5415610031,13523.020569174416
LOG00008,Idle 35,253.5,254.0,30.165483234714003,1.489215641880877,10.865853025366642,21.879802761341224,38.0,1.8088975820064332,4.274122287968442,12307.769794308255,10628.57142857143,0.0,0.0,0.8731629388310701,1.597939141346179,0.5780337515485575,0.727676770326736,2.2899872454603334,0.5780328956202319,0.47392218017308874,2.0670366105359794,1.3993829259850866e-05,0.26132733890090637,0.330813416230171,0.25883278509016094,6.140387642745911,9.493532504875164,5.8311696286513595,0.8565302693453735,1.4295041244922542,2.739512906790079,5.754853881313258,1.2875991257363983,2.2903004335471,253.53183,0.0,7.344704647168463,0.2856127360911595,1.1783730615227976,11854.860524091293,13266.666666666666,11495.012679628066,12614.539306846998,LOG00008,Idle 35,326.0,326.5,31.13083003952569,1.777171360958828,13.477696453149319,22.100810276679844,29.0,1.5702350654298758,4.885,12638.403444381704,10471.42857142857,0.0,0.0,0.7975368406526634,0.9100458022115826,0.6204119314892048,0.794653146154828,0.9029765541040566,0.620743863040303,0.3412250660498215,0.6317116962039556,0.255332884681955,0.2816243415990966,0.29314787022851074,0.2441942564100353,4.600906757043509,4.998930630912903,4.331425584707467,0.8230443570495747,1.2493490720971252,2.277228743668089,2.6706574222827,0.8556425580583151,1.4464075190273424,326.00092,0.0,4.651841858717408,0.27378749573607053,1.057892980792739,12427.470355731226,12798.560135516658,11416.064370412196,13911.518915866742
LOG00008,Idle 35,254.0,254.5,32.30966469428008,1.5914482029394197,18.30671453888269,21.788027613412225,40.0,1.588321566316315,5.271952662721894,12933.685545224005,10828.57142857143,0.0,0.0,1.6124324640093446,1.0882603153484716,0.9530383491627283,1.705316700079622,1.053038786410011,1.0451703454215133,1.5228981467979334,0.8010170230859609,0.6600827683704472,0.2720136851409319,0.4049991329848858,0.2720626046553046,7.380385869221632,12.00401586945907,5.9412636843035855,1.175001909186423,2.112737958070977,5.285348734246734,3.5216994283875684,1.375545158283363,2.2248467912935275,254.271719,0.0,8.829214890337195,0.3225077794794454,1.709428437528997,13075.739644970414,13290.786136939983,11600.535362073822,13767.681036911805,LOG00008,Idle 35,310.0,310.5,33.86252465483235,1.9517897357218228,15.973874490273904,21.88001972386588,44.0,1.7312435026081328,5.74276134122288,13578.670047900818,11371.42857142857,0.0,0.0,2.288886455134919,1.1731412740826797,0.863009459363748,2.8548297696229685,1.211643453066937,0.9948480311002778,1.3382255254397784,0.6227396546398778,0.7861703391023998,0.27803063079821216,0.34466883532670206,0.2907596930073305,5.023700059726153,4.397065614785948,4.90011748688609,1.0603895980945497,1.5807243882740607,6.7425172199660315,3.7456088689045695,1.8186893156139161,3.8465146030409576,310.437713,0.0,4.781314313593155,0.3058533618066202,1.3459412489836848,12653.113553113551,13686.165116934348,12911.693434770357,15063.708086785009
LOG00008,Idle 35,254.5,255.0,26.217554240631163,1.1970655831538906,24.545081257969738,22.000808678500984,119.0,1.2091547486979606,3.510118343195266,10877.4584389969,9000.0,0.0,0.0,1.6292566515159879,1.4389076977189874,1.4555488865925548,1.4909287078844147,1.286183455793322,0.9251041290850898,1.2982202665397984,0.9891734403441481,1.2874736346480122,0.31271197311622045,0.3619521996848365,0.2996972578485894,5.981440243408462,8.984464832624925,5.153874238241342,1.10972373711801,1.812042685875161,6.444115704961769,3.7292489633134918,1.5370316520917913,2.2286399785619992,254.64366,0.0,6.905569138450213,0.32589191426447695,1.5024955021824242,9518.286841363766,12010.594533671458,11331.473654550578,10649.478726401803,LOG00008,Idle 35,320.5,321.0,24.648915187376726,2.664044656469338,21.142680262579887,22.01451676528599,86.0,1.1979549346561076,3.4353846153846153,10314.032121724429,7485.714285714285,0.0,0.0,1.2162625324572027,0.8280410613349322,0.6820414917446871,1.2153039420210268,0.8413494422417069,0.7360637971955631,0.4594063587107721,0.43484732828508454,0.48429468098603545,0.30888971827200357,0.37211435827488343,0.3172778939714061,5.055699247094341,5.58715005960434,3.5910292832288984,1.0215537377949335,1.6185816844823773,3.374694083586085,3.3615179251851717,1.0404197583465749,1.8118332101396388,320.902242,0.0,4.819122741004996,0.33393972294982455,1.3533991851158713,9228.205128205129,10522.626091856862,10844.237813468582,10661.059453367146
LOG00008,Idle 35,255.0,255.5,29.949604743083,1.7645862591288524,24.050828326984558,21.766363636363636,100.0,1.5540931370636102,4.555079051383399,12067.236024844722,9242.857142857143,0.0,0.0,1.5562971555520784,1.7559951953181578,0.8343131953532166,1.517680918500534,1.939284113064559,0.9026584874735147,0.9729765500638415,0.9184093343278781,0.8343876279016883,0.34301627351831443,0.36463281634844863,0.295304302114308,5.565122774358425,6.468646028084998,4.29507305518565,1.3879786909035559,1.946106942136149,4.795625476975347,5.385531781465036,1.6591533929025293,2.651898642090961,255.40826,0.0,5.51548201217036,0.3355701046993564,1.690239195592278,9802.315076228118,12362.591756070016,13172.501411631847,12931.5358554489,LOG00008,Idle 35,298.5,299.0,30.37810650887574,1.2166554393433944,33.23152560049977,22.044043392504935,60.0,1.5044460368292787,4.748145956607494,12418.019160326854,10228.57142857143,0.0,0.0,0.836705319492074,0.8570867257606996,0.6327065707661457,0.9606520589073211,0.8451826406165839,0.6964953952976091,0.6311421628518802,0.6448494875440806,0.5230453596408801,0.31112078659032627,0.3976738795933616,0.2778489926364271,4.403101106881667,6.338647239485545,3.938522431417192,1.0725652201105234,1.9945354334916794,3.0669710851393543,3.1375438577916444,0.8469573327923698,1.0665940077508864,298.500262,0.0,5.00258956697551,0.3327364928731123,1.6013381508670461,10982.75570583263,12487.517610594534,12474.866159481546,13726.937165398705
LOG00008,Idle 35,255.5,256.0,35.13786982248521,4.877168338775079,12.537902440056122,21.974437869822488,116.0,2.2360311919068616,6.034911242603552,13862.130177514793,10257.142857142857,0.0,0.0,1.2984110808939362,2.3628803656166295,0.9066338476112011,1.1667125729005758,3.1752908037132688,0.8439327076809757,0.5392247173425583,1.8374412139239427,0.601109084142642,0.3999431260064866,0.4665904047661917,0.3595875420979328,5.241737045469315,7.579804523522322,6.606439766556743,1.8754538012161461,2.5479775412782875,4.698398736839532,7.407682988518248,1.9064462957561565,3.5646543167712275,255.629253,0.0,6.546609561643267,0.41108162623812783,2.2371317028010034,11997.266835728373,14273.59819667512,13853.169907016063,15324.485770639618,LOG00008,Idle 35,313.5,314.0,36.80059171597633,2.1952745657668826,13.820989035303208,21.845049309664695,86.0,2.049628582314233,6.534950690335306,14283.453085376163,10714.285714285714,0.0,0.0,2.83914376516734,2.444085980229279,1.3507740527524053,2.7802783998407743,2.70442023603468,1.625981541107904,0.5496425347351346,0.759566468495384,1.0687664826832899,0.39660654618242897,0.5182157140684043,0.40330232874883315,3.1214897255288823,4.046199009191998,6.0373141422210646,2.030289745585553,2.981170442089763,7.48897941132663,7.613959980704601,2.648989769519873,3.6896269294760935,313.621355,0.0,4.5667124053827886,0.4429059520772678,2.5504365955478616,15835.897435897436,13347.759932375317,11994.98450267681,15955.170470555086
LOG00008,Idle 35,257.0,257.5,29.49861932938856,1.5116438493505124,12.661719810693347,21.958520710059172,12.0,1.4992778947304737,4.189783037475345,12088.75035221189,10114.285714285714,0.0,0.0,0.7764699464425769,1.0645420436076405,0.5734511428779024,0.6389853693329425,1.1942491909704345,0.5734519145493854,0.39743540192656657,1.0227930918143775,9.776090460009987e-06,0.2524717934402681,0.29063446675399945,0.23347590276385755,7.805537962572221,11.527103923382567,6.705468338998766,0.7787827316531951,1.3323412602476448,1.901935067759251,3.295146152400599,0.9317068584959728,1.3243227266390587,257.209764,0.0,8.92120794121014,0.25994960852681004,1.091246025623804,11442.011834319526,12556.35390250775,11586.136939983095,12770.498732037195,LOG00008,Idle 35,264.0,264.5,29.417554240631166,3.3162482566182283,12.703393059732248,22.33723865877712,9.0,1.5892708610832533,4.382603550295859,12255.734009580163,9828.57142857143,0.0,0.0,0.628889815587163,0.8517362504811309,0.4708865199736231,0.6432121336077907,0.7680029219376242,0.4853120267195733,0.32766889913128844,0.322960700856301,0.1492672979935694,0.2591900912491507,0.31610680988548084,0.2400296408603544,4.107052815590634,4.183732013384526,3.5457906788911653,0.9341377175918646,1.3858008081412239,2.0400332595811372,2.7229030800658243,0.7486511338844388,1.814110775492906,264.000401,0.0,3.955760690789278,0.2736891467518514,1.1817481024466692,11513.75035221189,12443.730628346013,11711.862496477881,13353.59256128487
LOG00008,Idle 35,257.5,258.0,26.719960474308298,1.266135696985439,14.925195285476862,22.077747035573122,7.0,1.14635897052919,3.4762450592885377,11103.338509316769,9742.857142857143,0.0,0.0,0.8326002847738844,0.6886288448915188,0.603530790167055,0.6415763427270141,0.6904849180414594,0.6035307901859511,0.5349645332819577,0.5152711415942148,2.1713116479293376e-10,0.22146589063891134,0.24310536727189824,0.20573426526768512,3.525484609218442,8.332155582292396,3.4088361966583323,0.572868861445079,0.8206559613792698,1.5140971298358223,1.641242178756098,0.7640133900077212,0.988519940036977,257.941821,0.0,5.581935822902614,0.22395977928944075,0.7076916487287086,10527.752682100509,11512.33766233766,10751.185770750988,11622.07792207792,LOG00008,Idle 35,328.5,329.0,25.032411067193674,1.1867586793613822,14.115659877638569,21.97302371541502,8.0,1.0289748554920393,3.066185770750988,10605.498306041784,8942.857142857143,0.0,0.0,0.6244071937060139,0.408541654115697,0.5247433502438663,0.5361622947167711,0.40860799079723675,0.4506825197131261,0.21977663518186527,0.0022688980483337724,0.2509021603817482,0.2456653419887863,0.22268546330372638,0.17099579355598307,3.114613000823308,3.6541877202805697,1.9380984435720836,0.49928476616342204,0.6451448563412316,1.3432601483282962,1.441206126414341,0.5276317971367008,0.8065071202537757,328.613448,0.0,2.989432923756802,0.21539099117272203,0.5768436371263931,10216.177300959911,10703.557312252964,9851.439864483342,11650.818746470919
LOG00008,Idle 35,258.0,258.5,24.616173570019722,0.7070612804358567,16.327442208682815,22.03552268244576,29.0,0.9927910598490678,3.286804733727811,10360.960834037756,9100.0,0.0,0.0,0.7794601226359723,0.7765651622598169,0.4239234885539513,0.7713615624509836,0.642192861850262,0.4239234886734146,0.49038017303943415,0.6004246739580041,1.29074824191286e-09,0.2383036407280695,0.2343483781367098,0.20566882308333512,1.485323116337965,6.777888135883961,2.0725757975695553,0.5118986433010974,0.8147071204678853,1.6245163139956058,2.795812591597884,0.7780139889537013,1.0338564233863823,258.342383,0.0,4.180969695304172,0.22657408818312486,0.6803631064198652,9678.021978021978,10752.240067624683,10094.75908706678,10918.822203437587,LOG00008,Idle 35,327.0,327.5,25.012031558185402,0.8226533867096343,13.260999405510027,21.915226824457594,25.0,1.0538495160916137,3.451972386587771,10576.908988447449,8885.714285714286,0.0,0.0,1.068327835295258,0.5325330389504049,0.41928439539255136,0.8900943568335846,0.49377479649640654,0.419284381491689,0.4863333700426702,0.23010994032958226,2.7351401598135143e-07,0.22939648925197367,0.28340555368015513,0.2116990981821726,2.2076505334635503,4.763573220966473,1.6266579447459373,0.5576086178441662,1.038512390147515,2.285362046682789,1.8165359234931808,0.8440722129179484,2.294094816358233,327.000347,0.0,3.1733981144621546,0.24341868273205824,0.8334972570992616,10665.793181177796,10754.663285432516,9336.855452240066,11550.324034939418
LOG00008,Idle 35,258.5,259.0,27.700394477317552,2.4415776906614246,16.465841094366034,21.90171597633136,30.0,1.4574662855380993,4.005719921104537,11360.728374189912,9528.57142857143,0.0,0.0,0.9046954976475857,1.013697036998344,0.5092837136227647,0.8196873563631122,0.7103095217905736,0.5092774224692911,0.6389959294215181,0.5633908112063974,5.277021904709593e-05,0.24651596437055642,0.3008525500064946,0.2083883761584499,4.578803666014579,8.424372254459191,3.9973221471378317,0.7829283352422048,1.144662277412585,2.0448617474232704,2.6202819909375323,0.9607433648698894,1.4647429518136597,258.843579,0.0,5.997612726232801,0.25476007853986293,0.9806193215148515,10405.888982812061,12020.090166244014,11181.797689489998,11835.136658213582,LOG00008,Idle 35,326.5,327.0,26.921104536489153,2.0948439480273744,13.631270761845157,21.94923076923077,38.0,1.2292778913100653,3.693589743589744,11209.840800225415,8985.714285714286,0.0,0.0,2.1487964140584546,0.832962256984123,0.49021525926244397,2.118824085884636,0.8414362912353879,0.4902150211338624,1.2356614234581123,0.6163644163692317,1.3988593913886933e-05,0.24035729573765738,0.27021160671248134,0.2540496341614638,3.961466966814059,4.743271535393886,2.6662859509182977,0.6745331299509045,1.1248052823717747,4.630743674859204,3.1657062801949083,1.6295938375298542,2.8082768855711278,326.956936,0.0,3.8859115687185137,0.2551647563399212,0.927410876217443,11341.363764440688,11397.886728655958,10026.007326007326,12074.10538179769
LOG00008,Idle 35,259.0,259.5,29.04358974358974,0.7387107841480993,13.602753484912435,21.95733727810651,17.0,1.4378128540595783,4.189585798816568,11897.900817131587,10257.142857142857,0.0,0.0,0.8852566497413474,1.0950406262497576,0.47792922421461553,0.8461372209414934,0.9133681897399234,0.510111329849706,0.5793698538638595,0.6727773614588538,0.2484147842524577,0.27732042013440616,0.3031271539424342,0.23497156396416122,7.953114859230374,9.663603416443971,6.381036790097412,0.912857998994654,1.3818041637544802,1.9220510084010423,2.4886329350873697,0.9956890350527962,1.2791818415592873,259.410878,0.0,8.110793168591165,0.273254657021936,1.1710449336591962,10856.889264581572,12370.160608622147,11750.54945054945,12614.003944773176,LOG00008,Idle 35,207.0,207.5,29.53057199211045,0.7519286630027769,17.276116391855854,22.48790927021696,24.0,1.3938569647965202,4.339151873767258,12375.176105945337,10828.57142857143,0.0,0.0,0.8480018519205522,0.9675916165013687,0.5284584100797864,0.9556977039411818,0.8360299057809675,0.6068553346672844,0.5162883873851026,0.4109998383558906,0.5050674061868087,0.2505211464540238,0.32474957864939336,0.2763075227549649,4.5655558805429575,7.2849641958715985,4.964821486716249,0.7698292020759933,1.3342782542975602,2.8193470784417354,2.63529375507597,0.9097638916731138,1.4828466280988881,207.141819,0.0,5.731912311159074,0.2855223171572772,1.0892509950099434,11477.683854606932,12197.830374753452,12038.461538461539,13786.728655959425
LOG00008,Idle 35,261.5,262.0,28.655029585798818,1.1514802021439245,11.090852586961608,22.022011834319525,13.0,1.273677592666859,4.221104536489152,11735.841081994928,9242.857142857143,0.0,0.0,1.0291740327506347,0.9273144865522888,0.5739942309656099,1.0373391570105075,0.8433936841193594,0.5800840115714329,0.6183599624237409,0.25720322788168615,0.05287493619211779,0.26430221205004,0.32451953294697705,0.24307185354248922,8.409835743577718,8.569043467872486,6.4559097618457555,0.8726206618889807,1.4213168919884254,2.488236624401668,2.425212733912992,0.9795691263657553,1.3987946384751093,261.732386,0.0,7.8704640702087545,0.2794354502344861,1.1793236466312376,10612.116089039167,12464.750633981403,11821.329952099182,12045.16765285996,LOG00008,Idle 35,327.5,328.0,27.33648915187377,0.516426330862168,13.60194990633724,21.97232741617357,12.0,1.1400686501027126,3.7767455621301775,11350.007044237813,9871.42857142857,0.0,0.0,0.7876697262654091,0.5961109333530704,0.5666246394705042,0.7138062499502471,0.5529123949013884,0.5685335745405199,0.406452782828541,0.1424659358600445,0.017197869623764322,0.20481236549450468,0.26017092171507455,0.21684643433791972,2.842909388948708,7.031644959112343,2.089882348512617,0.5362905847662336,0.9846642609247024,1.7229166592135734,1.8868380404600236,0.6984883114763243,0.9808641038355406,327.889278,0.0,4.542164420017082,0.22851651264230025,0.7928339353393304,11109.213863060018,11535.869258946183,10367.568329106793,12387.376725838265
LOG00008,Idle 35,262.0,262.5,29.839053254437868,1.7704158492329554,13.152478162151912,21.924595660749507,32.0,1.4604411378443687,4.514418145956607,12177.04987320372,10200.0,0.0,0.0,1.7799489854367783,0.6736514762339813,0.6697329606756164,1.7816543493261716,0.5852573602343405,0.6708092539409508,0.9625869878491721,0.3516329307451592,0.46019142621199577,0.27560924396550734,0.25777755547983594,0.2551696602747064,8.469166783663914,9.817677777160519,6.692323940538155,0.9366897392337199,1.235238714788833,4.466398767320038,2.205426336435608,1.3457385894351175,3.0439945817867913,262.414138,0.0,8.424187056145096,0.2630090486359152,1.0961757044604898,11400.3663003663,12717.723302338687,11751.591997745843,12838.517892364045,LOG00008,Idle 35,329.5,330.0,30.037475345167657,2.3429225198051866,12.796265913255716,22.09463510848126,25.0,1.3966367411688827,4.389230769230768,12231.262327416174,9585.714285714286,0.0,0.0,1.1053806456178457,1.0163441923842689,0.8309122571122438,1.1050634695237056,1.0244964907110456,0.7123793231258013,0.003273309273687333,0.3311419762867095,0.3990839133213877,0.2904092728859613,0.3326410593179463,0.25160338682673744,4.1213119125609765,4.745772105504232,4.030778125469335,0.9031004130786933,1.5072830548622875,3.2405225185599136,3.180004093629906,1.0617960936780093,1.7060830302744012,329.551715,0.0,4.3110221933535735,0.29342340532922895,1.2424758676887644,11889.828120597349,12347.05550859397,11259.876021414482,13428.289659058892
LOG00008,Idle 35,262.5,263.0,26.908300395256923,0.3406142392213187,15.275933983480149,22.079584980237154,26.0,1.1196069727736053,4.005553359683795,11143.12535290796,10300.0,0.0,0.0,1.2253032027220971,0.6558867104351868,0.6404816067235573,1.1131538269388674,0.5592518484863775,0.6199772733794404,0.6458956318750719,0.3519420567914761,0.4236494554939945,0.2141423015998639,0.25735119272266743,0.212578289195863,2.8940680826379355,7.296228459354986,3.1442420342658384,0.5375025206730162,0.8594587625322478,2.615324253054791,1.7003835884370582,0.9827398728876628,2.886611836313965,262.500961,0.0,4.881831547281184,0.22896585681982262,0.7167908775309956,10632.241671372105,11568.238283455674,10716.629023150763,11655.392433653304,LOG00008,Idle 35,207.5,208.0,26.32509881422925,0.9888621291129776,18.634704827118682,22.50820158102767,28.0,1.1146096318550052,3.508379446640316,11249.068322981366,9571.42857142857,0.0,0.0,0.7328177552818983,0.8629095634940601,0.5279222708823241,0.6967065159460747,0.8211893143146957,0.527352618276667,0.4443406278982825,0.41457365884616754,0.019659867629013304,0.2519916265171157,0.3007196990201773,0.21632022479828153,3.835307661794161,5.571213118649303,2.3823577235712303,0.6104962552447796,1.1947697754002002,1.8361757818837183,2.370770625700385,0.8005107048709309,1.124609364155111,207.656815,0.0,4.140194391454206,0.2586674550269171,0.9487308611713188,10583.399209486166,11536.78712591756,10907.340485601355,11968.746470920383
LOG00008,Idle 35,263.0,263.5,27.43175542406312,0.1852485811809471,16.683850333781688,21.903057199211045,26.0,1.1341628872044411,3.8727810650887573,11307.95998872922,10300.0,0.0,0.0,1.3229867500579686,0.8991296376641729,0.6345862077637883,1.4899130348667564,0.8525516926209709,0.6546049073449449,0.6527314804694366,0.5905555313882446,0.5602978743239654,0.24185513088253835,0.28844711520761646,0.20880697258361053,4.3150521046068295,8.438326629477721,3.3147425609748464,0.5846368200136618,0.971729171505602,2.857220342708103,2.24179415327122,1.1310897502309563,2.657702179179652,263.024859,0.0,5.796911511508022,0.24852631946827305,0.8018908261324142,10813.468582699352,11596.506058044519,10865.539588616513,11956.325725556497,LOG00008,Idle 35,328.0,328.5,27.315384615384612,1.4933250563309641,14.195336908820368,21.883313609467457,14.0,1.2238604675558487,3.5294280078895466,11364.74358974359,9828.57142857143,0.0,0.0,0.6030974306769955,0.6014992779288624,0.6447982546883707,0.5089836794284639,0.601497048937774,0.5050721007516442,0.2941428435916086,8.367475989162598e-06,0.3469406126073727,0.20195672165247688,0.26603670092041803,0.21525490459860389,4.532994647818733,5.721194869065218,3.354707150631462,0.5891169446952496,1.0041616238568438,1.4554529175711155,1.8536173919925967,0.6022988843747497,0.7303911676045749,328.281948,0.0,4.638037346172382,0.22941717286128185,0.8232251640207191,11009.918286841365,11456.466610312764,10575.06339814032,12417.526063679908
LOG00008,Idle 35,263.5,264.0,26.9552268244576,0.9480111527768672,17.882325368713207,21.920611439842208,34.0,1.1457448520598854,3.8320118343195264,11211.996336996337,9671.42857142857,0.0,0.0,0.6077913016652042,0.9714674814615751,0.6907141154123441,0.5101467323424846,0.9315264764837633,0.7288362536233073,0.39303182435983375,0.7619557972918402,0.6812245982664652,0.2316032501805168,0.2667390282763592,0.2411375392480826,4.771236772126869,7.190329606976366,3.4991111344050045,0.6703994621976934,0.9653776128151019,1.5845655954338849,2.6153846153846154,0.8102960366178458,1.3419169250967455,263.558624,0.0,5.376160926521625,0.2469393228673905,0.8310804336042156,10822.936038320655,11584.67173851789,10570.076077768386,11870.301493378414,LOG00008,Idle 35,292.0,292.5,24.563905325443788,1.5266013789229431,23.26662685751474,22.144615384615385,1.0,0.35849621345935756,2.5690335305719922,10741.582135812905,9200.0,0.0,0.0,0.4649534222215981,0.4509121544439904,0.40076699928888093,0.4648092435555905,0.4509122328798349,0.40076693130070024,0.015652579754513785,4.693428753084091e-07,1.480714619662091e-06,0.23345330625394853,0.21014804173283336,0.20708053835045026,3.1556443233504132,5.243327255005666,2.3313565990338043,0.4523661504317909,0.6628520921250568,1.0166270564922568,1.3316063766767985,0.45798660234820027,0.5507128348504786,292.249154,0.0,3.780907976947575,0.21721340889284957,0.5674539761474241,10063.84897154128,11421.527190757959,10380.304311073542,11100.648069878838
LOG00008,Idle 35,264.0,264.5,22.86923076923077,0.8764956223147286,17.350658399063782,21.93461538461538,31.0,0.9286059331247156,2.956094674556213,9783.875739644971,8342.857142857143,0.0,0.0,0.6580796518311844,0.845560226978523,0.6151558703078982,0.5656933890954193,0.8913581289381142,0.685773058041961,0.3528468798708814,0.6831736264393599,0.5659800012445517,0.23095223557650077,0.2594774719049871,0.246581560209721,1.2780034000318994,6.539801177321373,2.6310098510331184,0.552260502787684,0.8163119664461949,1.7736844723611551,2.2027417020425157,0.7576413813943322,1.1554943739937888,264.173292,0.0,4.136202161630099,0.24594712126759227,0.696906338578779,9179.99436460975,10253.733446041138,9866.215835446606,9835.559312482388,LOG00008,Idle 35,329.0,329.5,22.992899408284025,0.8630189178709814,14.059653984009902,22.09007889546351,22.0,0.9046925282709195,2.7939053254437876,9825.493096646942,8785.714285714286,0.0,0.0,0.688277615771192,0.6862189759721197,0.5818461495693045,0.6882798500419149,0.7394015434366138,0.45015347436800357,2.846963669279705e-05,0.44102800201955467,0.34755150904136,0.2408873338957647,0.26695335806370435,0.20481566991058509,1.7738523712876333,4.369623676821845,1.20695338158565,0.6193050027288459,0.7125007123405659,1.755240111807675,2.3055545654014336,0.6872490666984935,1.567747210782849,329.499425,0.0,2.8105100235536047,0.23891439307404633,0.6675312545082773,9578.219216680756,9776.697661313046,9183.375598760214,10763.679909833756
LOG00008,Idle 35,264.5,265.0,27.446442687747037,4.061692874357758,16.114062000251284,22.002984189723318,45.0,1.6640170812005204,3.9530632411067192,11272.819028797288,8514.285714285714,0.0,0.0,1.4091017591555184,0.8129975504307628,0.6803676439242059,1.3046667089861588,0.7958034896431239,0.6628351590913898,0.9971254221707825,0.32481695144273626,0.14181789384846033,0.35029778758315105,0.4602871929107751,0.3016744745747038,5.094636984191988,8.331066330278311,5.052289628779656,1.3423752199752952,2.4620904954536393,3.603358117550927,3.424799119927723,1.1503331657962392,1.8643993681419568,264.776121,0.0,6.347903136555363,0.3766432124939353,1.9829095842986473,10017.47600225861,11946.69678147939,11853.190287972897,11273.91304347826,LOG00008,Idle 35,325.5,326.0,24.927810650887572,5.721135918062405,14.24280662116434,22.067554240631164,27.0,1.4824953726942336,3.381163708086785,10407.790927021697,7171.428571428572,0.0,0.0,0.7773943046791467,0.9161414282027928,0.5907619217782105,0.861388482290812,0.932908063379724,0.7163703397635611,0.5344914953830326,0.615363798820467,0.5945293838763809,0.29391713543548215,0.4445664639886201,0.2640561500431306,4.028128168922007,5.0619878564546585,3.2503596540897455,0.9300180068587204,2.5961596166993934,2.4703368398993897,3.591025412169639,0.8496049144799679,1.6245841475299547,325.958496,0.0,4.179887378271165,0.34339106656092316,1.9499972113393154,9726.232741617358,10384.418145956608,9783.854606931529,11736.658213581291
LOG00008,Idle 35,265.0,265.5,25.62702169625247,1.265238322742391,14.856672207959734,21.947435897435895,63.0,1.1082224702003796,3.48447731755424,10716.582135812905,8414.285714285714,0.0,0.0,1.139604372950387,0.7598869817690544,0.47177019895792355,1.198828819733059,0.6486950710736261,0.6686619755371623,1.0325684215442237,0.3555933123317738,0.4981367153954298,0.27987464925213573,0.32246583548385105,0.24463931341215542,4.5076410214635505,8.421968301756623,3.956206334449594,0.892781352377124,1.511785664099441,3.2396093952096403,2.3617597824962986,0.9685366157016805,1.529477320553566,265.037576,0.0,5.969364740487142,0.28411407803619715,1.2414818640094816,9281.68498168498,11515.976331360947,11391.772330233867,10676.894899971823,LOG00008,Idle 35,321.0,321.5,26.170158102766795,1.2197642707463139,16.374121508673824,22.01592885375494,84.0,1.2385775334988267,3.5915612648221344,10987.083568605307,8628.57142857143,0.0,0.0,2.1050210411486643,1.7393878902981343,0.8929219461671001,2.0706553736558164,1.6870878912700846,0.8864616950818818,0.5271443732635532,0.4373690977112931,0.6431666280027211,0.4390161658283992,0.43550135641986487,0.4054982576614193,3.890606256412086,4.967030358637167,3.5823088423780054,2.043076444377282,2.2009134199717795,6.183460023774121,5.902200299841292,1.9308785327661606,2.7905963781538996,321.442886,0.0,4.188919680467976,0.42693694392679643,2.1234619421808802,10393.732354601918,9669.988706945229,10761.34952004517,13123.263692828912
