file,group,start,end,th_mean,th_std,speed,voltage,sp_max,acc_max,current,rpm_mean,rpm_min,motor_top_pct,motor_bottom_pct,shake_err_roll,shake_err_pitch,shake_err_yaw,shake_gyro_roll,shake_gyro_pitch,shake_gyro_yaw,shake_sp_roll,shake_sp_pitch,shake_sp_yaw,high_gyro_roll,high_gyro_pitch,high_gyro_yaw,high_raw_roll,high_raw_pitch,high_raw_yaw,high_D_roll,high_D_pitch,D_roll,D_pitch,shake_combined,shake_peak,shake_peak_t,shake_time_gt8,motor_activity_roll,motor_activity_pitch,rpm_min_p05
LOG00006,Idle off,5.0,5.5,15.122287968441814,21.508045288268352,51.114466652223555,24.865463510848127,81.0,4.998673573029181,4.05378698224852,10463.067061143984,3628.5714285714284,0.0,50.4930966469428,1.62675471524314,1.6859798330534983,0.5067061715656863,1.5363245238902983,1.7617540544060803,0.5063361369834611,1.2509380969637218,1.0656290381244142,0.007336594924915013,0.5644964213080389,0.7388859037200233,0.607012235000886,3.1751197578666934,3.6388881077063817,4.069112472406216,2.4719145510615084,3.6587094909980915,5.4365626104875755,5.7485097974621855,1.656631959885612,3.130775792057605,5.022697,0.0,2.4719145510615084,3.6587094909980915,3675.714285714286
LOG00006,Idle off,6.5,7.0,31.46962524654833,3.9130521057911776,28.918250149298462,24.770315581854042,121.0,2.5244934423719987,7.337357001972386,15231.227106227108,9900.0,0.0,0.0,5.938596011208144,5.946092097450594,1.4759646183097364,6.065525981305821,5.8439632989316,1.5340563467557797,0.8041869693839908,1.145085548314479,0.4772006727186877,0.5979995195121349,0.8959751387678788,0.5961116222395816,4.9104806406107,5.991562618249456,8.936524547435177,3.3456619048800387,5.610985065035857,17.89157570652533,17.709022204955904,5.942345236339846,8.350776936283616,6.578115,0.07100591715976332,3.3456619048800387,5.610985065035857,10461.42857142857
LOG00006,Idle off,7.0,7.5,34.03944773175542,4.825219547255927,12.015240795522924,24.44777120315582,89.0,2.9424926048581286,8.078717948717948,16078.430543815159,12214.285714285714,0.0,0.0,1.9817471209619442,1.557926761550993,0.8283186858348028,2.726956263767416,1.5600001371706824,0.8380908969550364,1.2123013885279887,0.8363610231957896,0.26835833965543204,0.3363442870558357,0.5060557108280924,0.33139980117576007,2.770025604059554,4.766307517029788,9.541938077595397,1.353851907647417,2.9746600357344826,6.068803403756928,7.474875735313774,1.7824782531349042,3.3381394653276355,7.000445,0.0,1.353851907647417,2.9746600357344826,12541.428571428572
LOG00006,Idle off,7.5,8.0,47.46581027667984,23.24763741312369,15.067875699618908,24.025454545454544,116.0,6.738675419432407,13.425533596837944,20180.25127046866,4885.714285714285,0.0,10.474308300395258,1.8464996195354344,3.4817809748569686,1.1350702256069034,1.6762139010525743,4.409987115619423,1.1349645871579452,0.7964144858484067,2.2387879082339297,0.01621457834009664,0.45869909385146995,0.7047547491973786,0.3937944632548372,3.6368445196831027,3.7931748913297536,9.429006509115675,1.6290184904272538,3.1900709967261593,3.8750239065946217,15.358689008611416,2.7867866443110105,5.339593427153826,7.843218,0.0,1.6290184904272538,3.1900709967261593,6617.857142857143
LOG00006,Idle off,9.5,10.0,24.045364891518737,11.20357936319137,13.673024661862916,24.713195266272187,59.0,2.4351024084469266,5.882169625246549,12043.758805297268,3357.1428571428573,0.0,3.7475345167652856,1.1694540105421456,1.4654036465737612,0.7300563686775379,1.0831440596177746,1.3587762735845355,0.7300548993559484,0.40567802172713696,0.36079499187441955,9.689638552515912e-05,0.6957436706870691,0.7727191220556191,0.5605196140751293,4.281992290768329,5.359173747353097,7.283143642126053,3.5835912134341994,4.701617618053543,5.255784828333034,6.6473586277436745,1.3257131156786497,1.988796741303888,9.794225,0.0,3.5835912134341994,4.701617618053543,3542.8571428571427
LOG00006,Idle off,10.0,10.5,22.513806706114398,2.767400874415982,25.568413015173043,24.72293885601578,38.0,1.743071327627829,4.161794871794871,12378.585517047055,10128.57142857143,0.0,0.0,1.2081145259738288,0.5806421216480524,0.5260112173215326,1.2354621536499852,0.6248328288151634,0.5260111841326071,0.8601977637776549,0.4334853781632922,5.263195498554947e-07,0.2750607262506066,0.3399512566445826,0.25755901997715086,5.819166191945545,9.160057816196966,4.742167815896064,0.7668521000054335,1.6740791287072785,3.228937209510055,3.1954726356036156,0.9478095750995875,1.935484183961723,10.274818,0.0,0.7668521000054335,1.6740791287072785,10357.142857142857
LOG00006,Idle off,10.5,11.0,22.21245059288538,2.810247890147892,31.58521186931283,24.654328063241106,69.0,1.5046705805539289,4.169407114624504,11989.857425183513,9857.142857142857,0.0,0.0,3.053109573547204,1.1460805809969654,0.6208043026095379,4.039854043345276,1.230654374825669,0.6100056105689097,2.5602991027581683,0.7512564105201502,0.07060189893931235,0.2917603128046443,0.3897155135261061,0.2871787269268331,8.776453742171162,6.827196434300986,7.602181289265593,1.2035252792319076,1.827126938776629,11.213522328151514,3.5948469927363766,2.30596820947557,5.035939678886911,10.999152,0.0,1.2035252792319076,1.827126938776629,10157.142857142857
LOG00006,Idle off,11.5,12.0,40.93471400394477,1.2486434718462132,45.075195680578254,24.328145956607493,149.0,3.2732633849385793,10.93810650887574,17966.694843617915,9757.142857142857,0.0,0.0,1.9280218408377938,2.010935192733651,1.1405026891748602,1.856801991329265,1.9859778868959073,1.080832602536655,0.7522063537641511,0.6539229095875861,0.3414826541866722,0.5073214730593201,0.6614074483120079,0.3792407000152207,4.787671280715005,4.598647028559047,3.8452850997241077,2.573816907376638,3.978239428269691,6.32096789332783,7.804691857475096,1.969914791066137,4.0560847294725395,11.99977,0.0,2.573816907376638,3.978239428269691,10328.57142857143
LOG00006,Idle off,12.0,12.5,38.11719367588933,1.1651904584173716,37.606068707571964,24.49833992094862,151.0,3.053211099275465,9.875849802371542,17152.117447769622,9828.57142857143,0.0,0.0,4.563912819751628,3.434683527776495,1.114489125733048,4.470371271097308,3.4687401610413255,1.0641053856554126,1.0593873591063412,0.7617944125425236,0.49360216194309076,0.798089369816937,0.8248838161281267,0.5489566712314152,4.055577037017537,5.537157857076594,7.0255221375104036,4.483610581669115,5.245049324362995,13.849273321784864,12.908234954643055,4.038957239330001,6.84693443534524,12.265206,0.0,4.483610581669115,5.245049324362995,10185.714285714286
LOG00006,Idle off,12.5,13.0,34.2301775147929,13.743046890639317,18.904251002882027,24.553984220907296,124.0,4.158772011719569,8.907100591715976,16028.564384333615,8371.42857142857,0.0,0.0,3.2573019047541516,2.203120768761497,1.0446403174576662,4.2687698417376465,3.2692575394811874,1.0146436315626537,2.613176797517872,2.1896939491171423,0.5316569755325966,0.3377970750448574,0.548970520699654,0.37666598129047485,3.0586883290133247,4.5523393151743905,7.015098422670408,1.33731632786482,2.9315878702491376,12.8324815926784,9.258398820419691,2.7806255429725932,4.939840318805788,12.849367,0.0,1.33731632786482,2.9315878702491376,8985.714285714286
LOG00006,Idle off,13.0,13.5,18.56765285996055,3.449994856613195,15.825240352181476,24.703984220907294,121.0,1.413808641777442,3.462445759368836,10664.11665257819,7757.142857142857,0.0,0.0,1.1760376549278642,1.1435562708516331,0.3832769773285056,1.4553527188286173,1.5066450106926488,0.38298532104259875,1.2291472997738706,1.2080099390937205,0.0028720873264802796,0.3389899991708602,0.42241905562455984,0.2630026424881038,4.481438960811353,7.16947341804292,3.8385135581952605,1.2048409555204862,2.1607721141739695,7.113201328241361,9.395642953458573,1.1599106669076555,3.5477015519227426,13.499653,0.0,1.2048409555204862,2.1607721141739695,7971.428571428572
LOG00006,Idle off,13.5,14.0,59.226035502958574,36.11949258009192,35.68910536793942,23.628856015779093,58.0,7.206857802208678,15.338343195266276,22057.18512256974,4314.285714285715,35.108481262327416,14.792899408284024,2.125476540233758,3.0613626354949326,1.0547144782723272,2.1217854257794566,4.101248885144346,1.0534513877739673,0.3023136755952299,2.2635311147936217,0.015654398067461498,0.583331086029331,1.0931156336698042,0.7816472034434387,3.991106124226057,5.421312345037601,6.471841758664602,2.115075313151164,4.557927059051165,4.213484505314883,11.194179947378016,2.635298058008672,3.795663165731611,13.576623,0.0,2.115075313151164,4.557927059051165,5157.142857142857
LOG00006,Idle off,15.5,16.0,35.47727272727273,8.749946203828262,49.85804272272348,24.360652173913042,150.0,3.853006181331283,9.356581027667985,15917.059570863918,7971.428571428572,0.0,0.0,7.082380134919527,7.813138176257313,1.8700272741713655,7.303623327408191,7.552010696457914,2.070960215132321,0.9966213384482753,0.863132406325987,0.7025490354228449,0.7629160607884847,0.9994121560624849,0.6826067733774893,4.167940624015934,8.066170216092196,6.900533576302366,4.231055415590431,6.245588951944326,23.176330436247206,20.541628417039274,7.456716319426139,13.14480616977189,15.93499,0.35968379446640314,4.231055415590431,6.245588951944326,8707.142857142857
LOG00006,Idle off,16.0,16.5,39.27001972386588,5.7651616931984995,15.836651314581102,24.25388560157791,62.0,3.6164431702135733,10.062642998027615,17703.374189912654,12100.0,0.0,0.0,6.799843978621079,4.390487955353919,1.4206817346170897,6.875193494973022,4.5562058990209415,1.4455248085516443,2.060278261713515,1.4638920682442813,0.2545659804480014,0.5134612901864343,0.7050187469670653,0.5496929038212132,3.1843207899634494,4.636169104550098,7.648474811196243,2.692672206782624,4.042008227131987,17.68383297585534,13.293011021278598,5.723384602649779,10.841143760607583,16.000113,0.33925049309664695,2.692672206782624,4.042008227131987,12470.0
LOG00006,Idle off,16.5,17.0,21.024260355029586,1.6924892662691147,29.34336968505117,24.504240631163707,88.0,1.6711415616151493,3.5332544378698225,11730.9101155255,9900.0,0.0,0.0,1.7665078080990981,0.9659367886047333,0.531142282296401,2.3144451295158515,1.0865990364652744,0.5311296798249555,1.372494542446446,0.9138801373630205,6.363442537168698e-05,0.2689775463917618,0.3367534492553793,0.24988680565214247,6.964495691524301,7.7293619490683705,5.7457453509748095,0.9177964640286691,1.5237201154902158,6.94767709112367,3.8887386089118685,1.423654402524556,4.793202021831518,16.521096,0.0,0.9177964640286691,1.5237201154902158,10085.714285714286
LOG00006,Idle off,19.0,19.5,25.42189349112426,3.1610508645919504,55.14467719788831,24.223372781065088,93.0,2.442381299432883,5.307258382642998,12791.363764440686,5700.0,0.0,0.0,5.098520795235194,4.515947184021357,1.8700694389896309,5.206654776345454,4.335465519903629,1.8699909211384287,1.2352714720165419,0.5535852111660912,0.003320315775305048,0.6935611906911042,0.9739835914917303,0.5333920955954895,5.145257435697107,8.155851965639524,5.891198646118758,3.8064797063530014,5.736458397335198,14.348439358744148,12.081576761392535,4.816050937662315,9.251423923710258,19.499921,0.029585798816568046,3.8064797063530014,5.736458397335198,5842.857142857143
LOG00006,Idle off,19.5,20.0,32.25909090909091,2.569947624778972,24.9643293753711,23.8697233201581,31.0,2.341982467461951,7.720632411067193,14995.990965556182,10400.0,0.0,0.0,7.285573293238074,7.042960841823969,2.0834702759869868,7.236985134478469,6.977688011593621,2.083470283531354,0.42106924639326543,0.4547143293538172,6.551421980692457e-08,0.898943311264998,1.0512385554500643,0.6234520103844552,4.900076936039056,6.608492362716337,7.010102869848093,5.019455650572811,6.64325338375652,22.17523633965076,18.793027047621898,7.16529397968463,10.15677105562109,19.71008,0.6620553359683794,5.019455650572811,6.64325338375652,11428.57142857143
LOG00006,Idle off,20.5,21.0,34.698619329388556,6.545584209981694,29.006124115943322,24.149329388560155,23.0,3.0247414312905776,8.2629191321499,16060.587489433643,12214.285714285714,0.0,0.0,1.0267298858580167,1.2539162617309707,0.7132556070558971,0.7790694056494054,1.36330967899768,0.7147848046943105,0.4669316222887261,0.6049089834576169,0.015654296739878067,0.29915220347959837,0.4803717634263607,0.3386815992790989,4.266701836427363,3.734891627259069,7.544417699662705,1.1788230552881642,2.6624937943207314,2.580460641109564,4.752659382193912,1.1459668952346287,1.602429136454519,20.654327,0.0,1.1788230552881642,2.6624937943207314,12357.142857142857
LOG00006,Idle off,22.5,23.0,29.849112426035504,10.497247417976975,30.309179554684036,24.233530571992112,100.0,2.471884897938044,8.382209072978304,13701.50042265427,3100.0,0.0,1.9723865877712032,13.454053937641069,8.695586794398015,3.262799187597847,13.437683709215563,8.684795567450871,3.2606456984093315,0.33856979614078586,0.6597792432239447,0.015656597296313978,0.6683240257564473,1.0728951022930218,0.69091345242333,3.3975375023994867,6.55125268167873,7.077631479308117,3.837965664055077,6.677408039919126,27.646971436050617,26.111428649432387,11.327506280198305,22.143362521049916,22.746058,0.621301775147929,3.837965664055077,6.677408039919126,3300.0
LOG00006,Idle off,26.5,27.0,21.767652859960553,6.858072239774324,17.938751001129408,23.976528599605523,103.0,2.277498478810444,4.155621301775147,11647.802197802199,8057.142857142857,0.0,0.0,2.6523327398533363,1.747566896584409,0.6317714030364833,2.7024303410328985,2.0414443512163114,1.091751601803132,2.361003009501831,2.0543618896002247,1.1253099634105483,0.30221883740586614,0.6273766536343094,0.2406080392436722,2.6319798038715634,6.830504089760574,4.2221853253057375,0.9517597013201377,3.6538042083542153,10.83205120618128,5.236233947849112,2.2459807457918655,6.3982152538297115,26.98273,0.0,0.9517597013201377,3.6538042083542153,8375.714285714286
LOG00006,Idle off,27.5,28.0,29.372583826429985,1.3108325156169918,37.17500054164777,24.174497041420125,156.0,1.9234476865472352,5.837672583826429,14288.581290504368,10557.142857142857,0.0,0.0,2.235977363230709,2.5093908406401684,0.8108842975332065,2.0046176662832464,2.6620079289324337,0.8305168959001638,0.70940824026066,0.622960674103164,0.5208194769122407,0.507255329760208,0.6646583661380022,0.4596401724515481,4.012624836240116,7.936929283136997,8.983295217100535,2.4974176738719476,4.042109724395922,6.96185719627326,8.7310233782054,2.3766191491243314,4.376629637176009,27.956547,0.0,2.4974176738719476,4.042109724395922,10714.285714285714
LOG00006,Idle off,30.0,30.5,36.96501976284585,17.79946655337147,13.832431182013426,23.652964426877467,119.0,6.078614928595949,8.505197628458498,16132.686335403729,9628.57142857143,0.0,0.0,4.285971063753245,5.722705002460103,0.7477902872878041,4.272030410261128,5.9537742540992,0.7477902997831178,0.47224276046943336,1.153076725278583,1.9181051495795486e-07,0.6412744843782187,1.003957459798013,0.6800269197924731,5.3806619459664216,9.299825272716951,6.0757433209079315,2.880485768595714,5.437364807976154,9.880611429129209,13.402849086532447,5.055635494401865,10.134967254051523,30.066953,0.23715415019762845,2.880485768595714,5.437364807976154,11371.42857142857
LOG00006,Idle off,30.5,31.0,56.978895463510845,28.75905908836117,31.09308402259369,23.083865877712032,111.0,7.494874060847038,15.26603550295858,20497.428853198086,12314.285714285714,23.274161735700197,0.0,2.5424639285689,3.0707994712488103,0.825448588413226,2.6508841894622024,3.093061894180553,0.8257769416947455,0.6208579476608393,0.680922821581158,0.016544773180307136,0.9071401548235952,1.5283010897013802,0.5208420239495496,5.106561134846233,7.316242011055028,4.95198771844583,2.9236339381584036,5.434566172888591,5.94816531473696,9.75852431693345,2.819036379748936,5.2067425621393495,30.90066,0.0,2.9236339381584036,5.434566172888591,12428.57142857143
LOG00006,Idle off,33.0,33.5,24.054043392504934,4.286748355295415,18.756748664852264,24.089921104536486,64.0,1.7433313967959636,4.298284023668639,12680.029585798817,7742.857142857143,0.0,0.0,1.2971725335880955,0.6730801109036698,0.545885453079514,1.7113501376303288,0.6564263402275625,0.5458845580987279,1.015966693953847,0.23254623704520574,2.3633181674480258e-05,0.37852817986688103,0.4495123805251036,0.33670353122634206,4.544031718350731,9.64183003506118,5.572412245363419,1.6979696262470891,2.401293084784934,4.964568742679363,3.173484822267118,1.0333666865129376,2.2466836492202367,33.498426,0.0,1.6979696262470891,2.401293084784934,8271.42857142857
LOG00006,Idle off,33.5,34.0,21.109467455621303,5.939533342266171,19.85696419277369,24.010927021696254,61.0,1.953498560467266,4.145502958579881,11134.53085376162,7314.285714285715,0.0,0.0,2.168512542546894,1.0108672683534132,0.5324732860433281,2.0316334974258377,1.1331541532811245,0.5293175646396008,1.2696194351279848,0.6755622654617501,0.014244603869202618,0.41552998340375313,0.5507427873979579,0.374453318554239,4.015271429484797,8.470042239157914,4.892370823618383,1.74716875178744,3.003852762189773,5.551267246974989,5.5288377926358185,1.6917888877474467,3.074333632111512,33.907873,0.0,1.74716875178744,3.003852762189773,7600.0
LOG00006,Idle off,35.0,35.5,39.74161735700197,14.353190126663975,26.371981374599553,23.575108481262326,171.0,5.295033610257974,9.944201183431954,17162.3978585517,10628.57142857143,0.0,0.0,4.709914068715988,7.068926075974901,1.4679649654605837,4.511657080938729,7.798771373847234,1.329565026318421,1.7245033959950213,1.8756682398566007,0.5070305840883905,0.6693549460496563,0.8141488710155053,0.5307146184724894,4.47669109090574,6.82753683456728,6.330012985192633,3.360467543317134,4.444897519253219,12.121833855311625,16.932165391705546,6.00637188335382,12.662411867238262,35.159889,0.3136094674556213,3.360467543317134,4.444897519253219,11342.857142857143
LOG00006,Idle off,35.5,36.0,23.340236686390533,1.5287637756213797,29.97942706982847,23.821084812623276,93.0,1.4406920113359065,4.096134122287968,12235.355029585799,9257.142857142857,0.0,0.0,1.1776312107307496,0.8171685179414524,0.8306581042954755,1.1284283007377305,0.7162318055710619,0.8545937321929147,0.7327268690355828,0.5608596272658639,0.6582803427891171,0.33549420541224323,0.38038864162777425,0.30999025735933633,4.817173256203446,8.211645327536896,3.8813627663212236,1.3608874332874823,1.844850257349762,5.093213956075954,4.118319107141235,1.0135530709345717,1.500633047741099,35.634445,0.0,1.3608874332874823,1.844850257349762,9342.857142857143
LOG00006,Idle off,36.0,36.5,27.08481262327416,1.7662701299604642,33.65096633970736,23.9407100591716,119.0,1.8140076910737,5.401656804733727,13447.485207100592,10257.142857142857,0.0,0.0,0.9637833483064709,0.8368957078163038,0.6886080118455499,0.9897986644763489,0.8249683246315143,0.6528060214964445,0.6642830398065599,0.34383093385907826,0.44320483511253134,0.3113695966163726,0.5082121760918249,0.277881302767238,3.021472859440845,8.461628654561768,6.455167475180011,1.3052288628257527,2.8006970282078507,3.5764405519589237,3.8915272350206283,0.90257209358427,1.2694307585170646,36.373419,0.0,1.3052288628257527,2.8006970282078507,10380.0
LOG00006,Idle off,36.5,37.0,33.17968441814595,3.363289677480773,27.505093421761007,24.022820512820513,101.0,2.4053478779271984,7.730039447731755,15320.259227951537,11557.142857142857,0.0,0.0,0.9100359456018765,0.8947521902992878,0.7493720731254486,0.9021855975476664,0.8460600748971694,0.6865585084326891,0.6070871576189052,0.31543560453166253,0.4676523794048978,0.4484115369072463,0.422241356371593,0.3665474391857816,5.101460577243583,4.666336507109849,8.624746731830113,2.2301035120748245,2.384722427816763,4.081033245042246,4.0817581391972935,0.902426424793976,1.3579856164540451,36.995971,0.0,2.2301035120748245,2.384722427816763,11714.285714285714
LOG00006,Idle off,37.0,37.5,29.820158102766797,3.4944887120153534,20.105691706311934,23.951501976284582,81.0,2.3763511227638245,6.318300395256916,14487.591756070018,11242.857142857143,0.0,0.0,1.1308229442468345,0.9403840412902714,0.8570077332198859,1.163932224706101,0.8354947264633091,0.7796737363962527,0.6407014468249751,0.5189412264221067,0.5318159477575138,0.38238608398182,0.4830264650312504,0.32605835617624,4.581288773676231,8.103075202067066,6.500577120144914,1.7894381292249155,2.51123551808402,3.817734775259964,4.334118708600071,1.0399717968167457,1.6893579917134034,37.499145,0.0,1.7894381292249155,2.51123551808402,11400.0
LOG00006,Idle off,38.5,39.0,19.532544378698226,8.501756752878277,64.34286026013471,23.951854043392505,18.0,3.1723651225440053,1.6290138067061142,12217.399267399267,6342.857142857143,0.0,0.0,1.1914568413224784,1.3171697270623122,0.4936650623242362,0.8551003040280891,1.5310991875757185,0.4936645019903836,0.6901589423510978,0.9739368376805593,8.128802053428876e-06,0.29831097227435943,0.321898312210106,0.3202670335388265,6.837691956835967,6.784522344635559,5.713008194589237,1.0593196000065186,1.4350337042879584,2.5016759668266446,4.085863443495813,1.255887235109813,1.8589214647288663,38.51244,0.0,1.0593196000065186,1.4350337042879584,7222.857142857143
LOG00006,Idle off,39.0,39.5,22.806311637080867,11.793067850017277,56.29332260971811,23.887731755424067,75.0,1.3571329152309555,4.997751479289941,11931.92448577064,3728.5714285714284,0.0,13.214990138067062,2.0052513771438867,1.124974129597802,0.7203676885749851,1.9599287279115276,1.1012251559262614,0.7203726095218231,0.8078689535228953,0.27669835691838063,4.699435740844356e-05,0.4123442757600942,0.7546541724739352,0.3781143247763842,2.863625510622397,5.715477848641019,4.245122502478426,1.7268246277430934,4.296171468008175,6.71378810287719,5.702347348767528,1.6258228497904978,2.5711878980317704,39.25827,0.0,1.7268246277430934,4.296171468008175,3814.285714285714
LOG00006,Idle off,39.5,40.0,37.4998023715415,1.0853953035164476,60.77693947487569,23.711086956521743,56.0,1.6003220383088514,8.6400395256917,17004.976002258612,12600.0,0.0,0.0,3.365204233661714,1.3887741617035434,0.7465828278976444,3.243478464516999,1.3279444629847985,0.7002720242305795,1.0551382822075202,0.3214744996240808,0.14951030263806306,0.34247692963684034,0.4057330732702532,0.30035857835911295,3.115587407864674,3.7186989494090907,4.133235013551557,1.4115149202564308,2.174616449206161,7.378662753617389,4.33708158556441,2.5742273798627515,5.95561649685828,39.650935,0.0,1.4115149202564308,2.174616449206161,13100.0
LOG00006,Idle off,40.0,40.5,41.91577909270217,2.093397984807858,68.75153637983719,23.53759368836292,74.0,2.879794807939229,10.59483234714004,18054.7055508594,12985.714285714286,0.0,0.0,1.2089139747369,1.7649134116908274,0.8351870772809451,1.1091472489037997,1.6652454659735916,0.7649329516474245,0.34943914717239094,0.4001756798658484,0.23498523705686722,0.38214791721144153,0.5121056727940836,0.2988132217989439,2.946054108093672,3.2984017841051707,2.5312408678986604,1.6727764034173194,2.764133382142377,3.678124468465237,5.834671585010673,1.512678476921042,2.321920412960516,40.331675,0.0,1.6727764034173194,2.764133382142377,13142.857142857143
LOG00006,Idle off,40.5,41.0,39.91499013806706,0.9808482370899917,73.84390315534951,23.551597633136094,71.0,2.947050800925059,9.954358974358973,17348.57706396168,12171.42857142857,0.0,0.0,1.446204090305363,1.7098838034936545,1.014401038040506,1.4535266428770073,1.5932209254119327,0.9075510174420485,0.28563596293229715,0.41280715814790503,0.33699861816968224,0.4986119865870453,0.5916248980984736,0.3314165994817979,5.473707046188583,3.7001197242056545,3.16454403473515,2.4477047611924996,3.566107196255917,4.718506098625002,6.137478232405752,1.583541741203226,2.3338435686775405,40.968994,0.0,2.4477047611924996,3.566107196255917,12428.57142857143
LOG00006,Idle off,41.0,41.5,44.34753451676528,1.504932336540746,72.14887738308003,23.50187376725838,71.0,3.4579343144282526,12.486883629191322,18431.734291349676,12600.0,0.0,0.0,1.9436276103708199,1.7086003936464156,0.9509271036842537,1.844600375866113,1.6570681221688226,0.9521159463589743,0.4218997382331638,0.42517214724968866,0.35446740901735924,0.5195488535358624,0.7045638962853391,0.37461556760688985,3.5964349444510417,4.110804050797394,2.4585136565112036,2.543461773044104,4.012707207100542,5.448521866758394,6.834187179059562,1.8298911979902617,2.5310470141768624,41.042985,0.0,2.543461773044104,4.012707207100542,12871.42857142857
LOG00006,Idle off,41.5,42.0,61.89408284023669,10.376015646066538,72.67901817429194,23.26532544378698,86.0,6.495086738676796,19.30449704142012,22769.28712313328,15142.857142857143,0.0,0.0,2.2777130245102457,2.439638112227752,1.0445191709311619,2.5930874194040365,2.4631687284770356,1.046391235911907,0.9961632796977787,0.7017993095335437,0.020506116125813607,0.5839562458880077,0.9894249620030287,0.416572551202681,4.043803280815123,5.523692063649348,7.434402015225902,2.3598355124282158,4.658905838339641,6.311287280740708,9.091470307224242,2.3600646962168,2.958172327551906,41.81842,0.0,2.3598355124282158,4.658905838339641,15545.714285714286
LOG00006,Idle off,43.5,44.0,19.692307692307693,5.968239410144731,50.96465504361479,23.935562130177516,90.0,2.1550932282994983,3.2878698224852068,11074.443505212736,5085.714285714285,0.0,0.0,1.5593503860764026,1.1084308535895602,0.5478317413165037,1.4778850323206079,1.136625734952942,0.5478374122151182,0.4766960964240078,0.3912919390842806,0.00014860015202363083,0.360491693268602,0.43162098802044274,0.3391269283603165,3.888336326321746,5.295200167339935,5.4993166379762295,1.5486492671088166,2.186927502692748,4.8773921961544655,4.344848907793939,1.3528105158790542,2.656471011337698,43.55377,0.0,1.5486492671088166,2.186927502692748,5475.714285714285
LOG00006,Idle off,44.0,44.5,12.456804733727811,1.4747339703723161,42.79551773518895,23.828816568047337,23.0,0.8005069914303419,2.2801775147928987,8257.24852071006,4328.571428571428,0.0,0.0,1.758035715036667,0.9319230596645819,0.46425758753320734,1.8058439729527198,0.9450481234091668,0.46418347705520635,0.409591469226364,0.3848958181857771,0.0035610931574100403,0.30650294517978316,0.3128533236636483,0.29575771839359977,3.106427458160255,4.827597492267606,4.740501632874929,0.8208340380930563,1.1338089395315105,3.6732950666864213,2.711652116185084,1.4069772856160605,2.3985422240791467,44.313408,0.0,0.8208340380930563,1.1338089395315105,4461.428571428572
LOG00006,Idle off,45.5,46.0,19.71972386587771,4.788930110189388,18.314456148459893,23.908520710059168,66.0,1.501734842974863,3.7051676528599606,10942.659904198365,7171.428571428572,0.0,0.0,3.301025232474876,2.9840583189551233,0.9246803451593263,3.445893413699068,2.8766269151951778,0.8261015560558397,1.2139325669410392,1.0457093385785925,0.42412027048406226,0.5215123523201559,0.7294793725090455,0.410768132066205,5.267470607841219,7.245180331825728,4.66353109653245,2.42907852324414,3.869896539492435,9.577875557619166,8.767543697365134,3.146535526286099,5.0779649530438995,45.652151,0.0,2.42907852324414,3.869896539492435,7357.142857142857
LOG00006,Idle off,46.0,46.5,23.46015779092702,7.552027979445055,12.84980740417256,23.98802761341223,88.0,2.0144844672616617,4.943609467455621,11858.601014370246,7314.285714285715,0.0,0.0,1.0231782888314576,0.9862967862487436,0.49862818238544415,0.9660495839226839,0.7804034935735205,0.49873912629946,0.5491303134432607,0.6126213558951484,0.016161456893478122,0.4105227590462775,0.5826512856878127,0.33891716443837766,5.336704057182373,6.922929535358206,5.59268349501622,1.8153289194375246,3.357790285334076,3.4566917636257286,5.420575891732134,1.00490675221651,1.4342672245076757,46.499599,0.0,1.8153289194375246,3.357790285334076,7475.714285714285
LOG00006,Idle off,46.5,47.0,40.17633136094675,7.877981696733357,30.180286833881315,23.621420118343195,91.0,3.8755081212777247,10.211558185404337,17400.767821921672,12828.57142857143,0.0,0.0,1.358929513485439,1.7952653423088967,0.7548159651042405,1.2621050828973022,1.9658677551035335,0.7548160098649617,0.43474923665726417,1.2656479658263122,8.122882285357458e-07,0.36898000722802904,0.5787992594629691,0.35852543360417266,3.0911742800250814,3.629098463870584,7.529131755345921,1.6682317899907695,3.342380695383091,4.053391206895052,8.277247157891354,1.5921160560582968,2.3014611455171687,46.783726,0.0,1.6682317899907695,3.342380695383091,13028.57142857143
LOG00006,Idle off,47.0,47.5,29.115581854043395,1.092512533477235,42.921787590900145,23.849585798816566,2.0,1.6187457257659923,5.832721893491123,14189.039165962244,11371.42857142857,0.0,0.0,0.7896259344857821,1.0057086217980749,0.6324307799826719,0.7048979719130518,1.0250901756965376,0.6294797018880434,0.33753584094700195,0.19389380346730886,0.06492539584128339,0.3996840234885611,0.45851715074859006,0.2935252192476535,6.213289483203747,5.539035730559173,5.808069604148305,1.850282279346143,2.739016190442102,2.7993377633317116,3.9881481220971446,0.9041457151287973,1.60348546020537,47.000767,0.0,1.850282279346143,2.739016190442102,11457.142857142857
LOG00006,Idle off,47.5,48.0,18.825296442687744,2.7588793786528116,45.39802793761818,23.794110671936757,77.0,1.1737168143459138,2.9579249011857702,10898.828345567477,8371.42857142857,0.0,0.0,1.2010341418682837,1.1192450662130633,0.6081682721872066,1.1816859065736316,0.8997077346793991,0.6060786212135154,0.7012345278462963,0.8515889763366139,0.39628315577906065,0.25097373510696847,0.4588627703373085,0.27182737710330573,2.8342414109925467,8.37907186032057,2.7829202014696057,0.7988236171850243,2.3876839348319607,4.402209290835251,7.213431696352622,1.1608601397617997,1.710889037406952,47.582832,0.0,0.7988236171850243,2.3876839348319607,8557.142857142857
LOG00006,Idle off,48.0,48.5,18.523076923076925,0.8827740032581398,45.536538463434674,23.920197238658776,86.0,0.8418140099854818,3.108145956607495,10627.789518174133,8671.42857142857,0.0,0.0,0.8881574944192316,0.763578166787838,0.5912714857678198,0.7681047361740843,0.657757592180396,0.543402345694756,0.3852932484906308,0.383079391667347,0.37141718955391123,0.2527701772980093,0.32038866354964696,0.26613136031185275,4.1687672960063695,6.410441354869156,3.7820970741680386,0.7289924044299947,1.444574680010427,2.0298560495399776,2.5689697395419913,0.8282135448325276,1.2892959895364406,48.49934,0.0,0.7289924044299947,1.444574680010427,8842.857142857143
LOG00006,Idle off,48.5,49.0,24.48560157790927,1.8590706738190241,46.53916706748523,23.867928994082835,117.0,1.9570193718646829,4.918816568047338,12450.760777683856,8300.0,0.0,0.0,1.0115642595881182,0.9379699409756327,0.6596361282281029,0.9933813736209995,0.8806213652331412,0.6204329647599112,0.4203834036793514,0.3359973541725018,0.3433362554161152,0.38966480888229693,0.544963256512094,0.32718456854298583,6.907069844399223,7.897709506650175,8.691405072906909,1.7014138602951765,3.0438951982358713,4.346891246724276,5.120828027225494,0.9754613937644815,1.57276836891021,48.958089,0.0,1.7014138602951765,3.0438951982358713,8514.285714285714
LOG00006,Idle off,49.0,49.5,37.25424063116371,7.26443857540718,43.47311380097528,23.905956607495067,108.0,3.7837271024718766,9.550907297830374,16062.207664130741,9442.857142857143,0.0,0.0,2.1720080071472254,2.3501500007167957,0.920008826342339,2.150804101255883,2.2229150397477793,1.0476744526603528,0.37056184722410107,0.390447258022466,0.8458431749840012,0.7355108063316587,0.7951593759068281,0.5057517473172006,4.04134415741327,5.165770539659132,10.810873116385226,4.017345728294514,4.7747575947340755,7.982846501361516,8.739829253744915,2.2628327168596467,3.298202636472499,49.272797,0.0,4.017345728294514,4.7747575947340755,9742.857142857143
LOG00006,Idle off,51.5,52.0,35.35502958579882,10.222255439062952,56.97654924100747,23.41025641025641,108.0,3.814928313315479,9.155877712031558,15392.969850662159,10957.142857142857,0.0,0.0,2.3543504250867575,1.8703446309402538,0.9313094152392549,2.8793092108106446,1.9732017247768947,0.9951875494028535,1.3869097550222511,0.6054906418364672,0.8209324503822848,0.588754916738308,0.6116278082067832,0.6398401638962327,6.5216690742478916,6.62967920898415,7.056116091386309,2.7687071820966165,3.3539490506542378,10.261184786124366,6.192347507436898,2.1261649703860273,3.905479120753633,51.973956,0.0,2.7687071820966165,3.3539490506542378,11585.714285714286
LOG00006,Idle off,53.0,53.5,59.54189723320158,14.564381519608979,23.794551117530162,23.190098814229245,98.0,6.819190318631318,18.014545454545456,21833.977978543197,14428.57142857143,5.7312252964426875,0.0,1.7001079009094135,2.34484428582932,1.0680035893608493,1.6603541364488577,2.284995949646415,1.0557822895046431,0.6091909871845095,0.42775241968605926,0.47585784478728604,0.5826427446354386,0.8739770596731299,0.3632849166332994,3.8425145925114563,4.5720450251831215,6.230952274688278,2.1280819718547015,3.670840444545004,4.798715243082228,7.1392142037230055,2.0480065428998304,4.077050260976389,53.458702,0.0,2.1280819718547015,3.670840444545004,14739.285714285714
LOG00006,Idle off,53.5,54.0,32.07593688362919,37.573790815835316,47.836883792112545,23.17165680473373,76.0,6.835280451124154,9.180631163708087,15105.600169061707,3442.8571428571427,15.976331360946746,43.58974358974359,1.5713202276250744,2.3687246621141376,0.3958496592485772,1.6335112369957563,2.385920338693004,0.3934734035985761,0.5718004299781204,1.2063880143748196,0.02072069632346327,0.727562072027701,0.8792178931020393,0.6447842686464665,3.787473400115366,3.4203545884663535,4.780656427356337,2.8932913236012907,3.4129235196148744,4.5529971488542955,8.848271764304606,2.0099631567085323,4.052473904649881,53.505072,0.0,2.8932913236012907,3.4129235196148744,3500.0
LOG00006,Idle off,55.5,56.0,38.09782608695652,21.316479717042082,21.688137689135207,23.34215415019763,159.0,5.6222706212891085,11.122747035573122,15735.791925465839,3028.5714285714284,0.0,10.474308300395258,10.819715242108341,10.44947249373543,2.592875546629801,10.837804857984624,10.569642168918755,2.5862064777933997,0.29027817018009755,1.0408069458923215,0.10989607422805868,0.9101126756541768,1.3472940313816046,0.6489600868168736,3.8423894455222443,5.722105112204311,5.851478254620288,4.424512493995634,7.966920532095098,23.469052871552933,26.324780552670234,10.636204993268155,17.15054432954696,55.78598,0.717391304347826,4.424512493995634,7.966920532095098,3100.0
LOG00006,Idle off,56.0,56.5,46.87278106508876,11.035918082625772,22.81746366133918,23.38069033530572,91.0,4.837833729156444,13.079723865877712,19224.49281487743,11971.42857142857,0.0,0.0,3.708642031666775,3.80874421785157,1.220664793836864,3.7441861198111397,4.076914309893647,1.2144331032546805,0.14169938438844357,1.6678666522321084,0.14648339564922525,0.4926217494615148,0.6615094542464458,0.3875652820870673,3.5979143356471783,5.391638855221636,7.468104877086217,2.209393971265128,3.659385414160992,8.666970105445069,13.376802907114207,3.759026352399199,7.561571755034109,56.000061,0.0,2.209393971265128,3.659385414160992,13871.42857142857
LOG00006,Idle off,57.5,58.0,55.767258382643,11.184348786117605,26.012699932119236,23.1325641025641,154.0,5.583022097078379,16.531873767258382,21037.52465483235,14528.57142857143,0.0,0.0,2.070189395155925,1.9407720166254572,1.273852858967382,2.135602125206741,2.2555362798193443,1.2499452446471409,0.9747381331182826,0.9566577354906968,0.7552138949830774,0.5521551059962835,0.8285106939762874,0.37337774159045684,3.9160371339845246,4.771079395677022,6.8128519311691305,2.2542453168907697,3.9893094198598886,6.613595464678363,7.149985172602935,2.0065243771672074,2.643590956310567,57.983039,0.0,2.2542453168907697,3.9893094198598886,14771.42857142857
LOG00006,Idle off,58.0,58.5,26.712623274161736,16.596282895243302,46.091322045185024,23.505601577909275,154.0,5.515983440218018,5.230098619329389,13440.814313891236,7714.285714285715,0.0,0.0,1.241737057229261,2.111051498014089,0.5606921417013108,1.275480839191734,2.7350738924090647,0.4918882807405738,0.3203374172805947,2.1717395476037353,0.27961395169345293,0.3873338329043508,0.5807647680477344,0.32521914526948303,3.493631543974266,5.689245727305456,4.842430341348151,1.4930760970911905,2.8368977145090377,3.8284206578859394,12.702792871867278,1.7318269755613458,3.2245484578827726,58.091604,0.0,1.4930760970911905,2.8368977145090377,7851.428571428572
LOG00006,Idle off,58.5,59.0,29.266600790513834,13.122542348736646,45.90816973623984,23.522351778656123,84.0,2.947987482593002,7.129229249011858,13586.434217955957,8471.42857142857,0.0,0.0,0.9817450887597211,1.2934208544369892,0.7803986115817474,0.9144950404889809,1.392925463396815,0.7807605493927975,0.5877698442362915,0.7823595686076386,0.00553193206602342,0.2950524058903402,0.8228184118444388,0.4105934333404511,2.2924561240238615,6.939334828546679,4.323163663592112,1.0808220266062571,4.5647329915490555,4.680925890641284,7.020298069187459,1.1482074999747096,1.9086749211872964,58.815696,0.0,1.0808220266062571,4.5647329915490555,8746.428571428572
LOG00006,Idle off,59.0,59.5,20.862524654832345,1.42637038742879,52.201097361374025,23.66919132149901,97.0,1.3144420606309033,2.969329388560158,11488.2854325162,8114.285714285715,0.0,0.0,1.870690151738088,0.6902604590452096,0.7283053930062351,2.0366872587661415,0.7021729643145098,0.7204002684745169,1.5506086802557522,0.2776873357155248,0.655795712656585,0.35379711901421607,0.60433106473609,0.366673410124598,5.501960179152909,7.6169609094933675,5.630364730220632,1.3838677627263758,3.3165094198280576,8.619390094523968,3.9270969850238022,1.4099541029996638,2.9678907592885246,59.149154,0.0,1.3838677627263758,3.3165094198280576,8375.714285714286
LOG00006,Idle off,59.5,60.0,24.03353057199211,2.142953215029897,52.2565423970147,23.67037475345168,104.0,1.5062957408497102,4.808086785009862,12280.494505494504,8028.571428571428,0.0,0.0,0.9168409582563933,0.8263010006870112,0.742662412791669,0.8624087071396397,0.7892682910331997,0.7621924357071009,0.4727200709450026,0.32914593854555374,0.4680064115363733,0.3066688066374147,0.4866178595066057,0.2922340246062229,4.295105684235625,7.799648160661767,5.082652963146245,1.1571599610529888,2.656408658829952,2.599119863168371,3.7191863545726567,0.8727458640614855,1.309496796673504,59.903874,0.0,1.1571599610529888,2.656408658829952,8371.42857142857
LOG00006,Idle off,60.0,60.5,26.163510848126236,1.109520349385652,50.27463558277795,23.561577909270213,104.0,2.087695862952642,5.443944773175542,12842.44153282615,7442.857142857143,0.0,0.0,2.4804090237450644,2.1604795509264396,0.8352126724429502,2.441429047188557,2.172091805668498,0.8195378244052997,0.3510559951389696,0.3587475994105245,0.4896094169782113,0.47296317237391816,0.5999842175513825,0.49754704173885916,6.858469418713315,10.193695625541913,12.147386826829617,2.0804631796347155,3.36702734371445,6.675487261430044,7.383413363709788,2.325951505840917,3.8180834751944253,60.38334,0.0,2.0804631796347155,3.36702734371445,7600.0
LOG00006,Idle off,60.5,61.0,29.843589743589742,2.2382926479006904,38.11489944817084,23.57195266272189,87.0,2.302666350080641,6.59887573964497,13931.544096928712,7742.857142857143,0.0,0.0,3.4792477669609183,2.9498370753807728,1.0430276639692633,3.4210764344898674,2.8680043725889077,1.0793531351878074,0.46375863808019696,0.32424163295019554,0.4044060655945774,0.422807698203005,0.7376453119555421,0.41685596993449797,3.10448594616394,5.9987739423416695,11.321593601824468,1.9888830050005712,4.334142075849425,9.14026141301357,9.272874057911366,3.2254227471134325,5.689956858934664,60.961455,0.0,1.9888830050005712,4.334142075849425,7884.285714285715
LOG00006,Idle off,61.0,61.5,31.999407114624507,1.4987543062894995,26.8927502993739,23.563003952569172,66.0,2.0771091817958407,6.768695652173913,14785.982495765105,8757.142857142857,0.0,0.0,2.720867592061956,2.0090940167065616,1.0055796315212013,2.692856029645573,2.0365678250381682,1.0006283518860828,0.4269615558909581,0.3688455848719979,0.44548924210722424,0.4449357305125252,0.5493745656737817,0.3787886973433046,4.059683578798923,4.97071999773601,10.208718365346876,2.200033066862358,3.2863711912420954,8.125984282126055,7.436556430331311,2.3916081641334066,5.477621218959784,61.000917,0.0,2.200033066862358,3.2863711912420954,9007.142857142857
LOG00006,Idle off,61.5,62.0,33.39822485207101,0.8239372479107872,26.347746550423572,23.45084812623274,66.0,2.1309902804800607,7.3582642998027605,15311.024232178077,12314.285714285714,0.0,0.0,1.1962737893633908,1.0486071430900876,0.6533295372422182,1.0662488686945935,0.9201147630040934,0.6671553596765313,0.37876990874713473,0.3613771472198543,0.2507754211106226,0.37046346504093486,0.38905107947476175,0.29374202269325983,4.348899833793404,3.0551510696086854,9.76097769599326,1.7315062351293837,2.1557663519499988,3.9265947023607484,4.326424472696677,1.1248661964112443,1.5895664221114016,61.55141,0.0,1.7315062351293837,2.1557663519499988,12457.142857142857
LOG00006,Idle off,62.0,62.5,29.92919132149901,0.8828946122470906,28.687274819229405,23.52329388560158,45.0,1.8852235544128222,6.08112426035503,14261.785009861933,11742.857142857143,0.0,0.0,0.950003202449402,0.8683154878167725,0.622291758559996,0.912297446679326,0.7947447134986653,0.652559004535017,0.3546591419275721,0.2833573744946617,0.40457429713307025,0.4358013590472347,0.38693306729140153,0.27682784293619817,7.050167310762894,5.458988298786774,7.313659078206543,1.9652948242056283,1.9429752393034307,3.498943204782818,3.333826393514025,0.9100763349979489,1.365727314577222,62.071322,0.0,1.9652948242056283,1.9429752393034307,11871.42857142857
LOG00006,Idle off,62.5,63.0,26.172386587771204,5.530637888000175,30.78325275631479,23.61441814595661,126.0,1.6196339112354836,5.12051282051282,13208.502395040858,7600.0,0.0,0.0,1.2576363556124224,0.838905814866406,0.7789540746765774,1.4416264120583968,0.7466495831053447,1.545218639418957,0.9325249890414234,0.4667114744250886,1.335066080239313,0.4121881352869915,0.49713273802214086,0.3132753087896516,6.4314503637630915,5.810836327916425,5.853609121683101,1.9206847807701042,2.5906590986689473,9.725624463403665,3.7679223265318407,1.0689743142785901,2.0376553002434687,62.958237,0.0,1.9206847807701042,2.5906590986689473,8547.142857142857
LOG00006,Idle off,63.0,63.5,13.525641025641026,1.5995232688852814,32.13131510149318,23.616074950690333,151.0,0.791809437242324,2.4750295857988167,8592.857142857141,5914.285714285715,0.0,0.0,2.647129856971861,0.5694615858414669,0.5587488903886142,2.740892102770729,0.45451465270555985,0.5313944192588576,1.8980556487715519,0.25497185797368527,0.4372948361027711,0.28954425533382744,0.34510475896261594,0.29085843569742126,1.910111057740978,5.188256772771327,3.0319849319454804,0.8642981974117754,1.5806156479436235,7.502662249388703,2.225457867921451,1.9146256784840405,4.774354216671248,63.476182,0.0,0.8642981974117754,1.5806156479436235,6014.285714285715
LOG00006,Idle off,63.5,64.0,24.406521739130433,2.464197581340251,33.118741254103966,23.518122529644273,63.0,1.6190385038522639,4.638162055335968,12342.504234895541,8214.285714285714,0.0,0.0,0.8105118568557939,0.8423146277170622,0.6288860880993583,0.9428415499603154,0.8365765018135466,0.6331039620300816,0.3468117928775625,0.29806403904948275,0.35715381481954606,0.33966448079442185,0.43412973907207864,0.2881762811022873,5.246357888225376,9.887200071114533,4.820737458945273,1.3200716924061124,2.269896910240108,2.466374657786033,3.67719174512763,0.8265662109504474,4.718991067072158,63.500847,0.0,1.3200716924061124,2.269896910240108,8400.0
LOG00006,Idle off,64.0,64.5,28.063313609467457,0.23246230691083838,35.877123540158586,23.49404339250493,47.0,1.7149130561744017,5.595167652859961,13687.862778247394,11400.0,0.0,0.0,0.8831169564154948,0.7517546518363667,0.6468351431098832,0.8782677801373064,0.6643566034234512,0.5548739573254269,0.2366956650265866,0.34672601948734305,0.26470980602915023,0.3767740425217327,0.41710377687383854,0.3152718883475687,4.780491373895392,10.266744372279758,4.545649010541689,1.5413145150324632,2.3511897568159115,3.173484822267118,3.497533647780533,0.8200703065183448,1.3282464584614666,64.48544,0.0,1.5413145150324632,2.3511897568159115,11557.142857142857
LOG00006,Idle off,64.5,65.0,33.04773175542406,3.673908455082798,37.396622977761794,23.39925049309665,57.0,2.397357610585247,7.649447731755423,15066.180614257537,11714.285714285714,0.0,0.0,0.9842148953882234,1.2656760207687794,0.7522181802878375,0.958313803685019,1.3117019526849274,0.8614351864567347,0.33842755255656803,0.39055489894469775,0.5243420640744074,0.42351924295848004,0.43386996493387564,0.3024540801852804,4.782643118777515,4.568119997014979,6.5200366277630994,2.0114227923215124,2.3535227268834413,3.698179092419068,4.782034096346379,1.1337139740369138,1.634332531422127,64.867242,0.0,2.0114227923215124,2.3535227268834413,11900.0
LOG00006,Idle off,65.0,65.5,31.711242603550296,6.435203647939447,38.30823437963378,23.49731755424063,61.0,2.5920301963348242,6.596607495069033,14869.477317554241,10357.142857142857,0.0,0.0,1.1353619395619887,0.8902177764341866,0.7865555003421787,1.1203542792103656,0.8674306538405527,0.8723144881173324,0.5265808625101984,0.49934805729903187,0.39153954744840735,0.34979418617137015,0.41038500331192523,0.32248823390084175,2.9509961032893837,7.433507447013314,6.267266370075249,1.4424902317512311,2.1565445903486276,4.427589671125587,5.186083639013946,1.0201799898266453,1.4310426813121755,65.141553,0.0,1.4424902317512311,2.1565445903486276,10585.714285714286
LOG00006,Idle off,65.5,66.0,26.853057199211047,0.17384593454276448,37.484104047928184,23.704023668639053,60.0,1.4922230501583704,5.3306706114398414,13292.983939137788,10400.0,0.0,0.0,0.7441189101993492,0.8606737808601953,0.8208500058515577,0.6761887431053251,0.8783837841260349,0.7485807835598652,0.3004702085255514,0.38614342580961153,0.27801981536018244,0.227944981361618,0.3412126984560818,0.2698114101571839,2.4562275600796415,9.74331270498868,4.265714963252096,0.8610550477469612,1.7173678283086942,2.1802411968698783,3.0909934699322332,0.8045098848294063,1.0122522620021206,65.673267,0.0,0.8610550477469612,1.7173678283086942,10528.57142857143
LOG00006,Idle off,66.0,66.5,25.14664031620553,0.4998009258587147,35.6790280791169,23.60897233201581,61.0,1.5419342049441374,4.499090909090909,12740.45736871824,9628.57142857143,0.0,0.0,0.6580695550670975,0.6914791645877874,0.8150377943983249,0.6356262785608432,0.6568238557487923,0.6466962080120601,0.21511764187766935,0.29599964295085973,0.3704707373387548,0.23992746130948736,0.30604959769928386,0.2501554334205309,2.945492855455983,9.68351572835411,3.748407138609657,0.7233414692337414,1.3599604248990547,1.981136336997217,2.6423878289787774,0.6749811013521906,0.8990990775955907,66.196147,0.0,0.7233414692337414,1.3599604248990547,9757.142857142857
LOG00006,Idle off,66.5,67.0,23.496055226824456,0.32693698448140235,33.20250769584622,23.516923076923074,63.0,1.324419034592173,4.152524654832347,12182.396449704142,8400.0,0.0,0.0,0.6460140935154419,0.7196379648465886,0.7050608932263918,0.620352909682832,0.6407817626420098,0.7275913969560908,0.1738065443289736,0.2839606775789268,0.39526890104186807,0.2714037348206558,0.3344474432835407,0.23466746327821758,4.243902458041655,6.529565416073166,3.867128737001595,0.70574490315697,1.4161422916482729,1.8230390561900964,2.516611478423583,0.683817596098959,0.8432869037726354,66.806828,0.0,0.70574490315697,1.4161422916482729,8661.42857142857
LOG00006,Idle off,67.0,67.5,21.1,0.5729263267968088,29.173051947008556,23.634950690335305,63.0,1.3018560694409198,3.7627613412228795,11311.101718794025,5771.428571428572,0.0,0.0,1.2207459640399443,1.1550015666016613,0.7345018675726713,1.2007434451194985,1.0732053889310744,0.7495806235417993,0.2728368742909198,0.2758652992806883,0.34273579553974143,0.2684133712446687,0.34137115450614375,0.296278313227129,7.698503662357543,5.522343649615159,7.024734323719025,0.9304256598547268,1.5100077461098713,3.6917734656258387,3.6888338359207142,1.1883285167772644,1.8900939174772042,67.37607,0.0,0.9304256598547268,1.5100077461098713,5957.142857142857
LOG00006,Idle off,67.5,68.0,20.51755424063116,0.3604012864775045,23.31052487731358,23.53540433925049,65.0,1.2629000681398128,3.65930966469428,11082.326007326008,5442.857142857143,0.0,0.0,1.7262722257570948,1.5862548230502356,0.8318404927638651,1.6883585091243298,1.5307856007284988,0.7617307965705129,0.19072015762344832,0.3003002420543192,0.392144911770197,0.3640271478069943,0.4029729198571899,0.37867539197989786,5.081260322308441,6.218445024151415,5.514742961953027,1.525625945360409,2.021401822501236,4.699028394263927,5.166841633482028,1.657742465081728,2.3335112679504015,67.696701,0.0,1.525625945360409,2.021401822501236,5628.571428571428
LOG00006,Idle off,68.0,68.5,17.58303747534517,0.9568337437565938,15.437977066559743,23.588698224852074,53.0,1.192023345725049,3.090552268244576,10042.772612003382,6800.0,0.0,0.0,2.905881693391504,1.8704891828066206,0.8367398072066631,2.872878446722536,1.9052898513853787,0.7490034080737864,0.27935034626127764,0.35418907805424454,0.35078321951008257,0.36395675550634465,0.5129387843059952,0.35399599392712,4.041168622220295,9.236191708960318,5.664498891246461,1.3051411063399214,2.6151225765836026,6.768647993561897,5.472542183365785,2.443652818935666,4.6557435072364,68.45437,0.0,1.3051411063399214,2.6151225765836026,7008.571428571428
LOG00006,Idle off,69.5,70.0,18.151479289940827,0.7379624255233513,10.11957244485707,23.627712031558186,27.0,0.9160308511277857,3.1448520710059173,10320.79459002536,8800.0,0.0,0.0,0.7013861321863292,0.5517911217035065,0.4545448361878515,0.57549878951884,0.41938498698342896,0.4545448799207926,0.428275963881839,0.3068830559716445,7.095370424121844e-07,0.20105467862490453,0.23757402283219722,0.19203994602553298,1.6661042952840137,5.786263831790179,1.8113532119830575,0.4401800401118523,0.7889093875493117,2.2999871365732387,1.303916116419602,0.6310372209363379,0.8497385413928861,69.587925,0.0,0.4401800401118523,0.7889093875493117,8914.285714285714
LOG00006,Idle off,70.0,70.5,22.01972386587771,4.898150591160992,12.005967375097926,23.565818540433927,24.0,1.7040691733356417,4.409013806706114,11463.679909833756,8842.857142857143,0.0,0.0,0.843830835545531,0.8905457736780942,0.5108152645666144,0.6647657117676214,0.7625438472211986,0.5108152645669894,0.36435271405309677,0.3395722351706323,7.237722374109588e-12,0.2833670056938235,0.358345315447408,0.2469917036892478,4.322239322203844,6.68108988644947,4.135437470925886,1.1162766330710236,1.6789119543723354,2.007874046200194,2.425212733912992,0.8675028109560753,1.3516095505340482,70.429467,0.0,1.1162766330710236,1.6789119543723354,8918.57142857143
LOG00006,Idle off,70.5,71.0,21.992899408284025,0.9794882915853085,13.160463102315171,23.566489151873768,12.0,1.5515154198517396,3.6647731755424062,11693.984220907298,10400.0,0.0,0.0,0.5830546866312888,0.7087862397439254,0.4390344117468638,0.5864207062112682,0.6318673974618554,0.43903441175511093,0.21222247230019545,0.3385902551464382,6.455175512565174e-11,0.22925158731223605,0.29825280015202443,0.22507213210051782,7.163066547714274,8.969063083861357,5.707289276662905,0.6063228461175129,1.2094214774847634,1.4459356081919676,2.100530598883097,0.6489725345702404,0.9891596908375964,70.505433,0.0,0.6063228461175129,1.2094214774847634,10471.42857142857
LOG00006,Idle off,71.0,71.5,24.220118343195264,0.47330053689350987,13.03107909292057,23.495463510848126,21.0,1.3359821155972862,4.482998027613411,12370.414201183432,10900.0,0.0,0.0,0.6877383795571501,0.8163377339016298,0.6454068425536496,0.6765255807617648,0.927741862465077,0.6454072311281996,0.11567925811572698,0.8081307432567001,2.8896019021788474e-06,0.20352113244877848,0.31368981851905087,0.23628004897687888,6.119939539259502,10.671383696453121,6.699074223970475,0.6132516897666498,1.1093077222757777,1.5926359131558496,3.3335305661569925,0.7547818805812521,1.3688278432695846,71.499904,0.0,0.6132516897666498,1.1093077222757777,11194.285714285714
LOG00006,Idle off,71.5,72.0,26.203359683794467,2.081702845326445,12.315877518649268,23.50219367588933,24.0,1.5587217044174049,5.1991699604743085,12960.417843026538,11314.285714285714,0.0,0.0,0.521957817539511,1.2418190175718609,0.5427587813895098,0.513045083438043,1.3495547833032036,0.51668660997288,0.2776343364496513,0.799477959155746,0.24600066176019816,0.3179870998599636,0.39533699330975763,0.2941242604388866,8.193084906388435,12.99988113128258,6.6655694873548805,1.1309803169374668,1.8102542895863867,1.7038667950681967,4.203800275809173,0.9525110066801726,1.9171709881226302,71.597571,0.0,1.1309803169374668,1.8102542895863867,11371.42857142857
LOG00006,Idle off,72.0,72.5,47.501775147928996,37.33366921171026,15.38612491667901,22.956055226824457,34.0,7.003012587918793,12.743944773175542,18562.30628346013,3500.0,21.104536489151872,25.443786982248522,2.3129732799872693,3.311813036105476,0.913862218032985,2.1694120181792695,2.9641965758665467,1.6938527309254525,1.9552827398184636,0.6866368292719449,2.030087233092438,0.6851679739535561,1.008831752723779,0.6466860035122156,4.149801984695773,4.010536387611761,6.60069885325597,2.5481072695607434,3.7113713819313667,4.467723387615282,7.688588844650931,2.856392040674147,7.321387916676975,72.499304,0.0,2.5481072695607434,3.7113713819313667,3632.8571428571427
LOG00006,Idle off,74.5,75.0,33.208481262327425,4.6542876524151415,16.379119700062375,23.318994082840234,15.0,2.6792784620565273,7.150828402366864,15144.674556213018,11771.42857142857,0.0,0.0,4.763248053015638,4.049117903156929,0.9896567511733476,4.839301622138281,4.038573000708137,0.9795733373089749,0.35559100378634423,0.17579691836322864,0.1804436973871508,0.6150109582528228,0.6508212492703612,0.4446194983013196,4.610977519528837,5.1088842113359245,7.602976075329879,3.3662842354604856,3.834726570413252,12.718930896731004,11.377683267194582,4.420627093989224,7.462239395075678,74.679642,0.0,3.3662842354604856,3.834726570413252,12080.0
LOG00006,Idle off,75.0,75.5,29.361538461538462,3.3621574270254753,24.15798056303243,23.377021696252463,10.0,1.9251845481891292,6.065641025641025,14146.837137221753,10742.857142857143,0.0,0.0,0.9016349767324193,0.9134612809433464,0.619893342113922,0.8970660792163765,0.9100811988817147,0.5856597688754616,0.15303380353906915,0.02715707442785367,0.30217198685446683,0.30909336755479677,0.35058214692278217,0.2853382862555213,4.341145795983588,6.20664208886861,6.493672148787814,1.4067159580289377,1.818517563441026,2.872023800399149,3.9190527374576574,0.9075673922772706,1.4015764269415714,75.122615,0.0,1.4067159580289377,1.818517563441026,11051.42857142857
LOG00006,Idle off,75.5,76.0,24.546942800788962,6.561967214978756,28.90515175546161,23.46250493096647,6.0,2.372192480177282,5.019644970414202,12100.34516765286,9828.57142857143,0.0,0.0,0.5112026788901067,0.636622317761234,0.7169999213934909,0.5046813345478496,0.6058233912756938,0.6504228969346725,0.2189775281125859,0.2600363656890801,0.38913781146665416,0.4673224111722377,0.5518743333593602,0.3607838691679416,6.924198064081049,5.518958853034894,6.45756184988225,2.0764876983089917,2.9964665170713753,2.5220917401161542,3.7120200298718253,0.5773283963118855,1.8202055207932164,75.999682,0.0,2.0764876983089917,2.9964665170713753,9971.42857142857
LOG00006,Idle off,76.0,76.5,38.6370808678501,31.959988017554352,39.24782505507581,23.083116370808682,67.0,6.888394727937105,8.667948717948718,16294.787264018034,4957.142857142857,11.045364891518737,0.0,1.8988648791298515,2.0675056476396616,0.8073884446123424,1.9177155685210527,2.2696059656611465,0.9296943129301339,0.563223162461923,1.1791960954213372,0.4542527832303875,0.5876057799818473,0.8523563077698171,0.7064962711677667,4.383159160200438,5.064255871032021,6.230984058646656,2.2453267410960236,3.444900720591318,5.722546156805141,7.858712924919189,1.984977006442986,3.116660989099436,76.144709,0.0,2.2453267410960236,3.444900720591318,5157.142857142857
LOG00006,Idle off,77.0,77.5,10.323668639053254,4.277729119842011,36.91964084689391,23.548934911242608,163.0,1.290914880743243,2.050808678500986,7168.948999718231,3457.1428571428573,0.0,0.39447731755424065,1.38575536081724,0.8156183940577983,0.5976642613428563,1.1731156709226338,0.7967431026718209,0.6620156761334544,0.636894859889266,0.3895315950808468,0.5167982210855004,0.3627522558660447,0.32725489357588566,0.33691571341973936,3.586622502865701,3.6238428840734476,5.29177242860676,1.3256638507168725,1.443811938966096,3.1369151544774896,3.7843756438554967,1.1370029210074926,2.3190218557107247,77.499277,0.0,1.3256638507168725,1.443811938966096,3500.0
LOG00006,Idle off,77.5,78.0,31.7181459566075,7.453656034356524,24.934243095945625,23.32260355029586,135.0,2.926945575626483,7.339605522682446,14370.808678500987,8300.0,0.0,0.0,4.914345259369634,2.895513128928736,1.1344833499129097,5.59626013358719,2.78558339152928,1.150009564396387,2.9995762458213155,0.7874880711082489,0.30078112737502904,0.6216551095777827,0.6632053806001443,0.5259044260003207,4.974482856194797,6.605678793187467,7.491775878178221,3.3467362052437752,4.029240321056018,15.465365006778839,10.408803738483698,4.033285609034367,7.678547480429866,77.926463,0.0,3.3467362052437752,4.029240321056018,8960.0
LOG00006,Idle off,78.0,78.5,22.566666666666666,5.0111683289467335,13.726621518120536,23.448737672583825,75.0,2.7131803178014002,3.711992110453649,11920.019723865878,9571.42857142857,0.0,0.0,2.242025165701088,1.676624506652644,0.7508768535055327,2.6794273949170204,1.8379282494304587,0.7509036403589584,1.408187922388755,0.8619207556814176,0.00017115113616824348,0.43736162089265346,0.5560736789758127,0.5647889340968482,4.375472218296663,7.252294699795073,7.014918446393236,1.9940346591738114,2.9656491529921407,8.69321529184994,7.237857954616349,1.9796144296232543,7.018448211954293,78.014266,0.0,1.9940346591738114,2.9656491529921407,9757.142857142857
LOG00006,Idle off,78.5,79.0,41.519723865877715,11.143873770201981,28.542523180276927,23.059684418145956,47.0,4.521571352556719,11.386390532544379,17002.141448295293,12242.857142857143,0.0,0.0,1.6396059931137081,1.6532710228651897,0.7586602641654101,1.661189759253717,1.638507074652258,0.7610797456178602,0.38246389961685184,0.30563709025140096,0.030860785615787756,0.4895544357138616,0.589928197710595,0.3773225105797006,3.811733201194265,4.887153841928159,7.3377241737731485,2.25372965868167,3.125186738129788,4.654111032936726,6.208888455914486,1.6464526849715577,3.27253716923825,78.999848,0.0,2.25372965868167,3.125186738129788,12580.0
LOG00006,Idle off,79.0,79.5,51.548418972332016,38.211923199120065,60.80468629322319,22.68982213438735,128.0,6.872337103030557,14.037628458498022,20526.101072840203,3700.0,24.308300395256918,24.110671936758894,1.6151648070497098,3.150172445972935,0.8309519637838009,1.87600148122426,3.72347743253999,0.7917895430857042,0.5618468568374511,1.6487382161521231,0.4396656833776864,0.6751666142581674,1.1264113729868956,0.4631395255276281,3.864819128078784,5.1231946098015415,5.158749951052219,2.3003820953292777,4.234886038838256,4.296335417971392,10.755915736010492,2.5032322897904447,4.043240547002621,79.160659,0.0,2.3003820953292777,4.234886038838256,3903.5714285714284
LOG00006,Idle off,79.5,80.0,43.05404339250494,43.72757197366578,66.26246977945425,22.796390532544375,66.0,5.00844902004403,12.449625246548326,17039.018033248805,3571.4285714285716,31.755424063116372,43.98422090729783,2.8897431981280572,4.288580338537323,0.7374467917153916,2.9637866074616297,4.291336471013232,0.7670489041450474,0.5031422323835869,0.9831257009443031,0.6052203937040777,0.634724933621418,0.9068830152336513,0.6213134796180677,2.724897551178324,5.249104300107772,4.711993973314119,2.222785852114636,3.339100846208667,5.465148680376347,7.979386658123682,3.656674518686087,7.3954285657468715,79.797981,0.0,2.222785852114636,3.339100846208667,3614.285714285714
LOG00006,Idle off,81.5,82.0,16.201577909270217,4.991586360450105,60.05230887983553,23.35714003944773,44.0,2.4514384212178513,3.4341814595660747,9012.418991265145,3328.5714285714284,0.0,0.591715976331361,2.1948628271779285,1.837451145574649,0.9034869389975292,2.455512468428016,1.7821724297411956,0.9319677913912751,1.171184578061274,0.42152994500812974,0.5525197989521444,0.4339501478129593,0.6118639365031466,0.35694134843639874,3.3062846210332326,6.341445135807729,3.8588805695775084,1.9546538779761329,3.470217092746958,7.237040379303996,5.8886780010122415,2.024061454415487,3.881951421533208,81.999969,0.0,1.9546538779761329,3.470217092746958,3428.5714285714284
LOG00006,Idle off,82.0,82.5,38.72075098814229,5.9261382747145355,34.7541657298552,23.028675889328067,17.0,3.2108396343529426,10.259624505928851,16410.820158102764,8671.42857142857,0.0,0.0,8.460764897147909,9.664832531406775,2.355732408365175,8.5509909316592,9.806773888824194,2.2819811260354985,0.3483505608076841,0.6248148157890786,0.5016382245517685,0.8616572055868185,0.9801231085435058,0.6905890941501426,3.930219631198877,5.102700810686192,7.181661793492361,4.837744573068971,6.161795602878557,22.767036361020544,26.01086729410045,9.082772993556238,13.667910760101456,82.163736,0.8932806324110671,4.837744573068971,6.161795602878557,9467.857142857143
LOG00006,Idle off,82.5,83.0,31.17810650887574,0.7570405660439444,13.147274864205079,23.124240631163705,25.0,2.1458492155011997,6.011222879684417,14601.634263172724,12385.714285714286,0.0,0.0,4.178530559434698,3.510874349600343,0.9173199836265116,4.12253208917277,3.5278669796936812,0.8967133877105786,0.30812116154289837,0.4375758339839816,0.4224103657219506,0.4362575489546816,0.40858490743179793,0.348138122601442,3.7087915172069286,6.168379603575895,5.998443450892009,2.014595708178758,2.2181518863408516,8.992874672305563,7.91909284944844,3.8591680667477597,9.645311968385473,82.500153,0.08086785009861933,2.014595708178758,2.2181518863408516,12642.857142857143
LOG00006,Idle off,83.0,83.5,30.053451676528596,3.17407566552927,23.870230634544345,23.244516765285997,36.0,1.900039499273807,5.996311637080868,14219.766131304592,11514.285714285714,0.0,0.0,0.9588924628791201,1.021219532019227,0.7491748367616313,0.82831845866919,0.9607626358938915,0.6652294100435493,0.421573048630672,0.5715461456555421,0.4310700683824662,0.3067466318056952,0.3575785128820276,0.2411820937455919,4.346890257327533,6.86391923006533,5.995418954660713,1.1509266067889234,1.8827741121628978,3.198249027855939,4.605973310611674,0.9905463361054732,1.3650827336465599,83.170026,0.0,1.1509266067889234,1.8827741121628978,11722.857142857143
LOG00006,Idle off,83.5,84.0,26.766469428007888,2.4532030265149354,36.49418881112898,23.401696252465484,35.0,1.4047939816046207,5.266469428007889,13039.15891800507,11371.42857142857,0.0,0.0,0.7122796775786957,1.140540899091733,0.6551345526850058,0.6767103274882419,1.3249240925579762,0.5735144899306651,0.22965753304292505,0.9844752447094094,0.384871071178725,0.2802506454221598,0.33295945235688296,0.24468366919087278,6.766326185453376,9.16406043797786,5.704495992366934,0.9255447401679506,1.4370307485330787,2.076448188823369,4.800558810338515,0.9508353910095555,1.3455817531590633,83.9356,0.0,0.9255447401679506,1.4370307485330787,11428.57142857143
LOG00006,Idle off,84.0,84.5,33.80039447731756,1.0100285319309887,49.67018290959047,23.21998027613412,13.0,1.5463879521723056,7.392781065088757,15375.60580445196,13357.142857142857,0.0,0.0,1.308008538893063,1.4141835951501283,0.766286380971181,1.2457083021772715,1.4687714992734298,0.7094524425473772,0.30965509846318845,0.4660649961464275,0.30169218518348084,0.3390055629327359,0.41057757365834585,0.267166853715401,2.253887329261269,4.287324412133561,10.078588520753394,1.4245954465326005,2.0424109397178642,4.031190034797038,4.91365283886716,1.362130973623481,1.8256900916455205,84.349959,0.0,1.4245954465326005,2.0424109397178642,13600.0
LOG00006,Idle off,84.5,85.0,47.21264822134387,9.384648031685755,64.79316030907229,22.687154150197628,15.0,3.4149453006010817,12.73108695652174,18909.76143421796,14385.714285714286,0.0,0.0,1.295098570972988,1.7112416814188696,0.8684104225361878,1.2892081602438412,1.6654014572257405,0.8273486466913019,0.24362231041060164,0.27777317485572844,0.37164489861991534,0.31868444686863073,0.46131400189925875,0.2924187572836486,3.3100584643013975,3.7243577384250774,8.607314570621654,1.2167754150313008,2.2217776940973852,2.962879701655505,4.754236720906834,1.5175026195630694,2.730656883239152,84.996163,0.0,1.2167754150313008,2.2217776940973852,14885.714285714286
LOG00006,Idle off,86.0,86.5,36.01143984220907,42.916840224437905,121.1582797666466,22.765345167652857,97.0,3.253243991460186,12.65887573964497,21292.85009861933,3928.5714285714284,22.682445759368836,53.64891518737672,1.865189772118861,4.151129673796913,0.9155996204995301,1.8722432386145011,4.95388845235928,0.8781762495268425,0.7543605793545008,1.421592058031389,0.2039970975260996,0.35867703247953686,0.7737245102258322,0.3776879849045259,2.7245044115792973,4.514959485366588,4.726255865698197,1.0325669007916431,2.9524768843669884,4.757222268097927,13.861885649768519,3.2179815455261775,7.088232120700035,86.250087,0.0,1.0325669007916431,2.9524768843669884,4028.5714285714284
LOG00006,Idle off,88.0,88.5,31.85266272189349,4.609124794519083,31.23780901407225,22.96360946745562,42.0,2.625964123918802,7.131143984220909,14305.304311073542,6571.428571428572,0.0,0.0,8.55611934445496,8.803075174130354,2.2253660016845123,8.434485109956194,8.929411112037519,2.226460464473586,1.6136871909552555,0.9156020019106463,0.01575105585339263,0.6577624675937084,0.8378425905456823,0.505312520922267,3.926102488223363,7.46934550102579,8.043209066522124,3.630229659236115,5.294894741674141,21.552284941353523,21.615156491176904,8.680475527237734,13.939702491091607,88.392851,0.4930966469428008,3.630229659236115,5.294894741674141,8280.0
LOG00006,Idle off,88.5,89.0,34.68067061143984,5.2986229784199645,12.753138361372695,23.175443786982243,40.0,2.7092376128565894,7.539447731755423,15580.600169061707,11971.42857142857,0.0,0.0,3.9473305115272987,4.977600244221815,1.0780827072934824,4.038896343033089,4.935532381875431,1.055739427782709,0.3543369425526942,0.33061065166186937,0.11380574654225624,0.5107561199831022,0.7141699308797976,0.5152959926877821,4.861232681232371,4.424429958407961,9.9410450274082,2.4578428247976154,4.26314344223552,10.593250800611436,13.602195553140593,4.492099863010139,9.674562966658053,88.500384,0.013806706114398421,2.4578428247976154,4.26314344223552,12142.857142857143
LOG00006,Idle off,89.0,89.5,23.232938856015775,2.6012741230640337,31.93780800894845,23.29112426035503,44.0,1.5929074023502303,4.402721893491125,11841.79346294731,9985.714285714286,0.0,0.0,3.001116693328284,0.9286885401640897,0.7186017690714745,2.9226084461224295,0.9059249813046648,0.718598849002085,1.4266049145570794,0.4929063009993989,2.9963938984718837e-05,0.3037976247251619,0.35385204775194273,0.2715094724176164,7.238499537646078,6.75660363675924,5.742683108157731,1.1356432893845814,1.5917506467867186,7.059761800966838,3.0772435730519523,2.221391884788206,4.522862672249684,89.397156,0.0,1.1356432893845814,1.5917506467867186,10137.142857142857
LOG00006,Idle off,89.5,90.0,34.906706114398425,3.0447345823478376,47.265924226065074,23.15508875739645,14.0,1.8378811551213918,7.825976331360946,15402.94449140603,12242.857142857143,0.0,0.0,1.2194015089236936,1.295875682804735,0.6632957015426556,1.205700058470102,1.1649107673892347,0.6618927826109088,0.17140990325221467,0.5512694471769843,0.06452590323927114,0.3602726999953552,0.49475770136133085,0.256651030526072,2.882870158231753,5.136785805223955,7.503816936969151,1.6059320425690675,2.847772698099745,3.4797243083795326,5.12525556201219,1.2582197394036583,1.7530477054568054,89.577694,0.0,1.6059320425690675,2.847772698099745,12541.428571428572
LOG00006,Idle off,90.0,90.5,47.79762845849802,1.747825952880222,69.26206461079455,22.786383399209488,2.0,2.222346601051895,12.78683794466403,19348.793054771315,15414.285714285714,0.0,0.0,1.0203883979836545,1.1842027950044731,0.7825511332809104,0.9831062455746722,1.111883725727332,0.7588566438013549,0.2007016781015303,0.24083836652924287,0.13830090451545546,0.28784088021572124,0.40464865734457167,0.3097977263468086,2.9811898245516932,2.4481272379121086,5.4863488856198055,1.1242868236970058,1.9580055714122164,2.3287174369566115,3.5967706200535825,1.1053345064811955,1.7185966983322707,90.031508,0.0,1.1242868236970058,1.9580055714122164,16485.714285714286
LOG00006,Idle off,90.5,91.0,58.82702169625246,5.015707045393476,91.03117178521964,22.659684418145954,2.0,2.398145925089055,17.35258382642998,22516.525781910397,18471.428571428572,0.0,0.0,1.1327375507150448,1.5238975553103884,1.1155045883135297,1.1316190308729055,1.4786337352074084,1.115371687606839,0.0842103309438911,0.3685084544599847,0.0011292209341007312,0.35548589599590735,0.43640774034641333,0.29421445375337385,4.434470486928013,6.531334795122475,6.96765578629487,1.2086440668093874,1.952108103145139,2.7972231933988327,3.882901373576604,1.3426388415878812,2.0413702852249,90.999317,0.0,1.2086440668093874,1.952108103145139,19000.0
LOG00006,Idle off,93.0,93.5,31.26903353057199,4.5053384565805,63.84162066088693,22.907021696252464,78.0,4.077820602106083,7.1679092702169624,14030.191603268526,8371.42857142857,0.0,0.0,3.9917622145343117,3.263493379840609,1.2751408911917144,4.206150301809582,3.438720493336055,1.2566491429904838,1.067768739378949,0.6647316475457107,0.6130320362983901,0.7964195526447349,0.6546192653902984,0.5271305850663981,3.843536020966544,5.9331294848781155,7.6179806053986105,4.3776955073738435,3.999705005368447,12.956915404707006,9.512371265914284,3.6458575546534586,6.64769805932117,93.053307,0.0,4.3776955073738435,3.999705005368447,9214.285714285714
LOG00006,Idle off,93.5,94.0,15.711834319526627,3.4702139132499723,36.69568946009799,23.135246548323472,18.0,1.8817978020185604,2.672307692307692,9217.286559594251,5100.0,0.0,0.0,0.9559137780004726,0.8701336233022641,0.5479798537410867,0.9165850577922178,0.8804648242639285,0.6069267489130911,0.3561909154827501,0.22209696064481782,0.38218453134606645,0.33639762240560617,0.45970258772355316,0.35371570597832186,6.822407358485718,10.253783238825967,8.80788317378547,1.1116099576664167,2.2428913575204814,2.565512432905462,3.433504716045761,0.9140305447227306,1.3348675889031973,93.510068,0.0,1.1116099576664167,2.2428913575204814,5242.857142857143
LOG00006,Idle off,94.5,95.0,14.8465483234714,1.926879041190915,19.957430564164678,23.045128205128208,26.0,1.014348680644828,2.6730966469428012,8752.662721893492,5114.285714285715,0.0,0.0,1.3003784572813981,0.8659095693950112,0.30631112923102505,1.1954817874665686,0.7803562194084149,0.3063111293040399,0.4381687289577613,0.3758656123797483,1.233353302832738e-09,0.37666432911289843,0.3808933190511639,0.3915194133150685,3.8845575541658026,5.240114975698788,5.588965546502346,1.4220268441357466,1.6728168824917375,3.5337203464874647,3.152595123985808,1.1047134276660626,2.1009392789638137,94.50055,0.0,1.4220268441357466,1.6728168824917375,5580.0
LOG00006,Idle off,95.0,95.5,16.697435897435895,3.0930113584728947,13.12439413733728,23.135483234714002,24.0,1.1695700802724294,2.9542406311637084,9494.737954353339,5371.428571428572,0.0,0.0,2.068055211746924,1.5297277048803335,0.4977317561567681,1.9293776331988706,1.4242282915811242,0.49773175615676585,0.3043906873037809,0.38203252673848204,3.0645386727505947e-14,0.3876006080668168,0.4315501423697756,0.3576087140141083,6.213327052243241,7.859745950102745,6.692702441899421,1.5529032132556033,2.1767759290819604,4.330753290493049,4.136239990900844,1.818917151757065,2.873505380694953,95.286822,0.0,1.5529032132556033,2.1767759290819604,5490.0
LOG00006,Idle off,95.5,96.0,24.42529644268775,1.5621234442913714,11.91560902962248,23.148241106719368,23.0,1.4343706151691642,4.468300395256917,12214.518633540372,8342.857142857143,0.0,0.0,0.822215915400681,1.1628413380626352,0.5242530991986027,0.8506725214738432,1.222798312586692,0.5242530991986027,0.28202030993252564,0.47738956639092994,3.2792147084318465e-19,0.36179352542376114,0.5297515346311008,0.3564132599898579,6.054373398777732,9.147015563366141,5.392240824935378,1.4215785456789645,2.8180455402330375,2.853816527862917,4.275354503018693,1.0070350016373515,1.9564489444000868,95.536419,0.0,1.4215785456789645,2.8180455402330375,9007.142857142857
LOG00006,Idle off,96.0,96.5,28.10532544378698,1.5843761465544597,16.88952941646225,23.097514792899407,20.0,1.6406093778320583,5.706094674556213,13446.132713440405,10957.142857142857,0.0,0.0,0.625678356278581,0.9010972658618015,0.5935925576414047,0.6278675596283344,0.8692670767456266,0.5935925576414047,0.14729499524170267,0.357315050334515,7.946734201774394e-24,0.35135562944188214,0.4154064862705723,0.27021058162407413,6.876339878407595,7.578513910810124,5.343574309418029,1.4947020879495057,2.2026309753348183,2.4707360217457213,3.270211014429415,0.7757092522521184,1.1661313911356672,96.192465,0.0,1.4947020879495057,2.2026309753348183,11428.57142857143
LOG00006,Idle off,96.5,97.0,25.628402366863902,0.5757269753385419,23.192090238101244,23.104378698224853,15.0,1.4788072265747658,4.720571992110454,12663.348830656521,11042.857142857143,0.0,0.0,0.6926989927883817,0.792960697041428,0.6036306687976384,0.6566518187983749,0.6781380217656601,0.6036306687976384,0.23409339164988446,0.34539081435198665,3.920116031605541e-20,0.2999479902981862,0.3600825357733609,0.2730635092115493,7.461580693445405,10.943808909702462,5.582229000567949,1.0036796500535874,1.8071325857228266,2.051602539066412,2.839562707673257,0.744519496609211,0.9737955833750345,96.996497,0.0,1.0036796500535874,1.8071325857228266,11371.42857142857
LOG00006,Idle off,97.0,97.5,23.923668639053254,3.446902384459248,25.896560077468983,23.089585798816568,6.0,1.3748035290541538,4.187140039447731,12183.45308537616,8585.714285714286,0.0,0.0,0.7036295807773622,0.7738604569864113,0.547673788995127,0.694441608414032,0.7027606252781711,0.5476737889951269,0.19380929955279502,0.2716362380338077,3.700362991537585e-15,0.26183374874497795,0.3270392340052302,0.2496341893976449,7.345671819691997,7.622951442467063,5.875830227332328,0.8935532522832892,1.455796272694752,1.9821690348807885,2.6617311327919957,0.7395791349923766,1.0120241270353993,97.015241,0.0,0.8935532522832892,1.455796272694752,8914.285714285714
LOG00006,Idle off,97.5,98.0,15.639842209072977,0.4196720504565092,27.17834943471623,23.099664694280076,24.0,0.6973664881311049,2.4604142011834322,9249.535080304311,8057.142857142857,0.0,0.0,0.7924660299779946,0.7503308309834449,0.4059044756552932,0.63952173724399,0.5381715687260523,0.40590447566564,0.5013712758741935,0.46734709196152546,1.4830978887186913e-10,0.23818551881619948,0.29354889400663786,0.2630798037792104,3.1632645502732544,5.534589223977481,3.43200309363928,0.5720545340823462,1.1002383573175698,1.4204757932784144,2.0385824831077906,0.7716860645992615,1.0288939220418638,97.68313,0.0,0.5720545340823462,1.1002383573175698,8142.857142857143
LOG00006,Idle off,98.0,98.5,17.062721893491123,1.356309998563426,28.691554113089158,23.239960552268244,25.0,0.951435279797994,2.9364497041420115,9700.02113271344,8214.285714285714,0.0,0.0,0.8280749334560463,0.9442584399371549,0.46312585930331646,0.6991045779403618,0.8704346441885857,0.46312280364302366,0.5687584623591343,0.5263845337995473,1.4528073308977103e-05,0.24371766822660845,0.30960243426135226,0.27513226606409963,3.0749126722425726,5.470850618236253,3.0496948315753465,0.5783890493877724,1.1303263889927029,1.6817854699288803,2.7706549044595077,0.8880687182900839,1.2580241902953087,98.310571,0.0,0.5783890493877724,1.1303263889927029,8342.857142857143
LOG00006,Idle off,98.5,99.0,19.93656126482213,1.155750031613534,31.933154839363443,23.167134387351776,23.0,1.1858471862419888,3.2585375494071145,10700.938735177866,9342.857142857143,0.0,0.0,0.5762210546068182,0.6898628898714654,0.4498830578307866,0.6309846395291347,0.6336846186330823,0.493737924901345,0.31679394779787934,0.3242933229003979,0.1680788557769279,0.23334581453317899,0.27626531169420987,0.22081626273661273,1.769757665950876,5.182083841787487,1.9627735407599696,0.4759160132374244,0.9310565918662084,1.9012165857494652,2.3815828263768783,0.6355869376387477,0.8674010022480626,98.960704,0.0,0.4759160132374244,0.9310565918662084,9457.142857142857
LOG00006,Idle off,99.0,99.5,24.209270216962526,0.7681870226294144,35.90350640373999,23.175956607495067,36.0,1.4621346204750518,4.295917159763313,12132.072414764723,10685.714285714286,0.0,0.0,0.6756310460740759,0.6992928359823926,0.608004333275981,0.6597412304693373,0.6867161290930633,0.5732338458252774,0.2421149456813914,0.40966814759190157,0.2831367587545962,0.26068086868188173,0.31233478389620656,0.25782014650469814,8.258153306839072,10.011853284790607,7.747345527255925,0.8596379169961702,1.517393445978316,2.048234916260669,2.9153068117620338,0.6875637355458211,0.8153077568441193,99.336577,0.0,0.8596379169961702,1.517393445978316,10957.142857142857
LOG00006,Idle off,99.5,100.0,23.22189349112426,2.1998238150038807,37.37770274865816,23.080788954635107,36.0,1.515000204709483,3.4551282051282053,11901.42293603832,9971.42857142857,0.0,0.0,0.7509180539809014,0.9696517021283443,0.5593844246766732,0.6439389644271151,1.002879327843577,0.5265367189211441,0.3733787071521952,0.4256729595707431,0.23201841417906818,0.25666238965664073,0.343083020032803,0.24224723600862583,6.158495897603683,9.024716483055851,4.7342238838569815,0.7985904983748741,1.4490870065530077,1.9586454281505343,3.8996282632727928,0.8672088408321433,1.2089347994084734,99.999533,0.0,0.7985904983748741,1.4490870065530077,10114.285714285714
LOG00006,Idle off,100.0,100.5,20.968244575936886,0.12450087864033944,36.18246794968059,23.274358974358975,23.0,1.1453663770381668,3.5537080867850097,11140.786136939983,9757.142857142857,0.0,0.0,1.0779078936758077,0.7916717787400417,0.4754501481795257,0.832489809171837,0.7529646973525914,0.47540375365024956,0.708173144740777,0.31688221818117956,0.00045830937028826143,0.23766117162466832,0.34401760761240013,0.22803809180394172,2.550300417286981,7.816047854823138,2.219811034105023,0.5932297943019461,1.3994385576281287,2.517003321396518,2.7774095745448086,0.9456821962218699,1.5989842946472568,100.059712,0.0,0.5932297943019461,1.3994385576281287,9857.142857142857
LOG00006,Idle off,100.5,101.0,22.451084812623275,1.277376273726965,36.02748549171709,23.13798816568048,21.0,1.2650576603229002,4.150256410256411,11554.423781346857,9571.42857142857,0.0,0.0,0.8521443393943062,0.8533143309361545,0.547620972208055,0.7756945115798355,0.7115444768008121,0.5476209707732287,0.47111149864218643,0.316635230349576,2.3128930052369015e-08,0.2516913550736611,0.34912062783200337,0.22745714341078585,5.458778498973519,7.821956786222567,4.585690489167138,0.742295678926453,1.467318392903569,2.3361493292088413,2.571655542407817,0.8527295358267987,1.1348035154290772,100.960424,0.0,0.742295678926453,1.467318392903569,9700.0
LOG00006,Idle off,101.0,101.5,23.300197628458502,0.729895195569963,37.669731205625574,23.197747035573126,18.0,1.248622230354863,4.2766798418972325,11886.23658949746,9828.57142857143,0.0,0.0,1.1328905092542068,1.0263241704369015,0.5403979006703336,1.0696522874958252,0.9203195529426534,0.5405414800783681,0.3159009228424985,0.35060336182893703,0.001837839671847192,0.23352751520374515,0.3090674907627864,0.25825630945932687,8.51100463617806,5.667815820283044,6.939691808529481,0.7597397191728754,1.2809563873840748,2.3828272309691743,2.908349707947002,1.0809214145305035,1.6192301136733966,101.373785,0.0,0.7597397191728754,1.2809563873840748,9971.42857142857
LOG00006,Idle off,101.5,102.0,26.63214990138067,3.0060707664449198,40.046999170824186,23.11061143984221,14.0,1.457015950222327,5.2933136094674555,12908.910960834039,9828.57142857143,0.0,0.0,0.8250385194596691,1.1834634935883983,0.670502270541049,0.8249502949336434,0.9639437209165612,0.6346199812806802,0.18787788295143043,0.4952999222857625,0.3106065020485366,0.33110377148641207,0.39244422921001354,0.29363756896740667,7.31197887141835,7.263775068586746,6.399749696977703,1.2497111690057392,2.0736616363066176,2.3140936856140497,3.6058247858968095,1.0201162676990945,1.4581675610408613,101.678627,0.0,1.2497111690057392,2.0736616363066176,9971.42857142857
LOG00006,Idle off,102.0,102.5,27.400591715976336,1.147323291267473,44.40193026148168,23.302642998027615,7.0,1.3775456012855676,5.197573964497042,13375.929839391378,10842.857142857143,0.0,0.0,0.7013217522589671,0.8731310969392856,0.5883638485508085,0.7032585111716826,0.890161209346206,0.5575582224797353,0.30990138257897076,0.37838229636268117,0.16486900113399292,0.287143385166106,0.3633555635081735,0.2547797071969602,4.840321393922888,9.834677158210935,4.684911752819328,1.0071037645467324,1.835605807001354,2.1661735138967266,3.132510698171953,0.7918996504084302,1.0970311538050481,102.321853,0.0,1.0071037645467324,1.835605807001354,11185.714285714286
LOG00006,Idle off,102.5,103.0,36.04615384615385,21.839411202154803,47.40367398860331,22.81311637080868,27.0,6.4742661881437975,7.70076923076923,14816.948436179204,10371.42857142857,6.70611439842209,0.0,0.9698785129688386,2.0870437376806947,0.7884970166050985,1.2015587977892797,2.2141998184949947,1.4831245745445598,0.6935276474350185,0.5673674243960108,0.9874436163664742,0.47476315459686036,0.758129846125068,0.5912055647536409,6.2325137644561615,6.946302081478226,7.001308457010228,1.8655510169962344,3.4730145251753206,2.9762372495620157,5.450874384737316,1.6273315416519847,3.7891923980989186,102.975932,0.0,1.8655510169962344,3.4730145251753206,10461.42857142857
LOG00006,Idle off,103.5,104.0,12.172781065088754,1.4602047752278022,55.05413256099578,23.166469428007893,162.0,1.3579901294827077,2.3817357001972392,7721.083403775711,3171.4285714285716,0.0,0.0,2.1057537208815056,1.474151552132094,0.7581852217711036,2.0461746292764342,1.2689005085497005,0.7321548247516606,0.7736604943552202,0.9431989693738141,0.5875354516570753,0.3282904888759864,0.42300392999083747,0.33021823192095595,3.292272268105695,5.901680168992022,4.20019406081758,1.1105055148493947,1.7213941214837805,5.507570547286102,5.809432580153853,1.8175975258097938,2.689938524973341,103.713865,0.0,1.1105055148493947,1.7213941214837805,3428.5714285714284
LOG00006,Idle off,104.0,104.5,11.773517786561266,1.3318128884500784,40.01675162656303,23.17915019762846,99.0,1.0687414737829788,1.8516996047430831,7735.3613777526825,5271.428571428572,0.0,0.0,1.4036659656474277,1.047811309012126,0.5370578576222527,1.4074313552506441,0.9691803527774216,0.5854910142072979,0.3628261367378426,0.4145596447129084,0.6174011261333998,0.2735575679882877,0.30944423824714234,0.3236817714101579,2.037761896462967,2.232475648629666,3.332352464626254,0.81318701942448,1.1240337948440986,4.910865584651431,3.2746480968346456,1.238585217579039,1.8497494209271352,104.436996,0.0,0.81318701942448,1.1240337948440986,5400.0
LOG00006,Idle off,104.5,105.0,23.380670611439843,4.960226535354582,24.2789563305257,23.115009861932933,66.0,1.9434832816183873,4.7480473372781065,11514.41955480417,6242.857142857143,0.0,0.0,5.724676322097634,7.175076417182303,1.7074300062689738,5.719644433671897,7.3664872479296415,1.7090681074968057,0.4243538317820273,0.6028701459922675,0.40897879755258515,0.5818978355971911,0.6868964518192803,0.4825951336552088,4.220628964507324,7.136619470520911,4.531248248577043,2.9884559716078485,4.200260220342024,13.277347944594004,15.210942806581345,6.490517721460707,10.365795625804337,104.790177,0.40631163708086787,2.9884559716078485,4.200260220342024,6428.571428571428
LOG00006,Idle off,106.5,107.0,26.831422924901187,1.439525596738096,17.8789268300946,23.24857707509881,26.0,1.6575309550298976,5.023201581027669,13017.518351214003,10842.857142857143,0.0,0.0,0.9683723684912131,1.1954166233083503,0.6226854280307694,0.9252673840328304,1.1552522499463422,0.7809037478099986,0.33813741677687187,0.268711893700143,0.5752728804831014,0.32362296073413976,0.3757170874915398,0.2952551154111852,7.057205083836115,9.182836957128636,5.895980193742689,1.24331042905033,1.82669992090852,3.2616468111904173,3.3859159584180993,1.0878340745121062,1.5812425426264172,106.549185,0.0,1.24331042905033,1.82669992090852,11371.42857142857
LOG00006,Idle off,107.0,107.5,25.168639053254434,0.15982831609181342,27.050607242815182,23.165226824457594,32.0,1.2656107772216367,4.657968441814596,12492.66694843618,11371.42857142857,0.0,0.0,0.9936413799407333,0.8760804753606777,0.603903076327992,0.9137306572701497,0.845659239859332,0.5602366587529743,0.3152854414883909,0.3712797769000799,0.3465217876674734,0.27089728536519114,0.30008291227232126,0.23179985129450234,7.999381718721765,8.188491046690217,6.960079927751813,0.9385361912585685,1.386925020525136,2.332769726239765,2.6255458716732325,0.9367070489856248,1.1801929285523955,107.020757,0.0,0.9385361912585685,1.386925020525136,11428.57142857143
LOG00006,Idle off,107.5,108.0,26.012623274161736,1.0730693052255704,34.44697895016711,23.008856015779095,33.0,1.3246004797845772,4.707080867850098,12773.577063961679,11342.857142857143,0.0,0.0,0.9651425438331543,1.049844714516798,0.6421537637333353,0.9976122820060155,0.9764412697600087,0.6623790190447414,0.5571618749319204,0.4252689546711787,0.345076052818762,0.2929611443249587,0.3542926913075066,0.30947364352301693,7.376810634556468,9.439256622660931,6.732077734665475,1.2120996661090206,1.7491913156389263,3.6050041923449214,3.958114029012639,1.0083833731561596,1.3831448987490338,107.822826,0.0,1.2120996661090206,1.7491913156389263,11371.42857142857
LOG00006,Idle off,108.0,108.5,24.149901380670613,1.9354104473577909,41.091278214536516,23.154575936883628,47.0,1.3245408108199566,4.2088954635108475,12213.841927303463,10057.142857142857,0.0,0.0,1.308168120786497,1.042147773896665,0.6473031860892157,1.5654651998403128,1.1615393231062419,0.6671538437543413,1.0200229318981349,0.5211898141030868,0.29846285751761115,0.2954518880252273,0.3515266990441901,0.2717403023637168,6.821461136388755,9.092393338221024,6.0476020772680315,1.0051242732270371,1.6310875922798158,4.986569733998669,3.5664998394134955,1.1826613663428447,1.8335150088990544,108.307224,0.0,1.0051242732270371,1.6310875922798158,10400.0
LOG00006,Idle off,108.5,109.0,28.30335305719921,14.03037872683934,44.475298241238896,23.11830374753452,43.0,3.800832593204488,6.882741617357001,12843.62496477881,9614.285714285714,0.0,0.0,1.8089713540327315,1.3188228566983804,0.7345255285356465,2.3451596557384886,1.3281318680190721,0.9732310490275181,1.53817501518615,0.3045331340418498,0.811257896928804,0.47146103053333677,0.6271388879197863,0.6314672638218212,3.6624569258671897,4.870561205985597,4.2944393614151535,2.2002561776631047,3.2019452512371265,4.996645817746931,4.4901821455479105,1.5829831153649574,3.2750901260704293,108.982025,0.0,2.2002561776631047,3.2019452512371265,9747.142857142857
LOG00006,Idle off,110.0,110.5,22.964497041420113,1.5680619998570162,20.964027853568545,23.07266272189349,84.0,1.310629374469957,4.066410256410257,11651.26091856861,8271.42857142857,0.0,0.0,5.368799125341079,5.221792954355242,1.454852417141235,5.583144922593137,5.297916522731538,1.4763186264316093,0.6932244473148412,0.46682409131391017,0.35552303616065917,0.5871694919890329,0.7304460584102273,0.46638908234287363,7.923805729878308,7.510710908314364,6.183177795836121,2.9175341178603054,4.245612638944218,11.152166098050234,12.49370650246056,5.295806157065096,7.692773345220722,110.415477,0.0,2.9175341178603054,4.245612638944218,8732.857142857143
LOG00006,Idle off,111.5,112.0,20.659171597633136,1.7596871091286492,14.230332811901746,23.100670611439845,61.0,1.2785221928358743,3.4887771203155817,10991.398985629754,9142.857142857143,0.0,0.0,1.4340203413151111,0.542281106504058,0.5001834824472234,1.7319229321598055,0.4421985128483674,0.5323866616620198,1.0267221686839063,0.26602126535614873,0.1694452388855956,0.25036988521928943,0.29757911824136296,0.2111505684695512,3.3013462937515134,7.4055547657088745,2.8239894958665834,0.5231983453638533,1.0390743277207322,6.050249803309427,1.6335969678150233,1.0840855911266356,2.6345834231973506,111.500682,0.0,0.5231983453638533,1.0390743277207322,9361.42857142857
LOG00006,Idle off,112.0,112.5,26.95,3.321395784978705,19.73264766365767,23.012885375494072,65.0,1.7201785999543673,5.117569169960474,12931.281761716544,10714.285714285714,0.0,0.0,2.34718869927759,0.9847961487000362,0.5829155492981224,3.3417198599316364,1.150894658690032,0.5824659771796968,2.7705630646716526,0.7098516166489679,0.004901676042808794,0.33762870367354547,0.4737401673140042,0.2904502204250352,7.795081248846948,9.814338819097921,7.220354639792067,1.3443579970528576,2.6500182149000593,8.340695035540463,3.8885155727711562,1.7998775297934653,4.644169276012474,112.454686,0.0,1.3443579970528576,2.6500182149000593,10900.0
LOG00006,Idle off,112.5,113.0,23.405522682445756,1.94851105674125,25.546233753113565,23.049388560157794,71.0,1.433304593810934,4.043846153846153,11916.744153282614,9614.285714285714,0.0,0.0,1.9104422424931709,1.008540903648908,0.6878467064267529,2.120439721788858,0.901145778955312,0.9068653323229507,1.5490789329436232,0.37990850351114,0.8441527040543374,0.27199180956989333,0.3621260075959635,0.26407171021815196,7.7325966257969485,8.07881012747358,6.225469972826418,1.0420427535197363,1.7356552634681268,7.5112013657342125,3.0434072051195464,1.5275706720533904,4.421826293724369,112.500067,0.0,1.0420427535197363,1.7356552634681268,9742.857142857143
LOG00006,Idle off,113.0,113.5,29.578698224852072,5.645799251917786,30.603063431282585,23.013195266272188,48.0,2.1404822643055845,6.205739644970414,13826.993519301212,9528.57142857143,0.0,0.0,2.839053479183365,1.67544950389352,0.8020383377371212,3.5770427856472184,1.998589576650786,0.9190933121619776,1.9400987130352225,1.372039413678868,0.37970342443676297,0.4226350711810472,0.5882532216116075,0.4188290423465299,5.725439203414567,8.632796826031242,7.715464735349272,1.9574102588610436,3.332379775847927,8.097531705641286,6.512164311783652,2.331025063975097,4.667587453012239,113.132453,0.0,1.9574102588610436,3.332379775847927,10598.57142857143
LOG00006,Idle off,113.5,114.0,31.622287968441814,16.055770537294855,35.66183633575014,22.760414201183433,110.0,3.508569580484137,8.287278106508875,13941.80050718512,7514.285714285715,0.0,0.0,1.811404213918548,1.7147146198192313,0.8399075853437289,2.2260136259479606,1.8239889906508906,1.2896148664439135,1.296854330310452,0.7471092939639683,1.228254214585494,0.5733882800672827,0.7477949844606803,0.6214673337847044,4.477149890684501,5.386427947816592,5.382227279379323,2.632795380031904,4.279220824588357,9.71314406630829,7.055150454029601,1.7637221229014055,2.503980472130347,113.930581,0.0,2.632795380031904,4.279220824588357,7600.0
LOG00006,Idle off,114.0,114.5,25.63412228796844,4.619946396116991,40.54639930441777,23.007317554240633,92.0,1.8318822348694852,4.329388560157791,12844.442096365172,8985.714285714286,0.0,0.0,1.248138376450096,1.444014178341843,0.5561844882620696,1.402414411608577,1.5943069273234942,0.5769110830998281,1.0425439454433558,0.9904675609576601,0.44932435446758123,0.31218411680094377,0.33489548628125404,0.28421941663391137,4.774648766158739,7.423085943384578,5.049394310906201,1.414211098228363,1.6038008187496697,5.751082566816034,4.559490611363125,1.349634460515096,2.4531081590326353,114.011478,0.0,1.414211098228363,1.6038008187496697,9114.285714285714
LOG00006,Idle off,114.5,115.0,22.468774703557315,1.5865084842462664,38.90212291590202,23.206521739130434,83.0,1.3619965454315426,4.164584980237153,11499.83766233766,8785.714285714286,0.0,0.0,0.9643746194554079,0.9291887140759383,0.7273502898641272,0.9055464738123,0.8043530378060145,0.7958602240664308,0.2837258125189854,0.3937061677455075,0.4661500248945029,0.28198560343598644,0.3699536647145637,0.29953764920265386,5.367654431954701,8.241850465921145,4.879812141549262,0.9602008968952617,1.722386182512653,2.5210575608852017,3.394077613409835,0.9469451074417823,1.4164382670731812,114.686286,0.0,0.9602008968952617,1.722386182512653,9000.0
LOG00006,Idle off,115.0,115.5,28.687376725838263,1.9233739314466058,36.30222631318417,23.168047337278107,95.0,1.8985775240525857,6.050512820512821,13526.676528599606,9571.42857142857,0.0,0.0,1.2460747997667538,1.5517351458350575,0.5965151635406362,1.180225999452059,1.5211087786636424,0.6082231835143344,0.45160012799830224,0.4623765398105302,0.40591278152116117,0.30808227021483797,0.46127838533406806,0.29631507761088627,2.5923325980229177,6.641136053757162,7.350134433354379,1.2345211704066894,2.509867124545306,3.2065637810670915,5.506316974822548,1.4072285474352602,2.276416674726878,115.325577,0.0,1.2345211704066894,2.509867124545306,9700.0
LOG00006,Idle off,115.5,116.0,26.89723865877712,2.526996694912597,29.311822014987392,22.99382642998028,77.0,1.904682327776701,5.3236686390532535,12992.554240631163,9057.142857142857,0.0,0.0,1.0056550779515254,1.2334845503354608,0.6064755724065926,0.8649356238473299,1.121002603138427,0.5212030805855125,0.48368852164252757,0.3837262117090487,0.3829738379132522,0.3264587921662664,0.4292999545501967,0.2907892954693015,3.9345571141939297,7.45872860300064,5.587875144158903,1.1634917071187192,2.323260596247191,3.7898442094827463,4.608755923642311,1.12535022809034,1.3386782755006543,115.608718,0.0,1.1634917071187192,2.323260596247191,9161.42857142857
LOG00006,Idle off,116.0,116.5,29.433727810650886,2.1827335947469226,23.794670897527443,23.066607495069036,57.0,1.8581860371305765,5.974161735700197,13708.650324034938,9171.42857142857,0.0,0.0,1.355983231727936,1.1076206810472804,0.7314163686159075,1.8086754296487533,1.2299207195565396,0.9627405800346693,0.9096537320953632,0.4997724717420285,0.7439167803210444,0.4812159466571342,0.5981850845791075,0.3227058981538709,6.247394465057175,6.863464350297444,6.410498036354729,2.398397605180753,3.623408564874263,6.563000708802913,6.162973999678244,1.238045657035914,4.539957544160329,116.489708,0.0,2.398397605180753,3.623408564874263,9442.857142857143
LOG00006,Idle off,116.5,117.0,29.057001972386587,2.216916601263709,27.959907299347787,22.927751479289938,102.0,1.8444939744891768,5.733984220907297,13655.76923076923,11942.857142857143,0.0,0.0,2.8638235525727693,1.1507156454189447,0.7294871483976055,3.2170190446699736,1.054618583330012,0.6755686004187431,2.0246437191079636,0.7011394915858045,0.7072127597799278,0.4624472761619664,0.44166470091954124,0.3759964717097218,7.442351266591854,8.874386073633834,6.201435679997487,2.2085502549390097,2.3419153138932147,11.128086966169308,4.385065204096908,2.182387664564028,4.65081742432102,116.516345,0.0,2.2085502549390097,2.3419153138932147,12171.42857142857
LOG00006,Idle off,117.0,117.5,24.187771203155815,4.657827113054715,37.09855506655204,22.998994082840237,61.0,1.7163038706816236,4.374378698224852,12095.604395604396,9571.42857142857,0.0,0.0,1.7378671940499015,1.0204555999471911,0.6445931081156507,1.986880817621926,1.0436691627539467,0.6364347343813868,1.1673202596372076,0.40532065166080944,0.18686259995146695,0.3422965593549163,0.36740766037348455,0.30521759672114035,5.6592985912404234,6.912779169074464,5.060370944773687,1.350969484370574,1.7516786663412816,4.887289798846521,5.476685388100789,1.4250459669109725,2.5079759715147403,117.279938,0.0,1.350969484370574,1.7516786663412816,9837.142857142857
LOG00006,Idle off,117.5,118.0,36.255731225296444,25.05043167756013,45.031591513096714,23.025889328063244,111.0,5.180850535640267,10.086086956521738,15785.361377752683,3500.0,0.0,15.41501976284585,2.041068128911148,3.485589161938011,0.9116542376902187,1.9794674641926098,4.290613323826234,0.9057299364418437,0.4529834411957511,2.107808533760187,0.16085590640289218,0.45445370758465176,0.9279184453789358,0.44738525440046994,3.3226204248662916,5.061221690852292,6.423350836756439,1.9096401632898883,4.768642365061841,6.000823395412074,13.306065661915602,2.8561592141087453,5.236279210074251,117.734743,0.0,1.9096401632898883,4.768642365061841,3628.5714285714284
LOG00006,Idle off,119.0,119.5,41.51242603550296,4.154133825740619,15.828268918642408,22.70177514792899,158.0,3.0020532734036816,10.274497041420119,17265.736827275286,13828.57142857143,0.0,0.0,6.620260916491616,6.469194549987556,1.4708841785180942,6.988579076766697,6.530521343369994,1.4714046484148058,1.4213207111138928,1.6317231956104312,0.0013234111764037963,0.5109432303443135,0.6964740476709539,0.4772495486795351,3.1566326930950934,3.1996964095976694,11.722428797197237,2.6914344068375105,4.342550100326137,16.816154063142534,19.53699772428956,6.545163585733178,9.379565991955852,119.00839,0.28994082840236685,2.6914344068375105,4.342550100326137,14328.57142857143
LOG00006,Idle off,119.5,120.0,29.164102564102567,5.659640614642992,16.140780045842455,22.899861932938855,85.0,2.6937087000537456,5.564575936883629,13910.073260073259,10800.0,0.0,0.0,1.9963866494214824,1.6809900651827774,0.6151529082907347,2.404573358826795,1.8383424587360642,0.6180842078005515,1.5363910774895135,1.46097801055974,0.015021265520796233,0.3117903044279555,0.4054654376140545,0.2644585772603413,6.145285853269517,8.38248538224955,7.757285811801248,1.3666652092454301,2.0079151077330746,8.093511658511986,8.532337836410084,1.845438600066598,3.0162380740684993,119.827232,0.0,1.3666652092454301,2.0079151077330746,10985.714285714286
LOG00006,Idle off,120.0,120.5,23.928656126482213,1.4938043893655428,19.39469730737837,22.92102766798419,72.0,1.2686240373292632,4.381363636363637,11968.852343308865,10357.142857142857,0.0,0.0,0.9017332952093537,1.0389315672817232,0.6551294899256096,0.8084623636638428,1.0523529695133986,0.5672960296465918,0.3932893402395487,0.6294890052393969,0.3614393165289014,0.27621672790322216,0.30678182875081594,0.23932199980306915,9.101963574588245,9.059810620320214,7.861240687219157,0.9437580631035313,1.2455046558245646,1.9751419621766402,4.9020041073804395,0.9727542693773124,1.485617573050715,120.294863,0.0,0.9437580631035313,1.2455046558245646,10500.0
LOG00006,Idle off,120.5,121.0,27.239250493096645,2.251490374328752,27.989182423143816,22.99940828402367,35.0,1.6571012504644282,4.848027613412229,13095.224006762468,11042.857142857143,0.0,0.0,1.00018277750815,1.2757687126106643,0.7283580264544408,1.0730158021299916,1.2360949647977288,0.7354090787843296,0.6509814877921668,0.3866782885857532,0.5342874547182305,0.34556525697880697,0.3921502354041276,0.2767763269104022,6.866161747110346,10.39159241323956,6.275990525593002,1.2511470560506417,1.7750736193773433,4.007143522641205,4.417778320150984,1.146287790325839,1.8197382467610557,120.971647,0.0,1.2511470560506417,1.7750736193773433,11400.0
LOG00006,Idle off,121.0,121.5,35.538856015779096,7.938191276517728,37.29645708799607,22.809980276134123,68.0,2.5864623306454515,7.722859960552268,15633.650324034938,10628.57142857143,0.0,0.0,1.3604041579217627,1.8485631032743948,0.8735146108288645,1.4385730437924868,1.8321548988314322,0.8742297334932075,0.7217412818471065,1.0963450724115438,0.005983048472475968,0.33041292837842534,0.4562196652860994,0.29901974272867476,3.611109475524163,5.028899277582626,9.342392059844412,1.3422930639415676,2.5002081593720513,3.695244558502189,8.207251327879169,1.6229425466846137,2.589430411716301,121.444212,0.0,1.3422930639415676,2.5002081593720513,10871.42857142857
LOG00006,Idle off,121.5,122.0,20.867258382642998,2.9899887161964345,41.329789472236165,23.079132149901383,54.0,1.002547833069711,3.6267850098619334,10993.794026486335,8885.714285714286,0.0,0.0,0.9777515879071973,1.2288019361381446,0.48992680872754046,0.9929199539708154,1.3561371102556448,0.48992681908847246,0.60682245382879,0.8098790697577114,6.121639454194887e-08,0.2797449612034064,0.3293598501728263,0.2587750378110309,4.083728661136068,6.1909921818381335,3.7670326610069655,0.8929053679428738,1.5200400587852623,2.550089916038581,5.816049344725003,1.1103946068654824,2.1528447281443945,121.500446,0.0,0.8929053679428738,1.5200400587852623,9028.57142857143
LOG00006,Idle off,122.0,122.5,29.752859960552264,1.7700239877675623,44.63931727617134,22.845917159763314,35.0,1.4262096858700188,5.735069033530572,13923.316427162583,11671.42857142857,0.0,0.0,0.7477379108149592,1.8401385897214975,0.6791186093851003,0.7807610913700535,1.7346816148426556,0.6791186093567981,0.22317784884320174,0.4327829989710972,5.144094510400003e-10,0.3321764169476045,0.4389656987361513,0.2910391137695163,5.542857437703076,7.224083261406323,5.804287181721037,1.5889074383524493,2.172116970342485,2.8140952631176828,5.4555763773837365,1.4044967092613887,2.4559122693003688,122.452482,0.0,1.5889074383524493,2.172116970342485,11800.0
LOG00006,Idle off,122.5,123.0,22.633399209486164,3.338387800931235,48.831260275179574,23.042193675889326,30.0,1.4129198210011786,3.53901185770751,11786.370694522868,9000.0,0.0,0.0,0.7983488999221703,1.1194442776856393,0.635759267183571,0.6844529011122341,1.075722347640672,0.6357585874835585,0.2702435266005326,0.7694719136719925,4.931905465333361e-05,0.3002815158705341,0.363091435963307,0.271069836423687,4.786725875051956,6.650460882096139,4.4202199162998,1.1865640427840338,1.6973063736682767,2.14540597519886,4.191795110100122,0.9722439140591369,2.2882514550145903,122.500827,0.0,1.1865640427840338,1.6973063736682767,9200.0
LOG00006,Idle off,123.0,123.5,38.19092702169626,16.83211558063108,49.715520247322544,22.79844181459566,156.0,4.754325252677382,9.731676528599605,15977.874049027894,9157.142857142857,0.0,0.0,1.629120419911653,2.1244828845941948,1.159704023863729,2.2867697037859376,2.182947557716656,1.4295630974679883,1.06178317484655,0.9887341474922076,1.048793884194393,0.43724950296560994,0.8194646316154741,0.4724214635422092,4.730158124231032,7.1168926546872635,6.220161197648581,1.8837494669911135,4.281730505973584,10.962280676626378,7.456778815001688,1.8930743341859018,3.406739977758487,123.398599,0.0,1.8837494669911135,4.281730505973584,9361.42857142857
LOG00006,Idle off,124.0,124.5,31.58284023668639,2.3924110415713864,46.54281173877331,22.633214990138068,112.0,2.509447794579292,7.004871794871796,14106.677937447168,7914.285714285715,0.0,0.0,1.81694267777526,2.0283901414859042,0.7730403861998952,1.7765413524165765,2.017838611059373,0.7493745893147739,0.4960546322213369,0.7200577289437194,0.3834258563940778,0.4692438767101756,0.7264581855523341,0.43956118160473867,5.717484172067083,7.3533865286706295,13.246003495068354,2.291076279801504,4.410735129995804,5.386446575072884,8.079486772615928,1.9255709880965617,2.655589142269969,124.4996,0.0,2.291076279801504,4.410735129995804,8271.42857142857
LOG00006,Idle off,124.5,125.0,46.71439842209074,8.249846677377356,31.00011951540625,22.518816568047338,166.0,4.367672205796119,13.083136094674558,18368.20231051,11642.857142857143,0.0,0.0,2.841101744467132,3.782036213909731,1.446435053303632,3.1059591408063243,3.90122993827352,1.570692268035628,1.1953069838528012,1.8257788596355142,0.810741966770964,0.5974894784994432,0.6558943989326483,0.4597040833919103,4.806979667944871,3.9666727093622094,6.760572013649022,3.0759260354752853,3.7540305130219003,9.024184031584099,13.62508708330385,3.3448211496086633,5.158553980269969,124.997809,0.0,3.0759260354752853,3.7540305130219003,11942.857142857143
LOG00006,Idle off,125.0,125.5,23.198816568047334,11.122752352779592,20.10145660902181,22.81284023668639,127.0,4.100960184104463,4.285285996055226,11680.24091293322,7685.714285714285,0.0,0.0,2.400168593046738,2.406623836917505,0.6307057272545215,2.996891648349825,3.1254759536023187,0.6502997357035979,1.823022855823795,2.0534633305298096,0.2928567847874606,0.5500052029244611,0.656314752568242,0.424531778583003,3.3945834769410332,5.363934851257175,4.607358201333874,2.3790446419779623,3.7639187864681145,11.459473226427948,17.04744510521693,2.403398382235818,5.156856531285717,125.009645,0.0,2.3790446419779623,3.7639187864681145,7757.142857142857
LOG00006,Idle off,126.5,127.0,28.95443786982249,8.091683401237574,26.11398202743213,22.79043392504931,161.0,3.017381146862808,6.4991321499013806,13319.237813468582,8185.714285714285,0.0,0.0,5.911711159647171,4.295161447296358,1.3970077348606869,6.145271415988,4.3587449620497125,1.2060158505158678,2.390934203099777,0.8224250375908887,0.8734768003775928,0.541842062021326,0.9710041264450352,0.5684736717395963,5.223713183596068,7.047919405010959,6.029942743211938,2.9110836401198856,5.791901201099567,16.095621563971115,11.026058429785389,5.167046578725503,9.747917048243997,126.652261,0.27218934911242604,2.9110836401198856,5.791901201099567,8500.0
LOG00006,Idle off,127.5,128.0,25.92189349112426,2.2267899886047045,13.353432431964807,22.887179487179484,51.0,2.301469062104962,4.536015779092702,12762.3415046492,10985.714285714286,0.0,0.0,0.8318367486186438,0.8284204315908731,0.47385516089564683,0.7551444899134361,0.7953685409823099,0.4742689065897957,0.428441686719489,0.4581878677105796,0.004528681654572625,0.24591119667832143,0.3306203756314051,0.27111007000590154,6.226536493887677,9.692571589166425,6.666112186766736,0.7749463898527366,1.5500901470665707,3.0948197476132533,3.078845553259923,0.8301303475447833,2.6918890006138327,127.500696,0.0,0.7749463898527366,1.5500901470665707,11371.42857142857
LOG00006,Idle off,128.0,128.5,29.335375494071148,2.2530246594125862,26.42992174247432,22.84608695652174,66.0,1.7100733834967345,5.966719367588933,13724.28006775833,11557.142857142857,0.0,0.0,1.055960581399521,0.8747210783623937,0.5899963508820664,1.3346590175564292,0.8445372711391442,0.5077176291637755,0.9429670171633485,0.5638862738180762,0.2546435007047727,0.32294342664756515,0.34603877917623654,0.2412678815208054,4.174447230973407,6.802957292369824,4.291638393546402,1.2720425000257871,1.68916147208206,5.4045801100555355,3.5486455691565015,0.9695848891152035,1.2546323368740209,128.087698,0.0,1.2720425000257871,1.68916147208206,11714.285714285714
LOG00006,Idle off,128.5,129.0,24.361735700197237,3.5869524879837638,32.23223946550684,22.82536489151874,52.0,1.8888304840046652,4.403313609467455,11975.197238658777,10271.42857142857,0.0,0.0,0.8978802482392558,1.0001289114077476,0.6279768037413602,0.908042572401602,0.8659873542053552,0.5795802493962167,0.34086419621669456,0.4268862933704543,0.2778329207211602,0.29914247377275216,0.3624755039795418,0.3005695066792579,6.464820924199493,10.331496255101214,5.591089264116737,1.1635745393612587,1.7762029655800986,2.40110099663784,3.2081011852792516,0.9503806552144868,1.5845063771087158,128.99928,0.0,1.1635745393612587,1.7762029655800986,10471.42857142857
LOG00006,Idle off,130.0,130.5,22.855621301775148,6.57746908504133,13.43549685623613,22.90609467455621,98.0,1.9964715111216735,4.662406311637081,11320.51282051282,7071.428571428572,0.0,0.0,2.614556175893839,2.1510700685462165,0.8415777762830727,3.042204498704156,2.2471693569084277,0.9589307180301826,2.007271027396284,0.8446466506753052,0.7083006964221135,0.36522044463558334,0.67303037737037,0.39252315122997283,4.043464414926512,6.855705125933488,5.676544660535357,1.4867955418322871,3.7571219109707124,7.760086011845655,7.047458170621991,2.3940558093641053,3.6770985758069656,130.198933,0.0,1.4867955418322871,3.7571219109707124,7185.714285714285
LOG00006,Idle off,130.5,131.0,35.62173913043478,6.572135584829775,18.373965335905282,22.773359683794467,44.0,2.768602912388632,7.996996047430829,15576.09401468097,11557.142857142857,0.0,0.0,1.0623073074872473,1.4585342585793537,0.6135597892335214,1.3802511428715847,1.5268876911295373,0.6179665024753705,0.9386383731386461,0.751770533115278,0.017914779369966986,0.4834767397093067,0.4502670392315804,0.38386501265592016,4.5752176783674905,5.004587201082824,7.451675865261043,2.3648316541054197,2.4559793855759056,4.778079062310679,5.940581944051617,1.2758955676289563,1.9384792592427071,130.864858,0.0,2.3648316541054197,2.4559793855759056,11871.42857142857
LOG00006,Idle off,132.0,132.5,37.85483234714004,7.161922055984349,16.871304720062604,22.86869822485207,64.0,3.4499779424100447,9.037593688362918,16090.173288250213,11371.42857142857,0.0,0.0,3.791248875840716,5.730938408752626,1.1255710690578016,3.541707225163862,5.801568251438001,1.3338719134955346,0.7226417192951679,0.7503657142374618,0.7152050148823469,0.5772492628198305,0.9447249053597069,0.5732562042651475,5.009377937834055,6.600706158709572,8.568470246331573,3.151352329286738,5.9020685477655475,10.474727734148344,13.971512295329394,4.858869368663845,9.252291244080723,132.088189,0.27416173570019725,3.151352329286738,5.9020685477655475,11742.857142857143
LOG00006,Idle off,132.5,133.0,31.737869822485205,10.700977199143283,16.960631773022623,22.75189349112426,49.0,3.683119839454763,7.225029585798816,13990.595942519021,10500.0,0.0,0.0,1.2586859072392618,1.5852267790013772,0.8305265644094169,1.3389571785167196,1.3757974310655279,0.8805355466572731,0.8486014346354548,0.7907880509894886,0.15876555588495386,0.3898435931016006,0.5104596508673359,0.5441563183048376,5.958115301191464,7.128701724207359,6.599369786190994,1.5746924762515975,2.497311375523181,4.044866715426125,4.084897860723617,1.431299087183703,2.6206979397613623,132.977077,0.0,1.5746924762515975,2.497311375523181,10800.0
LOG00006,Idle off,134.0,134.5,27.16646942800789,14.842406194999159,23.83446370680102,22.656725838264297,175.0,4.63340173997855,5.287061143984221,13171.893491124258,7214.285714285715,0.0,0.0,1.4008326616636209,3.7206986494935417,0.5475030045867648,2.278483301202774,4.000757659625945,0.6894922131047462,1.758803346309542,4.49732986025429,0.29712313596917755,0.34489295932209724,0.485316468700395,0.38577805526315134,3.4590168514272484,6.672443845612161,5.907100224429819,1.4283056900311044,2.5995186392127745,5.383699555816412,18.353154069527196,2.8112213170014417,5.7202798695063635,134.090902,0.0,1.4283056900311044,2.5995186392127745,7357.142857142857
LOG00006,Idle off,135.0,135.5,42.77120315581854,11.014229595482467,58.37626644756899,22.641321499013806,64.0,3.750352493249622,10.79025641025641,17537.77824739363,11214.285714285714,0.0,0.0,1.6084356403626492,1.9737368216778273,0.8368109244769887,2.0098713006567315,2.318124727498397,0.7888516326612209,0.9170167678567334,1.0412337141397492,0.15479113283885507,0.43653641925530146,0.5312219846192066,0.48669010122007245,4.509405100787755,5.743266011919347,9.202143889748642,1.9798199008267674,3.0167949184758824,5.93073098527693,7.69833097513749,1.8003752734410263,2.453538851536047,135.372442,0.0,1.9798199008267674,3.0167949184758824,11457.142857142857
LOG00006,Idle off,135.5,136.0,43.218934911242606,23.154865733784977,68.63424478269906,22.51887573964497,83.0,5.02720588548402,9.82240631163708,17258.882783882782,9657.142857142857,0.0,0.0,1.7507989259239727,1.574731256426285,0.8939920415698936,2.245852121791116,1.9263025464631591,0.8972492654612058,0.9212799898625402,1.3354366127292892,0.011541313022455358,0.485411135052989,0.8366009368861296,0.6033959031529952,4.08792396351842,6.707833632844819,6.014303509342148,1.982796487389215,3.99765879135457,4.624350266212042,6.129760557888164,1.6650939026046612,3.230453031319341,135.999894,0.0,1.982796487389215,3.99765879135457,9785.714285714286
LOG00006,Idle off,136.0,136.5,35.57608695652174,20.621679785560858,83.18261685098543,22.595494071146245,104.0,3.7615878358681583,8.77575098814229,15344.431112365895,5757.142857142857,0.0,0.0,2.082534760764547,2.187732584926369,0.9999206041928361,2.0258867444603266,2.89546249424858,1.0561777740542986,0.8741255861885422,1.2553377139722246,0.5703055469076682,0.5625609729926465,0.9357159969961863,0.7162463354342435,5.244853501708423,5.437329140762848,6.94952707961859,2.4696210234568325,4.938648806210007,6.282386445184689,11.217398964362982,2.135781460372439,3.2978702522665904,136.03245,0.0,2.4696210234568325,4.938648806210007,5875.0
LOG00006,Idle off,136.5,137.0,55.41893491124261,6.278141885323444,89.45965637311652,22.15171597633136,171.0,5.030600582882979,17.091558185404338,20794.75908706678,11371.42857142857,0.0,0.0,2.5419272752699382,2.9290765437833017,2.824873921543272,2.927800663256962,3.6896882965946376,3.9314869037064266,1.7715984737593682,2.005244689463158,2.9730539080252996,0.6152301904922571,0.8560701980256118,0.5182681381220349,5.280006824008995,6.094573743190245,9.729873006836325,2.846329758164319,4.660783456268918,7.924072628497057,12.877667472280343,2.742342399491973,3.5488081348333167,136.624386,0.0,2.846329758164319,4.660783456268918,11594.285714285714
LOG00006,Idle off,137.0,137.5,44.50216962524655,0.8380822635621714,76.4448141244366,22.38739644970414,125.0,3.682798621402788,12.350493096646941,17552.49366018597,8971.42857142857,0.0,0.0,3.4719223724825734,3.3555569808867127,1.478879783192851,3.573816525302163,3.4416254224938725,1.565318026859538,0.8884888255429713,0.8611105511240823,0.9201025006897666,0.6498410332941144,0.8032841472721032,0.5747875432245421,3.263486841158592,8.200143447261903,5.76704026651455,3.312683435957875,5.045640319711082,10.040156060929066,12.335705299922997,3.414235464384565,5.0447157351981415,137.390933,0.0,3.312683435957875,5.045640319711082,9200.0
LOG00006,Idle off,137.5,138.0,38.27771203155818,6.825557919983286,54.431759632436794,22.664714003944773,90.0,3.401176699206356,8.97,16192.878275570583,8342.857142857143,0.0,0.0,3.1989095724144145,2.526075819942542,1.3043740648588111,3.213478683916829,2.371273815555002,1.2089435072939656,0.5372196034827759,0.5453572390107285,0.7027228678695243,0.5609280686426086,0.6939943442815462,0.47986360372383524,4.867484696341003,4.825734098101417,9.051371391328997,2.515421481669039,4.175705548440124,8.3183692074943,8.371902853978282,2.8821937392013552,4.574619584384677,137.50044,0.0,2.515421481669039,4.175705548440124,8557.142857142857
LOG00006,Idle off,138.0,138.5,27.904142011834317,4.635022601915396,36.25895714293889,22.6356607495069,69.0,2.0816554433531786,5.506015779092702,13156.92448577064,8471.42857142857,0.0,0.0,1.8018523696202564,1.3160171793718207,0.7005626137989469,1.7745896354716795,1.219935665471575,0.7413450080596663,1.1664880739948782,0.7453843078993334,0.2794272927654504,0.3236425667487402,0.3787471304035758,0.3656208854620512,3.1404546576000283,5.563024064920761,8.165549899341487,1.3479710937993812,1.8265186400903783,7.2597618426388015,4.708882035018914,1.5777473147351408,2.2846644899888,138.225539,0.0,1.3479710937993812,1.8265186400903783,8885.714285714286
LOG00006,Idle off,138.5,139.0,27.877712031558186,6.0212244827861845,32.94936631277177,22.613017751479287,150.0,1.978209883328556,5.410216962524655,13079.318117779656,9485.714285714286,0.0,0.0,1.6195225401508417,1.1953421465772898,0.8436055506137924,1.8879327628988003,1.2617463722324216,0.9783165778804765,1.4344341737689512,0.7660270154249309,1.1074518071061121,0.37583047911940487,0.4994824541316961,0.3308879826719882,5.660472426123188,6.591228381595964,6.416689188170985,1.6900518134390614,2.7133082663150896,10.143545668930198,4.383715607182431,1.4233228912373745,2.2948737148971152,138.797729,0.0,1.6900518134390614,2.7133082663150896,9628.57142857143
LOG00006,Idle off,139.0,139.5,21.782608695652176,0.7302430107752113,39.56406636311542,22.742786561264822,97.0,1.217411675823255,3.1299999999999994,11183.236871823827,7785.714285714285,0.0,0.0,0.8772951357127977,0.6011285696118923,0.6528193325246187,0.7075214746048196,0.5427246687062323,0.6906361513579532,0.4407567248925288,0.3056867546007292,0.5428459651131826,0.23507378573716672,0.3067168487646201,0.2654169214123833,8.856240457014898,7.108355977725061,7.957299949152712,0.7199187313862264,1.355996567942994,2.03477669672463,2.299682053982053,0.751998109156192,1.0816798370198768,139.30284,0.0,0.7199187313862264,1.355996567942994,7971.428571428572
LOG00006,Idle off,139.5,140.0,24.336489151873764,1.20965457984709,39.37023577350914,22.78508875739645,87.0,1.6234429308861955,4.708599605522683,11921.823048746126,7357.142857142857,0.0,0.0,2.5186358182786757,2.1109365153995476,0.8517152427200831,2.5119152362646084,1.9995524655394985,0.7236501183760421,0.3154085870913838,0.5327930219921081,0.3719960955980737,0.34615581812997714,0.5090948418607687,0.3506667955606163,7.304918881356104,9.761429546630058,7.9911019215178145,1.466807000775115,2.63672873718921,5.854076952220961,5.545045943611765,2.323744753319895,4.308855149528013,139.933243,0.0,1.466807000775115,2.63672873718921,7571.428571428572
LOG00006,Idle off,140.0,140.5,24.625641025641027,2.6694068761334333,32.23736637606209,22.915483234714006,72.0,1.612565886459973,4.2231360946745555,12112.71484925331,8028.571428571428,0.0,0.0,1.829766219962573,1.8654277890947157,0.9336098515549227,1.8592758666827276,1.7687841813454845,0.79759509313581,0.39829734824324703,0.458858910793798,0.47863022944686673,0.4126660757433986,0.6057418954943413,0.3647943393493485,5.8286006398355354,8.040348905293223,5.497964902343388,1.872441957520316,3.237342918740052,5.6092344262052585,6.444115704961769,1.8476830431709497,3.2603334374781134,140.000328,0.0,1.872441957520316,3.237342918740052,8414.285714285714
LOG00006,Idle off,140.5,141.0,30.545364891518737,1.4622647368858281,27.751947071491028,22.676627218934915,56.0,1.879990675172609,6.285877712031557,14043.934911242604,11614.285714285714,0.0,0.0,0.9716697026517352,1.0761887951786404,0.6960940365175297,0.893055894995241,1.0398001032192152,0.7153542175628939,0.3048002923738491,0.420358470475903,0.36400705228222596,0.36159697413479247,0.43622416703620237,0.30678124875747664,4.885600896331197,6.331374897707051,5.549824545816778,1.599226056913868,2.3574672219957544,3.2228229506448467,4.465294616907052,1.0252619991785916,1.6992833292908196,140.500505,0.0,1.599226056913868,2.3574672219957544,11742.857142857143
LOG00006,Idle off,141.0,141.5,29.144970414201183,0.44636306888310967,26.07958589915669,22.685285996055228,50.0,1.6707917028300103,5.342721893491125,13631.304592843055,11514.285714285714,0.0,0.0,0.93176580823939,0.9216212348114343,0.7205234891353869,0.8754899246073139,0.8738780722344379,0.6455774456449611,0.2739177435542329,0.3664242138838818,0.36283427523265815,0.3107812681322991,0.36727744040406024,0.2822042635623466,6.1037485615538545,7.934060831888569,5.717393254382013,1.266206804562047,1.700753211275471,2.665063620734804,3.169442362864284,0.9267074030834532,1.3775214486906155,141.499879,0.0,1.266206804562047,1.700753211275471,11614.285714285714
LOG00006,Idle off,141.5,142.0,28.88478260869565,1.482128600997623,27.61954952525872,22.80843873517787,62.0,1.6206732882577966,5.571383399209486,13574.378881987579,10185.714285714286,0.0,0.0,0.8890228777496587,1.0493684963096883,0.732526611755658,0.7947128957071282,0.977785463324481,0.7273247627269416,0.3331511253042597,0.2792888920590668,0.4772588755511385,0.2884803261914431,0.3982399709427053,0.2781792274644318,3.4155712536936327,8.951508012408015,4.834196017350635,1.127477658650111,2.0928455503979584,2.63227159596815,3.528819798453936,0.972506020086647,1.5017286268481542,141.573866,0.0,1.127477658650111,2.0928455503979584,10371.42857142857
LOG00006,Idle off,142.0,142.5,24.306311637080867,1.2286358134345294,27.90533319470919,22.7596449704142,71.0,1.3376427191054532,4.279704142011833,12098.098055790364,8371.42857142857,0.0,0.0,0.6919752884571364,0.7792608097431988,0.654106082416899,0.6454302230137486,0.665137258445179,0.5679736881495108,0.27517984267584367,0.379039796353863,0.38317737815870934,0.2357673835782761,0.3399796230589531,0.2543580990001115,5.355338398263414,6.787166353273651,4.291736120924704,0.5840991993527228,1.4694204622868736,1.8187062180825984,2.500887416462901,0.7369115311341528,0.9344727510572394,142.382838,0.0,0.5840991993527228,1.4694204622868736,8571.42857142857
LOG00006,Idle off,142.5,143.0,21.894674556213022,0.13656551773659792,23.29001517964028,22.79930966469428,71.0,1.2363830843456665,3.901400394477318,11218.927867004792,6128.571428571428,0.0,0.0,0.9764719177292517,1.1198625002370883,0.7617260739985051,0.9626797963520961,1.1554671815670081,0.6757989129037792,0.2533200878196846,0.4697658934052078,0.41793706706916706,0.30441467776395115,0.3213541498184599,0.29844962069421954,8.320671026060074,6.3611839194434605,7.138276346576722,1.021429792677579,1.493694106976017,2.6654336399827843,3.6260073075054384,1.0506163489949851,1.7486912510538646,142.999429,0.0,1.021429792677579,1.493694106976017,6271.428571428572
LOG00006,Idle off,143.0,143.5,23.584220907297833,2.4436827412248348,17.301886323412962,22.699211045364887,66.0,1.5934141216519433,4.40715976331361,11631.649760495915,5471.428571428572,0.0,0.0,2.804909826952372,2.569833175627285,0.870699146083489,2.8763758246753417,2.508607670035684,0.8160815544053537,0.3395117905854796,0.319487179728734,0.417098140772491,0.43565089989743966,0.5450019587739204,0.4345058550480889,6.648771874807303,6.874637780507252,6.782990613299508,2.1308218942493737,2.9351795412213244,7.536629814090321,7.2495664020513315,2.6899406766589293,4.313899939451835,143.499605,0.0,2.1308218942493737,2.9351795412213244,5828.571428571428
LOG00006,Idle off,143.5,144.0,29.860157790927023,1.0568786496249178,10.516406318113813,22.92485207100592,54.0,1.7536735805140014,6.125996055226824,13765.201465201464,10471.42857142857,0.0,0.0,2.1762530507742412,2.2602624355567578,0.9556261194380427,2.2041094659662575,2.251363767917926,0.886876789884146,0.47094486698741406,0.5427768119494554,0.484216042235155,0.4541126228210584,0.5741924062467098,0.40163766408151114,5.803179968536922,6.9621389676399215,5.813080307474867,2.3653327319775848,3.3096916737499917,6.651511373386944,8.611606314364904,2.2186554057123393,4.457221429281701,143.523282,0.0,2.3653327319775848,3.3096916737499917,11428.57142857143
LOG00006,Idle off,144.0,144.5,21.850295857988165,1.4643612791454694,11.706465715698904,22.811775147928998,79.0,1.3339959921826692,3.618461538461539,11256.854043392505,9157.142857142857,0.0,0.0,0.908193743722165,1.067570601967323,0.525490663455367,0.9309510575144248,1.0212950844887603,0.5969710797598438,0.7374773974178934,0.671117128056725,0.5524550395789048,0.2513912093989962,0.35658574389114317,0.2764875779184092,5.739989102137381,6.919373853595652,4.692942903543357,0.716430596565709,1.4869070081907336,3.9655817056643534,3.190221746665803,0.9910910317223524,1.5221539473367443,144.481215,0.0,0.716430596565709,1.4869070081907336,9371.42857142857
LOG00006,Idle off,144.5,145.0,29.752173913043478,1.760795391986815,16.762689816722435,22.741818181818182,121.0,1.7897982354706488,6.111739130434782,13709.966120835685,10557.142857142857,0.0,0.0,1.9250800215475603,0.9104376315576148,0.8562463442937815,2.3577340186317266,1.0807066033034638,0.8591884939841176,1.8110761263429864,0.6861059624144203,0.9128787967001428,0.3215898247538991,0.43878218463026436,0.2778451252916202,5.443734210649992,7.039043666532164,4.8384979587267045,1.2478417238471624,2.1234084838391554,9.482353070986433,4.8460488775207535,1.5057937724532193,3.153859569578642,144.984356,0.0,1.2478417238471624,2.1234084838391554,11371.42857142857
LOG00006,Idle off,145.0,145.5,20.814595660749507,4.452504556833179,19.58760822517819,22.671913214990138,105.0,1.6477375442758728,3.6020512820512818,11034.32657086503,7914.285714285715,0.0,0.0,4.598317043490819,1.4487846831707405,0.6713259702370142,5.346346212220697,1.6703876017646624,0.7691313811700178,2.308990597906312,1.1410163757837224,0.4901616051929787,0.3622708659509699,0.4409884155563886,0.3379669824410795,4.953953485307935,6.191629207783796,4.238798753000685,1.7025715006575672,2.291342175032599,11.834326429978262,5.912244506824905,3.4090685451196414,8.137039235868846,145.299066,0.16370808678500987,1.7025715006575672,2.291342175032599,8057.142857142857
LOG00006,Idle off,145.5,146.0,25.369822485207102,4.421305840289723,21.011108216724093,22.57443786982249,109.0,1.6602610117451326,4.834753451676529,12294.773175542407,8371.42857142857,0.0,0.0,1.967448209741574,1.0125703251895835,0.7100769258482565,2.4373030442201014,1.0526193420689705,0.7471132698077161,2.535048708630039,0.5602842126269771,0.5229973076066095,0.33093127845667175,0.41038174847216774,0.2868471699325031,5.795406916048688,7.609876290460146,4.913507724679728,1.2300017836738963,2.1493936901278707,9.119738222479214,3.7616354662128826,1.564632723911568,3.219878926439968,145.739068,0.0,1.2300017836738963,2.1493936901278707,8671.42857142857
LOG00006,Idle off,146.0,146.5,25.495266272189347,1.9418410909727513,24.707333466798126,22.683708086785007,60.0,1.508971643357135,4.570966469428007,12443.709495632573,10157.142857142857,0.0,0.0,0.9512788871518708,1.0887300146747514,0.5546943520066583,1.0215253578819325,0.9037933446585749,0.5779324484232152,0.4570951312208139,0.6039635406039112,0.19595004798498136,0.3054688205277125,0.354334596521757,0.290888370839704,7.574070298750762,7.960700515963723,6.962151628938139,1.0636041475135276,1.6976614611388288,2.9960526298692995,2.9489409057292475,1.0223171146945027,1.4902254519903932,146.487862,0.0,1.0636041475135276,1.6976614611388288,10594.285714285714
LOG00006,Idle off,146.5,147.0,21.958185404339254,0.7545699437061868,27.376478484246366,22.771065088757396,46.0,1.0779061579084508,3.6281854043392503,11288.630600169063,9900.0,0.0,0.0,1.1925733335884625,1.0366522061094312,0.48187181328464557,1.3223017839677866,0.954597017304475,0.48187224159516995,1.0329650027469006,0.5710037054210805,8.748296503890176e-06,0.2748896836756262,0.2663613578539529,0.2777218267050651,5.966590335889493,8.566024509032156,4.876613094949196,0.891803020535498,1.1479687413607662,5.062138535078181,2.851000723992389,1.1173358833443614,1.7487973811886608,146.867685,0.0,0.891803020535498,1.1479687413607662,10042.857142857143
LOG00006,Idle off,147.0,147.5,22.300988142292493,1.5388959044075974,30.111004796442955,22.813636363636366,40.0,1.1266146834267339,3.78693675889328,11357.248729531339,9571.42857142857,0.0,0.0,1.3152107654981364,0.833010992390456,0.5186134990525734,1.1898319977901461,0.6753950635841331,0.5186134990494896,0.8757042860292255,0.4730833312480753,1.1561221980413383e-10,0.2558251759728033,0.2820701158135338,0.21689599169901394,5.443267212089135,6.485602763122117,4.626466470272705,0.694993462122059,1.1775947939250404,2.921908521346044,2.321492636912964,1.1008375609338388,1.992580609181344,147.412263,0.0,0.694993462122059,1.1775947939250404,9714.285714285714
LOG00006,Idle off,147.5,148.0,24.143195266272187,1.6342995312751911,33.71180749397722,22.699881656804735,35.0,1.273857000796315,4.29802761341223,12047.21752606368,9114.285714285714,0.0,0.0,0.5848509426970967,0.6450462573168058,0.5057695207939054,0.5740505189521613,0.5736423747459799,0.5057695207939059,0.27817611888313903,0.3204993206518069,2.2008774821476435e-15,0.28019948171025955,0.35330010365032544,0.24925619283708952,8.58530188034186,6.4713909628161135,6.569954723974447,0.9550190613371577,1.6207916091235006,1.998520162579474,2.731942687562503,0.6156846998472925,0.8987773570848564,147.794059,0.0,0.9550190613371577,1.6207916091235006,9521.42857142857
LOG00006,Idle off,148.0,148.5,17.744575936883628,0.6380019721152425,35.148714495909324,22.914516765285995,37.0,0.9218512063269458,2.702189349112426,9875.22541561003,8371.42857142857,0.0,0.0,0.7676851176577885,0.5536965131775196,0.48833679077618825,1.055111964947568,0.5359694376708265,0.48833679077618825,0.6758113024164725,0.3522112751983512,5.523618053507111e-17,0.29945100997891383,0.2958185048490714,0.2977253361417188,3.767651700871184,6.070028856063511,3.2178308300152536,0.9069382812171936,1.1843026199527458,4.284277020198252,2.4438466784500217,0.6692982401658455,1.0460734147458846,148.325811,0.0,0.9069382812171936,1.1843026199527458,8514.285714285714
LOG00006,Idle off,148.5,149.0,22.228205128205126,4.102745188311162,34.97027781720974,22.80248520710059,35.0,1.5535439737834922,4.064437869822485,11241.089039165961,8628.57142857143,0.0,0.0,1.351226209296355,1.1118678186826638,0.4454707597542987,1.451708267716549,1.004573849177885,0.44547075975360895,0.8461694485236199,0.5218686585703527,2.573869272289337e-12,0.2994896504228657,0.3461142926529033,0.2862824403894966,6.207896464969349,6.6385821749874605,4.688629423709008,1.1179118335189782,1.65033521470393,3.4415376591817317,3.2243526023284135,1.2373484381756705,1.8082246106901392,148.834872,0.0,1.1179118335189782,1.65033521470393,8765.714285714286
LOG00006,Idle off,149.0,149.5,21.38481262327416,1.5218805565486444,35.43856975817864,22.864911242603547,24.0,1.3131354473992973,3.1564694280078895,11156.480698788391,9571.42857142857,0.0,0.0,0.7667622670750783,0.7462934180130015,0.5183673165320243,0.8990376555383766,0.6780116563827611,0.5183673427784362,0.6368257643410794,0.3899086197896315,2.0653935186115259e-07,0.30358456109629584,0.27359720867653803,0.25072733195197805,5.359271160224849,7.954954312519203,4.381406209348385,0.932867497644322,1.160167190400981,3.3293862232060376,2.345418127604092,0.7565970658083612,1.1237543990746304,149.030209,0.0,0.932867497644322,1.160167190400981,9742.857142857143
LOG00006,Idle off,149.5,150.0,23.200986193293886,2.4040849140517295,34.29969032285357,22.848185404339247,4.0,1.3624958738212052,3.9550690335305725,11663.553113553115,9900.0,0.0,0.0,0.6677132324700995,0.5195770024856198,0.4028048267961703,0.7037543906904459,0.5189580410450361,0.4038864024203252,0.44009595060158274,0.01079971854951171,0.010648463966410848,0.2600568045556523,0.28716505358186173,0.22950401754471303,8.047939932860562,6.639966072960898,7.089450580886754,0.8620483963934099,1.264332342958279,1.834901606442548,2.1446690939822037,0.5982479512407924,0.9806343162279377,149.999988,0.0,0.8620483963934099,1.264332342958279,9985.714285714286
LOG00006,Idle off,150.0,150.5,24.899604743083007,2.743630755986471,33.900117311728565,22.695988142292485,65.0,1.3997580830142562,4.542430830039526,12135.615471485036,10471.42857142857,0.0,0.0,1.0129573865249004,0.8869827268719528,0.8204930720218745,0.7732271063880746,0.9199869424873662,0.9530320377177802,0.5525100843742942,0.456458846864973,1.3331242672418209,0.2843452028349724,0.32772167205855773,0.2724843633144548,11.023544282688562,6.698184898148735,8.845868063450729,1.00792159638549,1.3449319821311034,5.070647143175404,2.501778023852718,0.9520559397127256,1.9246129184143907,150.499182,0.0,1.00792159638549,1.3449319821311034,10714.285714285714
LOG00006,Idle off,150.5,151.0,50.75680473372781,9.628168324932423,31.45239100403641,22.303826429980276,131.0,4.907366510170172,15.007869822485207,19542.892364046213,12757.142857142857,0.0,0.0,1.827364088833467,2.5541944033805204,1.7896999592354534,2.180458678655247,2.5665295222572073,2.074359891445271,1.1519838971801677,1.4436100155714984,1.8766846364677603,0.46908950390645754,0.78045884458476,0.5010963941254369,4.024317064589569,4.6540580733204395,8.239818227016025,2.0024483078287547,4.1768116714012855,6.814823152192634,12.591049073261766,2.2207170647584245,3.2438726342154105,150.666896,0.0,2.0024483078287547,4.1768116714012855,14057.142857142857
LOG00006,Idle off,151.0,151.5,29.80197238658777,3.7407289809477238,22.536484347596325,22.55355029585799,97.0,1.923413475004334,5.465226824457593,13968.864468864469,9542.857142857143,0.0,0.0,1.2784260588810803,0.8879795786039507,0.7401640385552427,1.2620935550886518,0.8473773643436048,0.8364422849679556,0.5222929756438546,0.35288719887119935,0.6583060255866071,0.38231348416042293,0.3747345382259865,0.29420730711910165,3.6031903966459553,7.535309835458704,9.43227684215908,1.694041449265235,1.9401126396193322,4.199887290682676,3.584978522378783,1.100654559806087,1.8878652287575461,151.102951,0.0,1.694041449265235,1.9401126396193322,9722.857142857143
LOG00006,Idle off,151.5,152.0,22.657790927021694,0.799478042050213,28.149879612852168,22.818303747534515,77.0,1.0102241699798369,3.7863905325443783,11594.096928712313,8571.42857142857,0.0,0.0,0.7108319137835155,0.6525694456860659,0.673326497193661,0.6061452112415978,0.5862661319676968,0.6947939976521176,0.35428913470975043,0.42948601725270485,0.4347185965645029,0.23073619803247225,0.3098617511587278,0.260111168869654,6.676922176024356,7.264616821830249,4.785237792122899,0.6726316010889898,1.2143191130076145,2.086870764038544,2.8374781146789574,0.6823228308858479,0.9575725769725203,151.649498,0.0,0.6726316010889898,1.2143191130076145,8671.42857142857
LOG00006,Idle off,152.0,152.5,31.279092702169624,11.975189537656876,34.60351933177369,22.65806706114398,60.0,3.072673093980934,6.952820512820512,14070.886165116934,8142.857142857143,0.0,0.0,2.1733125699019236,1.9606746910491144,1.154764964296103,2.6752353125921955,2.8571071934774204,1.513567512805266,1.4421206137672393,1.7868897448617016,1.7045283672389016,0.5019655932680327,0.7802783954920687,0.5125998653588388,4.91260460002215,8.211783100745286,6.232554043951578,2.399300452485242,4.7412552740781555,7.109456990391379,9.086479107118585,2.069726161913001,3.7115667366190483,152.262139,0.0,2.399300452485242,4.7412552740781555,8342.857142857143
LOG00006,Idle off,152.5,153.0,34.15158102766799,15.932079388040775,44.378942808003494,22.63215415019763,52.0,3.0305056887108925,8.596699604743081,14760.403726708077,8300.0,0.0,0.0,2.02342821243991,1.8862925112055275,0.8381303635422235,2.091983713651247,2.141547924763008,0.9400283279119825,1.1449649762701946,1.8327422836734901,0.44486371333051045,0.4310743933383295,0.8138799085435858,0.6273736265067323,4.821571201708881,8.189386181256381,6.69461554247163,1.9528346669028251,4.529230179049546,4.929543108333367,7.633786973534973,1.9560625205662299,3.315195745170947,152.827426,0.0,1.9528346669028251,4.529230179049546,8471.42857142857
LOG00006,Idle off,153.0,153.5,27.849704142011834,2.875883349628976,61.53252577831585,22.676548323471398,49.0,1.3496847173084032,4.0921893491124255,13641.765285996054,10257.142857142857,0.0,0.0,1.1124983213519033,1.197342927945966,0.5104543483812551,1.0548089786519055,1.1669633813869824,0.5106154327514841,0.3493525616674329,0.5488794798300093,0.0012723936824458775,0.32559470916365296,0.3989793116354654,0.28771596517108133,6.766726553097925,8.433577746836722,7.188551202695055,1.3619901644409604,1.9643081230682766,3.2502465389724766,5.2082850096377555,1.1556994856174814,1.7979713851007604,153.011909,0.0,1.3619901644409604,1.9643081230682766,10471.42857142857
LOG00006,Idle off,153.5,154.0,49.892307692307696,13.301497001661396,67.3718588560615,22.28913214990138,49.0,4.396018059029595,13.915818540433925,18923.47140039448,11400.0,0.0,0.0,1.4802873314779248,1.7100823465173127,0.889797403033745,1.482678426180893,1.8769509430941442,0.8897765862805715,0.3190426484869308,0.9643358943742005,0.00036726646959670033,0.4832656036053348,0.7364587775589589,0.4424634980139953,4.314276970443375,5.160541771731785,7.907811446140477,2.2922227301241933,3.701556234797339,4.154320960517859,7.280787178110541,1.5993173880759557,2.8111437593994095,153.99254,0.0,2.2922227301241933,3.701556234797339,11714.285714285714
LOG00006,Idle off,154.0,154.5,26.797238658777122,18.035292823982356,82.67035059840236,22.612978303747532,101.0,4.375263478655875,4.934753451676528,13482.523245984785,6314.285714285715,0.0,0.0,1.826233966415249,2.0428198094391763,0.6615158610374937,1.5563367289953811,2.7742754972854606,0.6472565118817408,0.8423431850463365,2.64736251667567,0.4289694221497173,0.41705640599350485,0.713952156497103,0.4177510216302071,3.5439533879838345,6.031244732849486,4.221920706965825,1.844534528299417,3.810591151870103,5.785617752761159,9.554989815523271,1.9375555829350906,2.894864673627825,154.075411,0.0,1.844534528299417,3.810591151870103,6514.285714285715
LOG00006,Idle off,154.5,155.0,28.750690335305716,5.481071473156628,74.80077395043529,22.575285996055232,107.0,1.373625588584508,5.1216568047337265,13584.213863060018,7314.285714285715,0.0,0.0,1.5435507024082813,1.5023713806758465,0.8272363912419587,1.4244501032930008,1.3461347583900156,1.0235151167682004,0.560237552247908,0.5484155871030894,0.846727883392706,0.41056747300415136,0.7126123786945919,0.37690784783294506,5.844979087553334,6.34794464495937,6.335254111351461,1.9115939811349985,4.215157699432146,5.40691353767977,5.869891080912417,1.523100216069013,2.353538937467384,154.600255,0.0,1.9115939811349985,4.215157699432146,7851.428571428572
LOG00006,Idle off,155.5,156.0,26.303754940711464,3.798611891675998,54.208721193678365,22.665889328063237,159.0,2.5290627625273294,5.393893280632411,12193.619424054208,4700.0,0.0,0.0,4.557944432909262,3.551750837054367,1.7146668067260724,4.584235058503088,3.5523093506450723,1.6448966770022693,0.879470868833541,0.43515809060474614,0.6227282890829137,0.5960914729047398,0.6700709720939886,0.516369622404531,5.939974565071676,5.91674928406459,7.629410845217887,3.109251692848467,4.027846951687263,14.109957799047773,11.326627482113864,4.085938782091878,7.0932654792790615,155.993249,0.0,3.109251692848467,4.027846951687263,4828.571428571428
LOG00006,Idle off,156.0,156.5,22.970808678500983,1.5435096463854188,29.718846644145057,22.734694280078894,38.0,1.6291212493471634,3.969783037475345,11542.75147928994,8600.0,0.0,0.0,5.066986406746056,3.6295478062305504,1.2068056997684034,5.045391833301013,3.739529420078486,1.2872356492270667,0.46902079103985816,0.43468908543068624,0.4191702714390688,0.5590915238044536,0.7621968464654043,0.5158958543944898,4.6072369344230815,7.043840161231508,4.923126448825605,2.7614715957215474,4.4349577333808865,12.357511350794296,10.863779096265972,4.407264941200059,8.589002685573266,156.499343,0.01775147928994083,2.7614715957215474,4.4349577333808865,8842.857142857143
LOG00006,Idle off,156.5,157.0,31.897435897435898,4.464982460891462,15.513525884950726,22.603313609467456,33.0,2.3303237875068694,7.127278106508875,14154.459002535927,8271.42857142857,0.0,0.0,9.45116243150278,7.58167944458299,2.2310173959942916,9.512743880977766,7.48476145430475,2.367062874538411,0.5415755677532537,0.554551807618793,0.46973374934521467,0.6068057676012848,0.9950849165989702,0.5682216328915372,6.759670597248276,7.8707939320697315,7.584957137327645,3.2769650142117577,6.340830414423382,20.086106554745736,17.312648862923535,8.567564838011494,15.684962729846282,156.605889,0.5936883629191322,3.2769650142117577,6.340830414423382,9012.857142857143
LOG00006,Idle off,157.5,158.0,16.11913214990138,4.390995003032763,11.006104803371064,22.747790927021697,20.0,1.425019612093702,2.5616568047337283,9441.279233586925,6714.285714285715,0.0,0.0,1.2607328053077698,0.6666630168531209,0.47705200856599006,1.542145442320886,0.6059035847554289,0.4727711578547083,0.9893984423521566,0.3076913598199655,0.4345559372540254,0.26443468888348143,0.40606818112849125,0.279134543163932,3.2330266106252665,5.963905310867791,3.715597457930012,0.8484032914059527,2.088007630815591,3.6679216070122567,2.9549543861222487,1.0084361121109513,2.244028435147902,157.543108,0.0,0.8484032914059527,2.088007630815591,6842.857142857143
LOG00006,Idle off,158.0,158.5,22.506719367588936,11.252186186716516,12.76756444064333,22.646936758893283,29.0,2.248528211087944,4.664505928853756,10874.68944099379,6400.0,0.0,0.0,0.6579139116554296,1.0156139294093163,0.5841793831395738,0.7011220830690269,1.0624340781489794,0.6063457489458254,0.4366740660169218,0.19841284719646476,0.19333607035647063,0.3494467842192629,0.5497282372946692,0.30745614300797686,3.2196618794520444,4.437360826553606,4.672895362208253,1.5141619494148426,3.1647867970367374,3.1560219118853396,4.192973606879036,0.8556641773382768,1.7271338902726554,158.433969,0.0,1.5141619494148426,3.1647867970367374,6514.285714285715
LOG00006,Idle off,158.5,159.0,29.765680473372782,8.71036278252681,20.15000271426071,22.720848126232745,27.0,2.39957602252786,5.848678500986193,13860.925612848689,8942.857142857143,0.0,0.0,1.508159278775954,1.0687492945829276,0.5525429673522683,1.9592700960922318,0.9664824683592382,0.5565758203634801,1.006752580681629,0.44240841797410047,0.10383802381344442,0.3243209694294051,0.43742174191907435,0.28518170783803654,3.377917246088054,5.764401756796946,8.626285180923146,1.3432222451049216,2.3967418724370857,4.875976612843225,4.44071177904359,1.3070519241463805,2.491441267980833,158.655941,0.0,1.3432222451049216,2.3967418724370857,9247.142857142857
LOG00006,Idle off,159.0,159.5,26.564102564102566,10.08417694157962,23.444028869424987,22.538382642998027,17.0,2.2108138086880564,5.8638067061143975,12314.884474499859,7914.285714285715,0.0,0.0,0.8923142026208468,0.7933023349516931,0.622158136626899,1.0528215191451247,0.7276566134247797,0.6152589932575142,0.48387205830164665,0.36013387613758285,0.10909029856364184,0.4467051493907281,0.507306695587212,0.3784377518156971,3.962194109697664,5.400389297332876,5.4445735495072345,2.225881692164823,2.996125056255676,3.9757648464664532,4.409063643118908,0.8442609877397766,1.674949463884774,159.482675,0.0,2.225881692164823,2.996125056255676,8122.857142857143
LOG00006,Idle off,159.5,160.0,23.094871794871793,4.981066057221454,26.811252456141165,22.71581854043393,16.0,1.731344031799678,3.7958185404339253,11847.19639335024,8271.42857142857,0.0,0.0,0.9581692328996858,0.5523999036902087,0.4569405514392414,0.884382255534923,0.5202719137268041,0.4570635336822165,0.2857335156646356,0.16968959960579125,0.0035830995777846996,0.28468389375889164,0.3869622779901074,0.2822500163593043,3.5484982638923044,7.499206868599929,4.684167226187914,1.0833494330273146,1.9944238455024395,2.611988745592253,3.0518206807503647,0.7820594390685802,1.688044460917462,159.517204,0.0,1.0833494330273146,1.9944238455024395,8571.42857142857
LOG00006,Idle off,160.0,160.5,23.818145956607495,6.032527389128885,28.04552168869972,22.594181459566077,18.0,1.6254413445555191,4.536528599605521,11601.894899971823,8142.857142857143,0.0,0.0,0.781151842114592,1.0051258344226608,0.4327372688476563,0.7285609608363081,1.0298589525482342,0.4327372703489285,0.47358150844896263,0.6984880638874421,3.968052754726806e-08,0.31631879130647433,0.3955900833822087,0.2960112688455735,5.120220229646708,6.904029612861396,4.98075304849864,1.3439009717663581,2.0439369989440586,2.414616895793549,3.6479709850398083,0.9001322523559719,1.4903242696800751,160.486988,0.0,1.3439009717663581,2.0439369989440586,8242.857142857143
LOG00006,Idle off,160.5,161.0,27.697633136094677,3.5414862099788063,32.31355684238322,22.60714003944773,25.0,1.6875716300172887,4.93836291913215,13229.670329670327,10800.0,0.0,0.0,0.9765990944383005,1.0848256582760762,0.5227648924020512,1.1798826212647058,1.0572280145391197,0.5227648924019785,0.5827385742977154,0.39522728934351997,9.092745337214128e-13,0.31096053493013937,0.3902084213583721,0.26838313124269025,6.055355524021218,9.665555703894071,6.777198393658794,1.2509816063136965,1.8235302319447186,3.933119373714653,3.9799794831620092,1.0321318956683376,1.4327420998275828,160.500799,0.0,1.2509816063136965,1.8235302319447186,11014.285714285714
LOG00006,Idle off,161.0,161.5,23.890909090909094,4.097685209327271,34.61782460939999,22.739367588932808,43.0,1.2471932370773875,3.815079051383399,12017.003105590062,8000.0,0.0,0.0,1.323926177861314,0.9066595253607214,0.6167639162873655,1.2376940476253058,0.7409204781105362,0.6167639163016778,1.0222562163367916,0.5545488221036744,3.4181965011129943e-10,0.3083942552108134,0.35894285449692775,0.2773191141070988,7.0894290295124005,10.950668642907521,5.509605932296196,1.075626880888183,1.717360033549666,3.447803906642042,3.366599485365264,1.134639153950232,2.166269360967972,161.448879,0.0,1.075626880888183,1.717360033549666,8371.42857142857
LOG00006,Idle off,161.5,162.0,21.853254437869822,5.095816075923469,35.238646490986035,22.690611439842208,47.0,1.4814640614801133,3.7731755424063116,11082.833192448577,7814.285714285715,0.0,0.0,0.8861453499575312,0.6686295001411046,0.5812044049282014,0.8568814951290081,0.6132576389396742,0.5812024105180554,0.7073143079717464,0.14456402612882815,1.4061168335346203e-05,0.306320211048668,0.39844193608339784,0.2736158824661288,4.952627224897513,7.005788560271302,4.486669840505918,1.0240237298029269,2.0324761510925704,3.5434747096249297,2.610100242167288,0.7849582758689468,2.110852251298662,161.50018,0.0,1.0240237298029269,2.0324761510925704,7914.285714285715
LOG00006,Idle off,162.0,162.5,25.97534516765286,2.054619951513928,36.91316324076446,22.64246548323472,50.0,1.389296164667707,5.015936883629191,12560.333896872358,9828.57142857143,0.0,0.0,0.7825068040706669,0.6403068146753329,0.47315268089236023,0.6837137833303499,0.5641734668464146,0.4740740361549534,0.36772413806829185,0.3273519443855694,0.26541983921664525,0.2966939884549641,0.347661597757769,0.2587300243784573,7.733026488694393,10.833469279178571,6.042941283082887,0.9747095965872836,1.5234148835419852,3.076602547407449,2.5220917401161542,0.7149509477357737,1.0731183956324872,162.027987,0.0,0.9747095965872836,1.5234148835419852,10042.857142857143
LOG00006,Idle off,162.5,163.0,20.497041420118343,0.780766783032891,37.97635568729913,22.76869822485207,78.0,0.99185403341381,3.3341222879684413,10807.47393632009,8485.714285714286,0.0,0.0,0.7786750697153739,0.664413351530872,0.5953577692361786,0.6414212934249367,0.5756645475766988,0.523992354731158,0.37580370270217434,0.2504552417952182,0.555304929794339,0.2696646853557129,0.3340323649674098,0.281573955684612,6.046431780348112,9.433597453637425,5.48541094638487,0.8407351652317561,1.5776115716984214,2.0750228724292503,2.2510133593526764,0.7238024474567385,0.9222023500433486,162.733374,0.0,0.8407351652317561,1.5776115716984214,8628.57142857143
LOG00006,Idle off,163.0,163.5,22.652859960552266,2.7550431981697603,36.45151379306379,22.685897435897438,136.0,1.656539100031222,4.156331360946746,11333.0022541561,7757.142857142857,0.0,0.0,1.0959399215196577,0.909592354779137,0.9498726790667383,0.9861417401580358,0.6973322223752704,0.7955522392601886,0.6956444737619218,0.5710284460737933,0.6098932103707053,0.3165444988756865,0.4463943512058824,0.3257910760268762,8.764397175600875,9.071105156050649,9.785257933919086,1.1433717385795639,2.29362154187929,3.8973515510441232,4.129558625067554,1.0070855384358295,1.6458099515103086,163.330241,0.0,1.1433717385795639,2.29362154187929,7914.285714285715
LOG00006,Idle off,163.5,164.0,30.701383399209483,2.2238062621865744,28.723358979093344,22.615395256916997,140.0,1.9261270023117436,6.449189723320158,13879.77131564088,8271.42857142857,0.0,0.0,2.7667536166179936,2.235601834826752,1.0282237945036476,2.9478497520830516,2.132270508767079,0.9788277809361211,0.753989985116525,0.362227711540866,0.5394867175686088,0.44978416150874767,0.7119869930671797,0.37723539560164804,5.159251534411523,6.619988606444856,9.814963556810529,2.1361556880027632,4.328644112699226,7.589518463897034,7.891181849896902,2.5152376765376947,3.519890950134291,163.808719,0.0,2.1361556880027632,4.328644112699226,8442.857142857143
LOG00006,Idle off,164.0,164.5,25.317554240631164,3.7970282595814226,16.050226804837678,22.66013806706114,74.0,1.9115874812458389,4.391183431952663,12396.970977740208,9314.285714285714,0.0,0.0,1.3976211495832906,1.5816828745075793,0.9547673631482373,1.6443621373343702,1.5834625943551668,0.9528195379778969,1.3100422263149154,0.5809219267953213,0.9218833963624746,0.3799971650872926,0.4582158556765726,0.3469689833332285,6.514490418676225,6.60387073287521,6.016126438959507,1.682262991523245,2.2794272116601566,7.203166080128187,5.866529942821371,1.4924921429061317,2.3517378669403795,164.00016,0.0,1.682262991523245,2.2794272116601566,9528.57142857143
LOG00006,Idle off,164.5,165.0,26.879684418145956,2.185942513787505,19.18158200267579,22.58331360946746,19.0,1.6884596886130896,5.086449704142011,12859.784446322908,10114.285714285714,0.0,0.0,0.9508880625580348,0.624053514289169,0.661219678061433,0.825536749352836,1.0150167224234075,0.6303589820363903,0.7128920430984498,0.6220347158902617,0.2867165476051859,0.34076676524860755,0.45319656965086846,0.2832522220921112,5.7468111474377315,8.02666960868632,5.3392442142881436,1.3613112789109123,2.3038450946991076,3.7768107978506604,3.7088305519552076,0.8042483746368512,1.2100669637548023,164.556521,0.0,1.3613112789109123,2.3038450946991076,10328.57142857143
LOG00006,Idle off,165.0,165.5,18.0698224852071,2.284795936931669,27.759657638813458,22.782978303747537,65.0,1.1785001526785142,2.816765285996056,9997.140039447731,8142.857142857143,0.0,0.0,0.8682326967399937,0.7110499537560822,0.4242828810000619,0.7972156252193786,0.6762065856387718,0.42428198147624663,0.5933304248995737,0.47945640552569374,2.7432919974398478e-05,0.3120358798618025,0.32911748568146215,0.289972658883307,6.384035455136375,6.4822084738866605,5.343644729327658,0.955974552613728,1.2106621209750354,2.6923076923076925,3.8699265317246976,0.7935427059789943,1.2113249693435757,165.200739,0.0,0.955974552613728,1.2106621209750354,8271.42857142857
LOG00006,Idle off,165.5,166.0,26.719526627218933,5.3028065001365645,31.80039192908285,22.75437869822485,63.0,1.9881101283572815,5.262209072978303,12577.613412228797,8785.714285714286,0.0,0.0,1.5851009239104827,1.6667915381744172,0.6205965558266612,1.4472226514407376,2.4128091970681522,0.6205965558355303,0.4608975344618691,1.6995287330047297,6.610471721336691e-10,0.374371939926191,0.4699926308343144,0.34088322983359237,5.0517662718912275,5.997050532942076,4.225377043581999,1.6890898217331793,2.5725924212515525,4.007635710019176,7.494639767630485,1.6264591865017248,2.492211474471966,165.793659,0.0,1.6890898217331793,2.5725924212515525,9100.0
LOG00006,Idle off,166.0,166.5,21.528458498023713,3.167576035390025,35.28872620768093,22.55893280632411,28.0,1.423125084301959,3.7020948616600786,11118.068887634105,8542.857142857143,0.0,0.0,0.9324118454047953,0.7871640749143024,0.5069136885037481,0.9186366345429258,0.8075816086266936,0.5069136899216139,0.645961868383148,0.5896030801408766,7.284332535070654e-08,0.31232732937462643,0.44821682335326235,0.31213586197325016,5.162205665192842,8.040609251953581,4.819120345354796,1.2982027188460965,2.239944804412267,2.580329972464456,3.3255508622707013,0.8628496770257452,1.2369461246873612,166.310613,0.0,1.2982027188460965,2.239944804412267,8671.42857142857
LOG00006,Idle off,166.5,167.0,26.44674556213018,2.4565502864820052,39.45316993653567,22.59165680473373,40.0,1.6041795886951855,4.826646942800788,12682.713440405749,10257.142857142857,0.0,0.0,1.1979609734652699,0.8891831116353663,0.5843672322079061,1.3147247453653557,0.8311409228834381,0.5844999449113334,1.0263524942890816,0.36154651696309437,0.003966864753855178,0.34815289909639396,0.46374790487681206,0.2895477847792602,6.6004552869445385,10.24212369889665,5.696755525376104,1.3129373733804588,2.378604957677085,4.309981076945604,3.6232865092627065,1.0549305901251063,1.5002821261819976,166.578955,0.0,1.3129373733804588,2.378604957677085,10657.142857142857
LOG00006,Idle off,167.0,167.5,12.186982248520708,9.251665885796287,42.47744950620874,22.77132149901381,41.0,1.6715762147681346,2.54163708086785,7514.2786700479,3342.8571428571427,0.0,7.6923076923076925,1.6185860452649612,1.381908640890932,0.79508992462084,1.1111857173493358,1.135048051151227,1.0144831951348598,0.9512372821884906,0.5832750978512472,1.355115674566609,0.38271757834865855,0.4912179616863908,0.3769123143303719,3.2098905253378267,4.926396434935082,3.43168377197492,1.6518988753085089,2.85754267030173,3.45126681141147,4.153133842059412,1.5049073522472223,3.3448872932514138,167.499409,0.0,1.6518988753085089,2.85754267030173,3528.5714285714284
LOG00006,Idle off,167.5,168.0,48.956015779092695,21.70337820584856,52.208666878406994,22.252228796844182,98.0,5.142928375590967,13.279526627218937,19061.298957452804,8242.857142857143,0.0,0.0,2.5959143027114466,2.8718497356684267,1.3720169740978296,3.0902399949269372,2.9502033435591004,1.7207756852202343,1.7744089677664792,0.8632878468614544,1.5984848079218714,0.7046713780575061,1.065326217434462,0.48037945481212385,4.008558117863385,6.514021271589134,6.455613727272843,3.1239420895252303,5.458550512130599,8.484584001615717,9.332452762067057,2.7373611354076632,3.701652828250568,167.583266,0.0,3.1239420895252303,5.458550512130599,8514.285714285714
LOG00006,Idle off,169.0,169.5,19.116798418972333,1.9339423034007182,18.93423678407342,22.778458498023717,69.0,1.3332483542700582,3.0686956521739126,10332.213438735178,6985.714285714285,0.0,0.0,3.8274751710924506,3.6081905616164356,0.8794423499217257,4.338624664303508,4.1350109016545025,0.8852562584482996,1.5665411002076437,0.8527216921840332,0.05008759918285161,0.6055916580680856,0.6939793940268049,0.4502964315014172,4.9588344076168855,6.397789051672406,5.303257841482677,2.8772159464075613,3.970745600837703,11.27845544887477,9.519067613025125,3.719449241101908,6.02793541472177,169.000939,0.0,2.8772159464075613,3.970745600837703,7153.571428571428
LOG00006,Idle off,169.5,170.0,24.871400394477316,5.386691047870385,10.032997511517326,22.571380670611436,55.0,1.729748991689045,4.954556213017751,11962.080867850098,7042.857142857143,0.0,0.0,1.8660325301990457,2.211316372961056,0.7742119344603507,1.924189816298083,2.1296205878867087,0.7742106109704628,0.3396729498510469,0.3859480711883814,3.9596662936519175e-05,0.4114288857417086,0.6833328931109162,0.3207066101835093,4.960250508747119,6.856929561573528,5.38352465544798,1.8466345038334508,3.946882531595612,5.264971139952857,6.696432563162143,2.0459713469507204,2.732484694005879,169.842466,0.0,1.8466345038334508,3.946882531595612,7214.285714285715
LOG00006,Idle off,170.0,170.5,23.681656804733723,2.307897173933822,10.212362323209296,22.665226824457587,33.0,1.477314429594851,3.983589743589744,11793.31501831502,9171.42857142857,0.0,0.0,1.461616617864597,1.1804729010266486,0.57194446897999,1.372977200640095,1.0108729038471251,0.6162596781397458,0.6917109165776525,0.4428481416276716,0.21320574345747875,0.27219323726249656,0.3606357853844844,0.26785646022985016,5.452959368930394,8.479100881871656,5.210829403006254,0.8268610955767091,1.4014488832590806,3.6221976177251904,3.0440552211399043,1.3285028053557535,2.3077397647170477,170.097985,0.0,0.8268610955767091,1.4014488832590806,9280.0
LOG00006,Idle off,170.5,171.0,24.628007889546353,3.2560434745898306,15.228025175731904,22.785424063116373,35.0,1.5169550771681541,4.311577909270216,12159.67173851789,8785.714285714286,0.0,0.0,0.8063351568270837,0.9472709297056732,0.5282238800716592,0.9090991234625627,0.9192784911676563,0.5398234869860463,0.6340288226745859,0.6093835652063768,0.3491702288413291,0.3189448709726403,0.3178093183326673,0.27347298684439175,6.951482564986024,7.851576000322761,6.212501807314493,1.1528520212648796,1.3482729674032257,3.3857806851782697,4.034613551367187,0.8796302062232766,1.1701948539496652,170.904008,0.0,1.1528520212648796,1.3482729674032257,9047.142857142857
LOG00006,Idle off,171.0,171.5,21.9974358974359,2.69192182827066,18.764397819045858,22.72923076923077,36.0,1.2976310089063334,3.9129388560157783,11149.056072132997,8628.57142857143,0.0,0.0,1.2397739849766847,0.8075297283274449,0.5136422356451658,1.2295153754949453,0.7948257868187263,0.5615717819946277,0.5811894504349562,0.27157917793368536,0.17687637125685307,0.2366628483677322,0.3595445076642931,0.22405286653810014,3.525054786055132,8.75221744603976,3.6028105289734422,0.6314487014086057,1.5343237283242925,3.223128939057655,2.5774014098726283,1.0462179017674966,1.7826120075859533,171.317379,0.0,0.6314487014086057,1.5343237283242925,8800.0
LOG00006,Idle off,171.5,172.0,22.51422924901186,3.3953460211841993,21.214013939563827,22.69790513833992,9.0,1.4356015979950334,4.030454545454545,11356.818181818182,9371.42857142857,0.0,0.0,0.8356183883309566,0.8449925379193334,0.7087632836984908,0.724616191854348,0.8150358994442528,0.688293812733571,0.33343397354609006,0.4417823520077657,0.3344090597667036,0.2634249759607186,0.30641458375688346,0.2392113349868309,4.857592073069185,7.015931210236604,4.523425786732603,0.8854357126587021,1.419884912356761,1.8866076798183047,2.543689393622047,0.8403185348593056,1.1094992895112572,171.971471,0.0,0.8854357126587021,1.419884912356761,9542.857142857143
LOG00006,Idle off,172.0,172.5,21.347534516765286,2.1736563412449157,24.487556612781837,22.609783037475346,25.0,1.3898757459142923,3.604556213017751,11100.838264299802,8942.857142857143,0.0,0.0,1.62131659661818,0.6743430186157571,0.5134608503891833,1.5665795290880835,0.6301723559918762,0.5654304674761297,0.7338343318142849,0.2269388659458887,0.3678724062270724,0.2448811334287458,0.2888972160373171,0.24626742998534948,4.0668020440685595,5.702706486368418,4.026870340946434,0.6742694514430984,1.2080936643933644,4.138623578945677,2.0162065264740243,1.2416533359245991,2.53062870359297,172.162865,0.0,0.6742694514430984,1.2080936643933644,9314.285714285714
LOG00006,Idle off,172.5,173.0,26.43234714003945,3.8052360652960657,27.82472794619892,22.692209072978304,12.0,1.6448703153560769,5.169349112426036,12573.753169907017,10185.714285714286,0.0,0.0,0.5532630232231649,0.600386279241463,0.5638439535157154,0.49212565869649644,0.6262128181827751,0.555039036213582,0.31750058635861605,0.16384591965113343,0.2216337048306242,0.28024642510961795,0.3265172097715859,0.2579142173066051,5.3408243318362985,6.985748096450421,4.3830051521865965,0.8766410906106309,1.5435730850787475,1.5607361839521232,2.474724298791602,0.5773056630449092,1.0167397556033433,172.999472,0.0,0.8766410906106309,1.5435730850787475,10328.57142857143
LOG00006,Idle off,173.0,173.5,26.04102564102564,1.135118677307063,32.658503389238454,22.667633136094675,27.0,1.5135575971226662,4.484437869822485,12623.450267681037,11314.285714285714,0.0,0.0,1.0138519862331143,0.9431650963535989,0.605191573700089,0.8615495140142457,0.9084866413285775,0.5868263603765346,0.3413964307078939,0.22296597322348363,0.1294112794853712,0.2791819621164023,0.3144865035356037,0.23758158807210913,7.717583322107628,9.91834561887215,6.605794332283678,0.8785805435510732,1.2891138073501114,2.4997041245033724,2.9071767281332597,0.9791466307373282,1.4726744343865699,173.365487,0.0,0.8785805435510732,1.2891138073501114,11371.42857142857
LOG00006,Idle off,173.5,174.0,20.001577909270214,3.076127697734026,35.54230287508444,22.74881656804733,30.0,1.1241412594023485,3.2253451676528604,10712.73598196675,7657.142857142857,0.0,0.0,1.755764113376606,0.6048564264735957,0.5055111395819346,1.7214372573354915,0.5591530863171208,0.4737041441442017,0.9282436274455824,0.1860359648106076,0.14021069492771154,0.2680974507956279,0.26942664620860934,0.2155146245127536,5.123340924203364,6.229675257215392,4.4029414148367385,0.621833510233616,1.0524986368780904,4.611536857637496,1.7930393576458552,1.313118219824009,2.9430520574333885,173.945586,0.0,0.621833510233616,1.0524986368780904,7914.285714285715
LOG00006,Idle off,174.0,174.5,19.515810276679844,2.646211968491353,36.53393645017772,22.649762845849803,37.0,1.1596505960869778,3.486383399209486,10314.71626199887,7685.714285714285,0.0,0.0,1.2263357245923385,0.7878990996786449,0.43827089485348886,1.0243307004367976,0.8777538971232073,0.4384727617017312,0.7999103815949762,0.5094361961937174,0.005891690496272788,0.23821145939831603,0.3185209170222229,0.21171723946442866,2.6442013343641144,6.317586093110051,2.5899369245288146,0.6218714424909806,1.2992981472586325,2.5104524575267257,3.2842900701402935,1.0306998352298877,3.0262681528403417,174.037336,0.0,0.6218714424909806,1.2992981472586325,7785.714285714285
LOG00006,Idle off,174.5,175.0,27.851084812623274,4.120049334108666,37.53694433434093,22.54321499013807,34.0,1.849991401446181,5.357061143984221,13051.26091856861,10471.42857142857,0.0,0.0,0.8541888638985515,0.9805189272024663,0.5590917903719719,0.8965309557692045,0.8810574412212342,0.5590944608139887,0.31685454122104656,0.3501552035359096,1.3263115790985871e-05,0.34142937784183314,0.3782165924492172,0.24488674547569467,4.417225433142283,7.858703859250478,4.171495173693475,1.4342664288967288,1.8611818411996062,2.7145600549468814,4.0426717979910505,0.9195259598865533,1.2700989365200652,174.540483,0.0,1.4342664288967288,1.8611818411996062,10628.57142857143
LOG00006,Idle off,175.0,175.5,21.02702169625247,2.1182310931591752,37.21012318760561,22.654003944773173,23.0,1.3277021744794393,3.3307100591715972,10994.625246548323,9485.714285714286,0.0,0.0,0.7724599974186446,0.9619522559555265,0.4179699545174746,0.734496210514205,0.9560811683541373,0.4072917020826121,0.33912022872179587,0.43992413730882884,0.17816964589264422,0.2581320233825942,0.26110629101019545,0.21969334309127006,5.867875824687941,4.227986750798593,4.990278139668531,0.7419627057603071,0.9227388931356094,2.4543163282375104,2.3680150060828438,0.8723664913182819,1.2376398785782063,175.280404,0.0,0.7419627057603071,0.9227388931356094,9628.57142857143
LOG00006,Idle off,175.5,176.0,18.8284023668639,1.0989604249542833,36.37632600581338,22.734812623274156,35.0,0.9420965046378759,3.2636291913214985,10133.615102845872,8885.714285714286,0.0,0.0,1.8033640260005863,0.7595287354576009,0.5113556137007645,1.8495154936863405,0.7352886247215557,0.44187903861003247,0.9598812984935701,0.24598579320465574,0.302363850729053,0.27560324211298287,0.2641956885748755,0.2060217002003539,1.437113924542344,3.6288319187888285,2.0727955091059167,0.5701827462110794,0.8013447833014186,4.375383894118012,1.9990135634418436,1.3836556129071396,3.0828248646323493,175.894043,0.0,0.5701827462110794,0.8013447833014186,9057.142857142857
LOG00006,Idle off,176.0,176.5,24.847534516765286,3.0823875893178942,35.95472950732771,22.730453648915187,33.0,1.541109147515605,4.399171597633136,12119.899971823048,9971.42857142857,0.0,0.0,1.3107128009720352,0.6948025220639618,0.4824614860539819,1.3125463926173302,0.6737513633364862,0.4820600562194471,0.70343178640488,0.11233414306768297,0.005965055525130668,0.3287076431068218,0.33296456374633443,0.21728800586188063,6.027291151766309,6.65249271244064,4.773976757516114,1.124994710385717,1.5613575792146268,4.134809178523332,2.4949653446502853,1.0489801216654207,2.4071217033372068,176.000592,0.0,1.124994710385717,1.5613575792146268,10257.142857142857
LOG00006,Idle off,176.5,177.0,22.39585798816568,1.1114797267554892,36.56788170203829,22.69972386587771,36.0,1.1082092392557472,3.5976923076923075,11417.434488588335,9171.42857142857,0.0,0.0,0.829938068034495,0.7107727362036398,0.7477409260850078,0.7118128390398526,0.6392411965336502,0.6094533695890204,0.398048616618333,0.18364232697023117,0.5011952590381844,0.2504271974431013,0.27760090632998197,0.2486700560151122,6.362865351688934,9.692637131634669,5.909267201325207,0.5493332929874705,1.0282626172968015,2.4129826371320187,2.135914365679203,0.7726561587482618,1.0380901319240228,176.546159,0.0,0.5493332929874705,1.0282626172968015,9785.714285714286
LOG00006,Idle off,177.0,177.5,20.742292490118576,2.718817074757151,36.05985307719925,22.80695652173913,171.0,1.5565896211354837,3.8247628458498024,10661.342461885939,7485.714285714285,0.0,0.0,1.1262223874552193,0.924227312039362,0.6986435428842754,1.2702331419492119,0.8016396183814117,0.8205010162583565,0.6133620447688577,0.38972073361504755,0.8572833410017787,0.3222971446989792,0.5314964269857613,0.36282699354709386,6.228648391642676,7.953419031757153,7.057424808918785,1.0105947774737243,2.922929453782952,7.252231495207462,4.375642245349652,1.0301876019261826,1.398097509485261,177.414332,0.0,1.0105947774737243,2.922929453782952,7628.571428571428
LOG00006,Idle off,177.5,178.0,29.94812623274162,1.9610636529016496,28.93683462249646,22.593589743589746,179.0,1.9309101632870709,5.980216962524654,13669.970414201183,8057.142857142857,0.0,0.0,2.3178939381443917,2.3461007870145436,1.0435035355253932,2.2210324247493336,2.4169330967497413,1.0506101810827988,0.9081410579144866,0.37874260177104585,0.6070728368249296,0.4128162044809621,0.6778610982502516,0.41964471348194676,4.299907878382552,7.418314665658681,9.220249570871381,1.8086585922370801,4.12951395834808,7.913112977960847,8.386732266294715,2.3320400094463194,3.3997360378241837,177.77344,0.0,1.8086585922370801,4.12951395834808,8271.42857142857
LOG00006,Idle off,178.0,178.5,29.97278106508876,8.0760004819474,11.316227484220073,22.613293885601575,151.0,2.6336510565177287,6.506094674556213,13475.091575091576,9614.285714285714,0.0,0.0,2.3124293504822777,1.9320387575034574,0.7846687349011081,3.5128748981934708,1.702432178812812,1.050577411068358,2.392242658936037,1.02534013652813,0.9758518933407093,0.46548916484227776,0.6575020175598227,0.4030800134556963,4.929452188483592,7.98733596834496,6.227132191980242,2.0554413249179104,3.6388185820456593,11.63964184704221,6.573060794266869,2.13073969098379,3.024108297737182,178.000348,0.0,2.0554413249179104,3.6388185820456593,9785.714285714286
LOG00006,Idle off,178.5,179.0,32.056015779092704,11.251504317733689,21.038493697065686,22.619329388560157,151.0,2.8530619820093737,6.6036686390532555,14506.079177233025,8885.714285714286,0.0,0.0,1.7696768846750695,1.4265926703887926,0.7466294342441924,2.073709392253926,1.612416746968859,0.8199863722599816,1.5743880261182146,1.06609032934088,0.653813822471808,0.3298187015440705,0.46686005469374053,0.29763424237004504,3.2171335892470974,5.732964528194046,9.691391712916346,1.381839041046278,2.4215121437844163,11.090803269365267,5.975294303365678,1.6073149852098503,2.8162162553998416,178.687977,0.0,1.381839041046278,2.4215121437844163,9184.285714285714
LOG00006,Idle off,179.0,179.5,31.080670611439846,10.128204859330614,33.55054252222202,22.590216962524654,44.0,2.507151103520446,7.05104536489152,13741.561003099465,8814.285714285714,0.0,0.0,1.0072209477370562,1.167460367466663,0.8948929869046042,1.0186658328377338,1.0807247902625596,1.025209778073419,0.6087779587556142,0.4937144443955727,0.8438120734907227,0.4246955378034669,0.7626402116645207,0.3961173409631456,2.905721013972099,6.278619815892533,7.187017487751895,2.0575779018847244,4.438481524990391,4.351879595735513,6.229819490769693,1.090288435957598,1.5797115712405103,179.282874,0.0,2.0575779018847244,4.438481524990391,9000.0
LOG00006,Idle off,179.5,180.0,30.664229249011857,5.0307949987041205,45.62399558365452,22.3652371541502,87.0,1.8510150341492984,5.674268774703558,14085.128458498024,10614.285714285714,0.0,0.0,1.8279106702326116,0.9847973468747698,0.7394103204253406,2.4642273658963374,0.9543193698179554,0.7830513044433075,1.8589143584058678,0.49196053464147804,0.45021412959508494,0.44787044531397563,0.5104003864866226,0.37554126884634037,4.996108084240978,6.8227194809159695,6.910596645990931,2.142582657007821,2.731965012704147,8.718591284840393,4.3742870678293,1.4681762892721402,2.8442802675084793,179.876786,0.0,2.142582657007821,2.731965012704147,10900.0
LOG00006,Idle off,180.0,180.5,22.53431952662722,7.398217019627118,51.049383377530226,22.621124260355028,87.0,1.8698665919119637,4.174378698224852,11188.750352211891,7600.0,0.0,0.0,1.3853089982227202,0.8704140227630186,0.6022311728847212,1.3419682132128088,0.820724553022158,0.6020013211919351,0.8826837912002382,0.27288485865644674,0.0016270603439931999,0.4683089859450067,0.712670740917701,0.3811188685422553,3.7642306474208787,6.2406741594798865,3.750885402521471,2.124894202935014,4.093269540288065,5.61116806918058,4.8428967483508645,1.1568711232413353,1.912116996683695,180.37796,0.0,2.124894202935014,4.093269540288065,7757.142857142857
LOG00006,Idle off,180.5,181.0,28.433136094674555,3.8804072951624593,55.14438262174692,22.604970414201187,24.0,1.9096849480276235,4.853629191321499,13528.092420400113,10471.42857142857,0.0,0.0,0.8034742019719303,0.8861163132214842,0.6137026300852834,0.7312180677795939,0.8690626499493604,0.5927974435914305,0.4219765104612389,0.1984996718076689,0.13131482970524427,0.35017503356656315,0.41214433414906493,0.3075436958736848,4.531121894065091,11.119292486704147,5.919097593507515,1.4673805181031654,2.246045046715926,2.782021741542327,3.7734147369617768,0.8458052121474735,1.6194285100715162,180.540744,0.0,1.4673805181031654,2.246045046715926,10637.142857142857
LOG00006,Idle off,181.0,181.5,28.16390532544379,3.6361187956889105,59.00246502841746,22.61179487179487,27.0,1.3943808765706458,5.202110453648915,13288.736263736264,10271.42857142857,0.0,0.0,1.0964038505312743,1.2222661277158338,0.6392023430832319,1.0260907476592003,1.0485704985063888,0.6259083464884465,0.7102855782463374,0.46083854453850676,0.2256968731404833,0.28924136272434636,0.41294859203077233,0.23480837417938052,4.370829047192502,8.510281912549166,5.309783641707424,1.234676776037422,2.0731140019782788,3.749819193537324,4.004681678381898,1.161041749986034,1.61375786620892,181.274747,0.0,1.234676776037422,2.0731140019782788,10557.142857142857
LOG00006,Idle off,182.5,183.0,28.179684418145957,2.5480397189376447,39.8000998472935,22.492031558185406,171.0,2.020771228845369,5.742366863905326,12964.940828402367,8485.714285714286,0.0,0.0,5.7325469380170775,6.459470832965224,1.7294133157909009,5.488798233144702,6.5733271786916125,1.9853092596122077,1.762450128300882,0.8692410652883691,1.1471351740178635,0.6552375336853113,0.9755337662698521,0.6669377040794677,6.311625779625484,8.36120364584762,7.428981070553242,3.428378946938008,5.878044923412733,17.340538632894177,16.359858508379624,6.106834607163414,8.86267256712719,182.737811,0.21301775147928995,3.428378946938008,5.878044923412733,8942.857142857143
LOG00006,Idle off,183.0,183.5,27.967455621301774,5.781660630003759,16.950618435104104,22.499270216962525,50.0,2.0975405982615904,5.588777120315583,13022.816286277824,7414.285714285715,0.0,0.0,4.166984879083665,4.086613346787032,1.5288081807962715,3.647350968428689,4.374878423658588,1.5287198517935066,1.5088656070890316,1.7879357360368253,0.0007728507898293348,0.5006458904092407,0.7932951113244905,0.45123546623129746,6.022705181663618,7.079705017691459,6.359144148529609,2.528839773784877,4.772689214168433,10.375874764101367,13.888113061829024,4.12699476790617,7.111279439040605,183.025884,0.0,2.528839773784877,4.772689214168433,7571.428571428572
LOG00006,Idle off,184.0,184.5,29.603155818540433,8.206909456176207,22.863883034790163,22.46861932938856,47.0,2.623195936522226,5.762465483234715,13701.429980276134,9742.857142857143,0.0,0.0,1.196116944032431,1.1759439850062205,0.5823350375354782,1.0759921892335877,1.116791820798146,0.5823350525650115,0.6103439953923117,0.7859293650863688,2.2326951848245465e-07,0.31902843306900025,0.38116791877667344,0.26449929442310477,4.338376977926395,6.856780206596395,8.519861447244118,1.16750557260911,2.237098808090988,3.977748761183968,4.747261226420321,1.1860733534806762,1.5405864312904431,184.126887,0.0,1.16750557260911,2.237098808090988,9871.42857142857
LOG00006,Idle off,184.5,185.0,32.659566074950696,2.1227801281476517,32.51270271952292,22.478303747534518,43.0,1.7804851563029627,6.85086785009862,14514.243448858835,10928.57142857143,0.0,0.0,0.993923277971918,1.1048449677604593,0.6181533008132993,1.0167427118970183,1.1212591948073702,0.6186135468049606,0.2882212080844906,0.5402934771822849,0.009834830885653807,0.43113986903235596,0.4537592101119318,0.3163731707975431,4.061670541351895,6.17047557449164,6.696484721418922,2.0543158569368503,2.6667305554033542,4.102483973576457,5.49645752870806,1.0508486773270573,1.2986789848431006,184.851027,0.0,2.0543158569368503,2.6667305554033542,11642.857142857143
LOG00006,Idle off,185.0,185.5,21.210671936758892,2.546578876724313,38.361954527299275,22.571739130434782,17.0,1.350014389809105,3.1331818181818183,11094.89695087521,8885.714285714286,0.0,0.0,0.7126843318591023,0.7724760668467396,0.568794892116679,0.6673033920606386,0.8741115641393357,0.5254715485367277,0.3251113731479346,0.5515318732862485,0.40896791225414475,0.25056638763758854,0.32411791678394886,0.23248662562701697,4.392207012808446,6.610033031479654,3.449564083396917,0.7695734243787254,1.2539558983291137,1.8166990000869698,3.609386095195376,0.7431817512319795,1.1077743177790917,185.008877,0.0,0.7695734243787254,1.2539558983291137,9028.57142857143
LOG00006,Idle off,185.5,186.0,22.072781065088755,2.399385349751889,38.528147780739,22.65475345167653,16.0,1.1398557394337103,4.066863905325443,11138.81375035221,8800.0,0.0,0.0,0.7883606976670237,0.7558001731955913,0.48400326642094676,0.7762422531046743,0.7132874401157384,0.523941730668363,0.3668290216795267,0.231908009771567,0.41406775092205483,0.21924389417608023,0.29875114813766085,0.24575045180081734,5.630628099733981,6.317715275086642,5.403433738399684,0.6488349229668638,1.135311733307542,1.7456624181400333,2.2156873012594818,0.772252060997095,1.25880134602003,185.984588,0.0,0.6488349229668638,1.135311733307542,8942.857142857143
LOG00006,Idle off,186.0,186.5,29.261341222879686,0.9587367263182337,40.49181130982646,22.55189349112426,19.0,1.5931271102490223,5.5310848126232735,13537.778247393631,11371.42857142857,0.0,0.0,0.9086080631128048,0.7763617772178262,0.6618791990592968,0.9453169361474678,0.7822437629896342,0.6395340414972219,0.10405074299885989,0.26830157650661335,0.3289136787652302,0.3484200282533695,0.3603022991258679,0.2733942909480746,5.977747116448053,8.194328763540046,4.551505610852202,1.4959785077580519,1.6665367491099798,2.6680223378499424,2.9699348175528737,0.8450758017711857,1.2154257077617334,186.000376,0.0,1.4959785077580519,1.6665367491099798,11428.57142857143
LOG00006,Idle off,186.5,187.0,22.055226824457595,4.291308965905201,42.87399185395021,22.646232741617357,6.0,1.2338201507134825,3.4287968441814596,11374.753451676528,8085.714285714285,0.0,0.0,0.595618314453383,0.8738389341355655,0.4638019820821011,0.5764735613591332,0.7856121376506555,0.5134857599101503,0.19502147649743642,0.25853011835777384,0.21314359313455206,0.29416618375277165,0.35597445837634606,0.2873050376564902,5.636757364555124,8.234138137322008,4.897226154134449,0.9765499911233123,1.6597072600613443,1.9034899951761501,2.813394280353509,0.7477819399141266,1.115684028404677,186.703791,0.0,0.9765499911233123,1.6597072600613443,8214.285714285714
LOG00006,Idle off,187.0,187.5,24.345364891518738,3.645547014171488,42.63119449216771,22.703865877712033,21.0,1.3497142171368293,4.516508875739645,11834.01662440124,8142.857142857143,0.0,0.0,0.7382973601406176,0.7620868899778526,0.4904780093361456,0.6647423699376521,0.7339988591666263,0.4904831514049376,0.402879396300148,0.15284970368850823,2.3159472226335566e-05,0.3266091604148435,0.3104602922715932,0.23951779290906847,6.1509519151189265,8.573280617704638,5.097893920549624,1.1578025315665461,1.4246015690261513,2.316649284057784,2.4854606802159247,0.7502864185984977,0.9363005774002306,187.330256,0.0,1.1578025315665461,1.4246015690261513,8375.714285714286
LOG00006,Idle off,187.5,188.0,32.29328063241107,3.5592103851155277,44.28653036631081,22.44059288537549,21.0,1.8700246922499804,6.563300395256917,14365.972614342181,12171.42857142857,0.0,0.0,0.971990977462629,0.9220373516730261,0.7178622033016819,0.865854070055236,0.9364114604528334,0.6838007031753217,0.34067618241174635,0.2876815295101066,0.22595257853943607,0.3716413022663652,0.39479288363282994,0.2689613092477322,5.053087406109926,6.278165093472934,6.506069383559893,1.5884630115823324,2.197413453583095,3.2327376765483917,4.415209071634667,0.9473434799873184,1.6833304818362484,187.999144,0.0,1.5884630115823324,2.197413453583095,12314.285714285714
LOG00006,Idle off,189.0,189.5,37.22919132149902,4.308902753112754,22.629975827003666,22.378106508875742,158.0,2.580740278408073,7.786903353057198,15982.79797125951,11314.285714285714,0.0,0.0,6.4689733324710454,3.797517911373155,1.6213215557050218,5.990828640267719,4.009615797175338,1.5795160077815578,1.015905915786284,0.7239706149083017,0.42230801021423536,0.5214372884800986,0.6536410929169291,0.45729621103885104,3.496782468630365,4.887114683502821,8.908057564621178,2.6540740997319543,4.0655447612869375,12.540034508853424,12.586662111790035,5.304185058207411,10.501814253438988,189.095209,0.3116370808678501,2.6540740997319543,4.0655447612869375,11800.0
LOG00006,Idle off,189.5,190.0,31.508678500986193,6.008981084818247,14.947721166732098,22.41037475345168,69.0,2.430580048816126,6.289566074950689,14225.126796280643,10400.0,0.0,0.0,1.5658493793513686,2.489558443572314,0.5266135307806806,1.45858857291721,2.5804218786379427,0.5266558913881283,0.40997499422526407,1.4790469935845922,0.0006541494382245156,0.5970797989529387,0.5255971668018193,0.4670711338240038,5.347965110480462,8.576444399221776,8.480820790082758,3.163854285153964,2.9093689787083896,6.52880131021947,10.716905850380376,2.079637651464465,4.044149894277978,189.626959,0.0,3.163854285153964,2.9093689787083896,10871.42857142857
LOG00006,Idle off,190.0,190.5,26.181620553359682,15.2308870100509,22.304496517484164,22.472648221343874,41.0,3.341605773491469,6.3609486166007905,11782.001693958218,7414.285714285715,0.0,0.0,1.633517420888191,1.2986449991248208,0.8499711965244687,1.7798057978822366,1.5855600641572973,1.2977909716507954,0.6464829272624514,0.9578193747000388,1.3370887139849674,0.433220915589262,0.7691794500393844,0.3618467675281727,3.853898755943538,5.686993536715778,4.775551159392088,1.8187827213834955,4.460940163879932,4.928540740827055,5.926759841046263,1.4756113983866341,2.765510487330059,190.417189,0.0,1.8187827213834955,4.460940163879932,7514.285714285715
LOG00006,Idle off,190.5,191.0,45.10039447731756,24.90236872842024,40.84278500226885,22.197948717948716,98.0,4.401670957941412,13.087534516765285,18236.094674556214,4000.0,0.0,7.6923076923076925,2.403885914848836,2.2413069843534164,0.8742918894938113,2.4202018301262607,2.582832164321243,0.8811750711806201,1.0244402544581985,1.9014742283894839,0.05551104852774955,0.5907139489821228,0.7559235677947774,0.6377841768233168,4.790832590843351,5.764353988810308,6.609732143385111,2.548956119796022,3.657247437264916,5.83619259313989,9.257333571394682,2.3240185551884087,3.380853635822465,190.701318,0.0,2.548956119796022,3.657247437264916,4754.285714285715
LOG00006,Idle off,191.0,191.5,13.27869822485207,23.069339349648644,47.34118147447243,22.332406311637083,93.0,3.8935786299857975,4.8279487179487175,8079.057480980558,3314.285714285714,0.0,68.24457593688363,1.6778971596652816,1.7735349414522052,1.0521216410945844,1.6569171527785023,1.6345288708758259,1.052121615996166,0.42802766033105066,0.8103685870108391,6.992927724589602e-07,0.45555840417907234,0.7170398728969221,0.3463409039705543,2.3365452381462712,2.908834259710888,2.9119264885692138,1.9832890266752023,3.6376877605198468,3.898363587298794,5.870731064757949,1.7263784444560089,2.8721141943433204,191.453077,0.0,1.9832890266752023,3.6376877605198468,3342.8571428571427
LOG00006,Idle off,191.5,192.0,34.7155818540434,21.569666356082745,57.73899802054874,22.57899408284024,29.0,4.244106076657733,8.658422090729784,15202.606367990982,4985.714285714285,0.0,0.39447731755424065,1.6270498222945156,1.8125244097416897,0.9761171168230957,1.611109814482653,2.0033909800123095,0.9761171168837273,0.4949683075478211,0.6613193302165384,1.722515887965977e-07,0.4667793226667522,1.140093587102462,0.6994566972375426,3.7236578526805717,6.3409187106117395,5.87858597230151,2.0965832784756713,6.033168801085339,4.073293013807301,7.545522595725465,1.7222856702849962,2.9516306705965834,191.522136,0.0,2.0965832784756713,6.033168801085339,5271.428571428572
LOG00006,Idle off,192.0,192.5,34.082840236686394,15.255582010057825,69.21951608214415,22.5169033530572,33.0,2.580402362557369,6.752998027613411,15493.94899971823,8628.57142857143,0.0,0.0,1.615250171314297,1.52615195937964,0.8029053483879,1.6681712331709655,1.5114829825905713,0.8047755904219422,0.46136443147307643,0.6110055202126897,0.012516978924508078,0.465799908922743,0.6327875231745831,0.5941838607710588,4.413155891138512,6.36217151167042,6.462100344325317,2.046460772561183,3.4044506455191392,4.500712194354384,5.6510982333174455,1.5713327017295193,2.5154629485542936,192.293626,0.0,2.046460772561183,3.4044506455191392,8971.42857142857
LOG00006,Idle off,193.5,194.0,40.024654832347146,3.2476184005108433,36.25436005110803,22.31684418145957,97.0,3.7011422752464975,9.550315581854042,16511.559594251903,10585.714285714286,0.0,0.0,13.904236152087083,9.530609086003444,3.4164212286834847,14.063771840144177,9.379863143530866,2.985030002376263,1.0928490130309696,0.8268483444677834,0.9109103394486401,0.8977231348624515,0.9878738749318022,0.7186677007505702,4.11458065066493,4.260684192379781,5.9490426980949955,5.035838837535908,6.378343414504508,35.19251085831786,24.636849615451222,11.919737675872243,21.659830239391383,193.500177,0.5956607495069034,5.035838837535908,6.378343414504508,11714.285714285714
LOG00006,Idle off,194.0,194.5,25.424457593688363,16.207628218743128,11.814263304519118,22.36544378698225,41.0,3.3893725987165086,5.41552268244576,12337.334460411383,4500.0,0.0,0.0,1.850646310612626,2.0784520200773886,0.5357027935582368,1.8218142335852707,1.935728780417832,0.5229770061408161,0.8301518769776779,0.6243809463889366,0.060590309190864056,0.38720533450544886,0.5887018243581805,0.38686549981883495,3.8133883114677163,5.024487927787845,5.560392409346656,1.6833176559374077,3.1145024381407977,5.078865207393458,6.1893208276589045,1.9678483893262582,5.485491946196504,194.000357,0.0,1.6833176559374077,3.1145024381407977,4932.857142857143
LOG00006,Idle off,195.5,196.0,21.873122529644267,2.753745012466139,15.337634038003229,22.47768774703557,107.0,1.524888663058028,3.5305533596837946,11224.816487859964,7571.428571428572,0.0,0.0,1.2094980235727095,0.4968450503990341,0.7399240922201622,1.3826232190461905,0.6510344015174908,0.8316279013136639,1.1865407625058806,0.451462411252534,0.5597363838520955,0.26537550205872545,0.4237231407408527,0.2755415721821283,6.031351210373897,7.204237778197735,5.217828506123839,0.7378848262264233,2.162131668496298,6.745954724006078,4.201449025401055,0.9245919297539613,4.861162699854633,195.982369,0.0,0.7378848262264233,2.162131668496298,7685.714285714285
LOG00006,Idle off,196.0,196.5,32.004733727810645,14.832624939695702,18.325836806750324,22.310749506903356,95.0,3.912256246657951,7.934635108481263,13934.227951535646,7000.0,0.0,0.0,3.519537492835916,2.5484870111169644,1.1037163844480447,4.201133908283744,3.6667102019818842,1.2931212359746183,2.5619731953378433,2.006354826466882,1.3897780249538285,0.45908301001793655,0.9577032793366742,0.3994477969719611,3.5867213164767984,6.451210525278539,4.412647731016393,2.0953459884026846,5.572075423612755,11.099780547611209,11.662664853252448,3.07261535253842,4.852598694520285,196.022819,0.0,2.0953459884026846,5.572075423612755,7742.857142857143
LOG00006,Idle off,196.5,197.0,26.99644970414201,9.095911647392716,23.754350378443398,22.329349112426033,67.0,2.4358348049125005,5.5500788954635105,12367.723302338687,9114.285714285714,0.0,0.0,0.8592369345924439,1.38312748390478,0.7032029343953994,0.8501758000372803,1.4466042090522229,1.060039091640872,0.38689436277331546,1.0189279250907315,0.6379071246386256,0.31311750844544445,0.42658258688985967,0.308583893585528,3.748052911626263,6.781521794183264,4.58451546714812,1.0836630661121776,2.07706424174474,3.134713699889694,4.439156946811195,1.1513752095864724,5.2011289234036076,196.99854,0.0,1.0836630661121776,2.07706424174474,9280.0
LOG00006,Idle off,198.0,198.5,35.619565217391305,10.058704792539356,24.315552339028244,22.413913043478264,117.0,3.411543171922136,8.999486166007905,14868.774703557312,9828.57142857143,0.0,0.0,6.471163762231522,6.221573131293085,1.8313665502970193,6.6936399965590985,6.144730905444418,1.8758953564514698,1.5970211302042452,0.9077631531434696,0.42466529486280485,0.7268585324774793,0.9119136948623822,0.6366333680955025,5.38461378589914,8.51705428689782,6.7707205047326005,3.8773396077652023,5.557963104108757,15.907154032293603,14.422205101855956,6.3475953189237915,9.216726947921794,198.265296,0.2509881422924901,3.8773396077652023,5.557963104108757,10014.285714285714
LOG00006,Idle off,198.5,199.0,53.776923076923076,28.189999905543743,21.19984141608913,21.879368836291913,76.0,6.564968734690004,13.298579881656803,18715.47619047619,10828.57142857143,25.83826429980276,0.0,1.359481311872273,1.873238785655356,0.5776726106813014,1.5051021429931952,1.8868737660468105,0.6559998025929092,0.6527495701127966,0.7389352884534268,0.2838576964195895,0.5879746563185922,0.9774861402466202,0.6451600847904865,4.4932342287952665,7.108694197812617,5.707453462837457,2.294767201357451,4.493862655129978,3.8268747581023845,7.281328963814912,1.636644889005173,4.127209710116028,198.500099,0.0,2.294767201357451,4.493862655129978,11051.42857142857
LOG00006,Idle off,202.0,202.5,30.57889546351085,3.1380606146192878,32.345509169724444,22.366390532544383,169.0,2.5357899395500394,5.977258382642997,13835.721329952099,10871.42857142857,0.0,0.0,2.5932739662176134,1.7841585654978702,0.8523728906523678,2.589882190110576,1.602197210058733,0.8380148999407357,0.8488166345014996,0.47499876043223604,0.35253879689647527,0.6162686306208025,0.8175825894389166,0.4650119240712415,5.116110552735954,7.145832101249323,6.980308420319655,3.3462347471442597,5.132702208565155,11.662664853252448,9.78436139002699,2.2257910560856162,3.236316857867685,202.154356,0.0,3.3462347471442597,5.132702208565155,11400.0
LOG00006,Idle off,202.5,203.0,53.339644970414206,12.871955750559748,21.439527389454266,22.060808678500987,111.0,5.110547738999846,15.490512820512823,19582.48802479572,12428.57142857143,0.0,0.0,4.4030410825165065,3.6655511710581363,1.769608702058035,4.483131103443133,3.57939894515857,1.7918477002677715,0.70408295821095,0.5222389207012702,0.41010119138018186,0.7375647872957649,0.8146442973658377,0.5003549353658938,4.710924953713557,5.65206184127692,8.014203908174153,3.636966834120415,4.610651274886969,12.252842523324157,11.644470291212011,4.051113190344959,5.870217151192913,202.755169,0.0,3.636966834120415,4.610651274886969,13050.0
LOG00006,Idle off,203.0,203.5,59.33695652173914,16.1486131095443,28.873067844802286,21.753083003952568,106.0,5.531696818779976,15.777272727272726,21839.137492941838,13914.285714285714,0.0,0.0,1.5389331643194069,1.857181754790714,0.8478800340983031,1.5273342617480365,2.2704142693992333,0.8478776333443002,0.18595958944589153,1.1660312406366597,0.00020149213043711434,0.4494847984810413,0.7109512021036912,0.3234752093091525,3.9227526108115858,4.289725901439092,7.167741701739473,1.7727517068719252,3.092947924968549,3.597045339979135,6.491557302029583,1.7054969004031728,2.593012842944566,203.20701,0.0,1.7727517068719252,3.092947924968549,14285.714285714286
LOG00006,Idle off,205.0,205.5,27.70749506903353,6.359904530614892,24.94981840204312,22.191715976331363,74.0,1.8548435161629955,5.654003944773176,12520.843899690051,4800.0,0.0,0.0,8.661312034482188,5.557948617053736,1.6391165043289098,8.399557941484057,5.516660223296908,1.6391165043461324,1.1196118927456047,0.39677926943594455,1.7608207015999875e-10,0.6922818642678408,0.7459793464189518,0.5350477939557815,5.651432202219339,5.627185023605481,6.552693915197151,3.8916176662384787,4.614727925625545,19.111682559534373,15.130790739494312,7.276988353311947,14.058237334195919,205.322185,0.5128205128205128,3.8916176662384787,4.614727925625545,5312.857142857143
LOG00006,Idle off,206.0,206.5,28.412845849802366,2.3016433817753192,20.670921170737657,22.4851185770751,32.0,1.7340719972158942,5.4636166007905125,13168.852343308865,11371.42857142857,0.0,0.0,0.6485315286957913,1.0407758269522676,0.46315113684898335,0.6383502049388773,0.9950841736684772,0.48875884782663576,0.10457514031155898,0.6483420873730211,0.1929739027631832,0.35950341282462106,0.32485857987046785,0.2808684035952096,6.307282670475848,7.628791831243768,5.352455175452458,1.660051062319369,1.627874685841136,2.5749630643193107,3.774262747681665,0.8671238278587078,1.3983427015263254,206.159775,0.0,1.660051062319369,1.627874685841136,11485.714285714286
LOG00006,Idle off,206.5,207.0,31.50276134122288,1.8043100568655845,35.33806341608973,22.241499013806703,46.0,1.8496241342344408,6.530453648915187,14017.983939137786,11900.0,0.0,0.0,0.7585698928134965,1.3844063789135723,0.6345973253480154,0.7606271904874163,1.2996755025619917,0.6151679280484783,0.01677986308619308,0.4306335221840614,0.10971634796510399,0.29821964889403224,0.3569061258656648,0.2631802330003766,4.285407370800432,7.106391002696099,4.287891728051241,1.2479343767284912,1.8286224504543258,2.6183994689681525,4.440267596819019,1.1162457848206344,2.243133034287012,206.999339,0.0,1.2479343767284912,1.8286224504543258,12242.857142857143
LOG00006,Idle off,207.0,207.5,42.047928994082845,4.907765718734722,45.32024695613927,22.46552268244576,111.0,3.2960115359646105,10.123136094674557,16828.522118906734,14242.857142857143,0.0,0.0,1.2079492104243794,1.7047628170387172,0.829197991185593,1.2108293295547303,1.7196823376422865,0.849147564915207,0.21637093425636966,0.44549638738274255,0.36542821065609316,0.3635092191343551,0.43542520878142127,0.3009158163925318,2.6537483458829416,3.527823651217166,9.766347085314859,1.563295883304822,2.169584400614858,3.711222917369194,5.83348830450671,1.477389176439753,2.2743715500093975,207.022029,0.0,1.563295883304822,2.169584400614858,14428.57142857143
LOG00006,Idle off,207.5,208.0,63.37021696252465,6.659729172804018,32.10181743095895,21.52972386587771,174.0,5.360022013675976,19.383214990138068,22230.712876866724,17571.428571428572,0.0,0.0,1.8734197740108298,2.6066878841903995,1.196053242177364,1.893618141872857,2.670207124056349,1.1960633913642724,0.30575331706268705,0.9213697975633439,0.0007156348726594148,0.642732733136219,0.8499199573078753,0.3938256818234673,4.669039781090603,6.014775122717799,6.127866912741261,2.7530074757838694,4.152629288346242,5.427121604975088,8.423457431986064,2.2698593982050745,3.3120007363784967,207.804368,0.0,2.7530074757838694,4.152629288346242,18157.14285714286
LOG00006,Idle off,209.0,209.5,39.12623274161736,13.438101290031158,37.61374419480763,22.091518737672583,52.0,3.2887529966021014,10.971025641025642,15223.746125669202,2842.8571428571427,0.0,0.7889546351084813,10.662496663639986,9.642277287898951,2.6035299685431377,10.752999297046403,10.001145739957693,2.6319433600166207,0.4466848340075558,1.6203023128435212,0.39858634675660926,0.7090739643788234,1.1035476372633664,0.6336932827473174,3.5065439011055757,4.799253778058504,6.462882269959269,3.786736026348652,6.781435604638519,21.87367352980205,23.33792572445794,10.165194203724438,16.753597283464554,209.294065,0.7514792899408284,3.786736026348652,6.781435604638519,3204.285714285714
LOG00006,Idle off,210.0,210.5,28.514792899408285,4.844794081365807,23.927375049247196,22.23059171597633,69.0,1.740071949512603,5.730039447731755,12999.450549450548,9442.857142857143,0.0,0.0,0.7737707401573362,1.17010779468111,0.5766469729024244,0.7718998165223624,1.2745211575115973,0.5766469597176811,0.16336805528713874,0.888119005413271,1.544674052072897e-07,0.3342744646494522,0.47451014586462553,0.3022423165182942,5.91025787587219,8.619702271532265,6.646248490993077,1.5450117541711446,2.7348041647321453,2.6691310112149957,5.1127330702601474,0.9919358370119317,1.5479229765452243,210.174069,0.0,1.5450117541711446,2.7348041647321453,9628.57142857143
LOG00006,Idle off,210.5,211.0,47.15660749506903,5.10417421411829,42.93219427102244,22.218579881656805,130.0,3.5396453512206,12.638836291913213,18088.47562693717,13957.142857142857,0.0,0.0,1.7079135553555895,1.3151005844150954,0.8146086356860507,1.709130631979838,1.3503100784811795,0.8140427409146884,0.26089369603494467,0.5262784217062695,0.01564602160531083,0.3711657816903558,0.5382532986084023,0.2981861411498736,2.9064875761537023,3.136428650327409,7.85515840206911,1.6556584180685228,2.9344189925229602,3.8912738061359198,5.850369600084569,1.5242142663838798,2.1602138543384064,210.656498,0.0,1.6556584180685228,2.9344189925229602,14328.57142857143
LOG00006,Idle off,212.5,213.0,37.11755424063116,8.326198969790076,16.911359481521362,22.190729783037476,58.0,3.369984432093944,9.569289940828401,15412.017469709777,9714.285714285714,0.0,0.0,8.355957252224053,8.744632599382092,1.7063563093465255,8.388432533724721,8.748029653973898,1.7063563093465255,0.45384450161231576,0.6626788149772006,1.8883861569282688e-18,0.5367028442178883,0.8004244611549552,0.5920438408322566,4.771297660569293,5.119410563144281,6.142834403545959,2.8680039148015424,4.788083086612428,17.88275424559327,20.094549684471563,8.552503168639335,13.112582731980918,212.655254,0.5207100591715976,2.8680039148015424,4.788083086612428,10714.285714285714
LOG00006,Idle off,213.5,214.0,39.26923076923077,3.84214149688052,23.596864007661953,21.941203155818545,81.0,2.5172861431549207,8.730966469428008,16063.179768949,12985.714285714286,0.0,0.0,1.2594360137103477,1.1760089993642668,0.6028917505675383,1.2594284119832262,1.221178614678066,0.6028917504204744,0.0003048099837218947,0.5217076078421629,1.7414747297866118e-09,0.3706211072239698,0.4562410601478199,0.3118822220516008,2.522911652313787,3.8707939594347316,8.285769742822076,1.7360906416476862,2.4757884289370042,3.705372186093503,5.999835632199621,1.218436752403742,1.8026389037189212,213.730599,0.0,1.7360906416476862,2.4757884289370042,13471.42857142857
LOG00006,Idle off,215.5,216.0,35.62583826429981,17.30440376272205,38.00677476286192,21.921794871794877,163.0,3.9859443117185953,10.168461538461537,14078.93772893773,2771.4285714285716,0.0,11.242603550295858,8.020537474772144,9.346412637212566,1.7981536687488475,8.013949277138419,9.601174658194969,1.7970951296701794,0.13436271285287152,1.9917597398258793,0.1457225929175077,0.5735272886505668,0.8630410028396368,0.5711646685126364,2.8868555155053177,4.45512004662115,5.304550771692699,2.9710464230331364,5.401437495362907,17.635695378387833,26.42521358882441,8.708744185279272,15.406026715610574,215.860564,0.5581854043392505,2.9710464230331364,5.401437495362907,2828.5714285714284
LOG00006,Idle off,216.5,217.0,32.82351778656127,3.394138791948806,11.798304930096448,22.235355731225297,28.0,1.6893443871934077,6.808003952569169,14271.845002823262,10800.0,0.0,0.0,0.7144462875421415,1.2294866583830049,0.707217534736343,0.72609604639318,1.1338017173154675,0.6331735960100537,0.3408177896567829,0.6023169378269743,0.3306811770885398,0.3508107829074464,0.3940048005671314,0.27908951013247374,5.00728527837311,8.130611020929914,6.968737396537799,1.5725976323391295,2.073252870693733,2.9655465606127405,4.952541568143545,1.005502595950044,1.4915137200463162,216.61232,0.0,1.5725976323391295,2.073252870693733,11135.714285714286
LOG00006,Idle off,217.0,217.5,29.113017751479287,5.291300232604332,33.34788797603384,22.066351084812624,98.0,1.7244327580013916,5.369191321499014,13459.453367145674,10585.714285714286,0.0,0.0,1.4542110127983094,1.0950705376163021,0.5572171583407645,1.405916282490039,1.0924355907253955,0.600047036214829,0.7990209341476973,0.7712468664102989,0.4933344219315657,0.30202767740597875,0.4042683342995941,0.2804654952991897,4.048096041198719,9.404500313867777,7.117822793752596,1.1395348861902381,2.113488800958198,6.008869184442248,4.172559934890859,1.2872274764196,2.100308015070032,217.206231,0.0,1.1395348861902381,2.113488800958198,10800.0
LOG00006,Idle off,217.5,218.0,29.228007889546348,0.8740870559602866,43.29263406841411,22.17282051282051,91.0,1.5116239611654356,5.332919132149901,13343.31501831502,10771.42857142857,0.0,0.0,1.0002949245945134,0.8070925943305121,0.7484944549938759,1.309840280953514,0.764443433032887,0.6868223469287292,0.9148597589328885,0.46258766549742764,0.37895995710751407,0.32932604450441116,0.4172947123184078,0.3102859478969975,4.965230484614702,8.833931643287354,5.10413974601696,1.291413732988853,2.2351220283701614,3.3673803606210937,3.7361182906402743,0.9088422283302807,1.356717436827666,217.539689,0.0,1.291413732988853,2.2351220283701614,10957.142857142857
LOG00006,Idle off,218.0,218.5,29.14339250493097,1.7261221744497854,48.45698697757325,22.400631163708084,49.0,1.9879820473011938,5.831439842209073,13205.12116089039,8985.714285714286,0.0,0.0,1.088821020273294,0.8202531888183688,0.6985563939969804,1.1648093769181722,0.7420377694571308,0.6776435368917065,0.8590159908057995,0.4286562400829438,0.5138157547912641,0.33121676565337727,0.3932978035460891,0.30153805807480183,3.8037872571940796,4.895490790674523,7.126027564157887,1.3559056209342237,1.9856607992321442,4.036079883798433,3.6628095186645626,0.9639363329483125,1.654856429510899,218.429565,0.0,1.3559056209342237,1.9856607992321442,9200.0
LOG00006,Idle off,218.5,219.0,37.524063116370804,5.669699808377941,50.42357323344426,22.060315581854045,90.0,3.0730039336318695,8.764220907297828,15610.39729501268,8400.0,0.0,0.0,1.1951368080828797,1.5272989506908656,0.9142147288173335,1.4595983325598303,1.982164487425109,1.5293587585772062,1.066778908989041,1.2333894671690944,1.4678906400622207,0.6055194914459471,0.8253739411462621,0.6171676066856415,4.266419161914027,5.252245098366953,7.981287955331434,3.0699875970427666,4.956708258570563,6.812941623852337,7.965284638281063,1.3713121589951638,2.173790719800273,218.835039,0.0,3.0699875970427666,4.956708258570563,9551.42857142857
LOG00006,Idle off,221.5,222.0,30.962130177514794,2.2860924601829846,14.703753050278069,22.22426035502959,32.0,1.8325364447244388,5.983076923076923,13872.280924204,10714.285714285714,0.0,0.0,1.2654464605267222,0.8298121221224015,0.647609033392828,1.4713259480225414,0.8519204302576606,0.6429476692991918,0.7717892256190387,0.5601043508181438,0.04528433146514356,0.402379270759479,0.36809246664932394,0.27894089782921366,5.7999206928919875,6.473739239070733,5.287884827323449,1.7896098051175697,1.897470274008991,3.7448189060424877,4.580638440295202,1.0700333879092028,1.7577326873462051,221.673355,0.0,1.7896098051175697,1.897470274008991,11428.57142857143
LOG00006,Idle off,222.0,222.5,29.01818181818182,4.221189894454515,20.85770432295067,22.365276679841894,27.0,1.6540700133149606,5.246047430830039,13483.420383963863,9028.57142857143,0.0,0.0,1.0627891240482943,1.027447385264724,0.6274363992833928,1.0670546838508463,1.2336204967790507,0.6274363047694953,0.715917585542759,0.8498213578579508,1.0368137942861007e-06,0.3326025814684107,0.3890799861318797,0.26385231328029246,4.416661473070201,5.791094726001061,4.351424304221632,1.3113790850727671,1.8322963357311244,2.8974569741406078,4.436419522747841,1.045267633595018,1.4486876257882086,222.452742,0.0,1.3113790850727671,1.8322963357311244,9571.42857142857
LOG00006,Idle off,223.0,223.5,15.555424063116373,5.993107906121089,23.069759941709982,22.443550295857985,40.0,1.3611859941103324,3.004181459566075,8628.627782473935,5157.142857142857,0.0,0.0,0.8440905182474123,1.155897353332482,0.41436355421354565,0.6990035674704707,1.1183400327441932,0.41436355421354565,0.47138201431485144,0.7401242145560689,2.6026895565273687e-16,0.3294851829772984,0.39983938979203704,0.32266235789318226,5.5523564213213294,4.9538372165211,5.3029591503651945,1.0895484326310627,1.8900596788349568,2.1946680950287853,4.883656275714886,1.012073983075403,1.4625066778245048,223.023963,0.0,1.0895484326310627,1.8900596788349568,5600.0
LOG00006,Idle off,223.5,224.0,30.409072978303747,3.6785905092458466,27.534101002082675,22.08986193293886,38.0,1.9812761876634888,5.857613412228797,13769.061707523248,10957.142857142857,0.0,0.0,1.1632645735275953,1.2125682708607035,0.6403991652360738,1.129911077381211,1.1472373502481297,0.6403991652360738,0.22088512320567977,0.5987554873143907,2.8050634008288225e-19,0.3559593350062735,0.42153734347300137,0.29072991060940273,6.343217735158766,6.404044218307775,6.6657174810754425,1.5684989359647423,2.4610692063057136,3.5365100527295548,4.783065129345218,1.1881721843913138,1.418886116887245,223.598144,0.0,1.5684989359647423,2.4610692063057136,11331.42857142857
LOG00006,Idle off,224.0,224.5,23.72721893491124,1.105432504983195,31.21049224574731,22.419151873767262,17.0,1.2423158975136268,4.047001972386588,11653.14877430262,10157.142857142857,0.0,0.0,0.8570145130965978,1.3051338538169623,0.5422211002015854,0.7770055266400893,1.1539325026899578,0.5422211002015869,0.2691825614166657,0.8538943159684859,1.4343657812894928e-14,0.25982933162483957,0.31619696675801906,0.2389316525540815,7.446023914204571,9.552053222188052,6.769670346822112,0.7687593914118307,1.607764769170711,1.8332885058173822,2.989132188880838,1.1040489690311102,1.5183568302729045,224.372595,0.0,0.7687593914118307,1.607764769170711,10257.142857142857
LOG00006,Idle off,224.5,225.0,14.350395256916995,6.754387378262345,32.00028178302644,22.461166007905142,54.0,1.220432880242249,2.017509881422925,8667.25719932242,5442.857142857143,0.0,0.0,0.5307778012080255,0.8089381799475213,0.37769573710282434,0.5297476162086653,0.6815440139650741,0.37769573702800324,0.019918356493120275,0.5151278554618196,1.113728356176195e-09,0.33068693508907965,0.3076500203194712,0.27657053076041255,5.488394779276352,7.841268300986563,5.987683943981954,1.113863299960907,1.1715665769791719,2.0468813644562065,3.790981601376652,0.684144010144076,1.2221648256501259,224.500848,0.0,1.113863299960907,1.1715665769791719,5557.142857142857
LOG00006,Idle off,225.0,225.5,18.558579881656808,8.435780161781066,29.822638415955034,22.338500986193292,45.0,1.6089262105120927,3.6250887573964494,9512.376725838265,5414.285714285715,0.0,0.0,2.356663611288306,3.1141889446395816,0.504133100158713,2.2501416211455365,3.6274169505083083,0.5041193412419237,0.5694509982270377,1.5664109420419763,5.1912443787161486e-05,0.4237676721499815,0.5138017139998199,0.3712995425624779,5.464061733507037,5.009104249905417,5.269531317178523,1.9343516983812095,2.8437080961024397,6.0898920359774795,9.751144169956373,2.7615245933800607,5.07471956523025,225.26346,0.0,1.9343516983812095,2.8437080961024397,5557.142857142857
LOG00006,Idle off,225.5,226.0,16.60394477317554,3.291891931109202,25.04246545832566,22.37455621301775,39.0,1.3989080564431209,2.473333333333333,9396.182023105099,7871.428571428572,0.0,0.0,1.3572195539208576,1.1889483271253836,0.5133688001441512,1.3294912609601488,0.9948537689981115,0.4787707474136971,0.6477477628326485,0.7536479874319619,0.2639359478332835,0.35643354263535226,0.40581275702865166,0.3115614002758444,8.481503443416118,10.531151750574336,6.858457404899605,1.3274726860531003,1.8340139731711171,3.602267530451722,3.9436364239843327,1.275861090032802,2.694449837228027,225.500235,0.0,1.3274726860531003,1.8340139731711171,8000.0
LOG00006,Idle off,226.0,226.5,26.34635108481263,7.265028055143728,23.574840481341024,22.298264299802764,36.0,2.048786813848589,5.175088757396448,12275.929839391378,7814.285714285715,0.0,0.0,1.3374811805491473,1.5860238676577187,0.8426516339432842,1.2262185094079263,1.540122281045501,0.6907352127048936,0.8662527168945915,0.5802680569367773,0.6335502553402852,0.4229848515964491,0.5177330746565014,0.3415125637415935,7.415037701346994,8.325632817401456,6.372268358097488,1.9363184223176975,2.749752816975893,4.8428967483508645,5.482984257756781,1.4670254968989271,2.028562657270968,226.241143,0.0,1.9363184223176975,2.749752816975893,8028.571428571428
LOG00006,Idle off,226.5,227.0,22.866863905325445,2.3421627733407875,20.032846855512965,22.372820512820514,47.0,1.326553941391294,3.8107100591715977,11425.591715976332,9314.285714285714,0.0,0.0,1.0951254338261112,0.7275754394045174,0.5039341108357508,1.1464371173400059,0.7355979749499177,0.5079978019861717,0.5635611156073503,0.3156503854256115,0.10081252782315292,0.3038220700448042,0.3348688284741138,0.2564364253393665,6.457515533105875,9.792367832192417,5.8284251934075515,1.0284605912190132,1.4494699830647124,4.231235405552285,2.4874438136042922,0.9296950402786668,1.7315179379421195,226.786712,0.0,1.0284605912190132,1.4494699830647124,9571.42857142857
LOG00006,Idle off,227.0,227.5,20.756719367588936,1.9019659862744798,16.922878633380837,22.338320158102764,57.0,1.142805758240706,3.3258102766798427,10713.114059853191,8857.142857142857,0.0,0.0,1.4845759145854804,0.893889498952464,0.4677056427588168,2.0946048762132645,0.804199261636243,0.4683028984629433,1.5039561367416245,0.36700427494053284,0.015669467062981064,0.3079155296880364,0.3092035257271496,0.2638592760479679,4.158915655358564,8.070694460021166,4.040589348362645,1.0545308387166883,1.2784910950005308,5.847028906681848,2.623246638214025,1.2253579237318384,2.158720012971876,227.244479,0.0,1.0545308387166883,1.2784910950005308,9114.285714285714
LOG00006,Idle off,227.5,228.0,22.486193293885602,1.8461449535347787,14.28487296141114,22.33471400394477,30.0,1.1873672812733336,3.921420118343195,11302.282333051562,9314.285714285714,0.0,0.0,2.9130152114009684,0.6750616476560813,0.5099179817158096,2.5491626579187625,0.6947022978928269,0.5099091083614787,1.4505049034496822,0.4734081202855821,0.00011481628586932705,0.30523165994178186,0.34747790983298704,0.252510385944852,4.652351488135799,8.53507161296597,4.721044666225683,1.0919979461866047,1.620295494479103,5.933723365501947,2.5299000923588966,2.114398951237629,4.6474646270799,227.829518,0.0,1.0919979461866047,1.620295494479103,9808.57142857143
LOG00006,Idle off,228.0,228.5,22.441222879684414,4.070509818326677,12.99640793916883,22.438757396449706,12.0,1.4105653460002887,3.87836291913215,11120.688926458157,8928.57142857143,0.0,0.0,0.8525510651840751,0.7086123872533489,0.43776620375972713,0.8838743324435578,0.6709963221235349,0.43776452005378086,0.31938281481577696,0.22233220980817994,9.206594505778477e-06,0.28580825497981904,0.3119896602447362,0.22953489634351024,3.6794544502629547,8.405308054818834,4.064612451957143,0.8308392501066676,1.340085791856009,2.1271236053288347,2.178431116693276,0.7838924779953534,1.9298175376643916,228.003153,0.0,0.8308392501066676,1.340085791856009,9057.142857142857
LOG00006,Idle off,228.5,229.0,24.44792899408284,4.131336284777207,12.134168224649953,22.333175542406313,36.0,1.634224240295367,4.0921499013806715,12007.178078331925,9500.0,0.0,0.0,0.7853039174828687,0.879856500291134,0.350987435719005,0.8982340092048923,0.8996041186082837,0.35322984613590264,0.5145336681384209,0.5392770664964323,0.20178009410250858,0.2954200528180145,0.3308804298916982,0.22529214517268797,6.28028626474852,8.409333538973506,5.303310979388967,1.007174153383825,1.3719781205093637,3.3568206052657747,2.8802531118229315,0.833921370369684,1.1735231496336014,228.77564,0.0,1.007174153383825,1.3719781205093637,9657.142857142857
LOG00006,Idle off,229.0,229.5,22.972978303747535,2.2922301668018275,12.044869148722986,22.3470808678501,29.0,1.2519830232998783,3.8688560157790923,11396.759650605803,9342.857142857143,0.0,0.0,2.0746434816282413,1.0633231369897451,0.6939447432262731,2.055198473486196,1.090197109182604,0.6015504635694139,1.5363755089445073,0.6641600787512483,0.3780700687268647,0.24355323321374783,0.2812567205288145,0.22332442086779897,4.870625345087865,6.740177682079487,4.888979836321185,0.644539838579789,1.0472003092397482,5.435292661084321,3.0705061292149134,1.648454074204111,3.379259525643096,229.436647,0.0,0.644539838579789,1.0472003092397482,9500.0
LOG00006,Idle off,229.5,230.0,22.60769230769231,0.9387977539809541,13.644423926301826,22.28211045364891,23.0,1.1324527563889282,3.9755029585798813,11303.49394195548,10014.285714285714,0.0,0.0,1.6723242641842073,0.7945193914021559,0.5004276900167797,1.7942802100688497,0.7027596530936122,0.4757655916661809,0.9921889909862149,0.3321809388412632,0.12454655462579917,0.2432703393161658,0.3003374094027766,0.22467150246524484,3.0091822524838627,6.3005569705985245,3.405473103410635,0.5864213485617614,1.191767827032478,3.8661021148089425,2.2027417020425157,1.3091847669243066,3.370695648663631,229.500775,0.0,0.5864213485617614,1.191767827032478,10228.57142857143
LOG00006,Idle off,230.0,230.5,23.399011857707507,1.8670798498905445,15.455071341581172,22.266818181818177,35.0,1.2280847130299806,3.9097826086956515,11630.554771315641,9914.285714285714,0.0,0.0,0.9429996215778661,0.6716963217627296,0.4541571002901916,0.9002032281408922,0.6186559670432009,0.49333909164214573,0.5258372950192417,0.2633859775349234,0.27245395140754297,0.2609279286134893,0.27347381814446586,0.23891337148847092,4.6297866631778986,11.686455216608724,4.875075739437297,0.7332423131287052,1.0770730043835757,2.7698261243069537,2.096486803439518,0.8186648383085656,1.1125707742693727,230.481437,0.0,0.7332423131287052,1.0770730043835757,10064.285714285714
LOG00006,Idle off,230.5,231.0,23.35877712031558,0.6498800402346997,17.37623281013714,22.42055226824457,39.0,1.1940920714146204,4.1251873767258385,11529.416737109044,10014.285714285714,0.0,0.0,1.0582643076653742,0.46709136461045486,0.616777140955387,1.5275796340501517,0.440887090030595,0.6957883657744449,1.1652373176192634,0.15769530465661233,0.5156271668829016,0.24729188035304442,0.26791742533974383,0.25653719904696726,5.609674473867986,8.996987131262978,5.5093754026926645,0.6243665311037417,1.0988890265413447,5.1611123672954555,1.7653245618521545,0.8179540597650117,1.4538299268870989,230.632384,0.0,0.6243665311037417,1.0988890265413447,10257.142857142857
LOG00006,Idle off,231.0,231.5,23.878303747534517,1.1395882688630723,19.042948161440748,22.324082840236688,25.0,1.194273653067271,4.313865877712032,11718.434770357848,10257.142857142857,0.0,0.0,0.8864418058555347,0.8413608136398022,0.6462173518195932,0.8034146186464786,0.7548304556680089,0.6560740256701486,0.6164436024843443,0.42964910896183756,0.36331466172157895,0.26820228433981524,0.33946995680386677,0.28136842274192636,6.966369922001646,7.318080814029216,6.605421724251021,0.8811091307287386,1.3818595287651412,3.1747276203653834,2.617646081103624,0.8641953175923406,1.1646599384551695,231.085224,0.0,0.8811091307287386,1.3818595287651412,10328.57142857143
LOG00006,Idle off,231.5,232.0,23.501380670611443,2.0016113004004232,19.778098830420042,22.35733727810651,55.0,1.3229474742436087,4.00741617357002,11596.167934629473,9985.714285714286,0.0,0.0,1.0151939237834537,0.5789288106506507,0.5095869614233879,1.238789347934268,0.6279818665357981,0.5155395750242027,0.7058695005498326,0.3984473448246921,0.03477179186623048,0.25378150860811494,0.31112071375348926,0.22809802938553492,6.880578992966875,7.51341196904701,5.987967602347453,0.7644283839669658,1.459002959051077,4.227504567921231,2.696333985715541,0.8263707614286164,1.376807483989191,231.742286,0.0,0.7644283839669658,1.459002959051077,10185.714285714286
LOG00006,Idle off,232.0,232.5,20.604142011834323,0.3193351753121057,18.777194716381477,22.511282051282052,62.0,0.977468085975364,3.2592504930966473,10669.399830938293,8857.142857142857,0.0,0.0,1.0920057811819806,0.7461289012745054,0.779423762071184,0.992215697650924,0.7550121910226512,1.1877407266381899,0.6552069537029629,0.34959686985817284,1.161106291968052,0.24135520147406841,0.26435371890062725,0.238114665303263,2.3844963789700397,5.7246020448142945,2.8172452218326898,0.5553171090083661,0.975178848657474,2.4523064054302837,2.1113014205373233,0.9351964936450435,1.349975696273275,232.247414,0.0,0.5553171090083661,0.975178848657474,9057.142857142857
LOG00006,Idle off,232.5,233.0,22.454743083003954,2.606245772918456,17.77804908704484,22.35952569169961,149.0,1.4969956192125782,4.240592885375493,11142.588932806324,8885.714285714286,0.0,0.0,0.8746516155442865,0.9541045737018609,0.977744449895351,0.8005950416299134,0.8059532679899719,0.8767292867715091,0.45306067966737784,0.6576265919607464,0.9881391528110602,0.3120875817483544,0.3605570215743679,0.2813800605724445,4.571188332335826,7.68834677959296,4.278083903445017,0.9640054618439904,1.7492065410950037,2.5128130151310217,5.11874799415521,0.9152406749410348,1.3009445521513752,232.865999,0.0,0.9640054618439904,1.7492065410950037,9000.0
LOG00006,Idle off,233.0,233.5,28.37021696252465,0.6142301288215306,15.440575396609102,22.353214990138067,164.0,1.5663652295760804,5.287258382642998,13152.162581008735,9371.42857142857,0.0,0.0,1.1327183111319685,1.1356902690886852,1.1078541191204954,1.2898638490217482,0.990232531680725,1.303531285605562,0.8442481430755028,0.6673584759199609,1.1864808532700586,0.3049534734237788,0.34495596226732483,0.28020479831263545,2.9235076565746527,6.876505254844089,4.737975144567738,1.243911313450307,1.741309949355565,3.1221041809595795,3.6205636663822687,1.134205263538393,2.1792981707931856,233.499386,0.0,1.243911313450307,1.741309949355565,9571.42857142857
LOG00006,Idle off,234.5,235.0,26.6370808678501,16.194593472849412,10.173235164631542,22.227948717948717,112.0,3.354614077911922,6.890019723865878,11900.373344604113,3085.714285714286,0.0,5.522682445759369,3.397075657648323,2.6281032312889065,0.9680232641158175,3.9219094736734426,3.1297856150036294,1.0857238772892732,1.4260242197556325,2.0545873193911044,0.8832562652736564,0.38121196554329206,0.9752961240717603,0.3893125342053879,3.0980542446859882,5.318022369212906,4.328546600838633,1.7274765193548505,5.593335916767735,9.187398109566638,12.34944839819354,3.037025651694267,6.107394788629734,234.713862,0.0,1.7274765193548505,5.593335916767735,3128.5714285714284
LOG00006,Idle off,235.0,235.5,18.82648221343873,0.574017700798402,25.776377607792785,22.25681818181818,80.0,0.8713808142643592,3.0409881422924907,10057.778091473745,8300.0,0.0,0.0,0.5625815831619371,0.5287432185801014,0.634002632871026,0.5005313239422995,0.5016520972903776,0.570614011116636,0.3763685532413563,0.3617627428665357,0.47337937521622697,0.22476641471257905,0.26174365465270755,0.21606199760083614,2.149799805387563,5.386948990547162,2.096297058759923,0.45814069009302666,0.7507511244584296,2.5041467585072352,2.369936874795157,0.5459246417352107,1.0071996626416189,235.000959,0.0,0.45814069009302666,0.7507511244584296,8414.285714285714
LOG00006,Idle off,235.5,236.0,19.781065088757398,4.768634831429931,29.625666579197418,22.36644970414201,84.0,1.2689945905974447,3.3311439842209065,10282.49506903353,6885.714285714285,0.0,0.0,1.2481489245120254,1.101423084708279,0.5448481173846448,1.3506220554345463,0.8674609513779994,0.7326557315734168,0.8266756924644849,0.5644117645883964,0.44876206898351423,0.34394666394131845,0.5721413224770104,0.32599033698143776,6.060230221050391,9.084495045282319,6.1147135075878145,1.1448066718721388,3.1390520228595213,5.496995772661175,6.527894930894403,1.1770744558626753,2.059718857995065,235.591927,0.0,1.1448066718721388,3.1390520228595213,7000.0
LOG00006,Idle off,237.0,237.5,33.93846153846154,7.345636980071778,14.837477893603019,22.28889546351085,175.0,2.678360101446979,7.375404339250493,14731.649760495915,7514.285714285715,0.0,0.0,4.749727307077957,5.096418417973594,1.1993156585066749,4.994744567007397,5.178170057598794,1.5944975274663193,2.4622016424950375,1.0899813573111765,1.2962333050346118,0.6066550845874048,0.7474469326876562,0.5296675492673952,4.990332258142086,5.677002807567747,6.085345879251955,3.188963103306009,4.510867819329539,13.927396978178342,15.465556309187933,4.926123738938283,8.72687141215317,237.130998,0.25443786982248523,3.188963103306009,4.510867819329539,7757.142857142857
LOG00006,Idle off,238.5,239.0,32.62169625246548,8.426821710729605,13.173009628437278,22.097554240631162,60.0,2.853187453389682,6.96138067061144,14051.507466892082,9971.42857142857,0.0,0.0,1.1411471713830887,1.3994622033617508,0.5864681718008341,1.19956587275221,1.3370042044308852,0.5895871696032121,0.6133850747363057,0.5408125496400195,0.16307747353662846,0.39038335537376534,0.509461293957466,0.3334732310342148,4.82121542958268,7.07429593383164,7.132699116768734,1.6437219619988723,2.9334222964701313,3.984684684082065,5.566170004654014,1.2768538141450945,1.99107382714977,238.95717,0.0,1.6437219619988723,2.9334222964701313,10200.0
LOG00006,Idle off,239.0,239.5,27.749309664694277,8.327437037301584,15.942577464660395,22.098224852071006,46.0,2.828161207778731,4.916429980276134,13129.191321499015,8728.57142857143,0.0,0.0,0.964222411633097,0.8891578242495162,0.45720743874538716,0.9385490938399276,1.165478316750055,0.4440387573991658,0.3905618728947076,0.5858926041529242,0.12876493939576117,0.2948324012728679,0.3049288976103294,0.24098465977090675,4.124767881839768,6.7534210819020215,5.834524337774802,1.001764638478622,1.319964584613402,2.9341894035016387,4.704272261975587,0.9274498626663543,1.9151801103677404,239.005513,0.0,1.001764638478622,1.319964584613402,8971.42857142857
LOG00006,Idle off,239.5,240.0,18.659763313609467,1.4718925891783583,14.213793124217249,22.30483234714004,13.0,0.9219465066364985,2.95629191321499,9969.477317554241,8671.42857142857,0.0,0.0,0.4048963337768801,0.42466395652411193,1.1192011506766562,0.4057675770822478,0.4249157959100474,1.8279449314931828,0.0049829429038137875,0.0016990896772355005,1.6561963523861123,0.2301625105823165,0.25401758225823245,0.19799238771798677,1.5337068807288576,5.76842614968546,1.98884632483614,0.46535573624420856,0.9964281324699099,0.9810834087030252,1.4962148165020674,0.414897889291252,0.5813019361345491,239.820438,0.0,0.46535573624420856,0.9964281324699099,8800.0
LOG00006,Idle off,240.0,240.5,19.439328063241106,0.8826247367773846,12.738180681381753,22.219051383399208,1.0,0.8950809305777526,3.087272727272727,10218.781761716544,8671.42857142857,0.0,0.0,0.435799971809552,0.4307755317429555,0.3918450382053973,0.4357999863613507,0.3637524179363623,0.39183510325623255,6.097492939552358e-08,0.2332270730985475,0.00031593867992571207,0.20082168917814328,0.21819377346582056,0.17522026613421213,1.2829362429069386,4.921134238382326,1.677380937106079,0.42442168242095923,0.7920583807234718,1.0834726777719228,1.2737855566259082,0.43329503469208613,0.6280215047810972,240.366023,0.0,0.42442168242095923,0.7920583807234718,8814.285714285714
LOG00006,Idle off,240.5,241.0,21.545364891518737,0.7342784936942603,11.310326685811397,22.305621301775147,1.0,1.0153847043330815,3.5587179487179488,10920.357847280924,9357.142857142857,0.0,0.0,0.4469283673321084,0.49245935248571393,0.5171937072381504,0.4469283673320196,0.4928004510572105,0.5171937070977699,1.3458577575903e-12,0.007280388613723891,5.147647688473902e-09,0.19250385551390164,0.21225251955995245,0.17742099315516086,2.8276129022294176,5.100612277972697,2.285459767254426,0.4919398701459365,0.7991249137366814,1.1982893790305562,1.4445708739490537,0.47024524419540525,0.8115444186052522,240.997443,0.0,0.4919398701459365,0.7991249137366814,9528.57142857143
LOG00006,Idle off,241.0,241.5,21.40828402366864,0.3453986265806088,10.521586105577281,22.3869033530572,1.0,1.0108424335100508,3.400473372781065,10910.488870104255,9700.0,0.0,0.0,0.6671280506176744,0.5460587507072332,0.6847260714317444,0.6671280506176422,0.5460587859363989,0.6847260714317502,9.225025893489837e-14,1.6235602935389828e-07,7.832165932377286e-14,0.1988699128391676,0.26004036497136973,0.22507965856589823,2.9316685414787265,4.729692718067836,2.0936184810390066,0.4667296608740913,0.7558200742220607,1.4086237635713201,1.6426274233894325,0.6096064284211915,0.8062336975878467,241.000403,0.0,0.4667296608740913,0.7558200742220607,9800.0
LOG00006,Idle off,244.0,244.5,33.37159763313609,3.4442906495724297,17.666480332701727,22.23339250493097,51.0,1.8079856690708114,6.760098619329387,14638.658777120316,11514.285714285714,0.0,0.0,1.59853394869323,1.9151989510652503,0.6171129971846676,1.5541943569406762,1.8958652816461783,0.6171130148952879,0.6149168270957457,1.0677159744718343,2.2068185982016438e-07,0.3502032802287904,0.3933711768517868,0.2830864065248018,4.100875731758684,5.246279041178677,6.692896437907272,1.5883516017771522,2.0840663294456525,4.512310577249989,5.7197881369296315,1.7639866506419777,3.049946901097792,244.244343,0.0,1.5883516017771522,2.0840663294456525,11671.42857142857
LOG00006,Idle off,244.5,245.0,23.389130434782608,4.673326509755255,30.48641522657514,22.302885375494068,36.0,1.368518726197061,3.7694071146245056,11802.92913608131,8414.285714285714,0.0,0.0,0.737252334457496,0.7141305359833636,0.4719711989625981,0.8102762861012422,0.7107862347542933,0.4708626889905548,0.5152306255234861,0.4960263819419293,0.016766274651339348,0.295257137939015,0.31643527877832434,0.26353405035139177,5.762903642013174,8.654048407137198,4.971802963826816,0.9761071122405449,1.3795033123986933,2.5069074534647573,2.9488391230979425,0.7257835169962575,1.2431974526723355,244.507769,0.0,0.9761071122405449,1.3795033123986933,8589.285714285714
LOG00006,Idle off,245.0,245.5,24.181854043392505,3.7915542646796285,36.030016354022905,22.25321499013807,48.0,1.1421192780249383,4.333609467455622,11734.537897999437,8585.714285714286,0.0,0.0,0.9434479598106335,0.9668580467987888,0.5423444755630675,0.8472920712917692,0.7515513545203886,0.49689446797146364,0.5114800005325091,0.5879137291382123,0.2739755193286473,0.24486306499637728,0.3297937807858549,0.2523281277919173,5.091157741158982,8.857163408514065,4.756859115684394,0.6756200642301216,1.3092857304223298,2.693040193393837,3.6314427884572633,0.9552247210814885,1.329363984364676,245.155966,0.0,0.6756200642301216,1.3092857304223298,8732.857142857143
LOG00006,Idle off,245.5,246.0,35.08836291913216,3.166497869856925,44.899454394438784,22.270078895463513,70.0,2.1669075232904604,7.22836291913215,15090.687517610595,11671.42857142857,0.0,0.0,1.48093660862713,1.22938749869076,0.6543713777692931,1.39994890402622,1.0902536544573012,0.6926554795966988,0.4676423672599836,0.6145470073769072,0.41487504857028223,0.41455978706913893,0.49100989714446597,0.3302275304176529,4.598949908537505,4.646440405000684,9.806271083825967,1.851600404117438,2.8452532965122437,4.112807724259164,5.655982502365185,1.3609861977090638,1.8099486187273037,245.772595,0.0,1.851600404117438,2.8452532965122437,11942.857142857143
LOG00006,Idle off,246.0,246.5,29.96213017751479,0.41877274299164896,49.72889274472474,22.32080867850098,79.0,1.5631627775231258,5.7948126232741615,13607.903634826713,9671.42857142857,0.0,0.0,1.1669893782543879,1.0483807826438107,0.6995999396583964,1.257876942882435,1.1526473170883762,0.8002059597894339,0.6877382289650723,0.3976240570669771,0.626019829507031,0.3357754092991373,0.45296095920522667,0.3040918391466068,3.2661753556295907,7.3480934454470885,5.657000848180525,1.4430237546160378,2.406247979778169,3.740866589473178,4.360256221774889,1.109271489396399,1.6202839829399884,246.466175,0.0,1.4430237546160378,2.406247979778169,9971.42857142857
LOG00006,Idle off,246.5,247.0,23.23234714003945,1.9749963208231542,45.6430081877872,22.08349112426035,90.0,1.3792324814934542,3.9122485207100586,11533.918005071851,5571.428571428572,0.0,0.0,1.1666366018260177,0.8816990655830435,0.7363203462422899,1.1650997606678755,0.7335543338187276,0.8112503686455127,0.5228240695864804,0.45690950519347956,0.6668049081792135,0.30091829200545717,0.3472290291933625,0.28310900239957076,6.519256336604817,7.269769567479136,6.156972803586944,1.0380119459846473,1.653140023125706,3.351528251015796,3.2547946729277917,1.0340295457505484,2.0133247636123324,246.99992,0.0,1.0380119459846473,1.653140023125706,5885.714285714285
LOG00006,Idle off,247.0,247.5,26.796837944664034,2.7044959422785806,36.520472318674344,22.129881422924903,92.0,2.0108488405686016,5.5317588932806325,12346.315640880859,5200.0,0.0,0.0,2.3643074796913504,2.420867620441461,0.8013186284713126,2.3697295550529573,2.358560996728486,0.7526519216099138,0.4869265893223797,0.5322626630392923,0.5022870906384896,0.45106192729692435,0.5635033449269445,0.5090695298771657,4.053026887603638,5.941094984735678,6.644643892092419,2.032493941846715,2.9016351838259227,5.937420688049438,8.03131223926607,2.3927546775867325,3.6173143502108918,247.332396,0.0,2.032493941846715,2.9016351838259227,5346.428571428572
LOG00006,Idle off,247.5,248.0,27.715779092702167,2.943328553338247,19.44814604603587,22.264477317554242,92.0,2.028546573690049,5.3657396449704144,12924.675965060582,9085.714285714286,0.0,0.0,1.7264311720769467,1.5881904309211943,0.953895435209205,1.7847477312220132,1.3112165478302278,0.8963921556898883,0.4972977543603199,0.6311367692836252,0.47478822591801234,0.36098398931434394,0.48275718386124816,0.32273701027609925,4.399445737904641,7.835827340124978,5.361663062898993,1.407255720980866,2.8248687722077697,4.853677513426211,6.374412607815292,1.658751554149782,2.400535422130501,247.559309,0.0,1.407255720980866,2.8248687722077697,9257.142857142857
LOG00006,Idle off,249.0,249.5,24.562327416173567,6.536405476676041,14.465257544729383,22.107179487179486,17.0,1.9031733088633696,5.021104536489151,11605.593124823894,8114.285714285715,0.0,0.0,0.9484251157809609,0.7932637844742143,0.4719571134594739,0.9243967425920249,0.8267420874992822,0.4720326310156941,0.3066303896799224,0.4143798213940746,0.005596500021067263,0.3316403345438839,0.29834638674014885,0.24738482354861957,4.324889622396204,6.305844159536784,5.188421024378018,1.372451664585331,1.415226327074797,2.503252322349689,2.864115189467846,0.8742933237771181,1.7009961252219228,249.499926,0.0,1.372451664585331,1.415226327074797,8390.0
LOG00006,Idle off,249.5,250.0,56.03260869565217,7.867852733334691,30.053212761838452,21.73332015810277,35.0,3.8374391557175507,17.240731225296447,20414.525691699604,14428.57142857143,0.0,0.0,1.8119880199818568,1.8236223795937287,1.1190722129010557,1.928908898297677,2.064224054534864,1.1042244714249152,0.5385074579804763,0.836177219618367,0.21918831197030048,0.38867248145063155,0.5626371157661026,0.29395983078727367,3.977583332674226,4.140058411500808,6.322132526793865,1.4696309662177804,2.714269346740148,4.121427666222608,5.839926633357987,1.817814507576731,3.006821892726565,249.989277,0.0,1.4696309662177804,2.714269346740148,15100.0
LOG00006,Idle off,250.0,250.5,28.010650887573966,6.02037016908388,47.25630842640279,22.266094674556214,167.0,2.986828858713007,4.266351084812623,13412.595097210482,6885.714285714285,0.0,0.0,1.8236713116156555,1.2540461364836062,0.8903228198561498,2.1431783496064187,1.2888843239046759,0.8793554297708777,1.3398254531273093,0.4061424430584616,0.6898987053711518,0.32337384746083914,0.5276263865400928,0.35744727462005277,4.635060402758166,8.065012735419726,5.758024593553901,1.2946675987636433,2.9158578672091666,10.550900388772833,4.566190821607151,1.5649934129636809,3.0525220564936353,250.058339,0.0,1.2946675987636433,2.9158578672091666,7294.285714285714
LOG00006,Idle off,250.5,251.0,22.643786982248525,0.8371642857936831,42.15500769462705,22.151676528599605,154.0,1.5707886386789771,4.223136094674556,11182.114680191602,5914.285714285715,0.0,0.0,3.9630592172288006,0.990534754858089,0.9056126508558413,2.6581770018325144,0.8726616801775207,0.9274960401285182,2.8277622485045453,0.3257942578701419,0.6681203962485223,0.41918327299900476,0.6325725477658078,0.4253582574611173,9.050219370603136,9.015098546091485,9.387139287318277,1.8154573051346397,3.365223640792097,6.935459012637615,5.301185160184852,2.8885115076665286,7.067121244609548,250.643387,0.0,1.8154573051346397,3.365223640792097,6275.714285714285
LOG00006,Idle off,251.0,251.5,14.519132149901383,5.8944838349732755,27.123881911261428,22.291932938856014,87.0,1.4568493604265405,2.243609467455621,8651.162299239222,4414.285714285715,0.0,0.0,2.0356754987180428,0.8262210211457379,0.4392830736348307,1.3769103563092788,0.8324909372182632,0.4943066760173871,1.4959271463628625,0.7325015400184242,0.35141625094738516,0.35702155915850925,0.4202191960545187,0.3637686655635333,6.075292419170821,6.808197587658755,6.777496284232467,1.3459786660280533,2.0716139470331973,4.241710793258885,4.722266697396624,1.553482525145368,3.3806160592755896,251.282688,0.0,1.3459786660280533,2.0716139470331973,4585.714285714285
LOG00006,Idle off,251.5,252.0,15.855621301775148,9.942694926674113,17.773204527189353,22.19173570019724,63.0,1.734997886634441,3.320769230769231,8436.79909833756,4200.0,0.0,0.0,3.3655252503503785,2.9839645109443835,0.621447960735013,2.9700315186540895,2.9123892882654663,0.6213404129998843,1.2486003667508847,0.4931023224173679,0.0018610291980509046,0.37549032866266735,0.46742337993270694,0.36362299863554703,3.5055550478945263,4.746706484754139,3.413312415671365,1.6696382619573236,2.704778948947498,8.058831998220487,7.676522264856674,3.1804720100420263,5.065766806309152,251.937775,0.0,1.6696382619573236,2.704778948947498,4271.428571428572
LOG00006,Idle off,252.0,252.5,32.12213438735178,3.715077732566997,10.025057829861568,22.113794466403164,39.0,2.106884934801676,6.242885375494071,14300.846979107848,11371.42857142857,0.0,0.0,3.4349405535723494,2.5803461633859,0.7811585594648313,3.4509469235975234,2.552390470530922,0.7811586357041783,0.22631386334570078,0.45579751501340415,1.6588286793044375e-06,0.4104313674629149,0.43841844048513906,0.35532008214490307,4.697365245727933,6.958471031408969,5.6467321852336845,1.9750162907778328,2.3807394144560483,9.41930571529042,7.345644833757988,3.03784487173689,5.382294244875766,252.075893,0.0,1.9750162907778328,2.3807394144560483,11514.285714285714
LOG00006,Idle off,252.5,253.0,28.75838264299803,1.0286927743493375,23.478768128251147,21.964950690335307,27.0,1.6005717865165325,5.391143984220908,13199.950690335305,11514.285714285714,0.0,0.0,1.04014881152951,1.0947538839044906,0.6628749462405576,0.954150843064549,0.8948850326568479,0.6840983114891611,0.27793852960024745,0.41642216849865155,0.1409035848127047,0.30019201721694505,0.351592939434279,0.26225560147269117,7.5879647734253135,7.837964973532149,6.15402498678601,1.2606482274274797,1.5990676762315537,2.63529375507597,3.0791658492871368,1.0678004533737144,1.353452051805772,252.840488,0.0,1.2606482274274797,1.5990676762315537,11714.285714285714
LOG00006,Idle off,253.0,253.5,28.047731755424063,2.8466475287426998,35.068900882217505,22.29264299802761,32.0,1.7112292036711354,4.88706114398422,13027.796562411948,10471.42857142857,0.0,0.0,0.8601604733754791,0.984136551614604,0.7063491559108657,0.8359528793383418,0.9574818205432559,0.6592049318719394,0.36417235956852095,0.4153962210250621,0.4001370669769313,0.3263089650121423,0.35538812771636996,0.28918681729428003,7.379094323899407,7.948664320910116,5.933492238200431,1.4105052476249225,1.7693618390751444,2.893916628321647,3.3609311192236118,0.9242296230324509,1.4095365806203797,253.186775,0.0,1.4105052476249225,1.7693618390751444,10714.285714285714
LOG00006,Idle off,253.5,254.0,25.225049309664698,1.4316869635751805,40.29861283308217,22.34114398422091,161.0,1.445617066331493,4.8421499013806715,12054.226542688084,7942.857142857143,0.0,0.0,1.2937187892166735,1.1630187281025521,1.1550674295964671,1.029450221708227,1.4151001386215625,1.224739419387423,0.9450444847338781,1.0818437408980868,1.5127467004651742,0.37396780171081595,0.565995649127961,0.3660499618845606,6.847517164649105,8.577540578500344,7.039293639575803,1.5490896523901858,3.2255289164074994,7.34860343103285,5.628015299643184,1.2301058628202564,1.848454183433857,253.817196,0.0,1.5490896523901858,3.2255289164074994,8085.714285714285
LOG00006,Idle off,254.0,254.5,26.78954635108482,1.0027325542076262,36.90942640822855,22.190374753451678,159.0,1.8237506666175718,5.242110453648915,12504.62806424345,7628.571428571428,0.0,0.0,2.9266398226807233,2.2449563037712967,0.9135629589035206,3.0686470307627793,2.3089611337197637,1.0087154312693876,0.8970633362881325,0.7024550573904573,0.6689789750883721,0.4803597539734701,0.5986537322974277,0.3939773133958895,5.846174735310827,7.348422802937981,9.671856849783964,2.291983397464284,3.5093838302943934,7.130648907789097,7.3499453230936,2.6081650117988255,3.922942895703522,254.285817,0.0,2.291983397464284,3.5093838302943934,7785.714285714285
LOG00006,Idle off,254.5,255.0,22.56067193675889,0.8403925437272601,20.317533650456838,22.20586956521739,99.0,1.6822712033880438,4.1196640316205535,11143.852343308865,7742.857142857143,0.0,0.0,5.378638200898499,5.495614619262701,1.423699799593254,5.616827276773013,5.572292503739503,1.415087944592178,1.4542578551146053,0.5292306458163527,0.7633358977610541,0.5653604742325214,0.6784189810637741,0.48172535939185973,6.042746512395837,6.517703636654029,5.546844108999605,2.80032456214218,3.7707250368595147,15.119811362982473,12.667611434151283,5.4374409854093395,8.147216842549561,254.735691,0.09090909090909091,2.80032456214218,3.7707250368595147,7914.285714285715
LOG00006,Idle off,256.0,256.5,31.447337278106506,5.522063314126146,11.093200949587107,22.113372781065088,7.0,2.074561541549419,6.226607495069034,13799.626655395887,9257.142857142857,0.0,0.0,2.0084113111992,1.8139564457013193,0.7379968694745986,1.9955952523121885,1.5708157443896023,0.7379968928283618,0.23534461181591423,0.5011920878125725,1.5858074726077724e-07,0.49040154183351703,0.47782621185448604,0.352745863440196,4.000308020002629,6.143899703439591,5.974353316225005,2.4822834618732514,2.642934325486021,5.513118656219385,4.971516502171238,1.913655400255524,2.896258766312353,256.083349,0.0,2.4822834618732514,2.642934325486021,9512.857142857143
LOG00006,Idle off,256.5,257.0,29.90216962524655,2.6352591814612456,19.207846941095475,22.11642998027613,33.0,1.9422790898572555,5.475818540433925,13586.792054099746,11371.42857142857,0.0,0.0,1.914480551247811,0.8158477186908645,0.6637193509901927,1.8364204916889477,0.7083933525856686,0.6631601174008983,0.953199292365253,0.3278326147351508,0.014463097425948354,0.29929229874026336,0.30957029485602766,0.2810433575618169,7.026332615290694,7.756657499870311,6.806252012370729,1.0289931953817906,1.448931623402594,5.200895083030832,2.6776155897642075,1.471537169289178,2.7061806119490455,256.83907,0.0,1.0289931953817906,1.448931623402594,11527.142857142857
LOG00006,Idle off,257.0,257.5,25.268577075098815,3.2799035870741866,25.181622441311653,22.134584980237154,37.0,1.5001005297987744,4.243695652173913,12265.873800112931,9671.42857142857,0.0,0.0,0.6809005117793129,0.5128405603326347,0.6093446870561836,0.6025413933193344,0.5119471864850392,0.6277020851977111,0.3173423330147148,0.0030390901416329696,0.41054328013852937,0.2533455856374685,0.24805779609210896,0.26313439424147866,6.447796788706882,6.522028446851818,5.8366270856689955,0.6181077655106104,0.9821882548225467,1.540622532147724,1.8003073957987255,0.6027565624958475,0.8148345538103989,257.264286,0.0,0.6181077655106104,0.9821882548225467,9921.42857142857
LOG00006,Idle off,257.5,258.0,20.079487179487177,0.5836136266574404,28.425628574726698,22.32767258382643,96.0,0.9121590382290521,3.187140039447732,10415.123978585518,7871.428571428572,0.0,0.0,1.531766860451704,0.7393669716074311,0.8151619029138993,1.525404954441451,0.568695904475716,0.8552119623062404,1.021559330034531,0.3732950310316492,0.5981276039331566,0.25049615825309735,0.38039462232156585,0.2614759795371229,2.413339425427305,5.324634755252784,2.7546375689725524,0.7284997551249831,1.7730434675892441,5.718236166167939,2.490217547113638,1.2026997201051508,2.4242400785373532,257.810853,0.0,0.7284997551249831,1.7730434675892441,8114.285714285715
LOG00006,Idle off,258.0,258.5,22.625443786982245,0.7402246249354354,29.717507647749976,22.279072978303752,137.0,1.252939392194976,3.7870019723865873,11216.124260355029,7414.285714285715,0.0,0.0,1.244755150614701,0.9330187605644125,0.7700346994309899,1.119063135446511,0.8878914034915848,0.8293510743648878,0.7872721091375006,0.49762372899743945,0.7767719410762429,0.29924593887394885,0.3996745010382381,0.29430114567050586,8.619171436247871,6.435011388568349,7.215987037827077,0.9864356237743253,2.1025166657326118,3.609924955647186,3.53762531925136,1.0999862254926147,1.8324160541703602,258.35742,0.0,0.9864356237743253,2.1025166657326118,7714.285714285715
LOG00006,Idle off,258.5,259.0,24.186587771203154,1.949160946700495,22.966353055077604,22.382465483234714,129.0,1.4054778628348086,4.201005917159763,11651.845590307128,5785.714285714285,0.0,0.0,3.3701621686735965,2.0800109711650987,0.8825309347419683,3.30616244935604,2.110180510482161,0.922876955019226,0.6570269314831616,0.3919808343447452,0.9628587016397324,0.4424840824211525,0.5173758531248915,0.43428383235727375,8.345205217844882,6.504444150901212,7.414861816706111,2.1415430917780323,2.747887639455321,8.535804622428294,6.763546564501313,2.8003962829683497,4.844584006246671,258.999682,0.0,2.1415430917780323,2.747887639455321,5975.714285714285
LOG00006,Idle off,260.0,260.5,26.035700197238654,5.453526775652733,20.225371027685963,22.33688362919132,45.0,2.050132954170534,4.427534516765285,12538.87010425472,9257.142857142857,0.0,0.0,0.8965411074809604,1.0162574486786937,0.46004347758040914,0.9298507062676132,0.9136826445286101,0.46041717473743315,0.5023507256871215,0.7377363225315856,0.0025392604189353484,0.28058830766580406,0.3055549785640991,0.22388091851758643,6.035052359346775,8.570452900300161,4.982191375963493,1.0491916732354813,1.3863839485681568,2.8568751635654714,3.715472207917945,0.9582706192402315,1.661782249664201,260.008996,0.0,1.0491916732354813,1.3863839485681568,9571.42857142857
LOG00006,Idle off,260.5,261.0,21.443392504930966,3.0173545909615402,26.361178989686827,22.300552268244576,75.0,1.1705677115805901,3.9003944773175543,10771.794871794871,8628.57142857143,0.0,0.0,0.9533544549808488,0.8731352751504613,0.8444478056800989,1.2854478125715594,0.9181173033973383,0.8228169394125444,0.7057048708658733,0.955700692344571,0.8156263152075578,0.3040738079321574,0.4180357791572168,0.28275017619157283,3.5170230568599794,6.752091899404189,3.1246857924596485,1.0254913570923583,2.0985625054716945,3.822491313555738,4.101762742247333,0.9141252445764482,1.491214843147226,260.930419,0.0,1.0254913570923583,2.0985625054716945,8804.285714285714
LOG00006,Idle off,261.0,261.5,28.932741617357006,1.0698084485880464,34.13984032378519,22.179546351084813,159.0,1.6581032658894903,5.703195266272189,13253.599605522682,7485.714285714285,0.0,0.0,1.019415494928816,1.1465187062638011,0.7870705158001428,1.080180834263903,1.181851825911202,0.9686801994072693,0.6917511129027012,0.575037797668199,0.7317214733783084,0.3618600805572669,0.4813037906732605,0.3376501887945092,3.6817746178906625,7.751136510508856,5.744088458625258,1.4450757157025673,2.7021383842710756,5.013984388461113,5.113504570652386,1.0848301929596595,1.493932262582684,261.079393,0.0,1.4450757157025673,2.7021383842710756,7600.0
LOG00006,Idle off,261.5,262.0,30.85621301775148,1.8582021007752645,30.493736198401226,22.344102564102567,177.0,2.164849589190942,6.201341222879685,13622.013243167088,5557.142857142857,0.0,0.0,3.0685922760023225,2.899397756622125,1.4275389330469612,3.1591691238913038,2.833830023560854,1.6564097729225475,0.9548407714625324,0.6756480802935568,1.3504361888462475,0.4468051571499097,0.7045721396973027,0.4513497915872459,4.377887239224748,7.601430017188332,6.7736662570174175,2.16157979130633,4.023242522488009,10.523478025044275,9.55860156640737,2.9851939557963845,4.509782961437271,261.671341,0.0,2.16157979130633,4.023242522488009,5761.428571428572
LOG00006,Idle off,264.5,265.0,32.073715415019755,16.720621124248687,13.083281900172654,22.086245059288537,83.0,4.283457500177018,7.680533596837946,13886.871823828347,7785.714285714285,0.0,0.0,1.1479159882848031,2.325479057155008,0.8744125922787825,1.1544502913441979,1.8543766045499759,0.8038150997736602,0.21204155567709312,0.92264837676391,0.596999736327479,0.4755292919972631,0.5948977088231786,0.547158795516977,3.729161534271351,4.807807896207398,5.011505184855698,2.2179981503147,2.9990715505229746,3.4723640726404867,7.016637483939702,1.8337889684239053,3.501163531818215,264.79881,0.0,2.2179981503147,2.9990715505229746,7978.571428571428
LOG00006,Idle off,265.0,265.5,38.263905325443794,13.090164447448844,28.145675449141628,21.81534516765286,59.0,2.8975340059669468,9.329151873767257,15607.488024795719,8471.42857142857,0.0,0.0,1.4726637596154697,2.324907439173369,0.7919418428963033,1.4479490521922247,2.948285994219825,0.7886772257589264,0.6313190779089023,2.1406532782979166,0.03599885050189588,0.40797481488218446,0.5040198472751785,0.3580351666525253,3.785810559699429,4.65108548109554,5.23889316729426,1.7501633016011893,2.6803283468022805,3.5239389830993804,9.285415171721866,1.9460129945106288,3.413998071901808,265.244752,0.0,1.7501633016011893,2.6803283468022805,8747.142857142857
LOG00006,Idle off,265.5,266.0,23.810059171597633,9.566049712242272,45.221939592312,22.067199211045363,85.0,1.664629056236537,4.305246548323471,11544.364609749224,7514.285714285715,0.0,0.0,2.2744718345489225,1.8740728293051372,0.7382365837871182,1.8145031290070928,2.3054417710778514,0.6500900229126851,1.8921542703255134,1.544147730713713,0.3043081736348041,0.38890591123748414,0.6384381035381012,0.39452318116712737,4.601274961486514,6.067203154345213,5.841959576476214,1.7976759999838843,3.5080354375611065,7.0636720981970935,9.220079280187283,2.0839111180297616,3.412665213983194,265.911692,0.0,1.7976759999838843,3.5080354375611065,7628.571428571428
LOG00006,Idle off,266.0,266.5,30.743786982248523,19.170602696563694,55.58447489485632,21.98932938856016,121.0,2.8565104993897323,7.1257001972386576,13763.26429980276,5457.142857142857,0.0,0.0,1.8193477861966334,2.322017787034513,0.6350249412993241,2.2010442846580305,2.8318664903135478,0.6304252226986798,1.5952083901119292,2.6410685833748375,0.10196134276101396,0.424007825959217,0.6198324732926951,0.4555163145674951,2.938640819035424,3.4118837714014263,4.777929526550288,1.8376523368303967,3.185100744842686,8.540540287497441,12.33674455730479,2.085880266271682,3.285434249235845,266.213591,0.0,1.8376523368303967,3.185100744842686,5728.571428571428
LOG00006,Idle off,266.5,267.0,32.535700197238654,12.305966531765272,59.672859729176956,22.1777909270217,82.0,2.596166059948918,7.303195266272188,14112.454212454211,7100.0,0.0,0.0,3.7842031994742165,3.41546017855157,0.9818440880538243,4.8619565174476005,4.190957503260527,0.9705473307005357,2.8373137668053503,2.9441059024391465,0.45860282548631826,0.3979996401552388,0.9676853353393704,0.45810522954982186,3.8445136245000286,6.537266881714831,6.4589377952512255,1.7854329509906497,5.802791022833979,11.471515189786695,14.374327872117984,3.604550047244623,4.983683941861921,266.638816,0.0,1.7854329509906497,5.802791022833979,7694.285714285714
LOG00006,Idle off,267.0,267.5,32.15810276679842,13.710468273331294,64.02277154349011,22.161541501976284,71.0,2.5777479416209426,7.033418972332014,14161.645962732919,8457.142857142857,0.0,0.0,1.8464882668959115,2.8036919934690245,0.7455979397756543,2.212776810804043,2.9468085596866747,0.7456039921112122,1.5769955428688587,2.171475376858626,4.7840784698216564e-05,0.40333895604583464,0.48430485582241806,0.5665904444280175,4.783354075735802,4.934685521629857,6.0674295207398945,1.6421220218216026,2.631927157508765,6.095582538380842,9.359634971430188,2.37383736953762,3.983302146986655,267.246553,0.0,1.6421220218216026,2.631927157508765,8628.57142857143
LOG00006,Idle off,267.5,268.0,36.306903353057194,6.325108201749193,71.40508924709393,21.816548323471395,17.0,1.6195859952250005,7.51171597633136,15438.426317272471,10842.857142857143,0.0,0.0,1.597471254854165,2.459954999005955,0.8253058964590542,1.600346701023351,2.53453581253961,0.8253058949431265,0.8484487966542376,0.9920436945655917,1.1856439833570723e-08,0.3373980143049172,0.6731909932252967,0.36813414173440245,3.782895752818334,6.37216453823601,10.511655350138014,1.4886653178130813,3.719392584470822,3.7403392983873993,7.730801122526386,2.074041104609517,3.1844064725326584,267.707334,0.0,1.4886653178130813,3.719392584470822,11437.142857142857
LOG00006,Idle off,268.0,268.5,51.38086785009862,16.75937986466145,77.22287479580538,21.55303747534517,10.0,4.653655641528017,13.143708086785008,19180.536770921382,13785.714285714286,0.0,0.0,1.5537362485210517,1.55179691606651,0.7851796262147295,1.52175980102696,1.5528916211897394,0.7852526616723998,0.35448407107425195,0.1395488929395891,0.0008713932676114427,0.40929778342548623,0.6347467521426934,0.31262583189634013,3.6569876175098193,4.293077071078988,8.034027128055113,1.398898802794537,2.7152655041150124,3.636056558667697,4.928082391278257,1.5527668850606327,2.2603746963108957,268.329827,0.0,1.398898802794537,2.7152655041150124,13957.142857142857
LOG00006,Idle off,269.5,270.0,21.09328063241107,3.671215120739648,56.35876069487673,22.10608695652174,58.0,2.3170724460798997,4.066778656126482,10304.947769621684,4485.714285714285,0.0,0.0,4.655421066289911,3.8732746439106993,1.2770368234664207,4.413198110058153,3.8050717453202125,1.2308842159982487,1.3485587664893772,0.883538787165547,0.5718728684682529,0.37441133614284183,0.6820170016023479,0.43207694776575295,3.625145880784665,6.950601564560821,4.525129473765415,1.6472535925183076,3.6547331026108556,10.34073643603422,9.812370187454821,4.282242506655681,6.509997966755968,269.658745,0.0,1.6472535925183076,3.6547331026108556,4617.857142857143
LOG00006,Idle off,270.0,270.5,32.09388560157792,3.0793615482918546,33.341046997304495,22.065956607495067,25.0,2.028528179891613,6.576765285996055,13983.939137785292,8942.857142857143,0.0,0.0,6.559867117686259,6.165242758783091,2.3524068485718455,6.735021539276895,6.044999757996163,2.5891290375505505,0.39908607722997846,0.4548373852220305,0.5579657582219169,0.8725632795730836,0.8733327022733154,0.6071052919955237,5.898086568747064,7.682300588600849,6.856423751653483,4.860977627600034,5.526468385758343,15.85187847802434,15.202966076223182,6.365613673340096,9.820042455489025,270.283239,0.33925049309664695,4.860977627600034,5.526468385758343,9257.142857142857
LOG00006,Idle off,270.5,271.0,30.79250493096647,3.006098836444458,10.977796035462028,22.03001972386588,29.0,1.9806842874770136,5.952071005917159,13720.033812341504,10557.142857142857,0.0,0.0,2.9773072888620074,5.259851717514252,0.9981615934180913,2.809021513540942,5.096895276986359,1.051915306504117,0.40054292590213697,0.5750379265489391,0.26280826565863985,0.48095464453967135,0.5366918121657096,0.41653192780029624,6.41736643067042,8.134856838106302,5.9914071986976465,2.452127563359166,3.126975658986077,6.730805860706188,11.055534906597957,4.273780456606802,7.596719846495016,270.64531,0.0,2.452127563359166,3.126975658986077,10851.42857142857
LOG00006,Idle off,272.0,272.5,24.489723320158102,6.550639856696741,14.7971446462882,22.254249011857706,15.0,1.8904495157817254,4.21893280632411,11979.792490118578,8628.57142857143,0.0,0.0,0.7142874841627334,0.7565518225366413,0.6501562917213366,0.6180276721932293,0.7262635346119766,0.6501966459479266,0.40984716642328944,0.42805344624230995,0.00172787021140272,0.3319898481902805,0.33087721707717566,0.25678154079150495,3.5235104716108387,5.667677768421607,4.225271517250737,1.2896112503461572,1.4917995040661816,2.430455641336811,2.6378965149746523,0.7357232054975024,1.3303258195791505,272.001853,0.0,1.2896112503461572,1.4917995040661816,8728.57142857143
LOG00006,Idle off,272.5,273.0,25.79625246548323,6.651046228696743,18.336326777589576,22.135996055226826,31.0,1.823308550173989,5.0659171597633135,11966.441251056636,8571.42857142857,0.0,0.0,0.9335418499487409,1.0749532304412233,0.452454965713424,1.0199485865761873,1.110500856138979,0.45245496751516323,0.6005101939591817,0.6310546820794296,2.0833077666895542e-08,0.33421672697805077,0.37605609374149956,0.2949260795856945,4.301251990419146,7.009475931475657,4.981465942118875,1.3982194135984385,1.935867489925884,2.8932349850126218,4.629465699486485,1.0067335380431455,1.6432294349717056,272.996325,0.0,1.3982194135984385,1.935867489925884,8671.42857142857
LOG00006,Idle off,273.0,273.5,29.508481262327415,4.62616124993481,23.844206926996364,22.116627218934912,44.0,1.8814122228287644,5.6045562130177515,13498.82361228515,10428.57142857143,0.0,0.0,1.0492444738248177,1.3667907280082061,0.5697444915899488,1.016932891592135,1.2291742452503291,0.5697717015301083,0.24602253444568875,0.7039029979738816,0.00016688199134031164,0.2920096665407745,0.3360704255458855,0.2686865488857569,5.804646216218951,7.043644548244011,7.50815151869031,1.2051960652125189,1.4944284481310741,3.6172935495027443,4.939475892311833,1.2184069229984542,1.6252041647802138,273.000271,0.0,1.2051960652125189,1.4944284481310741,11380.0
LOG00006,Idle off,273.5,274.0,16.39388560157791,1.1852571067088065,24.278428027535867,22.17140039447732,27.0,0.9211095444584515,2.412958579881657,9214.067342913495,7971.428571428572,0.0,0.0,0.7028674742125267,1.0361485950226672,0.5066801321535376,0.5388040517324852,0.9764153880732516,0.450933208808365,0.4274944929586962,0.7211628563240362,0.21272201023841245,0.28258766557680975,0.2779279958020744,0.24042633169091385,3.546690345839932,4.291897846815654,3.025830199209706,0.8081955323867286,0.8025282981681272,1.7513026991311984,2.469138907149776,0.8853323097214241,1.42947271544779,273.536971,0.0,0.8081955323867286,0.8025282981681272,8094.285714285714
LOG00006,Idle off,274.0,274.5,27.171794871794873,5.695125197839499,24.259921139158365,22.19021696252465,29.0,1.9553145076137222,5.363510848126231,12358.819385742463,8185.714285714285,0.0,0.0,0.8960154963705025,1.024645386741544,0.8914983302703295,1.027909016734531,1.0643262475966317,0.9338767758241681,0.5206298684255302,0.8253657815201971,1.04334217627881,0.3737535236922201,0.391380776582111,0.3027806268728614,7.752210214185618,6.837571631321061,7.067608242820339,1.6331271730849435,1.9409160680097242,3.9140166871410926,4.145290333940763,0.9624816721129829,1.4400238632057814,274.318342,0.0,1.6331271730849435,1.9409160680097242,8504.285714285714
LOG00006,Idle off,274.5,275.0,21.12885375494071,6.781260323236217,25.52931393972689,22.189249011857708,65.0,1.9396545367038898,3.513715415019763,10863.572840203273,7814.285714285715,0.0,0.0,0.9085917870784589,1.062421482027629,0.421484720843416,0.9406436314356392,1.1580539357940205,0.41988698968249344,0.5990060064786523,0.7432845809879761,0.0747818065530812,0.3056286194993931,0.4521883063464291,0.2964564286970317,3.1021986995708546,5.885869348879407,4.372959519113809,1.2216145414767807,2.401337129188843,5.053273505612935,6.665200761100205,0.9885035257954857,1.9450914271925666,274.999081,0.0,1.2216145414767807,2.401337129188843,8000.0
LOG00006,Idle off,275.0,275.5,27.83885601577909,5.027793469561217,29.137304994259623,22.13958579881657,80.0,1.5737320594886082,5.261558185404341,12674.675965060582,9485.714285714286,0.0,0.0,1.6785021459869807,2.0342001739315534,0.6264803301140937,3.1342048843214836,2.310208748072707,0.6264801057351418,2.308501155007779,1.700055182939738,3.614268839681239e-06,0.3316808646113789,0.5300702100490586,0.2824125018529553,4.537462294262171,6.898973333119141,5.075573331796128,1.516321474778573,2.968567522222259,9.172465442179025,7.384615384615385,1.8648511739152356,3.504368371778372,275.081953,0.0,1.516321474778573,2.968567522222259,9637.142857142857
LOG00006,Idle off,275.5,276.0,30.278500986193297,3.259958392284637,34.472603778581856,21.954043392504932,30.0,1.5812483746064168,5.471952662721895,13768.124823894053,10900.0,0.0,0.0,0.9121057558845361,1.0338962407557357,0.5712177491362661,1.0893409398578893,0.9612931146855401,0.5642307213344747,0.8586414158583837,0.4760985782315991,0.12651906997132192,0.3362350298926038,0.38746367578856356,0.25485075386327777,5.416236447329606,5.331106363873514,5.211843248493906,1.2021854734392357,1.9149829370400504,3.154471482721903,3.6387678084357193,0.9749046995903102,1.9774813739646944,275.978751,0.0,1.2021854734392357,1.9149829370400504,11371.42857142857
LOG00006,Idle off,276.0,276.5,23.171203155818546,0.8069221799449322,35.78288807091303,22.11564102564103,32.0,0.9730965104339725,3.683195266272189,11458.24880247957,9300.0,0.0,0.0,1.5035833530251204,0.8006239800431884,0.6867061511237937,1.333608355387984,0.7152912659074397,0.6050705070690027,0.890920885552516,0.3639362203247089,0.3702863243552956,0.24901230621504675,0.30100181427869344,0.24581801092838346,7.831634576898194,7.849225091725643,6.588918709491938,0.7120437243415547,1.111837835748335,3.1043648090793226,2.187466539614478,1.2045251464611402,1.9030543297740177,276.000455,0.0,0.7120437243415547,1.111837835748335,9614.285714285714
LOG00006,Idle off,276.5,277.0,20.529191321499017,0.8032576283107911,35.88845985222814,22.099940828402367,22.0,0.945464066894311,3.353550295857988,10582.938856015779,8485.714285714286,0.0,0.0,0.6898303188114535,0.7864147632945688,0.47514512055203284,0.7037355396946958,0.6524609635229529,0.44288997805347646,0.3727718812487873,0.5399587756429621,0.31040858004208016,0.22251064511768154,0.29577473883405875,0.2474704756779516,2.3312607288957325,5.8449257568109605,2.1673584725833477,0.5428970718068609,1.1019958269814547,1.953098988978671,2.161159744174921,0.7397006315662996,1.34020863136395,276.999854,0.0,0.5428970718068609,1.1019958269814547,8657.142857142857
LOG00006,Idle off,277.0,277.5,15.590909090909093,2.904282711244611,35.47264795951908,22.16802371541502,47.0,0.8368424125634203,2.370533596837945,8926.693958215697,6314.285714285715,0.0,0.0,1.410719512475311,0.7569797048018911,0.45518760430989874,1.5146954269788009,0.6015957049714139,0.45566038669717307,0.8021247999908689,0.4076178262070537,0.003319472558111046,0.3049540636847189,0.30842499738561885,0.22707678972652742,5.174542364598385,5.542576998925871,5.092652399700053,0.8222531581740865,1.287968734747862,5.3422397635916345,2.3380340378307873,1.1320662119241385,1.8144150639141627,277.103444,0.0,0.8222531581740865,1.287968734747862,6471.428571428572
LOG00006,Idle off,277.5,278.0,18.192307692307693,2.987726372300456,35.23687265782113,22.081558185404337,35.0,1.422109815051237,3.281617357001972,9558.981403212172,6514.285714285715,0.0,0.0,0.8061095990223628,0.8411222403024851,0.47973056518601936,0.7655076511505662,0.7725550898538557,0.44321453460997234,0.23157012391850748,0.49195809042800737,0.18647528037843863,0.3513488829756078,0.4216362604428968,0.3465992437234262,5.540101445330168,6.553615289771074,5.290779023723224,1.1794692252763603,1.9410994831532289,2.342893910053816,4.272752070552451,0.823801950946787,1.1750945723725696,277.670723,0.0,1.1794692252763603,1.9410994831532289,6714.285714285715
LOG00006,Idle off,278.0,278.5,20.624852071005915,3.066703176152192,33.94543945261743,22.187376725838263,40.0,1.5477086142587948,3.369329388560158,10525.824175824175,9000.0,0.0,0.0,1.1294919425917436,0.8586245405783711,0.4237167468299786,1.1199260313843513,0.7807142639676191,0.42352366074156395,0.6808932709032274,0.3513379382077526,0.0011147321592417754,0.4083155025772592,0.4505591745171651,0.34760615571272385,3.830929186282245,9.245937348028596,3.68006760273148,1.684818540896835,2.2959894953044917,4.404811785298587,3.6374124361651967,1.003241782937466,1.5638179177700107,278.224189,0.0,1.684818540896835,2.2959894953044917,9100.0
LOG00006,Idle off,278.5,279.0,22.647534516765283,1.5219786367430008,31.97319914950566,22.20428007889546,39.0,1.3464379152361876,3.9593885601577905,11152.98675683291,9500.0,0.0,0.0,1.0112056127202875,0.8132363758840564,0.39690580469568687,0.7670435098727402,0.842571140714654,0.3969066844003704,0.70090816027706,0.2985359939821025,7.733985149715362e-05,0.29915658806283096,0.3013246065986821,0.276087389497096,4.646195484871944,6.594837823831892,4.016709165357714,0.8978377380100809,1.3148117883220685,3.756125831535389,2.782021741542327,0.9175756628905449,1.6085965329934497,278.675048,0.0,0.8978377380100809,1.3148117883220685,9757.142857142857
LOG00006,Idle off,279.0,279.5,27.347731755424064,2.3264048549954977,30.735763429618174,22.072978303747536,35.0,1.5959614389393306,5.053885601577909,12722.985347985348,10300.0,0.0,0.0,1.1603220624033828,1.0569068935943056,0.6463084795103269,1.0618777211599066,0.9217411931408428,0.6182533395250492,0.37829154373114027,0.3169945131826469,0.21968625744966455,0.3120467705075605,0.38332654754407064,0.29822481218317476,8.421876149961024,8.815248715404314,6.881269564125338,1.211570575865376,1.7574027776376302,3.0775640358045058,2.971594648240516,1.1098196858560414,1.6133207896394355,279.245281,0.0,1.211570575865376,1.7574027776376302,10557.142857142857
LOG00006,Idle off,281.5,282.0,29.238658777120314,11.838022707913423,32.29855549939365,21.899940828402368,97.0,2.797332300063537,6.710631163708086,12630.5438151592,3585.714285714286,0.0,0.0,3.3558954260136615,1.5875880859234575,0.7275016888874671,4.19592508860466,1.57403039559351,0.7389058043944515,2.917753416295793,0.9609990321984871,0.30483412002379157,0.4549888235905389,0.7677137040428548,0.47881839006781696,4.779731769384974,5.644660379268624,4.8363639950972654,2.184381595020957,4.461917442897208,10.060370041151147,7.908500407676847,2.6251161918004247,5.15521209363267,281.711689,0.0,2.184381595020957,4.461917442897208,4490.0
LOG00006,Idle off,282.0,282.5,30.86094674556213,2.514097037963355,39.06754353221867,21.879566074950695,129.0,1.6504835113931358,6.027869822485207,13798.626373626372,10657.142857142857,0.0,0.0,1.344554180709913,1.103661277111486,0.8391593844279813,1.1431268434712734,0.978628240969549,0.9526075479756246,0.9521136242636972,0.46568845215724464,0.7541392581865277,0.35301552581029966,0.4515908343115433,0.3169943947333938,4.8412752792325575,7.899783585619228,4.833245647081248,1.5747749245406995,2.362854342432101,8.509769301809522,3.38607194765764,1.2300191379527108,2.2113986320132426,282.020485,0.0,1.5747749245406995,2.362854342432101,11557.142857142857
LOG00006,Idle off,283.5,284.0,24.885996055226823,0.9459668066034266,31.178306316483432,22.170355029585796,116.0,2.071092969505022,4.641084812623274,11813.419273034659,5714.285714285715,0.0,0.0,4.098513686673596,2.802318615510293,1.5577744904042896,4.190700971919437,2.7323105744403158,1.500259342198328,1.0957892595465417,0.6124835404153505,1.2731322486886272,0.5192045645918866,0.9282247597398755,0.4732940881077266,4.2770332369136,7.807931501113059,5.608485158438363,2.6780665490009494,5.8441843468382295,11.165246163586861,10.359894602435395,3.510755193878256,5.023195503110337,283.993611,0.0,2.6780665490009494,5.8441843468382295,5857.142857142857
LOG00006,Idle off,284.0,284.5,21.632544378698228,1.1125188806779194,16.49720345976078,22.181893491124264,58.0,1.2373377337178821,3.52094674556213,10840.525500140884,6700.0,0.0,0.0,3.5242986758417003,2.039903445258483,0.7730174317412287,3.325941869922257,2.194009730457073,0.6433622348329606,0.9720217773343014,0.6734970370739569,0.43873733327392367,0.3648755423423643,0.5693107931034763,0.36265441121113207,6.760133582044306,6.73601902572299,6.2209483375805865,1.6024611656512153,3.155141862417651,9.947297017216181,6.439522934294262,2.879399869983066,5.003454186682471,284.101146,0.0,1.6024611656512153,3.155141862417651,6957.142857142857
LOG00006,Idle off,286.0,286.5,30.03155818540434,1.6634337890280864,12.65887670559877,21.93611439842209,1.0,1.7340011193690927,5.68396449704142,13581.938574246265,11800.0,0.0,0.0,0.9864561712026393,0.9173140716703663,0.6307022726542015,0.88600744090668,0.9173140716696118,0.6307310438405692,0.4054377637177695,1.6937022332108436e-11,0.0006906266700515424,0.2865398700359374,0.3221316823898186,0.2982173982761332,7.698549872515429,6.8793596445452865,6.429027172215138,1.02826216542602,1.4695416588533685,2.2409141555323986,3.007551311535472,0.9525126990723627,1.3311252196300964,286.140383,0.0,1.02826216542602,1.4695416588533685,11951.42857142857
LOG00006,Idle off,286.5,287.0,25.988757396449703,0.47635598451552447,17.638344496908168,22.07224852071006,1.0,1.2216888598151876,4.203570019723866,12306.677937447168,11042.857142857143,0.0,0.0,0.6774582795470198,0.7668113343118974,0.5699607594510601,0.6644347602236486,0.7668113343119393,0.5699607607016659,0.33085999337729083,4.0243407807833333e-11,1.5942202000814524e-08,0.23522417644193414,0.29580459343943405,0.25385371115536953,5.3073381194745615,11.495610638909325,5.525588040166587,0.634083197236471,1.152793631495024,1.6049725491824436,2.1852111863602754,0.723515494981276,1.1566590765314746,286.500482,0.0,0.634083197236471,1.152793631495024,11371.42857142857
LOG00006,Idle off,287.0,287.5,26.600000000000005,3.552713678800501e-15,21.19683783526564,22.063865877712033,1.0,1.1238418551744256,4.755069033530573,12490.43392504931,11371.42857142857,0.0,0.0,0.5519139373413731,0.6990534348662367,0.6136259396498163,0.4507247241906032,0.699053843569603,0.6136259396498243,0.33904848476832505,2.300130842399687e-06,1.6281202772148778e-13,0.21755338314050188,0.3395882325802664,0.24177975341020627,6.809550612783732,8.256985704456353,6.906487286970306,0.7301980287805979,1.2175167124018147,1.4418375302061075,2.228115131993883,0.6297954822916487,0.9972341535631492,287.120051,0.0,0.7301980287805979,1.2175167124018147,11400.0
LOG00006,Idle off,287.5,288.0,26.600000000000005,3.552713678800501e-15,24.097126089846338,22.077015810276674,1.0,1.1031289292392508,4.626936758893281,12494.049971767363,11371.42857142857,0.0,0.0,0.5821990360337058,0.8521336884992292,0.6913366619648426,0.5456988406496314,0.8354312684969193,0.6913366619648426,0.2403030083195237,0.13745576831341408,4.0895721988073225e-18,0.2634194934458056,0.3173660955579486,0.2387597880554354,7.1977340501166225,8.809464036774214,6.8767057861650756,0.7270484207121078,1.3076240752395714,1.6508471893811816,2.2536750838129285,0.7297559662770418,1.089530418366355,287.868861,0.0,0.7270484207121078,1.3076240752395714,11407.142857142857
LOG00006,Idle off,288.0,288.5,26.471992110453655,0.2661074806525633,26.700611613567794,22.155641025641025,1.0,1.0890087360700733,4.486410256410258,12468.033248802478,11371.42857142857,0.0,0.0,0.520458298484929,0.775580373837111,0.463118673390399,0.37754606599018947,0.7753136064153371,0.46311867339039914,0.28087130674737953,0.007969795939839267,4.973419381208434e-16,0.23237896155887022,0.2618399712241752,0.21374889635383237,6.465927586054889,7.232852320191543,6.940867478982783,0.6166521601813182,0.8484853287045817,1.313711636661487,2.1901698978525768,0.6604550540131935,0.9585655560741166,288.340443,0.0,0.6166521601813182,0.8484853287045817,11514.285714285714
LOG00006,Idle off,288.5,289.0,20.416370808678497,3.6061240159919543,28.974321314743257,22.147633136094672,43.0,1.0105404859885732,2.968145956607495,10607.424626655395,8414.285714285714,0.0,0.0,0.5900084278388582,1.1088321444685398,0.5093991437521226,0.5202194932353081,1.0309196878601725,0.5093991437524953,0.2792444998228137,0.6497633325582357,2.2904493909510938e-11,0.22499446645226376,0.3184953840603925,0.23047669019496753,3.480330390851447,9.845651771899691,3.651124841592242,0.6058846244559632,1.2438461090702,1.2887007049363142,4.3332574716466885,0.8881493876391466,1.7805853665703526,288.77059,0.0,0.6058846244559632,1.2438461090702,8514.285714285714
LOG00006,Idle off,289.0,289.5,22.569625246548323,3.958924262868125,31.07238003755609,22.159881656804732,38.0,1.2944627871507606,3.8109270216962527,11051.528599605523,8600.0,0.0,0.0,0.5882115852899483,0.7560668845540789,0.497847940100296,0.5854557297520779,0.6083893950058729,0.49784760484209917,0.03601741708728786,0.43025535107714824,2.014299108225245e-06,0.2263592107911417,0.31016109920860613,0.2012264249890625,4.948526764352931,7.466610331831717,4.3467936533031075,0.6610276907558738,1.2087216218438548,1.3731720860508598,3.0447030992404915,0.6773588424862501,0.965691039787939,289.245132,0.0,0.6610276907558738,1.2087216218438548,8842.857142857143
LOG00006,Idle off,289.5,290.0,25.406706114398425,3.3013526601991545,37.276625990801776,22.13869822485207,30.0,1.3798143028319727,4.203412228796845,12209.636517328825,10185.714285714286,0.0,0.0,0.6895515374062483,0.8781183337262297,0.565129034055399,0.7149062605417982,0.7556181985610438,0.5514615457489166,0.3684287414468036,0.4235263224174074,0.11730176599537258,0.2611950923124197,0.3147106259128263,0.2430812367698727,6.769409710181984,6.002988845191224,5.226163337014248,0.7880570319032393,1.2640123966195924,2.3437356179703377,3.3553513441960185,0.7894850000998913,1.0835917941962405,289.702904,0.0,0.7880570319032393,1.2640123966195924,10328.57142857143
LOG00006,Idle off,290.0,290.5,23.196442687747037,0.5151721705336779,41.65716399041649,21.940454545454543,35.0,0.9663906284263135,3.891304347826087,11373.496612083569,9742.857142857143,0.0,0.0,0.5520398944849213,0.8221467054379167,0.6830423173447987,0.5046650198427216,0.7098997611496957,0.6461894430181598,0.44249391309525016,0.3413761439776638,0.43977207742988195,0.2348026585599655,0.290072171375394,0.2564044368852789,5.498652793453962,8.547472756425037,5.444163953798193,0.8221259860037778,1.2055120826079941,1.8025015555353925,2.366598933878318,0.7002404052771248,1.1299004349032968,290.342204,0.0,0.8221259860037778,1.2055120826079941,9971.42857142857
LOG00006,Idle off,290.5,291.0,27.09171597633137,0.8713557043550101,44.59973301457986,22.03463510848126,33.0,1.4383264736543868,4.986173570019724,12583.382642998027,9971.42857142857,0.0,0.0,1.143340109881107,0.8297750649360184,0.6895900073493438,1.0933898220027465,0.8175271336495005,0.6855762254530182,0.48937933377444076,0.4293722817700891,0.3768375603611913,0.305058232833825,0.3426555632429288,0.2676365247350357,4.888675410542176,9.095844584705638,3.9512118391509663,1.14812111297944,1.6201514747410821,2.9699348175528737,3.1466459398240914,0.9989377521278578,1.4820382684072515,290.790108,0.0,1.14812111297944,1.6201514747410821,10328.57142857143
LOG00006,Idle off,291.0,291.5,24.96114398422091,2.450868113514177,44.94662711999216,21.973905325443788,32.0,1.4357257342339624,4.220512820512821,11987.052690898845,8371.42857142857,0.0,0.0,0.9583794455145839,0.9839797457510701,0.6025987119024188,0.8347055012854552,0.9179058571931562,0.6669032351835295,0.44449019754345587,0.4020784164645418,0.4328500124942892,0.29807124384665334,0.36652001118085753,0.27954667504443903,5.920001366550387,8.122172044690823,5.381912558448785,0.9380921314906149,1.8157438988774197,2.619905594757908,3.3767390873304564,0.9712639449792169,1.3095296120538773,291.238997,0.0,0.9380921314906149,1.8157438988774197,8542.857142857143
LOG00006,Idle off,291.5,292.0,22.65049309664694,0.3301048089070903,42.63295434381566,22.196863905325444,54.0,1.2632550314103423,3.6387376725838267,11176.591997745845,7185.714285714285,0.0,0.0,0.9212023708721103,0.810525576863222,0.7925122044046863,0.8521825678670396,0.7915818569964809,0.8723572824605921,0.3442352385851681,0.08854018781095022,0.46220759555620516,0.26957223541981,0.339549431539597,0.28323770002332616,7.446880158909028,7.511346101607179,7.295426487271151,0.8493163009574314,1.491219595985576,2.535740577451511,2.925774733455572,0.8676305431604675,1.0583326193896776,291.670126,0.0,0.8493163009574314,1.491219595985576,7285.714285714285
LOG00006,Idle off,292.0,292.5,25.987771203155816,1.1551652130952939,38.09629536626394,22.139644970414203,71.0,1.5338292100966944,4.565976331360948,12229.388560157791,7285.714285714285,0.0,0.0,0.8498417901859612,0.7532349957089948,0.8314526981071041,0.8245940131113897,0.7286372165903626,0.8297153327849747,0.23353567552317187,0.14562669362904576,0.40764498446060776,0.3436960924517468,0.4965997213616843,0.33570173280628823,5.528808221283624,10.77197440837426,6.781666865692702,1.0891700503943604,2.531426561220308,2.360924500495816,3.5684349245363696,0.8029925364245949,1.0927227660419438,292.21372,0.0,1.0891700503943604,2.531426561220308,7357.142857142857
LOG00006,Idle off,292.5,293.0,26.470750988142292,0.10895764329600952,31.14244635437017,22.060909090909092,66.0,1.550645029537513,4.911343873517786,12450.134105025409,7628.571428571428,0.0,0.0,0.813724166400026,0.781412821615083,0.6886973979678593,0.7408305934420811,0.6747023003324649,0.618113376529881,0.31251782592257454,0.267657718040545,0.30406393632908774,0.29299007938618676,0.39736767430403747,0.35306837403920605,5.554796348116816,12.891132883772839,7.548151302647762,0.9160206678256759,1.8007820151481813,2.259805161421872,2.9049501162439286,0.7977321031423591,1.0693236918170432,292.512647,0.0,0.9160206678256759,1.8007820151481813,7792.857142857143
LOG00006,Idle off,293.0,293.5,29.46449704142012,3.228937498668382,23.33305701343619,22.12792899408284,65.0,1.8976360874353424,5.6058185404339245,13326.429980276134,7742.857142857143,0.0,0.0,1.7699364433763902,1.8528801894267442,0.8460179852343694,2.864601527843885,2.3991710067589507,1.2580057186215219,1.9216263434080947,1.758238577500119,1.0046744509252863,0.36738011779013896,0.4980924721705961,0.3572645508031534,4.164066417233511,8.945123345119029,7.166509150917028,1.5713901777823953,2.737926001823741,6.856661483996013,9.894412983296364,1.8118829998046175,3.03349621919245,293.342335,0.0,1.5713901777823953,2.737926001823741,7871.428571428572
LOG00006,Idle off,293.5,294.0,21.815976331360947,1.4116314450726513,20.15560531278453,22.00189349112426,55.0,1.3357388532752836,3.6008875739644974,10997.654268808115,7514.285714285715,0.0,0.0,0.9302587142257642,1.0587825367619963,0.6868741905506124,0.889668130184231,1.0281153156758047,0.6856004874870391,0.43356258374810036,0.48910761512751416,0.5156277947456055,0.2620368838240312,0.38777537009009555,0.25624187593313374,6.652802211471032,8.730660646913444,5.884942327515172,0.5828230204052618,1.9996595219405666,4.101522303621009,3.005583233249765,0.9965946356330495,1.4745495966788504,293.63238,0.0,0.5828230204052618,1.9996595219405666,7665.714285714285
LOG00006,Idle off,294.0,294.5,18.80355029585799,0.7206363742966901,20.572202477029222,22.047633136094674,40.0,1.002534158747809,3.04094674556213,9955.381797689492,7042.857142857143,0.0,0.0,0.8373151438603093,0.7986458769709891,0.7609672089302214,0.8582303183969359,0.8009191576358089,0.6692446427822523,0.4092252921594806,0.16547370277844292,0.3763187282448339,0.2348376896130275,0.31411312634298794,0.24820261382794723,2.4797055380389237,7.528759289613488,3.601214470842248,0.6276576439948889,1.2084074770588245,3.0190061977562634,2.187917331281214,0.8182089852050547,1.0582105326061364,294.206553,0.0,0.6276576439948889,1.2084074770588245,7185.714285714285
LOG00006,Idle off,294.5,295.0,21.01262327416174,1.3013566059572488,22.914800697421885,22.113293885601582,28.0,1.100873799491116,3.450887573964497,10652.240067624683,7514.285714285715,0.0,0.0,0.4940274537427106,0.9538698459748574,0.5860159449843227,0.4449555429604246,0.7319863143315304,0.46535709097096734,0.2375518478227454,0.6141034719633572,0.33655924128668746,0.22686806888516328,0.3125677527016112,0.2449949698609855,3.6863851319351344,9.302697132301697,4.044283410996627,0.6280730362843023,1.261073967313959,1.3507248401093255,3.1722415372743415,0.7595823879315543,1.2670951905988685,294.738305,0.0,0.6280730362843023,1.261073967313959,7628.571428571428
LOG00006,Idle off,295.0,295.5,34.0396449704142,7.789652411152713,28.890037822323954,22.057218934911244,86.0,2.9123009478611728,7.1109861932938845,14539.821076359538,9500.0,0.0,0.0,1.9706691285772435,1.4471473654256304,0.6749931599664009,2.0641091062644676,1.3904898714304952,0.6787399283127109,0.9739596598502103,0.7760787204054832,0.2366379162320431,0.47760940921041695,0.5990175301011339,0.392690246297682,4.074244074168282,5.560856373199846,6.3568291544389615,2.3190485905971325,3.21984241496308,8.032969538441105,5.265158448814647,1.7288395402098105,3.0745232058765586,295.390419,0.0,2.3190485905971325,3.21984241496308,9785.714285714286
LOG00006,Idle off,295.5,296.0,22.69624505928854,1.1299575577155256,37.20167812431133,22.180256916996047,95.0,1.1043222905497423,3.6129249011857705,11250.423489553923,9400.0,0.0,0.0,2.429698200461962,0.7267994528752335,0.8256825999830665,2.587989280896254,0.5295478338286722,0.8407564340947452,1.661340705854901,0.43533132448139344,0.5259720033535843,0.2709817761607256,0.3900754150288774,0.2584443538855712,4.14527104435394,7.252600800687526,3.8471608075709125,0.8287484060119502,1.8940337626181314,7.109393663377318,3.9329860725205115,1.793275047228929,4.355951154478546,295.98334,0.0,0.8287484060119502,1.8940337626181314,9635.714285714286
LOG00006,Idle off,296.0,296.5,29.001380670611443,4.300852865636672,41.653905258132205,21.98445759368837,86.0,1.7132005052373847,5.3419132149901385,13229.064525218371,9914.285714285714,0.0,0.0,1.3009113442762628,1.4589109987121514,0.7131414259540458,1.3804062088373803,1.5061344918809656,0.7164136044593654,0.784098094128848,1.1317285162917312,0.4373669716444829,0.29928594705603756,0.37330273507764794,0.29064437616580024,5.994282571813167,7.799744046612519,5.273884272503893,1.097509726462922,2.1379915481639884,5.242821710413152,8.15178977455869,1.382170689139001,3.1575466180446927,296.000112,0.0,1.097509726462922,2.1379915481639884,10185.714285714286
LOG00006,Idle off,296.5,297.0,24.644181459566074,2.647811919148125,44.597891237499034,22.07118343195266,67.0,1.3528500636633862,4.2068244575936875,11801.387714849252,9857.142857142857,0.0,0.0,1.616920736409677,0.9687463766150514,0.4662073981578066,1.922035527556701,1.0477089714274366,0.46869280701195243,1.4897426762564148,0.889322463891688,0.0207213281208351,0.2704698525879115,0.3285853987475837,0.2646304514738358,6.740108139546545,7.237973229991405,5.4006917676717014,0.9996188316403057,1.5215277726181002,7.183423829154884,4.9480536288528585,1.3328357381981482,2.5848482537586954,296.818957,0.0,0.9996188316403057,1.5215277726181002,9942.857142857143
LOG00006,Idle off,297.0,297.5,27.16114398422091,2.893154723382467,48.07482010261876,22.007830374753453,64.0,1.199819606891307,4.862347140039448,12693.343195266272,10114.285714285714,0.0,0.0,1.3925138631404337,0.9055811493664039,0.5683307170950522,1.399343093161306,0.8086947710647433,0.571451174418317,0.8415231076114923,0.609269693934396,0.06748711489013445,0.29421834263506813,0.33627716785020106,0.2744264216469375,7.295148618398356,6.617775501819229,6.213427445566033,1.0647009316444667,1.601603849081353,4.136955211516161,4.833724394164159,1.174557805543446,2.2118990520402564,297.293491,0.0,1.0647009316444667,1.601603849081353,10328.57142857143
LOG00006,Idle off,297.5,298.0,25.529980276134125,1.621225277376789,52.744864808233515,22.091321499013805,59.0,0.9697055411005137,4.128284023668639,12197.936038320655,9942.857142857143,0.0,0.0,0.8038677809904952,0.5813502021690824,0.6664719912110914,0.8432910568040314,0.4970924649415678,0.5791307442858012,0.3692341207103338,0.21485790696438276,0.2994101680881288,0.25347538925775764,0.3470024754991275,0.27347640817315333,6.520903835603511,10.129886871544654,6.469908901916744,0.7496273476205451,1.5191592961775244,3.7003118371709824,2.141908308764831,0.701488227583548,0.9762442731674518,297.842018,0.0,0.7496273476205451,1.5191592961775244,10237.142857142857
LOG00006,Idle off,298.0,298.5,28.200790513833997,3.30990240347694,56.76560140416216,21.854367588932806,116.0,1.9469226470064274,5.240652173913043,12806.542913608131,9657.142857142857,0.0,0.0,0.9329906034115036,0.6197295698403708,0.7387949573584649,0.9184704799984177,0.6450287223655295,0.6234310532588545,0.40202619224211894,0.35049810351901156,0.3507708972426679,0.32712793478435054,0.6048998992089857,0.2992716575298859,4.235625662162248,8.60095149310229,5.190471890906444,1.423751210914889,3.3296635853067262,3.683098884269108,4.634038012402925,0.7920025902068417,1.478696752535605,298.473417,0.0,1.423751210914889,3.3296635853067262,9742.857142857143
LOG00006,Idle off,298.5,299.0,31.244970414201184,0.6012391454095506,57.538666401101516,21.86445759368836,134.0,2.1994859658444135,6.6356213017751475,13650.901662440123,7314.285714285715,0.0,0.0,2.1646530522119645,1.5549386145171484,1.0397219932920279,2.0557963317198236,1.5186336179183932,1.235764424634525,0.5601503801067861,0.45959075319733145,0.7535802505607918,0.4378698418101212,0.6467010343499143,0.4110881940481518,7.949694782483403,7.1819321515447765,15.567168179580312,2.146518653931328,3.8988817732846806,5.941529697639236,6.961290546655174,1.8846162648357732,3.2291609581069407,298.950909,0.0,2.146518653931328,3.8988817732846806,7914.285714285715
LOG00006,Idle off,299.0,299.5,29.186193293885605,1.3764598512148145,43.522695194144646,21.986804733727812,135.0,2.298598181568775,5.953451676528599,12995.829811214428,6214.285714285715,0.0,0.0,4.230177185945732,3.609951452432748,1.235682867060989,4.267432896776439,3.5202006201811527,1.408447459383175,0.31925194948896735,0.3904942798016023,0.5461334987495493,0.675071054166532,0.9067294404785204,0.601609945620995,4.233821011862232,8.119480441188093,7.163949270155986,3.6926691947414336,5.552353024018572,10.520197536786927,10.073399266437576,3.9323115665863164,7.049458095397591,299.473778,0.0,3.6926691947414336,5.552353024018572,6608.571428571428
LOG00006,Idle off,299.5,300.0,24.815581854043394,4.435282357687315,21.3729263942798,22.080493096646943,96.0,1.918492325370496,4.108796844181459,11973.372781065089,6428.571428571428,0.0,0.0,3.8701884009866228,2.62971656006851,1.1321730507233718,3.635922412508075,2.7091930916994356,1.0480996449921578,2.4791799389982905,0.7735670015958889,0.4451959662613006,0.47848904353793,0.7370344110741041,0.4885832114352634,5.483190049793121,9.330873206059158,6.1362643255855875,2.3887108861152884,4.455144529464937,11.75287954140571,9.471955907728283,3.308607520198637,6.376093921393415,299.500415,0.0,2.3887108861152884,4.455144529464937,6657.142857142857
LOG00006,Idle off,301.0,301.5,24.831422924901183,0.3714898311560016,10.384724808656795,22.034367588932806,43.0,1.1860830989113678,4.2753162055335965,11864.003387916431,9485.714285714286,0.0,0.0,1.5685567378713896,0.6968630894597646,0.5572024985535717,1.0553599332207066,0.6506239717457426,0.48750180722845365,1.0814172367348378,0.26434507543165964,0.24201337094577893,0.2283907135507248,0.2829792803870608,0.23587423741412328,8.352734156381544,5.521822107455553,7.369753057298428,0.653518690607748,1.0531739738950456,3.7023654440672016,2.051221558345886,1.213669725537624,2.5140768625407133,301.499184,0.0,0.653518690607748,1.0531739738950456,9971.42857142857
LOG00006,Idle off,301.5,302.0,23.2422090729783,1.241552700517484,15.010537133749514,22.082919132149904,47.0,1.126065597256368,4.034930966469428,11390.440969287121,9257.142857142857,0.0,0.0,0.868350495239448,0.7795601920833526,0.612654855809291,1.0078063354213072,0.7550912408395385,0.532285309351957,0.4030557769319375,0.36860863267268895,0.4849249571186064,0.24697249483556583,0.28767876388355357,0.24621524316505267,7.88197337508372,5.077202867914031,6.237349943606523,0.6971211694683261,1.2219150380435475,1.8525530121218916,2.6464966981229243,0.8251504940505181,2.520983576791565,301.505104,0.0,0.6971211694683261,1.2219150380435475,9542.857142857143
LOG00006,Idle off,302.0,302.5,21.328994082840236,4.361007923908304,17.781578000538083,21.91370808678501,51.0,1.5268845123856642,3.666706114398422,10602.606367990982,8785.714285714286,0.0,0.0,1.0159499559681981,0.8345755915210156,0.6262213864960966,0.897793066873819,0.7062178137087206,0.42338917610804117,0.5723800613739006,0.46673143696563685,0.5698510093279489,0.2520065936054907,0.40504850762227923,0.2358053226627376,3.611472574589652,6.122745829257278,2.8032565731629933,0.8785852168992606,2.0984218605364267,4.111608619967005,3.3512339862756866,0.92969638350228,1.9758099656711268,302.461084,0.0,0.8785852168992606,2.0984218605364267,8875.714285714286
LOG00006,Idle off,302.5,303.0,24.870216962524655,3.967734829445277,19.10466974754773,21.979881656804732,51.0,1.567494535178069,4.314023668639053,12001.239785855169,9828.57142857143,0.0,0.0,1.0488462068275586,0.931280838343917,0.5185542674679,0.9651736518245868,0.8689894743868535,0.5240248232925927,0.5719361195187725,0.30352247235307256,0.016133101735445313,0.271204852228031,0.3143263914355213,0.2290906154221914,5.095261301144943,7.1972178134776215,4.210182615105631,0.9597777658057527,1.27478010168976,3.1208404269385834,2.6680223378499424,0.9918070289736571,1.9470231251887116,302.511399,0.0,0.9597777658057527,1.27478010168976,10014.285714285714
LOG00006,Idle off,303.0,303.5,23.890532544378697,0.704948074259659,20.044055750526006,22.0330966469428,14.0,1.1935887092956299,4.135522682445759,11568.054381515918,10057.142857142857,0.0,0.0,0.8682339604071306,0.5990760754649896,0.5039988694178491,0.8669261881469702,0.5962155664944153,0.5039988186794429,0.3671320554828261,0.021250094779851767,3.697468443046762e-07,0.23505023676172043,0.2821884376526389,0.23347325727507737,6.855293079097399,12.450944606336352,6.250038559145267,0.7259028801110915,1.3016178237995737,2.247944491723455,2.326843609577565,0.7458962240817365,1.187212628424645,303.121139,0.0,0.7259028801110915,1.3016178237995737,10271.42857142857
LOG00006,Idle off,303.5,304.0,24.340513833992095,0.235737285957141,21.15654766987993,22.00583003952569,26.0,1.1874247075354605,4.3177667984189725,11741.847826086956,10400.0,0.0,0.0,0.7544405965441461,0.6987527694618179,0.5071569589659602,0.599377943793061,0.610186420358779,0.5092105340043929,0.342373166936363,0.31806843851370953,0.012002371069798583,0.24039271253747507,0.2866898788897625,0.24537483668950774,5.518684554380628,9.820278457336261,5.544098399873989,0.5981192113264092,1.2007093897885908,1.9012165857494652,2.425164515017731,0.7271299906290647,0.9533183911439982,303.981377,0.0,0.5981192113264092,1.2007093897885908,10614.285714285714
LOG00006,Idle off,304.0,304.5,21.153451676528597,0.7938638682754148,20.844899580217426,21.963471400394475,25.0,1.052162255578292,3.219625246548323,10753.761622992393,9571.42857142857,0.0,0.0,0.6988600497747172,0.5296239561191572,0.47478999609925193,0.6824809977218965,0.4438843643419128,0.49315563387054484,0.2864137013548815,0.3067480322177442,0.15897660682799697,0.24396549840010284,0.25299488433984485,0.22795717155955253,3.362605304565356,5.628218825664198,2.8044118427465254,0.6693084613564193,0.9907521434545375,1.795238057868133,1.8774064110754336,0.6200431049799793,0.941580239098221,304.210303,0.0,0.6693084613564193,0.9907521434545375,9700.0
LOG00006,Idle off,304.5,305.0,23.00315581854043,1.2927768918461493,17.826471929014396,22.059388560157792,22.0,1.216102855285098,3.8408086785009865,11338.877148492533,9800.0,0.0,0.0,0.5378709208856898,0.6415868406660701,0.41798657554443824,0.4762796022269569,0.5799824445502205,0.41798700286285184,0.2748803785230321,0.3828678976251861,3.3275311419840334e-06,0.2459263904039296,0.26633821296452237,0.2532842399654555,5.2520105696536055,8.134662755062061,5.334069366152173,0.7181730023547962,0.9460116243468562,1.6000493089048917,2.383374366896872,0.5920045614901498,0.8071218137152919,304.736097,0.0,0.7181730023547962,0.9460116243468562,9994.285714285714
LOG00006,Idle off,305.0,305.5,21.047731755424063,0.7234653778149431,13.89607395794301,21.996469428007895,9.0,1.0079252194791704,3.225680473372781,10663.961679346294,9528.57142857143,0.0,0.0,0.7093365048544739,0.5792870246968251,0.584603463309927,0.7002268118844048,0.5821195119596165,0.5846035459196791,0.4041712482679501,0.30618971358534036,1.6386900810932353e-05,0.22384262626722864,0.22098120488439316,0.21376900149143782,2.417419229063287,4.543034919693713,2.289029224806384,0.546817236752896,0.7250093368538498,1.561999426719798,1.7664415025281883,0.6475846408390419,0.9388802768286696,305.439517,0.0,0.546817236752896,0.7250093368538498,9700.0
LOG00006,Idle off,305.5,306.0,23.71242603550296,0.9163340432663076,11.590535673647251,21.952189349112423,49.0,1.1836001959395432,4.177692307692308,11493.089602704988,10114.285714285714,0.0,0.0,0.7225801701205434,0.7077348853037494,0.4792142632174244,0.7653671012267339,0.7194114637993857,0.4768709183279982,0.4197067265833988,0.37208804252728866,0.34078604848460464,0.2460702077530539,0.2861681013794162,0.24345329164057808,5.97168056292444,8.52121329193947,5.426716452090632,0.7703235214482139,1.006300697538496,2.712742958515303,2.3784038205754316,0.7151960465939899,0.9454115954897692,305.905178,0.0,0.7703235214482139,1.006300697538496,10257.142857142857
LOG00006,Idle off,306.0,306.5,25.380434782608695,0.7742091519506106,10.116522613577246,22.108715415019763,146.0,1.296643155987223,4.370968379446641,12022.86137775268,9200.0,0.0,0.0,0.8184876813133316,0.667592244320014,1.0228227867661392,0.6596128661752635,0.6093921310674741,1.3543212773749989,0.44560999680708424,0.39417370262552204,1.328528104563307,0.2922791163872664,0.31250088589704306,0.26984377761567613,5.060234734938064,7.062981456193254,4.444238051610636,0.9213709252157197,1.5928642012299188,2.7694693488660063,2.8786387867917944,0.7468605924594988,1.0261201963887872,306.469496,0.0,0.9213709252157197,1.5928642012299188,9342.857142857143
LOG00006,Idle off,307.0,307.5,25.0974358974359,0.23910857901281557,14.490135085979283,22.078165680473376,105.0,1.2606179363032026,4.537218934911242,11980.494505494506,9571.42857142857,0.0,0.0,1.2126726623884105,1.4041385233917267,0.8940598063261712,1.3558743329325458,1.2066730321262744,0.8562932491502769,0.8696010921507419,0.8874814631623904,0.7018093393799052,0.27037953693937045,0.33360547415036723,0.2878596739633138,8.586753213564178,7.234178498815474,6.769942204543018,0.9122154415747764,1.4022429082729466,5.781184197877026,8.07362570055503,1.3119031936421404,1.9171202612975127,307.449162,0.0,0.9122154415747764,1.4022429082729466,9800.0
LOG00006,Idle off,307.5,308.0,24.57120315581854,0.42879484820142616,21.105686693749924,21.93254437869823,24.0,1.1742040251254675,4.028737672583826,11786.073541842772,9857.142857142857,0.0,0.0,1.03461242983928,0.7654193393461454,0.7542508396095893,1.0035618836012028,0.7833612504172379,0.7818916614157404,0.6935640761756159,0.4476046643038212,0.4874789214095954,0.2586937025639968,0.37917400957141645,0.2653988821850426,6.139107084419954,7.3642993288133205,5.532774684296456,0.8606534755816533,1.8957737646035302,3.190839946796917,3.5620728402339203,0.9100246274203322,1.502898230587425,307.500463,0.0,0.8606534755816533,1.8957737646035302,9922.857142857143
LOG00006,Idle off,308.0,308.5,24.570216962524654,0.47729571078191446,25.69944930902115,22.034161735700195,168.0,1.2753781001131748,4.515877712031558,11759.009580163425,7114.285714285715,0.0,0.0,1.4968604105792829,1.2400978218027396,1.2422282504707935,1.4203985626309366,1.0207354946569602,1.0753116172992272,1.2098712689349131,0.9367726917659739,1.1248594911474228,0.3016474099772775,0.4785901165102845,0.2660009218965183,4.837834341036998,8.044260252524955,4.563283298856579,1.0729712135867993,2.7619724339822067,9.698715830324984,6.075624658431268,1.3744878494187354,2.2423574943724756,308.132855,0.0,1.0729712135867993,2.7619724339822067,7294.285714285714
LOG00006,Idle off,308.5,309.0,26.008695652173916,0.8449825630617062,21.174961763484895,22.071561264822133,145.0,1.4368202426692989,4.5599209486166,12203.246753246753,7714.285714285715,0.0,0.0,2.4959693057395183,2.17971171743022,0.8775776792797385,2.522192888607671,2.274974078388463,0.6930491844831158,0.5167085827871449,0.5087009515548601,0.4409338330194594,0.3197257182254814,0.5167235445554375,0.31549961837923063,5.614231582061784,7.785373119272222,5.436230099752239,1.2875096706152565,2.7035012051599456,6.382101949706122,6.22344159580876,2.343182232168083,3.815481276706529,308.849104,0.0,1.2875096706152565,2.7035012051599456,7942.857142857143
LOG00007,Idle off,5.0,5.5,17.75731225296443,0.48069026591673136,27.6618565929842,24.909604743083005,53.0,0.7421245347468591,3.0914426877470356,10754.340767927726,9057.142857142857,0.0,0.0,0.6513171831444247,0.5318992146743714,0.6441606065882206,0.5896737054100221,0.5074387000339344,0.5790600120081383,0.32837950930569515,0.2358352512489856,0.33951384531154716,0.16190156949841583,0.2816647790330567,0.21738475325063333,3.0540549351599804,6.968964866715324,2.4178693500610455,0.4185127911042375,0.9702481378962791,1.1853853128501926,1.7575360042753352,0.5946136761084464,4.927460868549341,5.499079,0.0,0.4185127911042375,0.9702481378962791,9142.857142857143
LOG00007,Idle off,5.5,6.0,25.029388560157795,6.873912624849862,31.794202278646168,24.8336291913215,58.0,2.149504462511462,5.436449704142012,12919.047619047618,8114.285714285715,0.0,0.0,2.9275801725393342,0.9113775871149876,0.5404297657187876,3.1675987489578405,1.0585993255760353,0.5924615824617561,1.1156427595065452,0.4902358118404139,0.38713995428219106,0.40810038932636156,0.6541541798963357,0.3379716810363194,5.306251208169381,7.398965390383305,6.36595733301698,1.8800715758270454,3.8449850803673353,6.789305896497301,6.114295984380817,2.1681022546158877,5.184736979287914,5.556319,0.0,1.8800715758270454,3.8449850803673353,8842.857142857143
LOG00007,Idle off,8.0,8.5,29.745454545454546,2.492532144826456,12.999792107814782,24.693754940711464,9.0,2.1444546489549645,6.359367588932806,14814.942123094297,12871.42857142857,0.0,0.0,1.107668081570903,0.7562721744170455,0.5579915606882863,2.09994733567979,0.8441111622801019,0.5579920620126487,1.4823504708927218,0.5279536109975087,4.033644310741919e-06,0.2822426490409924,0.3696405521205809,0.2973324883707517,2.383893121007687,4.711138727479953,4.2296140341304405,1.0372726066404199,1.7424221124493118,4.913279577383481,3.6734277107689297,0.9483870994294602,2.0420937332813724,8.041186,0.0,1.0372726066404199,1.7424221124493118,12942.857142857143
LOG00007,Idle off,8.5,9.0,42.693491124260355,22.079155990032085,20.695204034568434,23.983431952662723,1.0,7.202143554685845,10.693491124260357,17676.01437024514,12757.142857142857,9.467455621301776,0.0,1.447974629565549,1.9682255091111722,0.8627325452441132,1.4484910473703834,1.9059287464490822,0.8627325593258461,0.014463810497089882,0.20275872281964485,1.8892606666983808e-07,0.37039310039168644,0.553772105454482,0.3075099333846761,3.3671294082815755,3.7247648659855552,5.817386238596212,1.3320900518758334,2.21118117219757,2.9782247204009136,4.559490611363125,1.7277937062307842,4.450975770026982,8.999394,0.0,1.3320900518758334,2.21118117219757,12914.285714285714
LOG00007,Idle off,10.5,11.0,23.7603550295858,1.1029037664889227,28.43356844129223,24.68199211045365,36.0,1.5298075986324615,5.145581854043392,12472.957171034093,6157.142857142857,0.0,0.0,6.182562808788837,5.3572638063107885,2.1504780387178264,6.983376112830573,5.340335304916077,2.022979152391122,1.9728680475230629,0.23762650818620767,0.3692222575336444,0.5698671948236248,0.9830699560684976,0.4773400361883011,4.301886301721145,10.484900187951288,5.046399673012121,2.7493763334961034,5.891580967072024,16.85873549601674,15.37724182273761,5.784650308144239,8.174561018452545,10.841768,0.04339250493096647,2.7493763334961034,5.891580967072024,6637.142857142857
LOG00007,Idle off,11.0,11.5,23.790927021696252,1.2095431386030109,13.959116968116545,24.57118343195266,68.0,1.503921072750613,4.765680473372782,12624.056072132995,8557.142857142857,0.0,0.0,3.161121141432314,2.698610406119342,1.0171278512594624,4.409035539811262,2.752161871378258,0.952286950821005,2.127593708080356,0.36814778921514,0.34271554103344926,0.4036298611461806,0.5988974159478718,0.32859021227210794,6.3998773134660825,7.350025981965462,5.006395339186335,1.8342337330554523,3.3013395644076486,10.487994451438857,7.137837063755234,2.9389781383012967,5.299145782973782,11.000643,0.0,1.8342337330554523,3.3013395644076486,8785.714285714286
LOG00007,Idle off,12.0,12.5,29.399211045364893,1.8042136110439975,18.380613845570636,24.7685798816568,29.0,1.8433196648590497,6.368264299802761,14679.987320371936,12757.142857142857,0.0,0.0,0.7252109819494532,0.9723240349687364,0.6242329014994048,0.708480972014856,0.931242256291833,0.648134851425547,0.2292661833546761,0.3786661683508226,0.09639319779331428,0.27229582323655244,0.37632164479852254,0.2676367183206596,3.070404091527397,4.559605529963329,6.968968981730293,0.947469879014681,1.7839592811283647,2.4498923214271624,4.450029364085464,0.8577135294834676,1.377864121209137,12.208478,0.0,0.947469879014681,1.7839592811283647,12942.857142857143
LOG00007,Idle off,12.5,13.0,27.11183431952663,0.12584228320516289,28.799663969641596,24.663727810650887,10.0,1.3971483479446807,5.717021696252466,13968.878557340096,12500.0,0.0,0.0,0.644427724552428,0.8785354465955654,0.5490715509000108,0.48265195354480667,0.8002844643587013,0.5492053204642304,0.3404609540725229,0.32220295690647355,0.2894097169622471,0.2597049424441953,0.29459077836011555,0.2523736213687867,4.431824835883648,4.278626798793037,4.1134243449291965,0.7802240297951204,1.2251113161312228,1.6172150801252798,2.627798592698265,0.7704257339603505,1.12127803754635,12.746276,0.0,0.7802240297951204,1.2251113161312228,12642.857142857143
LOG00007,Idle off,13.0,13.5,24.384980237154153,0.964166118444978,35.868276108416886,24.624466403162053,16.0,1.2683183245746243,4.635415019762846,13058.85093167702,10871.42857142857,0.0,0.0,0.5748928884429978,0.6646221889906091,0.7609042232976596,0.5338805279803599,0.6086439406815352,0.6661932258987305,0.2984814988850941,0.39473191037246164,0.2947740572545704,0.2836855853001331,0.40368918060742126,0.2417915910366287,6.599235233648624,11.37249776550632,5.27291425001008,0.8942024514435816,2.06812991810775,2.151844507070317,2.8634951969722255,0.6213793073803641,0.8652298894648216,13.000865,0.0,0.8942024514435816,2.06812991810775,11100.0
LOG00007,Idle off,13.5,14.0,23.295463510848126,0.30826730272746977,39.75391815422768,24.63457593688363,17.0,1.0279309585334389,4.25232741617357,12623.471400394477,10257.142857142857,0.0,0.0,0.5196821243895531,0.7136303757164877,0.6321799320265797,0.44300259567887107,0.5823482114055162,0.5961372333308277,0.23817305844055967,0.2888771280247323,0.3443523710870778,0.2447528231190953,0.35992441886305115,0.25675949175187324,5.340174431012612,10.422499469792985,4.743554925945147,0.8267205909968919,1.9019682225071182,1.6172150801252798,2.789102490438389,0.6242346608268778,0.9438404587707521,13.967903,0.0,0.8267205909968919,1.9019682225071182,10528.57142857143
LOG00007,Idle off,14.0,14.5,22.051479289940833,0.2190457632899457,41.98208630019968,24.678639053254436,18.0,0.9947219078543782,3.938895463510848,12148.584108199491,9671.42857142857,0.0,0.0,0.7806610923337999,0.8892381077879228,0.6040011768882072,0.7190651185704012,0.7506741319248414,0.5297097806811859,0.22970284081756123,0.3705889347930963,0.3167108012146661,0.2623222925836624,0.32686694325212545,0.2718404888892214,8.25443291365388,6.619242773050558,5.76048660448147,0.820546911796436,1.4590295522815648,1.9661835397621348,2.636042099193021,0.8367126607820773,1.2630429478754968,14.457337,0.0,0.820546911796436,1.4590295522815648,9828.57142857143
LOG00007,Idle off,14.5,15.0,22.05118577075099,0.10122069709722771,43.35496892708725,24.581521739130434,19.0,1.0863814509916467,4.140573122529644,12118.626482213438,9571.42857142857,0.0,0.0,0.6330950991882652,0.7954251977776698,0.7057641394081428,0.5865590214574882,0.6764934156131925,0.6455964739724808,0.2809996269345105,0.35641628277934645,0.3133397854620735,0.2693074940960536,0.3237545520181211,0.22663475318687618,7.6790787588088625,6.460156348208231,5.4846030865168585,0.7571890312586308,1.4517994907159955,1.7462551688182646,2.445452341418699,0.7188569572160529,1.060356921967062,14.500755,0.0,0.7571890312586308,1.4517994907159955,9700.0
LOG00007,Idle off,15.0,15.5,22.1,0.0,43.68633701769266,24.56806706114398,22.0,1.2153612610737694,4.039191321499014,12118.505212735981,9585.714285714286,0.0,0.0,0.6277810052259738,0.687939713541483,0.667991223855707,0.6182106027865085,0.6041913977561317,0.5856603665570758,0.22891368407987917,0.32507427011479795,0.2631594572001077,0.2550159345714293,0.30468202803124794,0.25796610778977885,7.572770183245175,6.432262194404839,5.594895027926297,0.7592867365339215,1.301056430205172,1.6682438297039097,2.392047970071725,0.6585476596230799,0.8196746732886923,15.214176,0.0,0.7592867365339215,1.301056430205172,9700.0
LOG00007,Idle off,15.5,16.0,21.07140039447732,0.7644148033352247,42.617073466959305,24.60015779092702,21.0,1.2104693092196193,3.9870808678500986,11772.985347985348,9057.142857142857,0.0,0.0,0.7110346360897966,0.6175011159267437,0.6843981144296675,0.6283185972301744,0.5685118951702335,0.6343423022126393,0.32639860249626873,0.2566916427353997,0.2813762410732829,0.2539966922564695,0.32422031117225886,0.263999200348722,7.354389277356005,6.010218535247445,5.074103575077043,0.7565254195844424,1.4160128364394158,1.9163986606210046,2.4997041245033724,0.6659121120276021,0.8723418856692119,15.641436,0.0,0.7565254195844424,1.4160128364394158,9157.142857142857
LOG00007,Idle off,16.0,16.5,20.326429980276135,0.07976590829937337,40.55930849282896,24.564358974358978,22.0,1.1299187894350566,3.799980276134122,11482.220343758805,9057.142857142857,0.0,0.0,0.7266437906355185,0.7799298249142709,0.7325402306801877,0.6519739937113985,0.73615066950116,0.6407927971902517,0.24747852237552895,0.30510837254141454,0.2638057074634515,0.27488504901211885,0.32876653630612585,0.2256370459061993,8.22368174725467,6.607620184838089,5.188431810267792,0.8577939017330164,1.4716922726713584,1.9287096993939987,2.4398079272544164,0.7537578292329572,0.9033278188126893,16.2986,0.0,0.8577939017330164,1.4716922726713584,9114.285714285714
LOG00007,Idle off,16.5,17.0,19.019565217391303,1.4194138858499057,38.9475241464195,24.67343873517786,16.0,1.1019227000366583,3.3305138339920948,11077.809147374364,8371.42857142857,0.0,0.0,0.6168632191432132,0.4988267342373298,0.7066535393900031,0.5367454203119347,0.5158411631343213,0.5938627306263046,0.26124516204447806,0.31339396915087964,0.31551073397663304,0.2544007855949284,0.3246074120970239,0.2651067430104595,7.8355592243873255,6.930289076921457,6.04689236656376,0.7009733287368715,1.3220562141825634,1.6520438892044327,2.3460504191449,0.560958261335729,0.8980987661048843,16.555149,0.0,0.7009733287368715,1.3220562141825634,8500.0
LOG00007,Idle off,17.0,17.5,15.484220907297827,0.28226251038702527,38.12540668364925,24.75808678500986,27.0,0.8150872339474419,2.7860946745562125,9740.666384897155,7714.285714285715,0.0,0.0,0.5482557643448017,0.789547167149474,0.47615742510858583,0.39658197240519694,0.68953803067762,0.45467222362438686,0.3466314071584798,0.45255838798030246,0.30091926801852137,0.24103978950003588,0.3104617454421171,0.2691856879693863,2.208336690632075,5.515076057626234,6.4686876588590545,0.5223416438064994,0.938885441166157,1.2686478848054341,2.9934181579332644,0.6796944579335126,1.1221729652765375,17.241907,0.0,0.5223416438064994,0.938885441166157,7814.285714285715
LOG00007,Idle off,17.5,18.0,25.23491124260355,7.379398807983619,39.284961169773815,24.631045364891516,3.0,2.2402742842933243,5.636252465483235,12951.28205128205,8185.714285714285,0.0,0.0,0.753966789018903,0.949814200734947,0.6824039057020618,0.713899405760181,0.9437562581696834,0.6693276106514846,0.18871998836349813,0.25406910267567995,0.09708263203600467,0.35366278783638283,0.5469934436452017,0.33873186206176875,3.5452154021816495,6.694835040520504,6.695570777904162,1.55429219567414,3.2056102406772644,2.565512432905462,5.41602560309064,0.8575001267816937,1.5147865392674806,17.91386,0.0,1.55429219567414,3.2056102406772644,8471.42857142857
LOG00007,Idle off,18.0,18.5,22.390532544378697,0.7640008832014393,44.19677252899473,24.65609467455621,23.0,1.299466129866996,3.766489151873767,12313.229078613695,10328.57142857143,0.0,0.0,0.6207122249265573,0.700409200803202,0.5158223737408563,0.6471327612666864,0.6247115988753321,0.5183312626956675,0.34324780239287056,0.17575357003174708,0.06029152654325908,0.25379703279226823,0.3528547047946348,0.24886687735001745,9.003459408642563,8.622006499191249,7.437713972931053,0.8624372730548985,1.774840348755402,2.357998683402309,2.682399349871184,0.6617615562810584,1.197766129479088,18.00069,0.0,0.8624372730548985,1.774840348755402,10500.0
LOG00007,Idle off,18.5,19.0,18.966600790513834,0.9888964118445668,46.305542860827885,24.67241106719368,44.0,1.0177161183575198,3.353438735177866,11099.569452286845,9500.0,0.0,0.0,0.695564227584118,0.9713374163339638,0.6205723781865535,0.6578624891710502,0.8833366836070982,0.665182308633997,0.378214225064509,0.33754804294514357,0.4142179830703233,0.2042788618069321,0.27305147311191696,0.2452471113564289,5.537594760397628,6.553253792219456,4.555109034591261,0.5732766016041998,1.0436636181583228,2.0054274183910974,2.552221383833084,0.8447798444165888,1.1068899702177495,18.70524,0.0,0.5732766016041998,1.0436636181583228,9678.571428571428
LOG00007,Idle off,19.0,19.5,19.642603550295856,0.11235126757039053,47.093464213586955,24.752287968441813,45.0,1.0331128951769541,3.2958185404339257,11273.21780783319,9200.0,0.0,0.0,0.9171171867466548,0.6907336845370006,0.5751714628481612,0.902277032208177,0.7395092418951427,0.6168579917619547,0.30177663956429546,0.4336549405386685,0.3177687281057607,0.27479103851429615,0.35485682017245035,0.2607572456753295,5.755348095661606,10.70900383994438,5.536124718160929,0.9730046755858115,1.6794197096732237,2.331078087347068,2.840257232009844,0.8118549615479846,1.3412359539867116,19.374175,0.0,0.9730046755858115,1.6794197096732237,9357.142857142857
LOG00007,Idle off,19.5,20.0,18.297041420118344,1.1458402273819592,46.454429535845144,24.748284023668642,112.0,1.2428591849556168,3.5264497041420118,10723.041701887854,6457.142857142857,0.0,0.0,1.0632343350985105,0.8785907351796425,0.637424026541067,1.1696510918276204,0.8804656419208234,0.7542517630004202,0.45553226153264104,0.39649868473899447,0.5832851332460987,0.33321597019284194,0.4165605850416439,0.33792918722313275,6.4614971269383235,8.854952981571055,7.907076617330071,1.2022534996714538,1.9431772327553287,4.253319854306454,3.8556293535597477,0.9752919899383663,1.4621528376484707,19.918827,0.0,1.2022534996714538,1.9431772327553287,6657.142857142857
LOG00007,Idle off,20.0,20.5,20.552465483234712,0.4615906341152009,40.87591098720505,24.698678500986194,134.0,1.7038786734160163,3.9057790927021694,11535.263454494225,6800.0,0.0,0.0,1.727856744570299,1.3579278005848545,0.897393967982557,1.7307475522926812,1.3043614417356237,0.9139278789259061,0.6375352408434249,0.34096253013429473,0.5008049938713071,0.3268156829439848,0.4893121956165165,0.34094684903317657,4.531791304924088,8.333633453434757,3.922098057074764,1.3748558869315046,2.451571337650558,6.068640899481852,5.489096238434238,1.5539396451211174,3.0376617359393667,20.498008,0.0,1.3748558869315046,2.451571337650558,6928.571428571428
LOG00007,Idle off,20.5,21.0,25.448418972332018,5.472566099535961,23.345060866109453,24.717015810276674,107.0,2.422135074556531,5.55193675889328,13047.367306606435,9971.42857142857,0.0,0.0,6.457856827745404,6.279875072998932,1.6479121561504542,6.71083115720773,6.313693030069336,1.6388439307535745,0.8851949898679898,0.6644215627564064,0.5621916817410288,0.6287477068775631,0.5743836412733607,0.469069734035692,5.2350431882286745,6.119586987944091,5.859810329274601,3.3494704737173975,3.3025881772429866,18.294095032099243,17.872572667496435,6.369487645805243,10.255155247884426,20.903526,0.35177865612648224,3.3494704737173975,3.3025881772429866,10257.142857142857
LOG00007,Idle off,21.5,22.0,29.59132149901381,3.522332754961948,22.779562839908866,24.60723865877712,61.0,1.9784204849911808,6.55094674556213,14548.492533107918,12642.857142857143,0.0,0.0,1.1999361670714102,1.0442967270059402,0.7755830997541715,1.1627160505387277,1.0817766748249331,0.7762837977011172,0.6900112965532502,0.8000107879915992,0.0203503609695765,0.2910409601180187,0.4094908673463917,0.20793967890484985,3.639725708272194,4.6972755011784635,5.159064399474061,1.0387786851219927,2.3045780787131394,4.706158623982286,5.311778434579803,1.1248116418052727,1.8722296125938744,21.972084,0.0,1.0387786851219927,2.3045780787131394,12841.428571428572
LOG00007,Idle off,22.0,22.5,38.121104536489156,7.628812841312228,42.96332958537667,24.37343195266272,59.0,2.5336110441762756,9.409605522682446,17286.228515074672,12314.285714285714,0.0,0.0,1.4085749420254479,2.0988030757553418,0.8163125655288439,1.3301436092115406,2.7331604386303705,0.7960116324550683,0.35650689686486287,1.786135847268315,0.12188512848298269,0.3094162723449563,0.4413762704896684,0.38852660240675085,3.350908972660916,4.093552654957448,7.567832481155128,1.1430646995783873,2.338758061336904,3.0186795185151665,8.19919657390855,1.7873244974125537,2.7813591714223938,22.173365,0.0,1.1430646995783873,2.338758061336904,12457.142857142857
LOG00007,Idle off,22.5,23.0,34.573913043478264,4.036218353996005,60.47917005275205,24.656778656126477,97.0,2.1352057810292426,7.133379446640316,16707.241671372107,13685.714285714286,0.0,0.0,2.9116110159946995,1.6652305501705253,0.8356248212367189,3.455376729842023,1.4901910325894145,1.0360947045850748,1.911509269822707,0.7680477230732293,0.8497700635042138,0.3191619896251186,0.4528828222330837,0.27638141186524207,2.3826931520460763,4.302015955624719,7.849627818153171,1.3190571060794554,2.4685906419228187,10.774090572664784,6.4498674803312035,2.371757944403572,4.80393913994357,22.850222,0.0,1.3190571060794554,2.4685906419228187,14242.857142857143
LOG00007,Idle off,23.0,23.5,38.08915187376725,5.126019470509534,70.49341246941053,24.33360946745562,72.0,2.2895580705724763,9.007692307692308,17610.51704705551,10557.142857142857,0.0,0.0,1.3847444895756305,2.5870592503765684,0.8339156830501172,1.4610409671265003,3.020863753008268,0.8224482348284681,0.6433665756223673,1.583343602941317,0.19670629507280926,0.3296932732513105,0.48570481099673507,0.3642541977459946,2.6274004269352327,4.364114431275561,5.5959506255395235,1.3846460193768713,2.593234327647584,4.5304144216999775,10.075650731966835,2.0748967283179476,4.155521607558939,23.440252,0.0,1.3846460193768713,2.593234327647584,12214.285714285714
LOG00007,Idle off,23.5,24.0,33.60157790927022,10.303085340320452,75.45905621839464,24.403037475345165,76.0,2.233252716981778,7.9361932938856015,15821.858269935192,9571.42857142857,0.0,0.0,1.4915302780628366,1.3443960491850744,0.6439741311301795,1.4312347078254735,1.2975369682484215,0.6439757393696051,1.1100582815536588,0.8920967128576907,4.070943897796311e-05,0.38080099469432016,0.5971591550596955,0.380476094617493,3.368151590422803,6.631091600688455,6.377221498793625,1.690527691747297,3.367386424729799,4.631595462537677,7.297834106294691,1.4198702946823416,3.2241802399482666,23.500439,0.0,1.690527691747297,3.367386424729799,9785.714285714286
LOG00007,Idle off,24.0,24.5,33.27652859960553,12.016398286990507,84.82056423859369,24.30990138067061,126.0,2.568418320824287,7.268994082840237,16194.413919413919,10300.0,0.0,0.0,2.0777649759619483,2.4261860342352204,0.7473623106977174,2.445612196028666,2.5749436799333685,0.7836262379409301,1.17443013912377,1.4794513345895954,0.40656104203567334,0.36024259038983975,0.4567625512074106,0.3687040625528594,4.891106081309729,6.46380691317809,6.453106826594866,1.4976916406009995,2.4434362185958887,6.663066088831928,8.027688769642761,2.2587038283108516,3.6350482089666114,24.123026,0.0,1.4976916406009995,2.4434362185958887,10528.57142857143
LOG00007,Idle off,25.5,26.0,33.05305719921105,9.841988578241851,85.17820084057256,24.361913214990135,142.0,3.0934890868242775,7.091637080867849,16258.840518455903,7942.857142857143,0.0,0.0,2.2439958096495367,2.2477341049205783,1.1098008690862908,2.3983582464425464,2.226750282022873,1.1411236918829235,1.8166884807529773,0.9113437645258587,0.8365947109936326,0.5110090739524734,1.14173960836513,0.532745381652585,5.1056759731599435,6.754435197923959,8.405369895981444,2.4940549754636745,6.870464855389851,8.720173170203857,8.978716890623758,2.2458657350950184,3.3390211724681436,25.500377,0.0,2.4940549754636745,6.870464855389851,8214.285714285714
LOG00007,Idle off,27.0,27.5,47.10670611439842,9.785880945329138,22.65361035895477,23.90867850098619,83.0,5.253398204191548,13.96844181459566,19317.04001127078,12285.714285714286,0.0,0.0,7.3023026877999415,10.551928258598098,2.724106347194583,7.4014334892845755,10.487250424053286,2.6848192135153583,0.48145226016731485,0.5747904957634009,0.12134805100035655,0.6455969400929384,0.6981183528832605,0.5761883953702367,3.384399439226719,4.197283708756651,6.834458080137899,3.5032683863966763,3.8874985984619315,19.70292181898736,29.12575603644101,9.07377579949084,18.54666089452773,27.079951,0.3234714003944773,3.5032683863966763,3.8874985984619315,12884.285714285714
LOG00007,Idle off,29.0,29.5,11.272529644268774,8.979298563463015,30.918380053380247,24.45124505928854,98.0,1.8482287691337318,2.894743083003953,7653.091473743648,3214.285714285714,0.0,27.66798418972332,1.5893764869585418,2.103574232114275,0.7086682780947104,1.5055611433246436,2.062955289050253,0.6553369314808108,0.5014874172292733,0.41623771113632246,0.3591939484168328,0.31676670070631435,0.40103657614292765,0.3154206888942668,4.526132037180847,3.474791931271103,3.6119754095816203,1.1220741497935014,1.9431675854642447,4.90039120806644,5.774757664781832,1.8642883585046386,4.731239907207666,29.49911,0.0,1.1220741497935014,1.9431675854642447,3257.1428571428573
LOG00007,Idle off,29.5,30.0,36.04990138067061,6.03642910350442,11.11104640317531,23.98244575936884,94.0,3.230621408086733,8.556508875739643,16279.67032967033,12357.142857142857,0.0,0.0,5.098572369765609,5.5005887514626775,1.293863895962351,5.097032177517549,5.4457798313795776,1.2961612735938364,0.02361951238343506,0.35697596564855355,0.020198583070808757,0.7256756520681472,0.7644670369199964,0.47810539365658056,3.6984034191586788,4.781013337453489,11.077715549646598,4.148134023569419,4.6903344527257795,14.975061451734838,15.969769271094435,5.303391218006413,8.014160344513597,29.629342,0.013806706114398421,4.148134023569419,4.6903344527257795,12955.714285714286
LOG00007,Idle off,30.0,30.5,38.66706114398422,6.778269012871728,27.296203812101325,24.139980276134125,87.0,3.6405505062225885,9.549644970414201,17303.240349394193,12757.142857142857,0.0,0.0,1.94947053976896,2.4582111497941512,0.8290197192533496,1.9640995463844366,2.8268390277099824,0.8214784274490722,0.1181398839935461,1.1816990141925547,0.4641929136488549,0.45648285018169155,0.5255638809948947,0.34417363493034947,2.996214775493482,3.8591645917118083,9.760981555856818,2.2358659712693476,3.0092591937014657,5.553221074277771,9.812944797642444,2.2184721592122085,3.968388488284546,30.103897,0.0,2.2358659712693476,3.0092591937014657,13100.0
LOG00007,Idle off,31.5,32.0,36.454150197628465,1.29550475808898,34.810904251448505,24.05545454545455,151.0,2.7276292260848183,9.009189723320159,16482.608695652172,8742.857142857143,0.0,0.0,3.391623041085553,3.0577937463599865,0.754292572884532,3.268365582334754,3.0891891339079978,0.8179953131312576,0.8904509509487734,0.4001238945887281,0.506891064543184,0.6468478814104299,0.7100813701737979,0.4346199786346438,3.562188401993114,4.68138971047986,7.904187325882967,3.368491145096521,4.391486338703594,9.996145502201625,9.769679642455301,3.2290253520296694,5.226492424548192,31.566035,0.0,3.368491145096521,4.391486338703594,9114.285714285714
LOG00007,Idle off,32.0,32.5,33.711242603550296,1.3553065529193462,14.30276548383005,23.978777120315584,130.0,2.3624963891541673,7.713412228796844,15819.343477035787,13271.42857142857,0.0,0.0,0.9723019707880695,1.242866950421116,0.7103623287352538,1.0668332949359431,1.140045767258798,0.7201558959170794,0.7053700439976971,0.37816464477977885,0.4070996291135359,0.31231804952670295,0.38916097109996534,0.3085905953644668,2.613716612778313,4.468799505773218,10.966120665761952,1.3079531716830897,1.9279997659834363,3.997287048428536,4.8773921961544655,1.1158157058509814,1.5808702432921176,32.47961,0.0,1.3079531716830897,1.9279997659834363,13400.0
LOG00007,Idle off,32.5,33.0,35.183629191321494,0.7733914684602609,20.38757811874051,24.33516765285996,121.0,2.229325624544255,7.997080867850099,16163.574246266553,13514.285714285714,0.0,0.0,1.2353839144554883,1.2833874094773814,0.7737275770757679,1.1693387459489115,1.2571461847929597,0.7691906836509446,0.580235569430265,0.43090940484529766,0.4031722886546448,0.3216516595540029,0.40229535950538514,0.3154915670780743,2.7132883748229872,4.2822427987192535,11.231075033220993,1.454868409505236,2.0659191378852815,4.327336162617806,4.69671923768423,1.259614357432549,1.7957084560986663,32.633518,0.0,1.454868409505236,2.0659191378852815,13871.42857142857
LOG00007,Idle off,33.0,33.5,40.281656804733736,7.049923329459018,35.94341086163317,24.11155818540434,154.0,4.434987874923009,10.432169625246548,17363.003663003663,13471.42857142857,0.0,0.0,1.6344572903813257,1.6647267682302933,1.1377641481244425,2.0602779411803187,1.5496899135890911,1.3397248091233227,1.0579551749453333,0.5799853307551672,1.0410747117586505,0.40990922937386576,0.5685700960694033,0.38371027001705443,2.6867517141389587,3.775079188414654,7.507903790989335,1.8223023270382401,3.2707330353017934,5.698195153545511,8.831760866327848,1.6496614572304138,2.963329408631981,33.49975,0.0,1.8223023270382401,3.2707330353017934,13685.714285714286
LOG00007,Idle off,33.5,34.0,25.6603550295858,22.944329037529844,31.127891729245025,24.06562130177515,130.0,5.332083319664772,6.498264299802759,13193.843336151027,4528.571428571428,0.0,0.0,2.0040683905933703,2.791998250560061,0.6075496500552572,2.0426444754813673,3.2941378243098787,0.5970689546924433,0.35184364164003484,3.48303360953343,0.4170320146171812,0.5216172165142188,0.7050198355547576,0.5528968289773801,2.8580710037669834,5.0953959661236174,5.912377092433491,2.303981283796405,3.659286557565783,5.520983818796807,14.063886355068574,2.430179452767424,3.8466608813434187,33.591507,0.0,2.303981283796405,3.659286557565783,5037.142857142857
LOG00007,Idle off,35.5,36.0,39.46666666666666,3.4634088014512168,23.404990330820794,24.144635108481264,100.0,3.0949594464826697,9.62731755424063,17594.69568892646,13557.142857142857,0.0,0.0,2.2103997015973635,1.403746652417679,0.9267100542347709,3.330706429342478,1.3953557414522886,0.9943697130190363,2.2183565063103647,0.4972820930855479,0.5205706021559692,0.36948101899762265,0.4847590909046728,0.2836439224123782,2.7946498508832835,3.318013897433097,10.896836275450013,1.6946967281153607,2.786933169328461,10.980168603628206,5.912411309700048,1.8515360521733781,2.8632539886591992,35.90014,0.0,1.6946967281153607,2.786933169328461,14185.714285714286
LOG00007,Idle off,36.0,36.5,28.457988165680476,0.7324207356309873,34.6103984861366,24.421222879684414,167.0,1.6341460408580908,5.9055029585798815,14192.716258100872,9828.57142857143,0.0,0.0,4.176224224609138,1.1092327644073599,0.8236666578010191,4.892807339271339,1.0732245720813993,0.8028911569114197,2.9893119686640675,0.5487890646348215,0.596303905081334,0.3639185629542927,0.7180717236459981,0.34492585048279417,3.7234796288710004,10.431925292153181,6.4344202762507505,1.5381831612903978,4.398825574124871,14.611672943003272,5.6406177008672795,3.0554251831657555,7.414695900647821,36.196119,0.0,1.5381831612903978,4.398825574124871,11371.42857142857
LOG00007,Idle off,36.5,37.0,27.57707509881423,1.193985314448658,39.23211135856153,24.18219367588933,70.0,1.6017642010469628,5.612035573122529,13918.817052512706,10271.42857142857,0.0,0.0,0.7589904247986912,0.8889227408471074,0.8251846729239888,0.7839550772996893,0.758607915984237,0.7966430212225134,0.41625379036981336,0.36845464041436893,0.4005017557458615,0.3020638010234108,0.4215451938652174,0.26377558442347704,3.0709090724555126,11.25670681355995,4.9819564111788415,1.1223577663942745,2.2147564259811503,2.5753467858122865,3.3285209002497202,0.8265137942379521,1.175850786742493,36.562146,0.0,1.1223577663942745,2.2147564259811503,10507.142857142857
LOG00007,Idle off,37.0,37.5,23.038658777120315,0.7197444867246269,41.61907037148654,24.34548323471401,38.0,1.3807801219853129,4.206074950690335,12338.820794590027,9342.857142857143,0.0,0.0,0.7646820041416115,0.9415744725573413,0.5791187860418303,0.7312767837670625,0.8359713023506568,0.5586381676908612,0.4045783534270837,0.41434047420383024,0.35106984644179895,0.2886998970181182,0.3367731482964986,0.25708686971867495,4.274629219232863,7.001149879705752,4.144369109222907,0.8804450939444163,1.5816353445749944,2.4133913055466913,3.1350282880484355,0.8577007213561343,1.0492962794809495,37.000193,0.0,0.8804450939444163,1.5816353445749944,9500.0
LOG00007,Idle off,37.5,38.0,20.939842209072978,0.5696034597285774,42.20161311385116,24.434437869822485,45.0,1.234701861793064,3.728224852071006,11563.095238095237,8600.0,0.0,0.0,0.689878235851249,0.7501279949631272,0.4391156075249135,0.6608533677580409,0.6837652545971434,0.44287481683255436,0.2987893929041277,0.3512118090665161,0.416659651555678,0.27172224381237364,0.29540806321040985,0.25381552305378946,5.949406641969977,6.428612173743188,4.927688025433803,0.83827055746061,1.248981985487788,2.2058734578464736,2.730137160508127,0.7206330512572378,0.8986313381544107,37.790442,0.0,0.83827055746061,1.248981985487788,8700.0
LOG00007,Idle off,38.0,38.5,24.543589743589745,2.1851600380401135,41.30886855071317,24.290473372781065,42.0,1.6957595165536232,5.060118343195267,12737.362637362638,8657.142857142857,0.0,0.0,0.9516271212299082,1.0417357977997306,0.7039176460997321,0.8912608373771197,1.3052718059393564,0.657790615488375,0.40635296763055095,0.8601890874144213,0.21788003256052446,0.35446700137430004,0.6254563327404232,0.3371355102781845,4.729242579120217,10.620357083227196,4.985065863464993,1.5036558122338195,3.5693900673943566,2.8280784312695837,6.0013147803379026,0.9976992658806976,1.261934240305238,38.382391,0.0,1.5036558122338195,3.5693900673943566,8871.42857142857
LOG00007,Idle off,38.5,39.0,22.38303747534517,0.869575745349044,39.95495876248047,24.333254437869822,1.0,1.4830378884679891,3.932228796844181,12097.54860524091,10400.0,0.0,0.0,0.5577469268953132,0.6957969203096525,0.5222595224683552,0.5338784428123685,0.7102487843939752,0.5226497018812327,0.1689468092593462,0.08650944321665288,0.008428038155026761,0.2680920437459251,0.3482634693109922,0.26462109489820274,10.504019788822298,9.324854222320159,8.150470311929322,0.8325353382893714,1.7223964812017678,1.7869789829770182,2.6988930450536666,0.6305612534772347,1.0094639567430457,38.500781,0.0,0.8325353382893714,1.7223964812017678,10557.142857142857
LOG00007,Idle off,39.0,39.5,20.270158102766796,1.1495138922354313,40.06674268051282,24.285494071146243,48.0,1.1229683226604081,3.4349999999999996,11371.753246753247,9671.42857142857,0.0,0.0,0.6914167090370684,0.8133731623150586,0.6845357991004904,0.7650161779220658,0.692169787771411,0.6433940960192922,0.721613242932544,0.332211502306989,0.4258626503796874,0.2460334817715887,0.25830940734676205,0.24632981025584846,7.072159550394281,7.049259229318638,5.207267612916373,0.7424764695340427,1.0417375150061206,3.1239227392226603,2.50848362932212,0.7548618968758619,1.1652491059183778,39.088783,0.0,0.7424764695340427,1.0417375150061206,9900.0
LOG00007,Idle off,39.5,40.0,19.284418145956604,0.8525248535631751,41.28408102966955,24.440059171597635,74.0,1.0712367612717326,3.516055226824457,10947.999436460976,8942.857142857143,0.0,0.0,0.6472964996052909,0.7674940590182824,0.6227618384609389,0.5380247270965146,0.6183758913198956,0.6682297215451842,0.39971434062207783,0.3503258968928712,0.5840527226405953,0.25345379405094076,0.31956973791185644,0.2562086876629633,5.75786910688197,8.44323716932014,4.591242673755455,0.8803548523252774,1.4994836690971718,2.129440481743032,2.4308990552802734,0.7099436206592822,0.9990262354193298,39.902712,0.0,0.8803548523252774,1.4994836690971718,9047.142857142857
LOG00007,Idle off,40.0,40.5,21.109664694280077,0.6763147660061869,41.36674645038373,24.298994082840238,75.0,1.4010439828997707,3.862465483234714,11587.109044801353,7942.857142857143,0.0,0.0,0.7937577576687458,0.6552143235415807,0.5759620462727599,0.7014122408342413,0.662078855655526,0.5290570412972502,0.29708576173875395,0.3709374798619362,0.33687607763234595,0.2815073931557754,0.35426042155995097,0.2746529497895208,7.403400524852464,7.28292538809823,9.445094470504102,0.917097441967172,1.67308576607241,2.191970284426924,3.023576001082084,0.7277902127788497,1.0342743362852524,40.466049,0.0,0.917097441967172,1.67308576607241,8085.714285714285
LOG00007,Idle off,40.5,41.0,26.88579881656805,2.372042018230508,37.19118760817422,24.364082840236687,79.0,1.9305337139269338,5.506785009861933,13446.153846153846,8142.857142857143,0.0,0.0,1.0604412982088136,1.1648438985687866,0.6736660774058594,0.9376320895203156,1.0022501843294656,0.6292433612002581,0.36161564478310243,0.3711026462514914,0.348828674317486,0.334562470584484,0.5099765646555726,0.3014124768810112,3.231824498293453,7.357538245040846,8.663072890460983,1.3091428670194878,2.887909801906248,2.994735683594741,4.970921360431849,1.1138664765086799,1.6217711506306642,40.87745,0.0,1.3091428670194878,2.887909801906248,8371.42857142857
LOG00007,Idle off,41.0,41.5,28.04122287968442,1.1377409724293002,27.493091370550253,24.203471400394477,74.0,1.9357177166262372,5.688145956607494,14037.996618765848,10771.42857142857,0.0,0.0,1.1112871677395963,1.108776516212874,0.7397484219966275,1.1795412507085252,1.01381859746548,0.6797858023362975,0.4388946428246077,0.32068741219886554,0.35812978298819725,0.41615254825556175,0.4792083291795569,0.29162699221533217,2.725652430982433,8.961603982836778,7.259062358200739,1.9035617478496418,2.7424157588185616,4.152896377646738,4.413087940167617,1.1100325517947325,1.488500259288634,41.046153,0.0,1.9035617478496418,2.7424157588185616,10900.0
LOG00007,Idle off,41.5,42.0,26.546837944664038,0.48290937437229875,20.549857167589536,24.2197628458498,69.0,1.691434018653766,5.3314822134387345,13588.883399209486,11042.857142857143,0.0,0.0,0.7722101516477067,0.8395603154082727,0.705961588175613,0.8304874414060288,0.7255662808813698,0.6108011720861375,0.5939329208662808,0.3742867579726528,0.4020055455602629,0.30909148222782445,0.4354016325980921,0.3045722725819242,3.6221498872110924,9.28165820477883,5.387537966483682,1.3802786405407157,2.347877618331638,2.987457311121073,3.475208641047934,0.8065885077027234,1.2338887748588463,41.960701,0.0,1.3802786405407157,2.347877618331638,11371.42857142857
LOG00007,Idle off,42.0,42.5,29.59940828402367,1.73410494649374,19.37735179129862,24.320532544378704,53.0,1.8582280572514096,6.245147928994083,14460.200056353902,11128.57142857143,0.0,0.0,1.198126784892105,0.7963434244616339,0.7320768653564483,1.237744459081246,0.7154291242258408,0.6678076593867085,0.5734662959668325,0.4054279670263965,0.35309650577777996,0.47413330636924017,0.470876668059874,0.30230429759845084,4.440039839716263,6.731363325501641,7.511329287250594,2.363044176333626,2.5092951259321254,5.192735025150053,4.6108952525063716,1.0172685590244037,1.4862424341898146,42.077114,0.0,2.363044176333626,2.5092951259321254,11408.57142857143
LOG00007,Idle off,42.5,43.0,38.53076923076923,12.340472372751497,23.870107487736053,23.89189349112426,41.0,5.396103306009777,9.715680473372782,16653.198083967316,13600.0,0.0,0.0,1.551503521781675,1.7423205701117592,0.9679506882952967,1.6692214297728878,1.755356877257575,0.9993263390791475,0.45225820707439457,0.6081223920999512,0.5726829557117264,0.41993672756093664,0.48993779644095115,0.3090529453818732,2.3471701640851177,5.201217437814339,7.615856826999103,1.9211556465896722,2.1945732504752185,4.648386286555102,5.534720959061492,1.6496733232879028,3.618046371725624,42.998576,0.0,1.9211556465896722,2.1945732504752185,13871.42857142857
LOG00007,Idle off,44.5,45.0,10.15818540433925,9.973959539550563,21.641817893567556,24.26792899408284,117.0,1.5185126884515663,2.801873767258383,7012.573964497042,3214.285714285714,0.0,32.34714003944773,1.6915113362300405,2.723396581319644,0.8664441528282091,1.6529329484624706,2.538521769885351,0.9841600156486687,0.7828332120357643,0.7082497081993269,0.7443436300564233,0.3420783697998959,0.5194931338691404,0.3279410698830013,3.052333709426733,4.615999347385412,2.972699036913473,1.463872377092305,2.9950962552588067,6.3382623817355395,7.934768570553559,2.2669472357929132,8.239203090779197,44.999348,0.027613412228796843,1.463872377092305,2.9950962552588067,3242.8571428571427
LOG00007,Idle off,45.5,46.0,40.70276134122289,3.1739310844504494,14.687535355531452,23.749881656804735,41.0,2.9798864193207097,10.187416173570021,17723.55593124824,15042.857142857143,0.0,0.0,1.1774005731025496,1.3883421828606384,0.8435445613697039,1.2023693234560868,1.2686527362996498,0.843556174107277,0.15505924498023,0.5311783807329907,0.0003541420973474239,0.33043228754759774,0.4101601126390217,0.2835242708307562,2.800576328592567,3.9590613767925507,10.141020359675514,1.3143205956791049,1.950445021729183,3.3884011461773786,4.863015030552211,1.287199698231097,2.0665757721696942,45.500528,0.0,1.3143205956791049,1.950445021729183,15257.142857142857
LOG00007,Idle off,47.5,48.0,12.02603550295858,3.5638432846183656,16.78279873621533,24.147968441814598,66.0,0.879832546817895,2.543846153846154,8392.216117216116,3214.285714285714,0.0,14.201183431952662,3.122935881782581,1.5984983871105651,0.7180083965435888,3.144561014521773,1.4305162801096476,0.7138400614010035,0.597737769181637,0.5180642061898005,0.06397456210109331,0.30640433406787176,0.3902193061159032,0.3474806694308935,1.4923810924477094,4.54883401629201,4.528151201446096,1.0330872633541996,1.5006696249252047,7.176281335532082,4.781209109866274,2.48071820400063,4.9053852606414,47.90087,0.0,1.0330872633541996,1.5006696249252047,3271.4285714285716
LOG00007,Idle off,48.0,48.5,15.636489151873768,2.021089474536816,10.91361224984558,24.189684418145962,53.0,1.021738053690919,2.8879881656804733,9446.928712313327,5857.142857142857,0.0,0.0,3.24805718788298,3.7565406527006875,0.8468757732930037,3.4054278610933304,3.691786723480833,0.8468829931948629,0.7127767197966564,0.3446073707610868,3.17898633791651e-05,0.36519313659162794,0.42635395080986094,0.3478088128853162,2.08895851171576,5.8234492821494195,3.4998481574919063,1.3743419643617556,2.0831135040370135,6.606881834418147,7.478964583590669,3.5115148562373486,5.086043452992238,48.246174,0.0,1.3743419643617556,2.0831135040370135,6000.0
LOG00007,Idle off,49.0,49.5,21.320158102766797,1.9333634025060473,11.634142773317777,24.096857707509887,50.0,1.556575146761395,4.005632411067194,11532.45341614907,7657.142857142857,0.0,0.0,4.010504060305413,2.724374437361804,0.948400802920713,3.963729550219114,2.7350518820233813,0.7810427750314757,0.3014410314344199,0.13425098543998312,0.6631008878498355,0.5176230361168327,0.6731112168475198,0.3718563822954167,6.397488915051039,8.622921086610031,5.189172544914435,2.53409125671714,3.597352255415555,9.588365809317072,7.956030352652761,3.428291038744862,5.38925040540624,49.202175,0.0,2.53409125671714,3.597352255415555,7971.428571428572
LOG00007,Idle off,49.5,50.0,29.76193293885602,1.7506129136425541,22.706392111905185,23.91382642998028,24.0,1.9518439402263417,6.2161735700197225,14406.036911806143,12357.142857142857,0.0,0.0,1.1020818798444276,1.1010756320267296,0.6782878674812165,1.369213240853314,1.105882087553062,0.731942475972469,0.8745966972237603,0.13637161341453105,0.5566659610718652,0.4250353445803917,0.42232225439070203,0.35649560256876317,4.411278900251707,5.861349788003536,5.54807170568774,2.074901317075892,2.305742071490753,3.9613517506411484,4.146717529828786,1.1015788708314282,3.0637319665600504,49.999334,0.0,2.074901317075892,2.305742071490753,12500.0
LOG00007,Idle off,50.0,50.5,29.849506903353053,0.4218569280026381,35.50884623818879,24.11968441814595,117.0,1.8699746498388792,6.339151873767258,14481.839954916877,11428.57142857143,0.0,0.0,3.132594665763004,1.0867175829525602,1.317452503988407,4.1614492376138905,0.9511717773751366,1.2379210407036383,2.6298185499430122,0.4195590785046717,1.1547860328176476,0.3992472522566447,0.4840850486778552,0.3464044469160584,6.317708674109007,6.418492430429055,8.045312153595807,1.8126337298389568,2.6426152589953,13.490152738471787,4.542371197367577,2.3445793274130313,4.8270840807796604,50.342664,0.0,1.8126337298389568,2.6426152589953,11900.0
LOG00007,Idle off,50.5,51.0,26.074358974358976,3.082042749252235,42.09466155649233,24.03611439842209,91.0,1.5912519587094942,4.832682445759368,13376.148210763597,8571.42857142857,0.0,0.0,0.9988783800922261,0.7616562842394817,0.7015582132203737,1.0045620301590243,0.7525010100270643,0.6454521946369887,0.63799843513441,0.4604833241107234,0.31851575634724394,0.34241280847486355,0.4575160727415498,0.2888489024377071,4.349137413740798,8.013652487674886,6.41419850980479,1.3805627415136212,2.621272185830955,3.662270988996333,3.8320253321131124,0.8882224703128053,1.2194247540654086,50.759988,0.0,1.3805627415136212,2.621272185830955,8800.0
LOG00007,Idle off,51.0,51.5,20.88836291913215,0.8477855377357212,39.346858264126325,24.154142011834324,88.0,1.4878166855366801,3.9029585798816564,11449.281487743026,7114.285714285715,0.0,0.0,1.9366670309833376,1.2105366511879556,0.7038526559423943,1.8891300015769523,1.220637562752663,0.647788269597885,0.31886771372773337,0.3537186741899153,0.377948133357077,0.31206759447688087,0.4401381016384729,0.32254346069611123,6.895720771434541,9.552398000168063,8.893391051507479,1.1827603394627257,2.146573153990457,4.66553945247953,4.394276356156959,1.6149424405791006,3.1755476902608644,51.429871,0.0,1.1827603394627257,2.146573153990457,7314.285714285715
LOG00007,Idle off,51.5,52.0,19.24762845849802,1.2521934542781918,31.2564305136624,24.16606719367589,69.0,1.53322847187448,3.4102766798418966,10810.657820440427,7142.857142857143,0.0,0.0,2.0562858141156357,1.6613591292821697,0.6475546527683558,1.9687923655756983,1.7388605349549588,0.704775553598248,0.27849663405203223,0.34839630426252777,0.3192243249114523,0.41322536161528817,0.3991415366079496,0.32577525753802794,10.218181376565315,5.698583348038147,6.827998784766705,1.6818939635948975,2.0418224290355056,5.710402407201608,5.097468952658776,1.8692813466386506,2.905686411493457,51.999119,0.0,1.6818939635948975,2.0418224290355056,7342.857142857143
LOG00007,Idle off,52.0,52.5,26.815384615384616,1.5784920274958156,22.077822458545004,24.046055226824453,71.0,1.8836035748371476,5.311341222879683,13503.69822485207,10657.142857142857,0.0,0.0,4.847194253212247,4.168118427201326,0.9870500818090179,4.751618239603586,4.092614615306375,1.0111768892541417,0.9448810693501666,0.529065601083577,0.4842774884278499,0.6204246420080638,0.6258248451330023,0.440670745813463,6.60111243825333,7.366364211282892,4.99152482651282,3.3548919951034657,3.780480737884326,11.805123749692848,11.748179597958048,4.520426050249529,7.1852165527107745,52.351322,0.0,3.3548919951034657,3.780480737884326,11465.714285714286
LOG00007,Idle off,52.5,53.0,25.25621301775148,0.9850038586555073,19.55568824441116,24.15171597633136,79.0,1.609626898449614,4.799033530571991,13036.538461538461,11457.142857142857,0.0,0.0,0.9062142391197632,0.7866194258279392,0.6236377421170541,0.9123673472402793,0.8868426190050087,0.6360677362582662,0.5348141111231408,0.40392519914121944,0.40282001767862874,0.35288744028190205,0.40505091702891416,0.2730516310453639,7.328232638610097,7.621315846924517,5.405869196284973,1.4437204717756398,2.0321899787245,4.588812396584259,3.920059171151048,0.8485264781588399,2.05456041491519,52.500292,0.0,1.4437204717756398,2.0321899787245,11594.285714285714
LOG00007,Idle off,53.0,53.5,27.53234714003945,1.9644721685964515,24.279153330783306,24.123925049309666,76.0,1.7277522756092099,5.606962524654832,13751.746970977742,11900.0,0.0,0.0,1.4591177148747327,0.9446895787697625,0.6648132751567322,2.3339315871996806,0.8092957956437518,0.6872917890670669,1.5746409292164243,0.4960150299850995,0.2686402725914286,0.3120104060082279,0.34989654656879154,0.2613019294745494,7.527513721616486,8.274379283256737,5.847693453391812,1.1419953932524538,1.584091800563706,6.868158241707604,3.99383153566919,1.229118160735056,2.336454615280984,53.242188,0.0,1.1419953932524538,1.584091800563706,12042.857142857143
LOG00007,Idle off,53.5,54.0,22.60295857988166,1.7332833945147421,28.649130799999924,24.09301775147929,37.0,1.4059567463598899,3.9508875739644975,12135.164835164835,9671.42857142857,0.0,0.0,1.6127269898976648,0.7296573854469581,0.5305571458773521,1.6835958859958804,0.5935898295748733,0.5337947758267181,0.8644853624477316,0.3145833677662065,0.032690788496111144,0.2728253416167093,0.407532996177651,0.2766881537843481,8.402285104272103,7.846328254679051,6.595674245006696,0.8957666860974776,1.9698763648264916,4.864028897972912,2.9064981946362987,1.2516565511516478,2.1560314622430563,53.607219,0.0,0.8957666860974776,1.9698763648264916,10114.285714285714
LOG00007,Idle off,54.0,54.5,21.68833992094862,0.642686440450033,30.298333897401058,24.02909090909091,17.0,1.0975625211942588,4.017905138339921,11768.562958780349,9914.285714285714,0.0,0.0,0.6489365722510099,0.47891816494617184,0.6608288162414395,0.6269110026000275,0.4690973282436503,0.7248500020061818,0.4118604322936794,0.0584516103797154,0.5809701349571709,0.30341159916420657,0.32288595104713974,0.23987465259715365,9.710904642465398,6.763011967261057,7.765916355808157,0.846358811252824,1.4304469718603783,2.41904498844616,2.1269027751685696,0.5702987302810251,1.9932228035710442,54.00086,0.0,0.846358811252824,1.4304469718603783,10117.857142857143
LOG00007,Idle off,54.5,55.0,19.53471400394477,1.2958354120981863,31.520534551783044,24.0941617357002,7.0,1.043964610621735,3.3955818540433924,11025.817131586362,9114.285714285714,0.0,0.0,0.5388842918619312,0.5025798612225154,0.5496129217386888,0.7979556912773802,0.4935147655394191,0.583491426505548,0.5990283881856284,0.19878554433236476,0.35664783686222795,0.21837247227004603,0.3047060384566256,0.22492489934539847,4.618907832459227,8.476219965955176,3.90953648762568,0.6527853220260865,1.1156806839986402,1.351454764420968,1.835976219481338,0.5210483648002254,1.3012151323126555,54.986443,0.0,0.6527853220260865,1.1156806839986402,9200.0
LOG00007,Idle off,55.0,55.5,22.34950690335306,0.4401169306834689,32.660201568115625,24.193668639053254,115.0,1.234726578102014,4.240374753451676,11974.436460974923,9657.142857142857,0.0,0.0,1.0485458316964893,0.9330148825048186,1.0061982289656637,1.8777644391462693,0.9578414274457205,1.2306642597853312,1.3726965794931083,0.620530364435935,1.0912962693572543,0.3010582028364018,0.41976452671724274,0.28274921033828093,6.256911479179424,8.016409897515057,4.923528069590105,1.1002039864559179,2.081982944848014,9.062461317335657,3.308586641170241,0.9924628789389461,1.4045530485901911,55.070302,0.0,1.1002039864559179,2.081982944848014,9904.285714285714
LOG00007,Idle off,55.5,56.0,24.694082840236682,0.5892231513879763,30.387995465664037,24.21719921104536,80.0,1.5546348217804744,4.79930966469428,12815.898844745,9828.57142857143,0.0,0.0,0.7263546376869732,0.6706477558523993,0.6458447233155286,0.7529415907205133,0.6899940965631516,0.5930997627917934,0.26223209383399687,0.354583082649472,0.2958960296437029,0.2626425792767832,0.32552999598163285,0.2433549709767308,3.3789611286129526,12.990100362933742,2.6107580191388267,0.791582100102887,1.4449112691249004,2.3424729426782047,2.7174648819470297,0.6990563182316691,1.0655319452533583,55.580358,0.0,0.791582100102887,1.4449112691249004,10085.714285714286
LOG00007,Idle off,56.0,56.5,25.865680473372777,1.328449764796228,27.120744572256008,24.20098619329389,70.0,1.6101126600618452,5.064516765285996,13182.938856015779,10114.285714285714,0.0,0.0,1.7147300773802796,1.267143765382912,0.916570315414288,2.6623312460111737,1.4506122272028108,0.870861999262955,1.8597391240382528,0.9592423521957387,0.5979679993463599,0.2648431149495745,0.3226220188901696,0.276142927701852,3.5261709682378033,8.972051182497768,3.6624213888890575,0.9081986721210604,1.5086205893251923,6.128151485657295,4.208566449301402,1.5076393070660776,3.5664961912604785,56.499839,0.0,0.9081986721210604,1.5086205893251923,10357.142857142857
LOG00007,Idle off,56.5,57.0,26.08083003952569,2.119793809135177,29.1045580484543,24.190256916996045,140.0,1.6930533267847874,5.2371739130434785,13305.724167137212,10428.57142857143,0.0,0.0,1.5772528722551749,1.1378333756651533,1.5781770574317606,3.0213317277473584,1.4432890386838948,2.406367632639855,2.1539580423510554,0.9599947156998593,2.127617818667847,0.3249178110161194,0.4638706357655048,0.39500402388506006,6.208683376603487,7.895970525386577,6.293587266374384,1.387520844719217,2.486814505909816,13.307550829920173,6.883847164097713,1.3752075141255515,3.659525293125535,56.534368,0.0,1.387520844719217,2.486814505909816,10800.0
LOG00007,Idle off,57.0,57.5,24.605128205128203,2.1928819161007884,29.853174338311067,24.15532544378698,94.0,1.7439689252692228,4.998244575936884,12672.147083685546,9028.57142857143,0.0,0.0,1.0049801166585477,1.1785140726823875,0.6873239377835618,0.9495939756166536,1.141048805034758,0.555848177929412,0.4018656625500384,0.3868182895449608,0.35704771979331246,0.312410620738791,0.43022588198231476,0.3065809026627029,2.882261735816185,6.4237122271394345,4.53844111511688,1.2158180206997695,2.230309960627397,4.151233746412866,4.046816753729319,1.095189585046684,1.752608697865607,57.482458,0.0,1.2158180206997695,2.230309960627397,9147.142857142857
LOG00007,Idle off,57.5,58.0,26.175147928994086,1.286699418014245,18.78541514130196,24.1469033530572,85.0,1.7726066088124892,5.3704339250493085,13313.24316708932,9585.714285714286,0.0,0.0,2.527419329871797,0.9224951342910506,0.8250784880498653,2.0519797735464165,0.9443160755433351,0.8228381596135399,0.9904579762702957,0.32413515062447,0.45474965093211406,0.3642588507398735,0.4309866626902087,0.28864070028398814,2.9435658613351636,6.809832455093972,4.830653049748789,1.4622897658816307,2.23034868914053,6.135710456075071,3.5802989308052267,1.902478086838355,4.330608841061467,57.795198,0.0,1.4622897658816307,2.23034868914053,9757.142857142857
LOG00007,Idle off,58.0,58.5,23.723865877712026,1.2385182523084395,11.096447468446476,24.245936883629188,49.0,1.4477864305210486,4.368934911242603,12500.619892927585,9857.142857142857,0.0,0.0,0.565195740338966,0.4731185245432902,0.6643666620368602,0.5062761824405998,0.45509676126420834,0.6311128600462396,0.2905680941584314,0.1263723032863073,0.35966077171853134,0.2678188038520887,0.2560792339006869,0.246274109525641,5.079487926044663,8.00025807934273,4.835561150409473,0.7684728600324355,1.145000916704532,1.585187847802434,1.7842174622681848,0.5211944757781551,0.804026022506228,58.498618,0.0,0.7684728600324355,1.145000916704532,10014.285714285714
LOG00007,Idle off,58.5,59.0,22.94240631163708,1.593068234261614,16.728326617681482,24.216568047337276,53.0,1.3536601464206022,4.313570019723865,12157.938856015779,9800.0,0.0,0.0,0.8167848138397829,0.3593070509124877,0.5715562638913239,0.7593735021663539,0.3315924984187848,0.5273322072357621,0.5117712145018694,0.09998465140788887,0.31697665998611363,0.27418570909461576,0.33722395216808726,0.24833651049167826,7.615662928333587,10.372418256961955,6.275380032368581,0.8641566279295068,1.6730971346275703,3.7088305519552076,2.031313058496242,0.6309671104561306,0.986729997150263,58.594315,0.0,0.8641566279295068,1.6730971346275703,9914.285714285714
LOG00007,Idle off,59.0,59.5,25.420710059171597,0.2745358082603367,26.167159992734952,24.105483234714004,51.0,1.2577629316526147,4.942031558185404,13093.202310510002,11942.857142857143,0.0,0.0,0.7264165445315057,0.7003235777854189,0.5874471062148843,0.6599397126894693,0.5783480271442645,0.6064838160196739,0.3560622088812132,0.2972112441053137,0.29069192911940034,0.23765392255908524,0.2706732032294382,0.24129105292955721,9.186153238441019,8.8521813661638,6.8104574220605185,0.7867170319646606,1.0797546522651755,2.6658036078713008,2.0816659994661326,0.7134893516273605,1.1074192723804324,59.462498,0.0,0.7867170319646606,1.0797546522651755,12042.857142857143
LOG00007,Idle off,59.5,60.0,25.730632411067187,0.09404394764078483,34.18975702406791,23.997648221343873,35.0,1.2321038901444183,4.71798418972332,13220.031055900621,11371.42857142857,0.0,0.0,0.6861743163838953,0.7282949254418851,0.5970659310997536,0.582058826180262,0.7258521445251085,0.6829628584673494,0.38537064699323137,0.37960857368470596,0.4496635468221736,0.2633413480903061,0.31304197643388615,0.25734403911252685,7.075507667810077,6.977874003950136,6.007031187163103,0.94718359117764,1.3899879518585259,2.708134430721943,2.4219026917325444,0.7075481223525742,1.021696893327203,59.521692,0.0,0.94718359117764,1.3899879518585259,11592.857142857143
LOG00007,Idle off,60.0,60.5,27.29467455621302,0.3319169750212375,40.140942061498606,24.02404339250493,87.0,1.4746865763886687,5.3453451676528605,13734.277261200337,11214.285714285714,0.0,0.0,0.8844402893203835,0.654060581972616,0.868826880838387,0.7621688765395035,0.638992796396723,0.734659955916703,0.47941841187001377,0.177672191906906,0.6192443219645933,0.3873857139327012,0.422040741853155,0.30623614527396237,4.186227929853881,9.059131873640705,5.007639229262967,1.6512812420007346,2.3050802927048037,3.4257408245865095,3.088439984597651,0.7778270599122535,1.0065372725620148,60.287272,0.0,1.6512812420007346,2.3050802927048037,11371.42857142857
LOG00007,Idle off,60.5,61.0,27.21656804733728,0.123563368839906,42.76745810891767,24.070986193293884,98.0,1.6114159392501395,5.269960552268246,13693.307974077205,9142.857142857143,0.0,0.0,0.9400446122032027,0.8479947563582722,0.8273373333018066,0.88554676554617,0.8353255467434695,0.7641003030728323,0.43212067919427083,0.380874573715109,0.5531669371707914,0.3103308388894875,0.3340626740030932,0.2844231627548769,2.474672853110588,6.688521936903694,5.213912021881345,1.1227230174250271,1.577484217983182,2.6539390544869272,3.253885554710832,0.8952036024680071,1.1200917622951894,60.903876,0.0,1.1227230174250271,1.577484217983182,9532.857142857143
LOG00007,Idle off,61.0,61.5,27.707889546351087,0.5617113218564905,39.79410327469285,24.177928994082837,168.0,2.1126796126895395,6.058303747534516,13686.96111580727,7042.857142857143,0.0,0.0,1.7404996098740093,0.9971798975926388,1.0964402820185506,1.9403650840862832,0.9329432203155178,1.043091980752031,1.0667657978323306,0.38441939463418956,0.3646376063369247,0.39329685822626403,0.6707140173877753,0.40168574141704494,3.4010102365059183,9.771385798466325,13.44465970487746,1.687752099708537,3.6196394807384125,7.5150079951822315,5.768034063918543,1.4183981528707736,2.2753295145299988,61.364597,0.0,1.687752099708537,3.6196394807384125,7242.857142857143
LOG00007,Idle off,61.5,62.0,29.38402366863905,0.6807881957607178,25.04380436483729,23.939092702169628,129.0,2.207066520476607,6.48516765285996,14190.335305719922,8857.142857142857,0.0,0.0,1.9159455734194037,2.0145216085896682,0.9786192504768424,1.9680586324368896,2.0866597210621816,1.2220443711983275,1.0650867561130586,0.4423668171934216,1.028927995437387,0.49970069696689906,0.7616140527153964,0.39734688936222257,6.345477620216749,7.7209731963889645,5.337676393861241,2.43983380821375,4.58769754068369,8.851391983154274,7.547744154023483,1.96585156507048,2.6855531298612645,61.782894,0.0,2.43983380821375,4.58769754068369,9114.285714285714
LOG00007,Idle off,62.0,62.5,29.04268774703558,1.3058987066929633,13.909359885680244,24.151758893280633,40.0,1.8589147430864625,6.1288932806324095,14256.902879728967,11371.42857142857,0.0,0.0,1.0792978275814162,0.9496911582199778,0.6597739209839208,1.1488414733840886,0.8591231930144334,0.6447801252525663,0.8312918253935556,0.29642192731951095,0.23761419980460616,0.37077665613227856,0.4364902887378067,0.27489807924067416,5.3545939387295896,7.365688784808294,8.704565159740264,1.4815683059969016,2.3668871511951908,4.25241154553145,3.927957962471176,1.016562122209747,1.461845227721168,62.146932,0.0,1.4815683059969016,2.3668871511951908,11400.0
LOG00007,Idle off,62.5,63.0,23.613412228796843,1.4821148044528358,22.19342774535958,24.00806706114398,30.0,1.4218072560699238,4.432642998027614,12475.190194420964,10042.857142857143,0.0,0.0,0.6941380392660728,0.6488048423418215,0.6166166854347169,0.7895294723180278,0.6078285334620845,0.6128397756435292,0.643742435945827,0.269571262006226,0.2550730231128548,0.256445892096102,0.3494347861438875,0.2325428895835046,6.586447379915961,7.869836843377706,5.57539405983731,0.9090534372287914,1.7167040885470661,3.2209864097317347,2.4961508830135313,0.6718539056232181,0.9485985478397915,62.563259,0.0,0.9090534372287914,1.7167040885470661,10200.0
LOG00007,Idle off,63.0,63.5,24.187573964497037,0.11436917261930285,32.55381384814901,24.062504930966472,155.0,1.1243986005781836,4.388520710059171,12644.970414201183,9900.0,0.0,0.0,1.998584693617179,0.5029323172010798,1.3338236914777113,2.116867935504751,0.4531786365236449,1.278168902570896,1.7828773857652664,0.3129144081087796,1.2518312731806704,0.3413522653133285,0.49629977209180937,0.32999514901834237,7.154060884174272,8.353270414406683,5.73119657724693,1.3765390875233783,2.590907171768816,12.24084410078826,3.2390005032965075,1.4572717133819142,3.3647985990992666,63.168021,0.0,1.3765390875233783,2.590907171768816,10085.714285714286
LOG00007,Idle off,63.5,64.0,25.26765285996055,1.601410563443611,39.99684508956914,23.96134122287969,127.0,1.8643917717021021,4.767948717948718,12922.576782192165,9357.142857142857,0.0,0.0,3.500975756862788,0.9070575243233954,0.8676178577445633,2.920081305165226,0.8674988532856414,0.9998143091703564,2.544655961111881,0.4782554902932295,0.621802317003023,0.3258483866757554,0.41785738264052313,0.28187329770467534,3.239902231003228,8.061368585425479,4.410272853559258,1.2493836109626608,2.2195329295848296,7.848541617567078,3.2641740681434315,2.557301761874481,6.230038375897078,63.716553,0.0,1.2493836109626608,2.2195329295848296,9861.42857142857
LOG00007,Idle off,64.0,64.5,31.191518737672585,0.4368019211129375,39.880797569149344,24.011479289940826,41.0,1.9525009378975582,6.968836291913215,14889.652014652014,10957.142857142857,0.0,0.0,1.1830763768569268,1.1599203548722217,0.7021722608668365,1.2739239151571538,1.1791501805769347,0.6476685487769523,0.359058867825516,0.49454975020836806,0.3609372357465633,0.45153245662435637,0.6016518901482876,0.3129883251081499,5.2935673156946805,5.961752822474986,7.6989567766082665,2.1908750879609005,3.5611442573910987,5.021845767369066,5.900389449921887,1.17155557766668,1.5800596722736981,64.010549,0.0,2.1908750879609005,3.5611442573910987,11485.714285714286
LOG00007,Idle off,64.5,65.0,30.600000000000005,0.2741858231430796,42.613037424186956,24.01181818181819,52.0,1.8803889081334475,6.3531422924901175,14701.058723884811,11428.57142857143,0.0,0.0,1.0096240859166052,1.4001415258182996,0.7184073294330339,1.063666627848038,1.3374953891175314,0.6887024192066304,0.3039566390684534,0.3337937398594599,0.24509806845994656,0.4738112794747512,0.5489801425970857,0.3132240781164365,6.508780511107409,5.693653896594843,9.981815346375717,2.463604530295233,3.2390980145531265,4.592268808151817,6.4417425771936925,1.2206017137428036,1.7286309000145852,64.744547,0.0,2.463604530295233,3.2390980145531265,11682.142857142857
LOG00007,Idle off,65.0,65.5,28.648915187376723,1.502638641290028,44.42631158624698,24.139250493096647,48.0,1.6996172558253928,5.731183431952662,14137.10200056354,10685.714285714286,0.0,0.0,0.9246841920312481,0.8036082940624196,0.77533149068009,1.0295689034986932,0.8187535656577737,0.8124268847517644,0.49511455721781333,0.36624763046404746,0.3442345509538413,0.36844744751392433,0.5868023117191299,0.2959056473198677,3.2889642364657847,9.275986462987165,6.33114373349431,1.5678659529508825,3.374974998005519,3.0193328416520266,5.077311562448145,0.8662641471509699,1.6164574109486645,65.499259,0.0,1.5678659529508825,3.374974998005519,10842.857142857143
LOG00007,Idle off,65.5,66.0,30.415581854043396,1.9537789728774595,47.446131609205274,24.084082840236686,124.0,1.7833810740465241,6.296587771203155,14629.275852352775,10657.142857142857,0.0,0.0,1.451195026513779,1.2784136000738462,0.7972441112737132,1.8426201938876217,1.2486198569376716,0.7242992082893333,1.0908222251232724,0.48256768844479203,0.4442485620039391,0.4454139458370889,0.553451179563667,0.2840247896458941,5.582179619092455,5.506565070354803,7.8865962974162045,2.1319921105716704,3.295441523244959,8.816673284785532,6.138442259464616,1.3675358016944383,1.741183149748974,65.952086,0.0,2.1319921105716704,3.295441523244959,11371.42857142857
LOG00007,Idle off,66.0,66.5,32.22781065088758,1.1233033402101098,54.90062458326635,23.84595660749507,117.0,1.711517444718946,6.902169625246548,15287.883910960836,12000.0,0.0,0.0,1.5080537990301477,1.0031590075879675,0.8574053536622591,1.5850621405884322,1.0389539012206421,1.203776250826873,1.149152536791808,0.37550628569486116,1.1386504211144588,0.413554445530541,0.40766587489042916,0.33928904462401593,4.087975602443921,3.837499696279321,8.75339338505174,2.0995005545976837,2.060064037035385,4.966753371494748,4.105848044640775,1.2807330430800432,1.7218472367317796,66.491731,0.0,2.0995005545976837,2.060064037035385,12285.714285714286
LOG00007,Idle off,66.5,67.0,36.712820512820514,1.3292541150213215,61.76530671023227,23.713668639053253,117.0,2.5472587811162084,8.626272189349113,16556.43843336151,11514.285714285714,0.0,0.0,1.6101243581828353,1.6751191530419685,0.9344121105652847,1.6545505819385418,1.6375628568622655,0.8591851852738176,0.6980863037208485,0.584573816697243,0.5776765761895989,0.4159160987951358,0.43815239218064567,0.38383446107559854,5.07299386936647,3.08923798665001,6.810423158430399,2.110882762612646,2.571187456450726,5.445987249371374,6.180710592800205,1.6429431861299602,2.2469923493048656,66.716665,0.0,2.110882762612646,2.571187456450726,12000.0
LOG00007,Idle off,67.0,67.5,27.89585798816568,1.9164610824184125,61.133829163283714,23.853747534516767,54.0,2.2033231389112378,5.70810650887574,13865.412792335868,8028.571428571428,0.0,0.0,1.27620586852913,1.2068674069748877,0.8367958800901474,1.253997032634611,1.0718368598861616,0.712374348834416,0.5312964780980994,0.40317507245297823,0.3539527894903104,0.4035109226473061,0.5078016065543323,0.35975272682646675,3.8980695502652436,7.863038773378327,12.62635089046951,1.8598346659286698,2.903714513701875,4.371550485687565,5.221900475491359,1.2420206030671306,1.7211027619532004,67.042225,0.0,1.8598346659286698,2.903714513701875,8214.285714285714
LOG00007,Idle off,67.5,68.0,26.640909090909098,0.24374864677107622,55.97765157656022,23.92017786561265,49.0,1.7963123933472145,5.603794466403161,13354.750141163184,7914.285714285715,0.0,0.0,0.7733785588531412,1.0878756604013173,0.6512752576911772,0.7641375370038184,1.10379729427238,0.626162848109046,0.3131026042165808,0.4024906852449386,0.34097436245937274,0.3492658036350309,0.5662620841445145,0.4223837979744052,4.576931721349988,8.567682554449357,15.87353920637157,1.3222909142270758,3.0105043605701636,3.0023047800139913,5.01677029469392,0.9438187982307207,1.2984619542273965,67.537463,0.0,1.3222909142270758,3.0105043605701636,8114.285714285715
LOG00007,Idle off,68.0,68.5,25.730374753451674,1.0935819840379217,52.537832990656085,24.01285996055227,40.0,1.8365489834204825,5.03923076923077,13122.471118624964,8342.857142857143,0.0,0.0,1.0404869341819454,0.7917290198440793,0.6968171883576825,0.953469967283393,0.7786447400425996,0.650352520708602,0.28862349066695253,0.3693856451910063,0.3049067158080194,0.34066241246800144,0.4096042302116735,0.3368227948172022,3.642573424623692,9.011603462884665,9.06159733167196,1.2041127861551746,1.928960869865382,3.0372441572922515,3.5138497462822356,0.9245128179388892,1.3782695823314677,68.076105,0.0,1.2041127861551746,1.928960869865382,8471.42857142857
LOG00007,Idle off,68.5,69.0,24.677712031558183,0.39707546755762885,51.34051323593729,23.859447731755424,37.0,1.5197039116285662,4.856232741617357,12742.427444350522,8671.42857142857,0.0,0.0,1.1556363838040689,0.8466620460256106,0.5608309370628678,0.9962323455933265,0.7734344098808159,0.527243976108857,0.3975773448121925,0.37806710423523887,0.2844728692768757,0.2963156992275588,0.4217921945994062,0.2577581303138324,2.80489064892648,10.797052330257408,4.847970402830252,0.9684386455209826,2.196846453366182,3.5051385215461637,3.7927055494218616,1.0129985369564996,1.4363012526504189,68.976801,0.0,0.9684386455209826,2.196846453366182,8814.285714285714
LOG00007,Idle off,69.0,69.5,26.336094674556215,1.6092983435925077,52.49133205726745,23.772426035502953,66.0,1.7300260162602341,5.054201183431952,13329.578754578755,8871.42857142857,0.0,0.0,2.130316148971297,0.9015505641580753,0.7569119820846325,2.902881869834176,0.9199242973806291,0.7854968540040608,1.7360931378629358,0.6517784297432521,0.3706924209739903,0.32474310489564123,0.4314234821670187,0.2778996656261485,2.326841464658442,7.375725129360221,5.169921442210673,1.1356284344896712,2.3317531028451293,8.727408141021053,4.939276232824199,1.635701732331057,3.5896117183204623,69.461185,0.0,1.1356284344896712,2.3317531028451293,9361.42857142857
LOG00007,Idle off,69.5,70.0,22.28560157790927,1.665975137513786,55.48411160980947,23.966824457593688,85.0,1.1215748037288895,3.9752268244575935,11881.846999154692,8871.42857142857,0.0,0.0,4.024946648126035,0.6914065448157637,0.8477187574719034,4.266132950624866,0.7210108838864135,0.9260601280142851,1.5495313544376896,0.358956605306303,0.47010461703967166,0.3422115057755275,0.6493595389018942,0.3521276458981328,6.166802022258743,9.708385419053892,5.224939505566567,1.4003088320429353,3.843923132518339,8.9244030844758,4.68894372901676,2.8877533248595766,7.27063601927657,69.760103,0.0,1.4003088320429353,3.843923132518339,9042.857142857143
LOG00007,Idle off,70.0,70.5,26.26620553359684,1.809402383502334,60.69601415651038,24.161482213438738,62.0,1.4521075552731275,5.013102766798419,13325.649350649352,10400.0,0.0,0.0,0.922163965298046,0.7788676402864207,0.6224786342041543,1.0244659686198063,0.6825365908063307,0.6124966877191632,0.6445999571230812,0.37665387280612306,0.2555221524928924,0.32302590481506865,0.37741501192690075,0.29194613676931014,7.538886648011862,7.238789549878301,5.402627501643322,1.1706081912408046,1.7463408853941844,5.60508662265186,4.212253910194941,0.853528318211983,1.087337041436199,70.254355,0.0,1.1706081912408046,1.7463408853941844,10628.57142857143
LOG00007,Idle off,70.5,71.0,25.87810650887574,0.6137269054670197,64.01506788645305,23.937692307692302,76.0,1.6649946727037406,4.879309664694281,13051.091856861087,9400.0,0.0,0.0,0.9484567725911824,0.8369065777101617,0.7119709616621952,0.8074724141217451,0.7857839519975299,0.6917156407251426,0.4497042418370946,0.4413589692793263,0.40494588080762806,0.3111688143855489,0.44027911778099843,0.3256619767184946,3.4625791590741413,5.630486497712335,4.90060078442757,1.2124800730043857,2.266360241257374,2.526389320359713,3.654993072356548,0.894422402807705,1.1414909718759574,70.97551,0.0,1.2124800730043857,2.266360241257374,9585.714285714286
LOG00007,Idle off,71.0,71.5,28.682840236686385,0.6367457793291091,61.61743302352434,24.0943392504931,77.0,2.206018049890819,6.268639053254438,13882.016060862215,8714.285714285714,0.0,0.0,1.2031580236240655,1.2191168938876995,0.8388237243773397,1.127459038152991,1.1727246913788456,0.7250973173957046,0.43259223303626404,0.2891656949768824,0.34114051207263946,0.36591637013517664,0.620885915005494,0.3552623400540534,3.095939697210879,6.3592024896004045,12.73332771821573,1.4875528338757438,3.589083451472507,4.002957486540827,5.506137869744197,1.2111637442504137,1.5224199319670864,71.086989,0.0,1.4875528338757438,3.589083451472507,8857.142857142857
LOG00007,Idle off,71.5,72.0,27.579487179487185,0.22569929317605508,49.835829896412534,23.98656804733728,64.0,2.0806534951923816,5.900631163708087,13546.125669202593,8385.714285714286,0.0,0.0,1.3494979635813722,1.1584642503819746,0.7627007660838188,1.2612733561087237,1.0798591716893144,0.659922258460697,0.3188070411016006,0.3183592656467474,0.32807687139675296,0.39476628116206014,0.5183075068665488,0.3647172390471754,4.347535445097695,7.7292735636560135,12.529537595661777,1.767741795134781,2.75229334627122,4.4974242025401265,5.564043483084654,1.2576136475729227,1.5592655982845507,71.824909,0.0,1.767741795134781,2.75229334627122,8585.714285714286
LOG00007,Idle off,72.0,72.5,24.182642998027617,0.9841618129797056,35.249916576789026,23.957140039447733,48.0,1.7849758065344556,4.731183431952663,12542.582417582416,7871.428571428572,0.0,0.0,0.9190754298825152,0.8256361657356782,0.6412115455873859,0.8400450921146021,0.7810375855159429,0.6069935735144426,0.32065358443752995,0.3012600178511057,0.28810468050255467,0.3521792143708146,0.4127949240572986,0.3577021897107757,4.348789280331881,9.587513125899639,12.968836009375877,1.179152799535913,1.8514816410466544,2.7866262749165394,3.2575205052630247,0.8736059535009029,1.2506393874622035,72.45924,0.0,1.179152799535913,1.8514816410466544,8000.0
LOG00007,Idle off,72.5,73.0,23.697435897435902,0.37349742801135577,25.862952359150338,23.88307692307692,41.0,1.3484432852434196,4.282465483234714,12379.50831220062,8985.714285714286,0.0,0.0,0.7746960423349659,0.6353617998736886,0.8161311439952654,0.7961202598007471,0.6161946589438767,0.7378950439630996,0.31952157989109653,0.3786561531558351,0.31685733206205297,0.258986840795998,0.3141537847375991,0.2511858052087216,3.7669733974245294,6.772603318593943,3.585303139407068,0.7432548373132001,1.4302952882144675,2.194218690274401,2.497335858576604,0.7084626224255562,1.1391185868202265,72.500674,0.0,0.7432548373132001,1.4302952882144675,9114.285714285714
LOG00007,Idle off,73.0,73.5,24.699999999999996,3.552713678800501e-15,23.760562830076775,23.90363636363636,33.0,1.4032762237822403,4.540711462450592,12745.313382269906,10257.142857142857,0.0,0.0,0.8085277955709739,0.7576050031089233,0.6415909491567735,0.7311808926515783,0.7702584438357458,0.6379759226315741,0.3444220891862483,0.3214125928729787,0.3104079505586829,0.276899228518054,0.3246668016106904,0.2514392121934309,3.9208620252960005,7.114783050733012,4.247326100891215,0.8355446514835029,1.503612477747702,2.2737547084741356,2.820380374088831,0.7834802285145842,0.9226313756764929,73.394464,0.0,0.8355446514835029,1.503612477747702,10500.0
LOG00007,Idle off,73.5,74.0,24.803550295857985,0.09682951800516004,28.912995242297306,23.968402366863906,20.0,1.3424109063163538,4.487337278106508,12793.322062552832,10628.57142857143,0.0,0.0,0.9444579533727667,0.8052906699027902,0.7978972800241512,0.9111215821673998,0.6690098537834882,0.7797292506659153,0.3440401304413803,0.4017884828105448,0.36504777282097617,0.301507200652558,0.38761187168825467,0.29516368377030683,4.35214717825412,9.842115088978652,3.5662496519643287,1.1368203202304348,1.9743614148718036,2.5899974488423463,3.056018732451856,0.8776371370679228,1.2924831567778317,73.847282,0.0,1.1368203202304348,1.9743614148718036,10800.0
LOG00007,Idle off,74.0,74.5,24.699999999999996,3.552713678800501e-15,35.18620692409533,23.95680473372781,47.0,1.348746127175188,4.357041420118343,12754.402648633417,10585.714285714286,0.0,0.0,0.8144460445053107,0.6927398059186033,0.4962778897592667,0.7647880595110579,0.6586436407741341,0.5173549148635164,0.46280312928721273,0.38690956577785524,0.30187322386098814,0.28427335774610213,0.435736300942517,0.26873997565627,4.768744622116516,10.310928179373029,3.9161244007667455,0.982768164033622,2.249152373432564,3.05085107923876,3.115147189433321,0.7560458974541463,1.0319208465143144,74.294182,0.0,0.982768164033622,2.249152373432564,10742.857142857143
LOG00007,Idle off,74.5,75.0,24.676725838264293,0.05867311396882099,38.82649934665241,23.961854043392506,66.0,1.5117181980023622,4.855838264299803,12697.273879966187,8871.42857142857,0.0,0.0,0.7962547805049138,0.742796514483407,0.8037233085639234,0.703384029819808,0.7338468718501464,0.7780668541893979,0.3882969969734049,0.2824591602286861,0.5306569995299076,0.27401122832335467,0.3628893918134745,0.2873592766623219,3.7403679976114788,7.586178670819629,4.145210783505414,0.9079516000265496,1.8366190158425815,2.5562700884855647,3.1681974915032765,0.7699897198682679,1.1009835258922374,74.813102,0.0,0.9079516000265496,1.8366190158425815,9057.142857142857
LOG00007,Idle off,75.0,75.5,24.510453648915185,0.03958850621030714,38.11729742862944,23.86702169625246,62.0,1.6469937913241441,4.920078895463511,12595.766413074105,8342.857142857143,0.0,0.0,0.7846528000861839,0.9334275842921631,0.6699889585979423,0.7870676510261799,0.8745392145048763,0.6307822123716775,0.32688709175818237,0.39200653685675146,0.28541964705849926,0.3257587815186103,0.38806463577084216,0.3435930309246788,5.904026072442861,8.297995144417314,9.27162625309921,0.9929092595583314,1.7980925236925918,2.591520081218926,3.3420989283006453,0.8622549135263287,1.2942788816213084,75.241258,0.0,0.9929092595583314,1.7980925236925918,8471.42857142857
LOG00007,Idle off,75.5,76.0,24.41972386587771,0.20992513618716768,32.618410674183856,23.79585798816568,58.0,1.6625331961393677,4.745128205128206,12568.3572837419,8542.857142857143,0.0,0.0,0.7649945814052134,0.8052393287215034,0.6929645428885869,0.7840614985307324,0.7023444814669249,0.6654029390125071,0.3436033026815118,0.31376740208075765,0.39519126334831367,0.2959975423483217,0.37216542816122883,0.31589834350958484,3.4286224817926327,9.501761320454138,5.0101895438377655,1.1119311238973928,1.6477973604970577,2.6311740579210876,2.9851704479895775,0.785374778720069,1.10463263184705,75.799635,0.0,1.1119311238973928,1.6477973604970577,8732.857142857143
LOG00007,Idle off,76.0,76.5,22.876679841897236,0.15882984988409504,27.01649374217646,23.94845849802371,72.0,1.4121796945287388,4.353517786561265,12096.068605307737,9057.142857142857,0.0,0.0,1.3888281446900796,1.2947651401659395,0.6664808556474949,1.4071367435745543,1.281455294127155,0.6355786037598824,0.40116379616552916,0.3419445035903265,0.34515915637160227,0.37184207523822616,0.3458340456272525,0.30251882907884886,6.51927503857495,5.659222302393377,5.557828758329001,1.5793545661460058,1.6883222443966137,4.185425493455214,3.520689835386816,1.3426206433077466,1.8297575754422466,76.265275,0.0,1.5793545661460058,1.6883222443966137,9171.42857142857
LOG00007,Idle off,76.5,77.0,26.669428007889547,2.016008972637769,22.615439075896894,23.804378698224852,93.0,1.6888285458113315,5.261439842209073,13357.607776838548,9542.857142857143,0.0,0.0,1.4637398697136557,1.308659015020179,0.8008949091360953,1.3480987952152188,1.3472366197894527,0.7487605572861703,0.47347698935801125,0.37689251233082677,0.28207715099658426,0.345461151501151,0.4563034497910028,0.28840336219647345,3.6431090726387425,8.950925080085323,4.3002394112110665,1.5130322843369248,2.296911625081892,4.39382747967015,4.607471849526751,1.3883664544677923,1.9181178606277856,76.971628,0.0,1.5130322843369248,2.296911625081892,9828.57142857143
LOG00007,Idle off,77.0,77.5,27.04556213017751,2.0099935307543553,18.295137484238623,23.891005917159767,92.0,1.7594397578678738,5.328106508875741,13526.352493660186,10128.57142857143,0.0,0.0,1.250991876554847,0.9967438870674448,0.6895179489269759,1.3191360486492891,1.0241009085781043,0.6696288873115379,0.7351626905052032,0.5704131019731055,0.34649665683275443,0.36463619774175954,0.3997588887524533,0.2820301625603548,4.174407803089787,10.623844158785122,4.7298613548707005,1.531637935352881,2.0970894582240986,3.8072390302594044,5.171229772211052,1.131034714677789,1.7814872166769637,77.003197,0.0,1.531637935352881,2.0970894582240986,10357.142857142857
LOG00007,Idle off,77.5,78.0,27.634516765285998,1.4079976946364536,14.127621805437009,23.727041420118343,55.0,1.8279824486605674,5.374378698224853,13760.193012116091,11242.857142857143,0.0,0.0,0.8361623060493748,0.6975954631384454,0.5952125154680618,0.833136690352005,0.7101077764985639,0.6483388608386915,0.40952755021478804,0.48233293875208816,0.23182167261755257,0.37654410332571114,0.3805252279370835,0.24875604905534157,6.266599713492831,6.484641616132796,7.116248292253771,1.6025172438632982,1.9093482325615805,3.756388378338319,2.8475395102311425,0.7700022182595161,1.0325263369694968,77.916722,0.0,1.6025172438632982,1.9093482325615805,11485.714285714286
LOG00007,Idle off,78.0,78.5,22.789743589743594,0.7132262265439426,13.109751609755579,23.978599605522685,73.0,1.317621864024879,4.081499013806705,12057.741617357002,9671.42857142857,0.0,0.0,0.7581603012068605,0.584508347143717,0.601444902796826,0.6914472563221618,0.49037037403128625,0.5489927084213445,0.46234845420053444,0.28468075526067954,0.3060306605237561,0.2589811984611881,0.3131652324294817,0.21578958816624022,6.6528155465861945,6.731168348471153,4.556266292123256,0.6702561186192861,1.2971638456838064,2.103814512488822,2.2236845944383403,0.6769257899529155,0.9107455256710396,78.194967,0.0,0.6702561186192861,1.2971638456838064,9757.142857142857
LOG00007,Idle off,78.5,79.0,23.081854043392507,0.655086391157762,12.832060182346419,23.92287968441815,80.0,1.289806359417452,4.238165680473373,12163.496759650607,9942.857142857143,0.0,0.0,0.8078252945154898,0.6618071063588113,0.6374182436927105,0.647962440623396,0.5311294068547577,0.5648265046955208,0.4798133013595627,0.3046143073641578,0.3716455189991588,0.24565569274027377,0.3198871874526454,0.24009673787161434,6.00722327526563,6.10843330610029,4.7929360608348635,0.6869340430335155,1.17166994592822,1.795787312296731,1.8525530121218916,0.7384342734753249,0.9811794039413972,78.859855,0.0,0.6869340430335155,1.17166994592822,10057.142857142857
LOG00007,Idle off,79.0,79.5,25.256521739130434,3.0266548011130268,18.36456698868939,23.895928853754942,92.0,1.7515252823155176,5.157766798418972,12748.207227555053,9828.57142857143,0.0,0.0,0.839662831757603,0.8273415332994472,0.8042509309277461,0.9433690422378203,0.6823361022598514,0.8073895643443221,0.6409581742049741,0.5263042201708007,0.4726115186989265,0.3795126074502053,0.36003681432386425,0.314830830052218,9.459744540972494,7.079965025479414,6.899671819654089,1.6237867832135546,1.8607882338317747,3.5769353367319985,4.210846149699925,0.8335249497637957,1.1310702882104906,79.104518,0.0,1.6237867832135546,1.8607882338317747,9971.42857142857
LOG00007,Idle off,79.5,80.0,31.48067061143984,2.8374887402541793,28.612962031031717,23.833136094674554,103.0,2.1506135774734236,6.988165680473373,14879.360383206538,10585.714285714286,0.0,0.0,1.1567191772885403,1.2877296488288512,0.703900655689488,1.086243325882327,1.1577810348250066,0.6761381667490791,0.5384771837423545,0.7098413202397097,0.41716068232595205,0.49168345003142316,0.4380220808839609,0.32936352509335837,5.174893935372694,6.326582105707165,14.706051137350721,2.502861724649727,2.5986829415322314,7.075529405691752,7.788121233464463,1.223978534039702,1.7709245952122508,79.852319,0.0,2.502861724649727,2.5986829415322314,10871.42857142857
LOG00007,Idle off,80.0,80.5,26.714398422090735,0.41047644304316455,32.88218676640135,23.753944773175544,82.0,1.6762241587400022,5.112011834319526,13406.149619611158,9442.857142857143,0.0,0.0,0.6973679169030255,0.8682271632148569,0.7839692183665032,0.7056054826186888,0.8351180749332875,0.6784842486798587,0.3625471123997513,0.4466715853113411,0.37963417216394113,0.2969290128423272,0.363468623509631,0.24436423290735387,1.8226447608907355,6.323107166918463,5.120321482377438,0.9051856930393554,1.6917731911928822,2.229884882179168,3.2960438900967,0.7874453690478417,1.0647280889395436,80.227206,0.0,0.9051856930393554,1.6917731911928822,9628.57142857143
LOG00007,Idle off,80.5,81.0,25.237869822485205,0.4790129961800992,27.69741968496015,23.902859960552274,82.0,1.6310048295445978,4.795384615384616,12878.21217244294,8371.42857142857,0.0,0.0,1.0373411003325692,0.7850939879886553,0.6262234510535081,1.034916477114775,0.7554207453784357,0.6000035232997187,0.4863004821483551,0.37910856683986377,0.29985750295148994,0.2862144976926086,0.38400618361752636,0.2693208787393379,3.2475974596240276,10.238063444006922,4.2630912463657005,0.7603669175985768,1.8736356274790613,2.778119637083457,3.9210653465195566,0.9199046495194805,1.1960993514489313,80.689893,0.0,0.7603669175985768,1.8736356274790613,8500.0
LOG00007,Idle off,81.0,81.5,24.727416173570017,1.4641871513492681,16.79322804335946,23.93694280078895,69.0,1.5344736848316813,4.824063116370808,12743.4629473091,9100.0,0.0,0.0,1.1621703197018358,0.6168872701640639,0.6434822737628089,1.4300855019223773,0.6548026230109155,0.5573397614528209,1.1323477044964947,0.46131978073053176,0.3321128995726801,0.2618391202772287,0.3152154628340498,0.2441086852501244,4.328504001959209,9.060829642796616,4.3868135218818605,0.7273669827089536,1.340161114203731,5.718753536552727,2.287949738072227,0.9303735153384197,1.6291265034052045,81.389349,0.0,0.7273669827089536,1.340161114203731,9404.285714285714
LOG00007,Idle off,81.5,82.0,18.02786561264822,1.0563164939068799,13.870819966112945,23.92691699604743,45.0,1.0345361543719769,3.0753359683794463,10408.265104460756,9000.0,0.0,0.0,0.6529339095588426,0.750719201936391,1.011567672989814,0.5612003355490486,0.6682740637429287,0.9247604267195969,0.5298919975062231,0.6217779678031927,1.1126484970951809,0.2648224633016139,0.29439640014425167,0.24697971003625796,2.9680444509912047,7.366203386652239,2.434236276847202,0.7529168180532085,1.3149389324160536,1.8902704911319619,2.1805826541230786,0.7035275440264606,1.1760257957912388,81.500828,0.0,0.7529168180532085,1.3149389324160536,9100.0
LOG00007,Idle off,82.0,82.5,21.66508875739645,1.6074236501117847,16.95579003966851,23.792031558185403,51.0,1.2124526850326958,3.8427218934911247,11566.638489715413,9442.857142857143,0.0,0.0,3.0179655807962984,0.6321102465316113,0.5802036571052377,3.519995474902635,0.6247750742029164,0.6320162719441308,1.5806165644945287,0.3485387613496759,0.30530910145582835,0.29433173306723714,0.3788966628751822,0.29141587786507533,6.536619732419166,10.3422482514918,5.830737626500384,0.9621186861842306,1.8054650727502288,8.303774004745884,3.3308669376324564,2.1803302055699483,5.4301197392289815,82.364057,0.0,0.9621186861842306,1.8054650727502288,9571.42857142857
LOG00007,Idle off,82.5,83.0,21.100788954635107,1.8710604553699497,20.937025837480732,23.748481262327417,27.0,1.2375680692813371,3.865798816568047,11451.253874330798,9871.42857142857,0.0,0.0,0.5955725753575412,0.4302031058842465,0.42515081839328633,0.513801732584162,0.40463307974534707,0.42514935655901576,0.32514650166095777,0.14432413554246576,3.925459895037062e-05,0.23686475244373678,0.30487894711133756,0.23703393915214488,5.278244040414075,7.761146256226722,4.838342847357202,0.7171667074854696,1.276699611488763,2.478308260551848,1.88631529823072,0.5195100599750048,0.85526295941732,82.500201,0.0,0.7171667074854696,1.276699611488763,10042.857142857143
LOG00007,Idle off,83.0,83.5,23.3189349112426,1.6933785800840044,25.138471928176,23.813037475345165,21.0,1.437948737386037,4.194003944773176,12183.07974077205,10685.714285714286,0.0,0.0,0.5547084070590268,0.9670908952585506,0.5797991660657812,0.5371614937133816,0.8301831061001402,0.5811633247156985,0.19123797246868196,0.562988965289867,0.013080009280885511,0.2535500993283873,0.33622536559621724,0.2840131366100509,8.532569667251346,11.111478786368586,6.57174505781131,0.9905984422539353,1.4612652545855467,1.7027648939368196,2.8056719109323653,0.7883419995642588,1.4349187328110808,83.338769,0.0,0.9905984422539353,1.4612652545855467,10828.57142857143
LOG00007,Idle off,83.5,84.0,24.507100591715975,0.4807014062308459,28.51408722418816,23.89465483234714,30.0,1.3824101956605217,4.610808678500986,12617.406311637082,11585.714285714286,0.0,0.0,0.736905313751514,1.0006048695790117,0.6357062389277374,0.7366018602036117,1.0657114043011753,0.6974438333796301,0.4309327798997547,0.933108860063966,0.34737785437710555,0.2703813694123205,0.3127055897984445,0.24407745600274866,11.586584063635742,7.09051590804908,9.262706336966689,0.9483406508747466,1.3088638841810993,2.2810427042342796,4.443375939934606,0.8787034614875625,1.3627776350991703,83.844869,0.0,0.9483406508747466,1.3088638841810993,11742.857142857143
LOG00007,Idle off,84.0,84.5,21.309270216962524,1.6036241191572764,30.58287022661585,23.854536489151872,91.0,1.1968714701548184,3.8591518737672588,11572.42180896027,9542.857142857143,0.0,0.0,1.16431389877081,1.6070051368694915,0.48361129334714176,1.0488169643403351,1.8257734448434335,0.5104896961152046,1.009553039726335,1.8074616548753393,0.10710967528562426,0.25138101466103924,0.2862913665767115,0.23695666360682738,7.56386522866622,5.61554200421565,5.869203331203045,0.7318139337508429,1.1144849109004271,5.176757341043459,6.58505270534336,1.4032270601716275,2.4477890611091597,84.388458,0.0,0.7318139337508429,1.1144849109004271,9742.857142857143
LOG00007,Idle off,84.5,85.0,22.70118577075099,0.3486260115424703,33.42214572718521,23.81608695652174,101.0,1.2647534418883035,3.8838735177865615,11958.688594014682,9942.857142857143,0.0,0.0,0.8003854278138484,0.8571565517915771,0.7004722176774718,0.9657050541133815,0.8142133274255412,0.7229487501236607,0.6117208804046385,0.3854703928514758,0.48003423942498297,0.27037803331974053,0.3422136342753906,0.25895388025483246,6.1512622363439196,7.193329849231003,5.280104186444026,0.8622255122332843,1.8965185873916726,5.193679649381088,3.935999855393808,0.8292569527402183,1.460648445874775,84.500925,0.0,0.8622255122332843,1.8965185873916726,10185.714285714286
LOG00007,Idle off,85.0,85.5,23.909467455621304,0.2910721397836289,31.305164070820737,23.87731755424063,107.0,1.4236769105338325,4.5532347140039455,12384.263172724712,9757.142857142857,0.0,0.0,3.164176052008841,0.9441658203684794,0.630443288932205,4.0729527858075665,0.9954441769590286,0.6983079664247189,2.5398979031693383,0.8130201822650343,0.3410085147414078,0.33704870463257625,0.3804251052666888,0.2934501165692263,5.421940544786201,6.569868557756748,4.093636539701131,1.3513511671905567,1.992050874431864,12.375932614828873,5.436744007615151,2.3348939145556846,5.408666443131567,85.335547,0.0,1.3513511671905567,1.992050874431864,10114.285714285714
LOG00007,Idle off,85.5,86.0,24.57514792899408,0.16188524380067876,27.29769093896187,23.886863905325445,87.0,1.2786712747543194,4.475601577909271,12638.940546632855,11371.42857142857,0.0,0.0,1.454542547583111,0.8411260342867484,0.6290644657540452,1.2438542752569024,0.9344760301985072,0.5964687053120695,0.8949790349599067,0.7147538708232728,0.368362688867539,0.31369049078775996,0.37655966559905707,0.2841423722715415,8.20447142930668,7.833059121745883,6.573822880974857,1.0507174477314059,1.8092072714174572,5.858623677997629,5.272832383190544,1.1881050097286263,2.364809887246475,85.644337,0.0,1.0507174477314059,1.8092072714174572,11400.0
LOG00007,Idle off,86.0,86.5,23.429191321499015,0.8816203126203934,30.877048084678243,23.871084812623277,41.0,1.1024532098853774,4.178343195266272,12315.180332488026,10428.57142857143,0.0,0.0,0.7808984263155497,0.854662315920465,0.6667334742428587,0.6232677669911607,0.7139837837554753,0.5544754513095597,0.4842798076154099,0.5216218276638486,0.31481827098887566,0.25989972004325573,0.39902223812513665,0.2442564350909145,6.802411012909547,9.803837875409078,5.738863838542822,0.6773462909967886,2.0192506873287273,2.6695004666823636,3.8701813584810876,0.8186116376147587,1.1383692847283882,86.261919,0.0,0.6773462909967886,2.0192506873287273,10628.57142857143
LOG00007,Idle off,86.5,87.0,20.713214990138063,0.4031959590480202,34.564531469102334,23.800808678500985,53.0,0.9661610371643523,3.727396449704142,11354.740772048463,9100.0,0.0,0.0,0.9772074263128098,0.7415196845736906,0.5932206447513617,0.8923078060099165,0.5953825819376647,0.5741262556986167,0.3779078642344629,0.44495776310061597,0.3406745992204598,0.27146417453198163,0.36844547817106427,0.2543661280086654,6.0215803583758065,12.884773625027329,5.72218537942099,0.9027212888789278,1.794717390358561,2.518961621950593,3.1005503106379106,0.8674058440693061,1.3707078826702626,86.963356,0.0,0.9027212888789278,1.794717390358561,9300.0
LOG00007,Idle off,87.0,87.5,21.599209486166007,1.2660820676264823,36.50309176842659,23.754802371541498,48.0,1.3492312750486242,4.1428656126482215,11560.368435911914,9114.285714285714,0.0,0.0,0.711849657572018,0.6742034850816144,0.52557097054295,0.6996724669277101,0.5640455707634993,0.4004305438080249,0.42648939222893084,0.3713800134760542,0.3184644886513189,0.2794697822038537,0.35681451770346134,0.24845196553582682,6.185112884872843,10.048878059393768,5.559852369991049,0.8027106473156211,1.5100561892157447,2.1417181237826632,2.990432702308409,0.6932821482923075,1.1975260413269666,87.000845,0.0,0.8027106473156211,1.5100561892157447,9214.285714285714
LOG00007,Idle off,87.5,88.0,23.286982248520715,0.866212234266733,35.73573531220032,23.83357001972387,46.0,1.5801663179622851,4.484595660749507,12141.391941391941,8885.714285714286,0.0,0.0,0.660421653296711,0.6349834246397184,0.5068860610868382,0.5775873349615516,0.6384693691256846,0.47180449787456497,0.39045366782227936,0.3648730554813555,0.3186230264876271,0.3118348543491374,0.35856857494936756,0.2627788575840121,2.995075468164992,8.107657788774329,3.9465915822253033,0.9761418523056368,1.7812705278813759,2.486254123390236,2.818647401776676,0.6478274113181479,0.9753322185712929,87.999235,0.0,0.9761418523056368,1.7812705278813759,9000.0
LOG00007,Idle off,88.0,88.5,26.57652859960552,1.2184242178428044,33.21845460204283,23.757376725838263,62.0,1.7023465538614544,5.100059171597633,13255.593124823894,9657.142857142857,0.0,0.0,1.8321843904887138,0.8088600929080991,0.728890976559729,2.2119091990097726,1.0991793155348084,0.7538806990135,1.3042302546171198,0.7080140950704231,0.5523790774699386,0.3760638259204698,0.4719454947977952,0.34218084341555116,4.0750201573685,8.412313023102914,5.5933052319210175,1.7178668347463446,2.704004667528014,7.6515587356311014,5.132946526065485,1.4161840082859638,3.0997020035649734,88.470805,0.0,1.7178668347463446,2.704004667528014,9871.42857142857
LOG00007,Idle off,88.5,89.0,29.661341222879685,3.3363937493094022,35.89598168213291,23.724477317554243,46.0,1.9135007695739013,6.442485207100592,14153.219216680756,11514.285714285714,0.0,0.0,1.130122802492153,0.7697381456212842,0.708417174206674,0.9547652950161687,0.6843779913983448,0.6722652447681328,0.4454310385905377,0.3954451795646589,0.34435238715772953,0.35268583407689014,0.4311741399414128,0.2910000407368144,5.180135217711248,6.828206890370238,5.409772942272305,1.569614457108249,2.330385614807947,3.2756347533684744,3.8996282632727928,0.9668697848048649,3.08875905658263,88.503361,0.0,1.569614457108249,2.330385614807947,11714.285714285714
LOG00007,Idle off,90.5,91.0,26.267850098619327,11.122893032899155,42.921784578071794,23.49923076923077,113.0,3.1634283113105934,6.50854043392505,12389.799943646098,7628.571428571428,0.0,0.0,1.0895359182482751,1.0124137567430105,0.801455774340426,1.1455772873685903,1.0550312483363133,0.7774679246553997,0.5231194339134859,0.477388717018348,0.07623655145593007,0.450238615054385,0.6904538211069848,0.5149935422960411,5.041835333661439,9.743321730224498,11.129755332452014,2.0948829214269944,3.882487718751864,5.800258444898245,5.60888278313522,1.0516820175308712,2.6928769493445905,90.99932,0.0,2.0948829214269944,3.882487718751864,7785.714285714285
LOG00007,Idle off,92.0,92.5,28.702761341222878,1.0186196853377467,26.180098036133938,23.58218934911243,138.0,1.886819714358255,6.1493491124260355,13713.623555931248,9628.57142857143,0.0,0.0,8.800904773591101,6.125530384282476,1.9181315933386323,8.919727372683333,5.879567228462162,2.0279622033040607,1.6871642265612388,0.7122503074247586,0.3944654532370787,0.7903760142818123,0.8975270442228479,0.6561013578054683,5.120448529505964,7.104772514845822,6.071476671758453,4.4313778013048335,5.540562488517851,22.145609223716253,18.332831264418086,7.582151651166921,11.939112939693157,92.292674,0.4930966469428008,4.4313778013048335,5.540562488517851,10042.857142857143
LOG00007,Idle off,93.5,94.0,31.72682445759369,1.4720105180466923,17.367186228069283,23.57096646942801,59.0,1.9938061290720615,6.714990138067062,14785.608622147085,12457.142857142857,0.0,0.0,1.2700787508327822,1.3137558677792032,0.7261122132840419,1.1385113397621183,1.2598385947490514,0.9277956493824671,0.8119870350707494,0.5480660915571708,0.8028459341861758,0.41517480589182076,0.40841363046255913,0.2410523451072772,3.3120227158039266,5.178887381920016,4.350168037149117,2.0784211479449,2.2936094173208663,5.365166340565121,4.928082391278257,1.2921018755193512,2.925002571538574,93.999393,0.0,2.0784211479449,2.2936094173208663,12871.42857142857
LOG00007,Idle off,94.0,94.5,26.81084812623274,4.925890689351848,29.495693721135957,23.582149901380674,56.0,2.0079752933988373,4.8375345167652855,13423.73908143139,10114.285714285714,0.0,0.0,1.5672507915493876,0.8819806748934268,0.6996946988083046,2.2802006931824295,1.0236691395643567,0.7533745859545468,1.0790283472429187,0.44470987087980623,0.36406422897401336,0.2880361326709106,0.333302628893976,0.25553346366358154,6.078695934972028,8.558341490292324,6.407416887482368,1.0423441474297155,1.655449882389903,6.262817232238072,4.420679394803143,1.2716455784725642,2.932766614595663,94.009258,0.0,1.0423441474297155,1.655449882389903,10328.57142857143
LOG00007,Idle off,94.5,95.0,27.423668639053254,5.459330715988114,38.46929782504135,23.7138067061144,30.0,1.5864910043052034,5.684556213017751,13346.034094111017,10185.714285714286,0.0,0.0,1.0320906170409299,1.5105031283866954,0.5908658139074515,0.9628559240808068,1.343931124195956,0.5908674906121117,0.456637896278963,0.7360690919829315,1.4665330452158622e-05,0.31756848001405913,0.3430948253970146,0.25716773768304596,4.870735533691853,5.793329401912136,6.072880232165572,1.295240914464582,1.66035310346427,2.931499337014957,4.23240061786902,1.2936055702280196,2.512150848294274,94.86657,0.0,1.295240914464582,1.66035310346427,10300.0
LOG00007,Idle off,95.0,95.5,28.892307692307693,1.3144321037710782,50.91988784908565,23.501163708086786,8.0,1.2575928869504915,5.378224852071006,14123.760214144831,12242.857142857143,0.0,0.0,0.7918425800848271,0.7659318134119214,0.6152859796206861,0.8037553810778062,0.7674796687956543,0.615162316742353,0.3574273065026885,0.026899262260969958,0.000711046744017278,0.34530800352136326,0.31816304231656234,0.2524188202732113,4.977185886579075,5.244909611981108,4.725822722410656,1.4206629626288703,1.4178760126652257,2.7431104302136906,2.660619375918105,0.7789949340117273,1.1437827190821135,95.143793,0.0,1.4206629626288703,1.4178760126652257,12428.57142857143
LOG00007,Idle off,95.5,96.0,28.64130434782608,0.3339982341508398,59.42648300675843,23.640296442687745,50.0,1.2171593091097161,5.482648221343872,14000.458780350084,12100.0,0.0,0.0,0.7252830603017332,0.9309771380280137,0.716628110429101,0.7136028391290017,0.9198759115883072,0.6785984817075398,0.4872275089144119,0.40503147603426853,0.2593218268045809,0.4031179743650103,0.40732535335727454,0.28975293197910107,6.68766220691178,4.999835026146809,5.360386366762246,1.8514566609665035,1.9544398811433417,3.801133594178257,3.342444727874087,0.8344920458253269,1.2825453748952915,95.778145,0.0,1.8514566609665035,1.9544398811433417,12242.857142857143
LOG00007,Idle off,96.0,96.5,31.5767258382643,1.5954603775569232,65.70545541335093,23.784280078895467,46.0,1.7172562784126546,6.614812623274162,14782.797971259508,12142.857142857143,0.0,0.0,0.9348535233172154,1.2144550604662274,0.7425963720271521,0.8856235972174081,1.1529573359595595,0.685042815514313,0.42831130213288365,0.28759562636585745,0.29154774553442836,0.43599957804583817,0.4604799823448961,0.3209685077037498,6.353722575676871,4.937346863917232,7.04033452366369,2.2215612280178734,2.714638729406301,3.878835507148858,4.937079445550429,1.0837094176832276,1.6849008125856437,96.311869,0.0,2.2215612280178734,2.714638729406301,12285.714285714286
LOG00007,Idle off,96.5,97.0,29.592702169625248,1.3597358761591989,69.16330648818686,23.636153846153846,44.0,1.8025752665853711,6.018816568047337,14163.799661876586,10400.0,0.0,0.0,0.8247251740144045,0.8695624056816315,0.6208851610732515,0.7465615841578552,0.8885574293049954,0.5831600464245194,0.4558354738158779,0.3609340607559722,0.3408427823020929,0.4391317013708441,0.49065149646789297,0.35606957383540316,4.192343766570348,6.972569843741882,7.442074933079151,2.1679118280348364,2.7347880956705146,3.9190527374576574,4.3225476453078695,0.8474403784420224,1.2615198425904666,96.974829,0.0,2.1679118280348364,2.7347880956705146,10585.714285714286
LOG00007,Idle off,97.0,97.5,29.09605522682446,0.08716565260118446,65.40945541430376,23.54360946745562,36.0,1.8701861575483596,6.31749506903353,13899.830938292478,9442.857142857143,0.0,0.0,1.0286046547710612,1.1944518751774789,0.7479953313167419,0.9974777317119021,1.087734929184026,0.6854981442933124,0.3821542392912891,0.37213774151175805,0.24834262638639787,0.3206059632687304,0.46995698931371627,0.32663907725620817,2.6019580540309337,5.520892543917527,9.783206543676737,1.423725120684,2.62063467917189,3.500915631147123,4.661309971551728,1.1146171580259496,1.5402503872439262,97.153393,0.0,1.423725120684,2.62063467917189,9614.285714285714
LOG00007,Idle off,97.5,98.0,22.764299802761347,2.190738901777053,57.92519235371609,23.607889546351085,47.0,1.8043622801398096,4.307396449704141,11971.034094111017,7071.428571428572,0.0,0.0,1.1422142635691774,1.0126325717212028,0.6563530752088803,1.5541553521315488,1.052843729654728,0.6879551412190303,1.1733679820633114,0.5450917496169677,0.4520698767644655,0.3406246180782126,0.4285677017726203,0.4042309609519546,3.640455158127665,9.51694783143005,9.909531812611883,1.3397232593086765,2.1218726055076753,4.280822793223547,3.9958064803000517,1.079369758055963,1.4323678260881065,97.732492,0.0,1.3397232593086765,2.1218726055076753,7185.714285714285
LOG00007,Idle off,98.0,98.5,23.075691699604747,2.4637253709311513,50.86717395751756,23.606185770750987,27.0,1.3897178348415495,4.363162055335969,11917.031338226989,7185.714285714285,0.0,0.0,0.910328253764062,0.7108322853082949,0.6573059814742268,0.9316824969777073,0.6947172309928072,0.643116736329729,0.5116992069802426,0.34659950225286035,0.37552678102016335,0.27162917779471807,0.4296342488573996,0.31090124649652395,4.210471003629724,8.888936709628089,5.112392194327845,0.873732616516273,2.28968252839411,2.789378499068779,3.6964890937960795,0.8166945779903712,1.2720918413836286,98.351047,0.0,0.873732616516273,2.28968252839411,7314.285714285715
LOG00007,Idle off,98.5,99.0,26.174950690335308,0.8632216544940773,48.41051507909682,23.569349112426032,19.0,1.4010491731388226,5.219960552268245,13112.397858551705,10185.714285714286,0.0,0.0,0.6314605688616632,0.92872794402757,0.7319609130398647,0.6280875506214684,0.9210792108645024,0.666708083882202,0.015967870058550365,0.32923996667479005,0.40000662005375376,0.31008473692354277,0.4827036617075768,0.25972593989857956,3.2803844785386906,7.724727586298746,3.6466550362270804,1.0231705675961755,2.613689553179294,2.197811355292277,3.6770518162206525,0.794127837329977,1.1974111577937312,98.666738,0.0,1.0231705675961755,2.613689553179294,10400.0
LOG00007,Idle off,99.0,99.5,30.271597633136093,2.6387384940674385,48.7108854111545,23.450453648915186,40.0,1.8410174276924656,6.311715976331361,14260.672020287406,10800.0,0.0,0.0,0.9123109943892381,0.8354959723666179,0.701686568041822,0.8881850928674793,0.8598679666281298,0.6969037889660789,0.501815230447754,0.31358937796736663,0.3057296872020991,0.3778885741980276,0.5401525717179941,0.3022175470210793,4.947390751690983,6.9399524537989965,6.666261778239771,1.7880816562526176,3.0725649807123427,3.424013124640738,5.122753512545363,0.8747470692503979,2.084560106751561,99.499369,0.0,1.7880816562526176,3.0725649807123427,11071.42857142857
LOG00007,Idle off,99.5,100.0,31.3491124260355,5.441242008661979,49.623575497595546,23.397001972386587,96.0,2.157745119406005,6.433471400394478,14772.58382642998,10057.142857142857,0.0,0.0,1.5167506601249907,1.0318085203660976,1.051126640163941,1.7944846368807283,0.8673006064992833,1.0759344967683657,1.052581966215812,0.41817205753613834,0.6742559993120482,0.34792696007489177,0.5494267011991487,0.3326479504354175,3.7302028969359387,6.350045002471306,7.853789078529774,1.4589642030242516,3.1391256129255423,6.75026480596801,4.887491582038484,1.2971432819256457,2.5111552687690546,99.556588,0.0,1.4589642030242516,3.1391256129255423,10308.57142857143
LOG00007,Idle off,100.0,100.5,23.786390532544377,1.8858635817742067,47.300694389200835,23.623589743589744,91.0,1.367355249195483,4.2055621301775155,12302.67681036912,8371.42857142857,0.0,0.0,0.6985324530386713,0.8937587052574367,0.6134148268143087,0.640346551014089,0.7717873050861824,0.7444615510064395,0.3387517555858179,0.34862403202819864,0.5373005446567035,0.27553865004671213,0.3595546519129495,0.27745536471566423,6.025336956955332,6.457083104493755,5.260639408156897,0.879373509276269,1.782880495264943,2.363012151890099,3.06117766202829,0.8021072905701812,1.1948878235403142,100.088331,0.0,0.879373509276269,1.782880495264943,8514.285714285714
LOG00007,Idle off,100.5,101.0,27.893096646942798,4.49166790277785,41.51163022184598,23.566646942800787,74.0,2.0631825444777707,5.841242603550296,13457.69935193012,8185.714285714285,0.0,0.0,1.5337292402501506,1.2774922584866875,0.6262732911392905,1.7426100114409107,1.1811062368879206,0.7890163799524916,1.2401760606053516,0.6148673201489939,0.4423147621723976,0.5078687661614373,0.7698013302861612,0.35681556578251195,6.280081625240053,7.934428721660331,7.839886184544407,2.5690770857978187,4.756473148950517,6.819886225314375,7.330329311200888,1.4114375389813965,2.222365102821947,100.815409,0.0,2.5690770857978187,4.756473148950517,8300.0
LOG00007,Idle off,101.0,101.5,28.008300395256917,5.075840851765394,42.67770190269619,23.52837944664032,90.0,2.046477592269163,5.579920948616601,13602.31507622812,10300.0,0.0,0.0,1.3290177181937937,1.635531856479529,0.6109524023516781,1.458112021676328,1.688483623660775,0.7452692886693225,0.73792329541404,1.13418302462246,0.4917292645832735,0.3911260949379558,0.567750389819759,0.3465586170149656,7.260110522039034,8.539546690779453,6.310738522704407,1.7495241073227372,3.275300738556617,6.872641528628397,7.128687243678307,1.49017659168845,2.323714050877317,101.163656,0.0,1.7495241073227372,3.275300738556617,10564.285714285714
LOG00007,Idle off,101.5,102.0,25.619723865877713,1.6532096338260294,46.39694679119335,23.675187376725837,126.0,1.5853871861180242,4.896844181459565,12886.672302056917,9214.285714285714,0.0,0.0,0.8406930758331987,0.9006029158662979,0.6299783577189831,0.8041355445733458,0.7555847290765995,0.5774254989634526,0.5017389488136488,0.5399869468472136,0.48861417046948824,0.31579594831964414,0.4372937077713816,0.3029351765856512,5.06290485055041,8.255109001878196,4.713062843023284,1.1886150107066638,2.4081318695583867,3.7056383288258337,3.7458721528376193,0.8711631476998904,1.2600538761488476,101.755578,0.0,1.1886150107066638,2.4081318695583867,9575.714285714286
LOG00007,Idle off,102.0,102.5,24.05838264299803,0.23513760194540495,42.2131312837258,23.50250493096647,97.0,1.5783532610195492,4.57396449704142,12294.491406029869,5971.428571428572,0.0,0.0,1.0152820916863599,1.3559689751900335,0.7666075885130457,1.0709697852312412,1.2318946494353977,0.6841519077346805,0.474767214729616,0.3800147344221689,0.35471887409838904,0.3085945386763424,0.430839961871306,0.37757083168379185,3.1359583030514715,9.34923526582086,7.070807242417645,1.0329225368127113,2.10676756118543,3.9891371235065445,4.209503664867925,1.1977999806680872,1.7565565808453596,102.485613,0.0,1.0329225368127113,2.10676756118543,6128.571428571428
LOG00007,Idle off,102.5,103.0,22.18698224852071,1.8823555697075791,29.578433148202755,23.600946745562126,72.0,1.5294662518202726,3.858717948717949,11752.120315581855,6300.0,0.0,0.0,1.6238914161078108,1.3207781591399848,0.5119997169989345,1.7734111069980572,1.3324468482133103,0.5105304636259339,1.1678614385617734,0.49167172367397954,0.3707744447537643,0.29698982992977335,0.3999504171179148,0.31943420385757854,3.7620790965617297,7.476675406176339,4.909004761332319,0.965202640548569,1.813086355528969,4.270212407356896,4.053147898799938,1.480114569377965,2.5710140420294305,102.937442,0.0,0.965202640548569,1.813086355528969,6514.285714285715
LOG00007,Idle off,103.0,103.5,22.23826429980276,3.185252529036805,20.708562199183827,23.609980276134124,95.0,1.3955305349903944,4.28370808678501,11617.843054381518,6657.142857142857,0.0,0.0,1.5206539784031639,1.0742327338041497,0.9262677384225849,1.7854883849006,0.9818537589193354,1.4954560269934296,0.8181760387978685,0.7152784292008255,1.5479334073214235,0.3297038464729741,0.43387762728794094,0.28303372792163084,6.633555082024616,8.453049961346176,5.79882240339204,1.2787671856792069,2.2486018260619693,7.472896457168805,4.98281068944666,1.3165037957426686,2.3868829637693896,103.432679,0.0,1.2787671856792069,2.2486018260619693,6871.428571428572
LOG00007,Idle off,103.5,104.0,26.568441814595662,0.5966293703705995,25.1177293678174,23.482031558185405,93.0,1.3007846408375943,4.921124260355029,13236.672302056917,10842.857142857143,0.0,0.0,1.3649966516028156,0.6909515550520171,0.6422316395943238,1.2918210032513215,0.7953029329135449,0.6731511225651315,0.8535531763620716,0.5996373564579317,0.40053777872219426,0.30215941800201057,0.43700773042803753,0.27344958595089347,5.487641418262609,9.602745383097202,4.8829363228532685,1.045745757488064,2.256106030224695,6.857524409409057,3.580849788402271,1.0818109609159303,1.707028432489729,103.511602,0.0,1.045745757488064,2.256106030224695,11157.142857142857
LOG00007,Idle off,104.0,104.5,25.654347826086955,2.38352192114573,35.506944094969,23.441679841897237,45.0,1.3481531968437541,4.861778656126482,12918.661773009597,9942.857142857143,0.0,0.0,0.8745480757007245,0.8141307059378965,0.5875628512584558,0.7655035975411631,0.8392673120013208,0.5507984542167459,0.43614903969992913,0.3777770928919064,0.19971797105788558,0.36580564854684744,0.43303992477692516,0.30955667377224877,7.801374766123925,7.747196970818488,6.217808271163619,1.6483451625830645,2.349014982675085,3.298400618529563,3.411501124277789,0.844879619550258,1.0911459019110874,104.350157,0.0,1.6483451625830645,2.349014982675085,10164.285714285714
LOG00007,Idle off,104.5,105.0,24.932938856015777,1.1423011491693265,42.25033446470703,23.59887573964497,24.0,1.2222123482815874,4.342130177514793,12688.651732882501,10657.142857142857,0.0,0.0,0.6885551209904542,0.8341273777564528,0.5361466370913845,0.5941948742044673,0.719053321091364,0.5361466128706762,0.25806119787699394,0.3647947808408482,3.2153408064481716e-05,0.3362559446801723,0.4334772219473251,0.3050060166080878,6.358908579747563,9.878389228317467,5.432848368548058,1.3405741966114941,2.323535644023737,2.309401076758503,3.288855127143377,0.7648126035065832,1.2369011624582187,104.779303,0.0,1.3405741966114941,2.323535644023737,10828.57142857143
LOG00007,Idle off,105.0,105.5,27.374556213017748,1.8245973186007987,45.758691121226555,23.771558185404338,12.0,1.4626461379894953,5.62621301775148,13400.669202592278,10928.57142857143,0.0,0.0,0.6886135649135573,0.9202534586383612,0.5971120787613929,0.6421664707344726,0.8005060069734463,0.5958945918696523,0.21728273422648628,0.27951648621402464,0.008854596225484412,0.3315953475032667,0.39104082512405963,0.27070859704787253,6.7468676395961475,7.822491404689903,5.479895205820077,1.351009600583152,1.8420732130327433,2.221022029610643,2.9419096429258396,0.8127284509351275,1.1023917436122008,105.302169,0.0,1.351009600583152,1.8420732130327433,11400.0
LOG00007,Idle off,105.5,106.0,24.41301775147929,2.235756618789712,48.889420720793865,23.721439842209076,12.0,1.4204679800612017,4.43112426035503,12568.30092983939,10528.57142857143,0.0,0.0,0.5836281291305105,0.8620737316934947,0.7619232492418504,0.5131999461565974,0.8011741152026995,0.7248067753261425,0.23638932485492592,0.2812938120930975,0.2687633825167714,0.26119304220566225,0.3316454470592631,0.2506611864736532,6.477294889124963,9.6083318009824,5.452211346889891,0.8986552547943274,1.3597654852005632,2.0337390871388132,2.7965179814392074,0.7361361667478128,1.0953548236603965,105.614901,0.0,0.8986552547943274,1.3597654852005632,10742.857142857143
LOG00007,Idle off,106.0,106.5,23.645167652859957,1.015710573894026,49.45282960775479,23.525463510848127,11.0,1.1126919441513656,4.308954635108482,12248.323471400394,10114.285714285714,0.0,0.0,0.6656427278373188,0.7494384621622471,0.6544074559256808,0.6878306594626892,0.7453020728922356,0.6116095357402673,0.4486604874802233,0.2694504698802332,0.31628529840555125,0.268192877699344,0.3591651183882004,0.2648747737416139,6.348083130331335,9.460626376474986,5.813017687850084,0.8506544360137,1.7815370553739167,2.1178307535286467,2.675036175537431,0.7087800257099595,0.9174975204105377,106.090412,0.0,0.8506544360137,1.7815370553739167,10557.142857142857
LOG00007,Idle off,106.5,107.0,19.85384615384615,0.8247646248418588,49.89098163561775,23.611479289940824,5.0,0.9182738750707499,3.3493885601577906,10923.210763595378,9371.42857142857,0.0,0.0,0.4695489294052043,0.6114198245776782,0.5085925920109792,0.4442353820746439,0.5566582195686641,0.4822076552755178,0.1653803289632517,0.3471888554360381,0.09435520604156179,0.23268917786361693,0.29726942391713024,0.24050406490905699,4.94260784424954,6.681645026909948,3.8522967695554033,0.6506503060356714,1.0915923541133608,1.333826338834867,1.9404344864115426,0.5451194359918622,0.7958125846924066,106.776055,0.0,0.6506503060356714,1.0915923541133608,9528.57142857143
LOG00007,Idle off,107.0,107.5,23.166205533596838,0.9241084953162285,49.875031278123494,23.580790513833993,53.0,1.2634512046808524,4.203794466403163,11999.428289102203,10228.57142857143,0.0,0.0,0.809068699323919,0.7792934981774959,0.8489655579174653,0.8056651598791618,0.6884447324826761,0.9079925246341384,0.4932480314624346,0.3075233242610531,0.6023399330880895,0.2581743780124072,0.3317377581874803,0.2671459304217929,7.889480180069184,8.914032232935186,6.045946346181912,0.8606119402357559,1.3416578160031791,2.430049040641145,2.5320085295424835,0.7943206268653157,1.0833939544627256,107.118383,0.0,0.8606119402357559,1.3416578160031791,10371.42857142857
LOG00007,Idle off,107.5,108.0,22.069822485207105,1.8049069015114345,49.958556030520135,23.552840236686393,49.0,1.3523402980361507,4.084753451676529,11664.447731755425,7485.714285714285,0.0,0.0,2.563104562442163,0.9151597904651503,0.664617726687589,2.7377222944912067,0.9595903102428928,0.6055978382481123,1.0852925187489857,0.31660385709339317,0.3803735187932973,0.3243648105143765,0.4562159079227141,0.3071804800414759,8.637665144557332,7.5242486429600035,8.03046260190808,1.1769301906714964,2.3241096250534565,5.690054994309308,3.9630940436005417,1.9244508879283009,4.608168387182128,107.947073,0.0,1.1769301906714964,2.3241096250534565,7747.142857142857
LOG00007,Idle off,108.0,108.5,19.90355029585799,0.9466786218938301,46.79897204304862,23.57126232741617,52.0,1.2545285210892738,3.738954635108481,10792.723302338685,7342.857142857143,0.0,0.0,1.222835847055269,0.8959761586491208,0.6616041127224552,1.2336915730444284,0.9382095565406624,0.7414662724982626,0.592907704377834,0.2118150277843829,0.5766952280273514,0.38251898617900015,0.5035437000364626,0.37368496821597624,9.982555397334758,11.488474547478607,9.484932223819316,1.6534452910402495,2.512347043219827,5.362776224707862,3.8543502408438055,1.0719376814234611,4.588923856150876,108.000346,0.0,1.6534452910402495,2.512347043219827,7471.428571428572
LOG00007,Idle off,108.5,109.0,18.364497041420115,1.357527735173906,43.4660268592741,23.685897435897434,86.0,1.2948450034038692,2.978915187376726,10417.850098619328,7485.714285714285,0.0,0.0,0.6812019233895995,0.6086307579998325,0.5571705510494387,0.5819797293072557,0.6645353637727252,0.48373029745553686,0.5041404619227197,0.37657902132330706,0.48340228019162007,0.28049963649020987,0.38397707061582376,0.29447001993357286,3.9818475787355956,8.329948059460632,6.300184816988973,0.9134878711310295,1.9009669956889321,4.133377870855042,3.392764083491916,0.6459363203958811,0.9502958105374473,108.788587,0.0,0.9134878711310295,1.9009669956889321,7600.0
LOG00007,Idle off,109.0,109.5,20.125641025641023,1.624204655410195,43.046078528447154,23.522721893491124,87.0,1.2492830127555055,3.720828402366864,10932.241476472247,9114.285714285714,0.0,0.0,0.7036070387532332,0.7825869664569439,0.643796713600461,0.5975198496902308,0.6262371324964231,0.6367205384698919,0.44025338465778935,0.34500058020352625,0.49466765186666367,0.2674284669834,0.2897363502775802,0.2510931590077619,4.371655695978678,5.860024462598107,3.326448561670861,0.7413834977986649,1.2582642733771292,1.9143391235825735,2.5907588768902063,0.7441455586951304,1.1275943996531945,109.255217,0.0,0.7413834977986649,1.2582642733771292,9361.42857142857
LOG00007,Idle off,109.5,110.0,23.617984189723323,1.7123628267230402,42.94304384768176,23.52169960474308,82.0,1.7396041122687902,4.767094861660079,12086.34952004517,8028.571428571428,0.0,0.0,0.770013570396771,0.9956274695013158,0.6414250724041864,0.6953852015534415,0.9564671810271989,0.648871122738282,0.4033415106000501,0.44849850318834017,0.47441931400494747,0.37247394383575366,0.46892599308231975,0.37111256204095366,5.262784127563241,8.5866353250346,10.566104252318816,1.464403561161964,2.547683393621888,2.872109304623957,3.8291063364665625,0.8899985833193155,1.362558439825442,109.9744,0.0,1.464403561161964,2.547683393621888,8185.714285714285
LOG00007,Idle off,110.0,110.5,28.17573964497041,0.5093825740751947,38.687436783931396,23.463865877712028,76.0,2.0466350968107823,5.789664694280078,13641.110171879403,9314.285714285714,0.0,0.0,1.1617828411811604,1.155923199408632,0.803879575112391,1.3840864979628686,1.0815879056440898,0.7342922618665009,0.9449844476705547,0.41288900838075043,0.34729065467414477,0.38760414441618185,0.5195816738875668,0.32088885131564704,2.20380834398419,7.087798084324186,7.005299017820904,1.6102212079115383,2.8805415324491737,6.299870071607204,4.577623303471056,1.1588567238865337,1.433220961143021,110.137181,0.0,1.6102212079115383,2.8805415324491737,9585.714285714286
LOG00007,Idle off,110.5,111.0,25.16568047337278,0.9555225552147038,35.8686568709864,23.52116370808679,36.0,1.6329231042224825,4.7786390532544365,12724.964778810932,9171.42857142857,0.0,0.0,0.9939162916952664,1.0713997776517603,0.6963537414360721,1.063146106679415,0.9374689588835714,0.7151772695963355,0.7300689041315627,0.4421558599406217,0.5112865634809665,0.2975372336697649,0.3971192469777345,0.2817459171697709,3.3368514261363527,7.634533652326523,4.382495597281268,1.1077815502864805,1.9470779289979023,3.670609320135431,3.405240189693952,1.0333845069599,1.5491593421714012,110.975727,0.0,1.1077815502864805,1.9470779289979023,9400.0
LOG00007,Idle off,111.0,111.5,25.00808678500986,1.785828966336041,37.793792531301904,23.54889546351085,39.0,1.5852895831965694,4.779901380670611,12632.762750070442,8928.57142857143,0.0,0.0,1.3677578559791386,0.8956244913801278,0.7552526550985598,1.552888710669393,0.8343164281560385,0.7057594052001706,0.97743755387287,0.3798773021179535,0.23636589269745198,0.3166643276567954,0.40507729986817526,0.2895734459477192,4.803693209304391,9.320833615465581,4.265777429971119,1.1907179931339626,2.070239750220324,4.4460385044040045,3.404950566883333,1.1560503410649041,2.1986021626695655,111.471952,0.0,1.1907179931339626,2.070239750220324,9122.857142857143
LOG00007,Idle off,111.5,112.0,25.54299802761341,1.7475497882245088,44.444423590677445,23.501420118343194,41.0,1.3912388164828227,4.597357001972387,12830.656522964213,10200.0,0.0,0.0,2.988650419662042,0.9072708546916621,0.6952714040247316,3.2775901420054367,0.8961658744914422,0.7264262015960228,1.164034581421468,0.408877569965343,0.49264356493576095,0.3420854205773088,0.3822423395590286,0.29433671726753224,6.639025936278747,8.28596071396976,5.5551683106057945,1.3605337290579944,1.9221724524332222,6.015266573699185,3.5261771154197095,2.208525722594039,4.654039873355833,111.713652,0.0,1.3605337290579944,1.9221724524332222,10800.0
LOG00007,Idle off,112.0,112.5,26.759566074950694,2.8002751007912456,50.47672710088578,23.604536489151872,42.0,1.3493963976140135,5.1930966469428,13157.896590588898,10742.857142857143,0.0,0.0,2.0835947932540466,1.2120089693175156,0.7846559917471512,2.2593037984625295,1.383541160794031,0.7546218618323168,0.6402209936950715,0.8376625944818111,0.2530338239035444,0.31416739602499094,0.31087185045288707,0.2641134070244949,6.281351740240182,6.932426565906313,5.7681273891361045,1.2393675634205645,1.5407677086143654,5.750225104932541,3.8694168278658223,1.7044548988139112,4.369623220935756,112.046113,0.0,1.2393675634205645,1.5407677086143654,11322.857142857143
LOG00007,Idle off,112.5,113.0,31.14782608695652,5.036217173275451,58.04683627672664,23.530770750988143,16.0,1.767554722415,6.228833992094861,14735.6295878035,11614.285714285714,0.0,0.0,0.9084721298564928,1.631132582210234,0.7611069954197748,0.8695381840414897,1.8204171752660883,0.7736701592996217,0.24953085649932283,0.9725623027488446,0.1390434557998152,0.3621585005229288,0.40579424727391905,0.28182498409840273,6.539303779042788,5.039055946580684,9.066050343368026,1.6446541293260684,2.198597463504496,3.0863719315086997,5.9575242224988125,1.3202111784623358,2.4080406232064533,112.686373,0.0,1.6446541293260684,2.198597463504496,11771.42857142857
LOG00007,Idle off,113.0,113.5,29.21065088757396,1.1116759609810216,62.50743181968474,23.38828402366864,46.0,1.1190013965328662,5.547455621301774,14149.161735700198,12214.285714285714,0.0,0.0,0.7885996151971538,1.091307084038591,0.7106881708668848,0.8001103237222663,1.029420152438737,0.6601216557405152,0.39517528500378896,0.3389921229765801,0.3709748981303534,0.341339323375075,0.3526904959655261,0.23485736446478964,7.676567198523966,4.718019622531908,6.153654230786225,1.526689410896694,1.5791384646535895,3.614839020479919,3.5345574895512453,0.9520610549649406,1.3596075015922229,113.073094,0.0,1.526689410896694,1.5791384646535895,12357.142857142857
LOG00007,Idle off,113.5,114.0,30.69132149901381,1.704606714892595,67.17845282225818,23.422189349112426,51.0,1.3136259426556776,6.006568047337278,14671.618765849536,10457.142857142857,0.0,0.0,1.1838756139338278,0.8202511043790729,0.6157420783680646,1.0579582213865053,0.8030242519247339,0.6138076131975385,0.5177087325894789,0.1643432782232204,0.29784964106131895,0.4652096062010365,0.4563422220584913,0.2854455529308499,4.021093892000355,5.139395191344808,6.968565426841434,2.2222567877541035,2.479794756482861,4.584727240074126,3.785678399804395,1.018423620970735,1.72875697226729,113.968869,0.0,2.2222567877541035,2.479794756482861,11465.714285714286
LOG00007,Idle off,114.0,114.5,28.77041420118343,2.3444324130342307,69.68906780443616,23.524260355029586,7.0,1.1996605273725016,5.261755424063116,13942.79374471682,10328.57142857143,0.0,0.0,1.1926471733850412,0.6827876609547731,0.6276366179777855,1.3402723795652058,0.6708906297163066,0.6290154021875453,0.6041136796060227,0.08996601382258398,0.2979610229051341,0.38017288672200233,0.5412726172736592,0.333452619535732,6.246599857860465,6.587336530354419,6.297770460962103,1.7497224861951686,3.1368677231008117,4.220032997618169,3.9478853601096433,0.9717526100133252,1.664546909381788,114.000438,0.0,1.7497224861951686,3.1368677231008117,10528.57142857143
LOG00007,Idle off,114.5,115.0,40.39191321499015,5.160607284299418,73.98898017249465,23.456765285996052,11.0,2.1537966938680273,9.825108481262328,17306.508875739644,13185.714285714286,0.0,0.0,1.6821914254796972,1.157992188532338,0.6343016457888329,1.6799531508898413,1.1424989717266738,0.6324336067777316,0.2318443189668382,0.31113432624309,0.25552246188071387,0.38735343848133524,0.5090753539131326,0.2947128343162069,2.555218964529452,3.788154262276422,9.029420116384117,1.7158640564731213,2.9741887341580218,4.003450188553468,5.098439255324779,1.4440765043202057,2.5500706999524354,114.983022,0.0,1.7158640564731213,2.9741887341580218,13471.42857142857
LOG00007,Idle off,115.0,115.5,42.736094674556206,8.060504615085451,85.49764347926819,23.181282051282054,23.0,2.2313362211777266,9.640335305719923,18553.12764158918,14328.57142857143,0.0,0.0,1.4782578695518882,1.5410469218457863,0.8619671900588858,1.5429499052471267,1.4793743530150358,0.8638193872209426,0.4334048166709422,0.4891351974122824,0.011880291157907782,0.37723810043840883,0.4401185015005397,0.2685550732649653,2.7143384119823346,3.5735726134914927,6.486105364202513,1.7440969484145055,2.290899194665617,3.762159772503841,4.743520443014227,1.5099787985634863,2.344858222414153,115.00078,0.0,1.7440969484145055,2.290899194665617,14571.42857142857
LOG00007,Idle off,115.5,116.0,33.71462450592885,0.4249430993207559,87.05932312697018,23.315039525691695,30.0,0.7742291647078744,5.726462450592885,16035.904856013552,14428.57142857143,0.0,0.0,1.1799387017583478,1.1900695789235092,0.7698615612753674,1.1423537639978385,1.112141788866741,0.6905676918291772,0.34328451970344637,0.41577739824938437,0.2485661946909089,0.37237455988002355,0.4305336970104075,0.2767491788862157,2.368869649616952,3.8263803587200846,8.043039452052518,1.8032928790836356,2.285456797654609,3.424510582152248,4.513484408079448,1.1850149666958545,1.7622130120918735,115.50095,0.0,1.8032928790836356,2.285456797654609,14571.42857142857
LOG00007,Idle off,116.0,116.5,40.315779092702165,6.217677567536207,86.46366788528341,23.29745562130178,27.0,1.3801131113661644,8.311676528599607,17871.217244294166,14771.42857142857,0.0,0.0,1.3196994563497362,1.295945037785236,0.6847800493769516,1.2103364817831892,1.1975211362956186,0.654498286246974,0.30160525109154607,0.43811563193875885,0.18748728439009738,0.3523016628255355,0.48235855178160925,0.3190347865071124,2.7078492022391436,3.6529802438329293,8.136287705174778,1.5069457970641809,2.793942631713282,3.1843428596386656,5.751596982586542,1.3078761783995394,1.800932584622067,116.46775,0.0,1.5069457970641809,2.793942631713282,15002.857142857143
LOG00007,Idle off,116.5,117.0,37.810059171597636,11.724925715499184,94.15708772024328,23.28205128205128,132.0,1.7741273051002142,7.311104536489153,17448.802479571714,11585.714285714286,0.0,0.0,1.4490716517017939,0.9891361581415691,0.6782636855030336,1.4141434525998742,0.9353211855571127,0.7496133874047107,0.603154519748409,0.3439838982088309,0.6738933095277212,0.32877914574720396,0.3572843821536326,0.30913007691672534,4.799862401866051,4.390577060805608,8.149568873850395,1.1823475367827694,1.8400420101039698,7.37619712478379,4.229603569022139,1.2406044879631921,1.9167347014107796,116.63842,0.0,1.1823475367827694,1.8400420101039698,11714.285714285714
LOG00007,Idle off,117.0,117.5,34.42011834319526,2.5392830034084874,90.56833373874326,23.357534516765288,123.0,3.313991462777099,7.923155818540434,15292.68808114962,8557.142857142857,0.0,0.0,1.5889698359797144,1.815246631687922,1.1032101238567738,1.6588996641239953,1.8706178778990379,0.9817481237309863,0.37540561735390077,0.4053034096094374,0.45328379592976326,0.5351136513721273,0.6559193619403527,0.4930877109311401,3.592727335970346,6.061243995034888,8.562387018801763,2.8444213649815335,3.936759277780651,5.948331110322257,7.062555091335285,1.7058642199055216,2.395332073926245,117.442441,0.0,2.8444213649815335,3.936759277780651,8842.857142857143
LOG00007,Idle off,117.5,118.0,46.08481262327416,2.645949998558219,77.62350501905514,22.929980276134124,101.0,4.401922386875221,13.366824457593687,18417.342913496763,11371.42857142857,0.0,0.0,2.1585639371976226,2.6250004495635917,1.5206587776727323,2.2401113466290283,2.733697481721011,1.514723563570149,0.4989743026741953,0.4881754929669721,0.6094127906323874,0.6339089101837674,0.9354031024661722,0.5306437069339168,4.0117982979312465,5.936913740264201,5.522352924702091,3.281040725519,5.5467098155010905,7.477118283829323,10.728494382529933,2.403125634582924,3.5747317453093155,117.678219,0.0,3.281040725519,5.5467098155010905,11585.714285714286
LOG00007,Idle off,118.0,118.5,38.632544378698235,1.2503829928070607,57.6518509867081,23.037988165680478,68.0,3.6404779101606533,9.247948717948718,16502.852916314456,10985.714285714286,0.0,0.0,1.7264880512954357,1.8272080307854868,0.8414798580488924,1.5732868399347948,1.8462195288547287,0.8843807448422683,0.42667344636294585,0.3655402781497278,0.3691230746132589,0.589491109249588,0.695402827095069,0.47613206833779526,4.834339418049635,7.501508400612826,6.962329979543209,3.164233777142214,4.185203413221587,5.756053326836077,7.36857231681726,1.7775615571665715,2.4795822563431327,118.094525,0.0,3.164233777142214,4.185203413221587,11371.42857142857
LOG00007,Idle off,118.5,119.0,37.260276679841894,9.66640933794269,42.827676462825536,23.27926877470356,135.0,3.2978287894581273,8.640632411067193,16401.693958215696,9042.857142857143,0.0,0.0,1.7540042881782483,1.8804402307688624,0.9705918108178847,2.044141724393517,2.5158609302509403,1.3777911687288023,1.1393511681829618,2.0349442887259346,0.9957157722117338,0.43188800559019447,0.5966588289967786,0.47483111261756017,4.755400639017612,5.022503330806617,7.698486050192557,2.0058951831124583,3.380751951714121,9.752267396230938,9.151124685193212,1.8183215480824253,2.649652612102116,118.755481,0.0,2.0058951831124583,3.380751951714121,9321.42857142857
LOG00007,Idle off,119.0,119.5,28.4414201183432,8.942455766903587,44.840502413996944,23.356134122287973,179.0,2.5344821874339143,5.984437869822485,13336.806142575371,9000.0,0.0,0.0,3.6170970682569945,1.243894155556726,0.7746796153496693,4.235107775464326,1.0657278993750778,0.7842746209037684,2.784658069370373,0.7606924523618769,0.16662799771139505,0.3352276138521663,0.5478913162313657,0.3325807560674002,5.187337731897739,9.882466407774084,5.6251626137417645,1.476579841114649,3.260606747654708,12.532167682586186,7.780900096495076,2.704687031009459,6.267273465532379,119.404604,0.0,1.476579841114649,3.260606747654708,9142.857142857143
LOG00007,Idle off,119.5,120.0,42.02485207100592,17.402492899018952,62.73601584809226,23.20629191321499,93.0,4.30730894270557,11.0065483234714,17822.40067624683,10057.142857142857,0.0,0.0,1.5957192923938723,2.3127753759445273,0.8876802953963464,1.515206552529301,2.452001321335757,0.8876192359870823,0.7369495196803378,1.81623972561197,0.047905735843954106,0.4377987215963218,0.5680917415144363,0.4465165302606961,3.8880081753855764,7.298799207982448,7.071939683749472,1.7971386697163032,3.0483569291739485,5.82045634220876,9.156216025914581,1.9868631054621444,3.7653294868007543,119.707465,0.0,1.7971386697163032,3.0483569291739485,10308.57142857143
LOG00007,Idle off,120.0,120.5,45.61893491124261,13.904522147261748,70.75493919197075,23.12571992110454,132.0,4.415967412092379,12.471065088757397,18574.358974358973,11485.714285714286,0.0,0.0,1.684564853930475,2.1737789039907947,1.0803580216427529,1.5654787250234643,2.423495713823341,1.1956335815493855,0.7115738819499708,1.5803549010329132,0.47990013478984944,0.42731945176389136,0.5358785666043226,0.37066781547570676,4.387291064306819,6.231056926247411,7.463926837521665,1.7006514271738227,2.731899640716161,5.890519913562046,12.977221737477889,1.9446173750294977,2.697312811953126,120.436506,0.0,1.7006514271738227,2.731899640716161,11742.857142857143
LOG00007,Idle off,120.5,121.0,27.694477317554238,2.8047313282113144,72.32787254411178,23.21313609467456,152.0,2.036714744198119,5.488737672583826,13370.886165116934,9542.857142857143,0.0,0.0,1.7755922648651785,1.3838376836329076,0.7694633246068671,1.536517875984285,1.5231840694224075,0.7090160504481935,1.2869454024248317,1.0146288645791015,0.6922050646936562,0.37917323686629817,0.5242264003096367,0.3563960580140567,5.483367751178146,5.700852700940995,7.764202724166999,1.66175081945917,2.946510885294312,8.604388587144346,5.628015299643184,1.5918125872243167,2.5434835996792824,120.500629,0.0,1.66175081945917,2.946510885294312,9700.0
LOG00007,Idle off,121.0,121.5,32.23786982248521,1.2845715480070696,63.83963788115133,23.282662721893495,106.0,2.524698231859956,7.198106508875739,14651.86672302057,9000.0,0.0,0.0,1.6779599158812015,1.4623994168440173,0.8979776484593079,1.6662240766657344,1.3065012922482335,0.8030226433237684,0.4070886539914553,0.5090289854529424,0.47410327514822154,0.3434611989009019,0.5964472407268452,0.36430046504434116,2.537988951408182,5.915972501948723,8.248702996182505,1.5103227684989318,3.392569733974758,4.717042833878757,6.572460624361101,1.5738744444347794,2.296218973012079,121.445713,0.0,1.5103227684989318,3.392569733974758,9171.42857142857
LOG00007,Idle off,121.5,122.0,33.48379446640316,2.7334580144295653,44.68384239254103,23.19750988142292,105.0,2.776671080003813,7.288675889328062,15017.144268774704,10357.142857142857,0.0,0.0,3.151745212402878,2.1941093036802535,0.9953203826114962,3.1632682512952153,2.1796444009785434,1.045242750367806,0.3874461749158928,0.37191925198999365,0.4085529792810212,0.7429184157863249,0.8070017249491769,0.4983252534699864,4.210297713946761,6.0643670407659895,10.466423475244008,4.224757371534565,5.070116075802095,11.073594986672294,9.9865522226864,2.7154754206584815,5.834300693454756,121.999144,0.0,4.224757371534565,5.070116075802095,10628.57142857143
LOG00007,Idle off,122.0,122.5,49.602958579881665,12.474294323135771,19.176812262590577,22.767889546351086,135.0,5.405315627128992,13.881814595660748,19693.63905325444,13871.42857142857,0.0,0.0,5.337321381715821,3.466711286615307,0.9984376664233017,6.096695552386765,3.740275978013159,1.2467042178705774,2.088755758022803,1.5826530860165329,0.5610328982625947,0.5328747565056616,0.7329563149149818,0.4329679894599332,3.237629277690488,5.087851875394307,7.535614783474287,2.4809844443744495,3.9352056301360703,14.236035061774711,12.623980811088778,4.500282584264394,8.79094767129441,122.076091,0.22090729783037474,2.4809844443744495,3.9352056301360703,14185.714285714286
LOG00007,Idle off,123.5,124.0,15.077120315581855,8.156844465142276,44.38650768058859,23.299230769230775,95.0,1.7011854694580957,3.2713017751479287,8826.613130459285,2857.1428571428573,0.0,23.668639053254438,2.839689141678635,2.2967992589863484,0.5702499542309785,2.7848852938567856,2.1942528865950646,0.5702498424542168,0.4149911646012475,0.5365453420842093,3.199523469269428e-06,0.3916086122604537,0.5387196686507909,0.3733174457529804,3.5015899392477676,4.935169691662925,3.6132522720711457,1.7779431222690938,3.1103155985242816,8.269499101192006,7.658129197185756,2.582549250009357,7.219858103677402,123.975128,0.0,1.7779431222690938,3.1103155985242816,2900.0
LOG00007,Idle off,124.0,124.5,32.70355029585799,5.554171737290138,20.235832069863484,23.25266272189349,106.0,2.512126551340872,7.208915187376726,14908.75598760214,10257.142857142857,0.0,0.0,8.137456553701584,7.549662899657291,1.5487976812467463,8.209677488567522,7.437415851992541,1.5487976812439828,0.4606124249537518,0.462688879991802,3.3934528443858276e-11,0.6895208798917751,0.885159134963303,0.5781631547284527,3.9505102584686207,7.368416653490815,9.258410562226423,3.9551329505852673,5.568952571494511,18.218864445849867,19.40536130396129,7.849063927050239,11.752175044608315,124.249379,0.5739644970414202,3.9551329505852673,5.568952571494511,10628.57142857143
LOG00007,Idle off,124.5,125.0,28.197430830039526,3.1977594243664744,12.065131658242551,23.125533596837947,79.0,1.941341283927783,5.705671936758892,13395.581592320723,10800.0,0.0,0.0,1.0506482268869888,1.117075882743856,0.7445930921860074,1.0704819120147417,1.1617850369714733,0.7445930912983256,0.5015759594367057,0.44239371727680427,2.8398120477704238e-08,0.4008854681199315,0.502767943293686,0.32286264825721406,5.360596252032381,9.940473613594847,5.191599347994434,1.8510046712201071,2.9413612388098933,3.7813250286549045,5.48119314208773,1.084370837045321,1.8551136738919654,124.996172,0.0,1.8510046712201071,2.9413612388098933,11371.42857142857
LOG00007,Idle off,126.5,127.0,23.769033530571996,3.382086417197595,16.70084362537915,23.082169625246546,92.0,1.7088387912320915,4.54785009861933,11752.775429698506,5900.0,0.0,0.0,6.31431279265295,4.956491361625598,1.3231091209339005,6.098845848900429,4.975735862952587,1.5254785194219345,0.8229978170972994,0.6409311938227981,0.9654296445280501,0.46282558556287406,0.6902518325586924,0.4107257182247314,6.469379718010944,7.4972868986686585,5.372243892905992,2.2127292366165667,3.9988811469077805,13.543049921765478,11.47177309352265,5.676149780499537,9.281146371582862,126.714694,0.23274161735700197,2.2127292366165667,3.9988811469077805,6808.571428571428
LOG00007,Idle off,127.0,127.5,35.52130177514793,2.2318697289136367,10.265289733501591,23.014339250493098,70.0,2.2922808315463987,7.888599605522683,15724.915469146237,12528.57142857143,0.0,0.0,4.481195638171753,2.652336278243578,0.9265800536523576,4.535687396432298,2.6733672150147143,0.8662313846671362,0.5160672712891131,0.3939308996322778,0.5288827664958504,0.5177893915637266,0.5133888035882893,0.4158170286704501,3.0094974401616086,4.9728616997006,8.64605005801008,2.674472929387904,2.9398546802816243,10.957331626395574,8.583273491298643,3.682119096421008,7.416718507861352,127.000787,0.0,2.674472929387904,2.9398546802816243,13357.142857142857
LOG00007,Idle off,127.5,128.0,33.348616600790514,0.8658245990986027,25.085779496004612,23.18367588932806,27.0,2.029800249804809,7.054861660079051,15064.462168266517,13600.0,0.0,0.0,0.9790716538822268,1.3364041603196943,0.756261380059201,1.0233842431076514,1.1691653368187078,0.7553701583499606,0.47341784344280186,0.43820884472756927,0.4712240630695124,0.31429746986353374,0.38953687840941675,0.2713166035222044,2.213077569021007,5.768615437974363,7.713907777939505,1.3403500589728474,2.0129624932193546,3.2360982704192214,4.512389619597513,1.1714429954452474,2.098195645597117,127.999155,0.0,1.3403500589728474,2.0129624932193546,13785.714285714286
LOG00007,Idle off,128.0,128.5,18.73214990138067,6.110560257453922,35.624644350711215,23.294694280078897,167.0,1.7390122151880831,3.290078895463511,10440.448013524934,4328.571428571428,0.0,0.0,1.977916797384045,1.4851200962483153,1.0659768884024141,1.4571979138133866,1.1546946887677052,0.9665129370572673,1.6586372698386116,0.7219707278659351,1.0260161145769366,0.3562255790666933,0.6162818111148416,0.3959165597272275,3.941876980781626,6.697531282611983,6.06968362365783,1.351897248142194,3.3098058846252543,13.592839511892107,4.644141184038025,1.7489620575722278,3.0849599582801615,128.138255,0.0,1.351897248142194,3.3098058846252543,4514.285714285715
LOG00007,Idle off,128.5,129.0,17.94437869822485,1.1175412212721665,32.520459564503646,23.309151873767256,133.0,1.4547312073333685,2.8773175542406317,9944.625246548321,4871.428571428572,0.0,0.0,2.2585600146930243,1.3881607732725556,0.6965329547316268,2.260293935211549,1.3905832536545162,0.8412724597239003,0.23096685583579057,0.3128336061791724,0.7187108606428815,0.40030063627159834,0.49642248025060715,0.4086267626179105,5.257204588147155,6.523932418473335,5.689080191461184,1.8176407339739866,2.4833995782698732,5.9350528279877945,4.6891540474240525,1.8745777754500894,2.874816233382906,128.900845,0.0,1.8176407339739866,2.4833995782698732,5128.571428571428
LOG00007,Idle off,129.0,129.5,19.26587771203156,1.1960484613632016,22.071781988570944,23.327140039447734,94.0,1.3573155203670308,3.3229388560157793,10380.68469991547,7000.0,0.0,0.0,4.569645918641771,3.7405340829734506,0.9741151380554078,4.51398337869962,3.6895182667130517,0.9453010266001264,0.6230486750893746,0.36144928406604176,0.5906044683131223,0.4011210043533923,0.7362833864504628,0.38287408431782977,3.2266562379343453,8.538180106661112,6.916774100106879,1.6992723426672964,4.177781461243332,12.217861274473858,9.612512391529988,4.175719042730571,6.538344224982191,129.426665,0.0,1.6992723426672964,4.177781461243332,7142.857142857143
LOG00007,Idle off,132.0,132.5,28.357593688362922,2.2354408485964408,13.526939977636593,23.20560157790927,24.0,1.7785515674132133,5.393905325443787,13593.779938010708,11800.0,0.0,0.0,0.6343546858219525,0.7046871664856722,0.6474089154060844,0.7256139045107747,0.5496263285173929,0.6474342998136156,0.5440074651854184,0.42934483231753534,0.0006737789437109443,0.3361288121181643,0.324974155305323,0.2486623825179978,7.836313846443964,5.355818429666542,5.679380493682823,1.4108655704613775,1.4878819831688295,3.3198940122337466,2.773856535384529,0.6704438343492594,0.845917001464336,132.325128,0.0,1.4108655704613775,1.4878819831688295,11900.0
LOG00007,Idle off,132.5,133.0,27.46173570019724,0.9752334192688575,17.324758128753427,23.23461538461538,26.0,1.4370689575119244,5.1547534516765285,13301.979430825584,11671.42857142857,0.0,0.0,0.695405391011706,0.725135382569699,0.692708270254502,0.6894163772637452,0.7113470255217964,0.6289406005109539,0.3235379080310624,0.27909891283967503,0.2591177907475764,0.2683879004110213,0.30680407482197014,0.24265605139643853,7.4197237136784455,7.323308476997747,5.42673394359463,0.909582020617207,1.3072258118145812,2.6032902864609344,2.4727309643571678,0.7104259218604876,0.9372732472007804,132.999929,0.0,0.909582020617207,1.3072258118145812,11771.42857142857
LOG00007,Idle off,133.0,133.5,27.761462450592887,3.0121094593050732,20.077703323345112,23.10808300395257,28.0,1.471399231167139,4.98707509881423,13526.164596273291,10371.42857142857,0.0,0.0,0.9215843840668354,0.8827616477538451,0.705653860743406,0.901482402637553,0.8535004090583019,0.68825625758594,0.4325437418649441,0.254141389441042,0.41186048506285133,0.3001790289614827,0.2969782080500482,0.2616075666095188,5.1811360189823015,7.304735098399355,5.051257467267093,0.974987789419811,1.294642714775508,2.409221414915399,2.5618823366265997,0.9023818215425586,1.2732939510749741,133.047283,0.0,0.974987789419811,1.294642714775508,10871.42857142857
LOG00007,Idle off,133.5,134.0,19.428796844181456,0.7966641076043719,21.344938247484187,23.276923076923076,69.0,0.8341327329803381,3.336272189349113,10690.927021696252,8928.57142857143,0.0,0.0,0.6869364660904375,0.5183780524196318,0.5624591055359887,0.4980794455998388,0.5226050099446937,0.5337915339973178,0.4511645107548433,0.1397178229524561,0.34081849412680887,0.2492742506729066,0.2550403753055252,0.23745977790822376,4.456178436232643,7.323198691352976,3.730199929090573,0.5636363558869589,1.0026072730072393,2.560125120216531,1.6444275635716885,0.6085217800848173,0.9194026833574179,133.812849,0.0,0.5636363558869589,1.0026072730072393,9257.142857142857
LOG00007,Idle off,134.0,134.5,16.357396449704137,0.350991167175368,21.31501294396746,23.323668639053256,66.0,0.7714350817420784,2.758540433925049,9561.1932938856,7814.285714285715,0.0,0.0,0.735709640890844,0.6395275744728559,0.43973965082063204,0.5372742397159772,0.49127959571214014,0.37353665648137874,0.432265668468735,0.36461902557283704,0.33554306005169293,0.2250443839178475,0.261923737563327,0.2240873744739021,1.397409150921455,5.183144862713198,4.045806109661791,0.46316173009448713,0.9282911231896185,1.5027916166248825,1.5764539639937842,0.6892982642553472,0.9064167963770083,134.499488,0.0,0.46316173009448713,0.9282911231896185,7971.428571428572
LOG00007,Idle off,134.5,135.0,21.55759368836292,2.3835557051195373,20.776625843068604,23.320000000000004,55.0,1.2624807979520931,3.8549901380670613,11232.185122569736,7971.428571428572,0.0,0.0,0.6556269276378817,0.6876710030248994,0.7226310708711221,0.6234286017955607,0.6349552850254183,0.5825053449613067,0.31178419300760685,0.29880796238667906,0.32157334799644255,0.27495421328875436,0.36109434735839313,0.25700516589598404,7.011411748132466,7.397751541006234,5.699556186338726,0.9827848049494289,1.7254671448893364,1.8663426035977277,2.6805604524521534,0.6718400392374512,0.9770831465508023,134.604063,0.0,0.9827848049494289,1.7254671448893364,8142.857142857143
LOG00007,Idle off,135.0,135.5,27.187968441814593,1.5152717695163571,23.768558245639127,23.311065088757392,49.0,1.7198982564641727,5.495996055226823,13194.364609749227,10200.0,0.0,0.0,0.7950079122625864,0.5682843793319023,0.6646716898576756,0.6642729621030924,0.521488105513907,0.585878397477131,0.4660539445411357,0.28897957306279487,0.301009620825288,0.316793720191986,0.4151051427772261,0.2501797528643257,4.1743949921474295,9.688038263253073,4.269558952140325,1.1845098403003957,2.325081692761162,2.1533882297091944,3.2007149102792067,0.6910082186026305,0.9373639136797621,135.40909,0.0,1.1845098403003957,2.325081692761162,10357.142857142857
LOG00007,Idle off,135.5,136.0,31.816403162055337,5.167960326882081,31.937044955446016,23.20407114624506,44.0,2.692363684983743,7.186324110671936,14455.470073404857,10842.857142857143,0.0,0.0,1.1555596814493014,1.342412792400032,0.6778219519556387,1.0037432030906175,1.2763451666184977,0.7754856719993493,0.4296965166225037,0.3035445227112434,0.5781020977902356,0.43227190318579173,0.5522495042563443,0.4009132267541512,3.5714467006757626,8.857518582587394,8.201357830621754,1.899304252880649,3.2209891159608186,3.3046858574758344,4.539027076193639,1.2524756050699075,2.3186657141318445,135.960572,0.0,1.899304252880649,3.2209891159608186,10992.857142857143
LOG00007,Idle off,136.0,136.5,31.505719921104536,4.902620442539591,42.16769362262078,23.246410256410257,154.0,2.80824912215696,6.651104536489151,14575.493096646942,9100.0,0.0,0.0,1.9546739780027729,1.2554522594362698,1.1348057678547878,1.982534552174667,1.308192468403767,1.1255150180212035,1.2426996529749044,0.5264652102454577,1.0250485385593855,0.42265181995098333,0.5753998127208187,0.3907365948080426,3.33641204298987,4.946008179586017,8.841093109111133,2.0828902838015617,3.2825211111491854,9.581272825394082,5.340109108061,1.6426975887248423,2.914771761666771,136.080931,0.0,2.0828902838015617,3.2825211111491854,9314.285714285714
LOG00007,Idle off,136.5,137.0,31.321696252465483,1.7307984847800517,40.44746154347,23.17143984220907,122.0,2.19254380890283,6.916745562130178,14340.131022823332,9114.285714285714,0.0,0.0,3.2523873284567903,2.28295380540022,0.9316618060050268,3.2445470432996664,2.267744129087848,0.8498486186828146,0.4224239037989281,0.4567907094411261,0.3150145774578285,0.45625551680938814,0.4972607229804277,0.4236016879580189,2.5681382704231037,4.959540275548531,12.660588606191505,2.282179706733678,2.8704136740043857,9.5539576359159,7.993587173318115,2.809795491837231,5.047560554837459,136.885952,0.0,2.282179706733678,2.8704136740043857,9222.857142857143
LOG00007,Idle off,137.0,137.5,29.614595660749508,1.8644562808222511,24.508286188848924,23.084753451676526,109.0,1.9440915362702718,6.1173372781065085,13919.244857706395,8842.857142857143,0.0,0.0,2.8615640488644822,2.3704437264171982,0.6659769421131149,3.0246519622205916,2.3931580395298107,0.6846157259628816,0.6025478339801821,0.4163490380247935,0.36125298697120606,0.3869119255502643,0.5042005002764065,0.44096576723398784,3.781714227961421,7.215441861039046,8.912220884010434,1.8802061479462777,2.8928946525638968,7.516057760578682,7.809744583124912,2.6275037836190016,3.4763819107360865,137.004337,0.0,1.8802061479462777,2.8928946525638968,9100.0
LOG00007,Idle off,138.0,138.5,33.061143984220905,8.712767450128464,17.11737667114271,23.220927021696248,114.0,2.9586474739880204,7.2183037475345175,15140.539588616513,10357.142857142857,0.0,0.0,1.2634860321390897,1.358897423211276,0.7790869571102241,1.5790406231952951,2.6354651976560586,0.8039996475636642,1.3820623780303436,2.1912770185102888,0.4501992535357187,0.3207782358552386,0.3925180158763503,0.3153691818202342,3.988135188648135,7.670477176054245,7.201783504177251,1.2514091556355662,1.9389193292561746,7.3332885062284205,8.91666436247643,1.3120592898609473,1.9430629132756858,138.000745,0.0,1.2514091556355662,1.9389193292561746,10628.57142857143
LOG00007,Idle off,138.5,139.0,34.58577075098815,8.229677034351797,28.626431300900432,23.0347628458498,125.0,2.825952992007131,8.11610671936759,15357.29813664596,10328.57142857143,0.0,0.0,3.504500863753606,2.47495552636269,0.7555489247913968,3.990565316233292,2.8832371326022774,0.7123906986643282,2.425717480889377,1.9619526522150763,0.24753382152810913,0.42793622039554463,0.675237875492028,0.46730996295065086,3.29362622008511,7.091761895217851,7.256807918061819,1.954032709070516,3.9463384279974916,13.765540983814443,13.13580629861085,3.033721407901769,5.7854259501354415,138.758419,0.0,1.954032709070516,3.9463384279974916,10400.0
LOG00007,Idle off,139.0,139.5,28.283431952662724,3.096451117566055,41.775015330187756,23.268244575936887,174.0,1.3715510896185077,5.230907297830375,13584.065934065935,9785.714285714286,0.0,0.0,1.035872227830716,0.9999135757454914,0.7840111001987274,1.110148244479763,0.9513349002799213,0.7505280814470194,0.8571058483799598,0.5387906919924622,0.39934073043973944,0.3577858416125646,0.44345015286025297,0.3375506862083448,4.9575447831750035,6.950129608587193,5.288388238153415,1.6046339907947915,2.4328892431294893,8.367425333166373,5.980573415872679,1.0180516763286391,2.4100373111705906,139.000124,0.0,1.6046339907947915,2.4328892431294893,10022.857142857143
LOG00007,Idle off,140.0,140.5,34.59388560157792,1.850939867533421,21.52485455132906,23.248579881656806,84.0,2.4988727889393476,7.653451676528599,15344.604113834885,11742.857142857143,0.0,0.0,4.354826059460398,4.56274976852129,1.3494963522934436,4.372653442547644,4.46351347348701,1.3604182357267383,1.1584416178542785,0.6216104201683827,0.7433569425013351,0.7056775936342372,0.6573625439549051,0.5705005479241441,4.528153242063856,5.2704567450219235,9.359045906100627,4.111036861542182,4.047786867173247,13.687769342949888,11.994903585755,4.459999745420198,7.2022542300251695,140.10901,0.0,4.111036861542182,4.047786867173247,12000.0
LOG00007,Idle off,140.5,141.0,34.97475345167653,4.968404480833915,18.224685511671122,23.049329388560157,40.0,2.6608311361400765,7.635877712031557,15667.554240631165,12242.857142857143,0.0,0.0,1.6824235050056708,1.0332304767888039,0.7826180894912936,1.8404953361129202,0.9981393715846583,0.6793716369571453,0.8449551754895999,0.479712121807226,0.48111023186088425,0.3351400426889782,0.39495436318288796,0.3144794484141343,3.704142752488753,4.431283621624773,9.265317979722164,1.3725796106525379,1.9174436961719137,5.465329128717419,4.153608730156791,1.3960863276246183,2.4022792544969978,140.892326,0.0,1.3725796106525379,1.9174436961719137,12385.714285714286
LOG00007,Idle off,141.0,141.5,35.51067193675889,10.753054752256343,33.769137931336786,22.979644268774706,178.0,3.4578000695461513,8.494071146245059,15365.6691134952,12214.285714285714,0.0,0.0,2.7044300104804533,0.8205413637442743,0.776596531053013,2.747160649034056,0.789119861736917,1.1032817754912214,1.6403100249431104,0.1503465554251466,0.9211163523320286,0.3501121804560202,0.4051304718926853,0.3507040877825028,5.2397093202351845,4.99630389590204,5.437664200779877,1.3704565735357241,1.7863419167008203,11.660039525624708,3.172884125821384,1.9984030888690374,3.771609885285526,141.464526,0.0,1.3704565735357241,1.7863419167008203,12428.57142857143
LOG00007,Idle off,142.5,143.0,42.01242603550296,5.318797693769819,13.157443693866801,22.964161735700195,112.0,3.4172447614926167,10.499763313609467,17521.942800788955,14185.714285714286,0.0,0.0,4.380341702269739,4.9308701312797245,1.4777460979481536,4.374229043177671,4.867826388781436,1.5719507583294186,0.9924813214071159,0.5558594896837153,0.2615670369904609,0.4959341364481125,0.6965976687545802,0.46975830186448714,2.737172357866435,3.9390973958990805,9.325818037599479,2.503695387928186,3.879404652749663,13.008190410332995,14.40920700622777,4.663736360483401,8.75990724067323,142.512243,0.13214990138067062,2.503695387928186,3.879404652749663,14428.57142857143
LOG00007,Idle off,143.0,143.5,38.9319526627219,2.3786038231829534,21.91825265658809,23.063037475345165,132.0,2.6692471436480534,9.179072978303745,16660.50295857988,13785.714285714286,0.0,0.0,1.345368457301654,1.266607050054375,0.8427623349173955,1.605950536625294,1.2313530562119877,0.8940164079246402,0.8395059948577064,0.4190590953727172,0.6031754968195125,0.3337536268221609,0.42221873378805785,0.30830597514081376,2.8444733273988194,3.8829657595358715,11.978831425275548,1.4998626932773111,2.138352993087111,7.460481024727265,4.39360302422929,1.3065813608707413,1.7973166256407818,143.033139,0.0,1.4998626932773111,2.138352993087111,14328.57142857143
LOG00007,Idle off,143.5,144.0,33.67278106508876,1.4271144240341902,35.43536632154979,23.031854043392507,61.0,1.8067410497848835,6.789329388560157,15227.106227106226,12642.857142857143,0.0,0.0,1.976068257077579,1.358114587497581,0.735633651074986,2.3149624892803518,1.3495148424757106,0.7658448442695727,1.3585264343466639,0.4784370196625016,0.5343640224741932,0.359386281952926,0.3670923421492622,0.27942312848760603,2.8237396271725217,5.235666989261179,9.788657978342915,1.7703411760219119,1.9138974657777919,7.03681499586255,4.811639405364702,1.695482378174917,3.191429865548794,143.781931,0.0,1.7703411760219119,1.9138974657777919,12757.142857142857
LOG00007,Idle off,144.0,144.5,25.73715415019763,2.0136890722738277,42.68902032508777,23.097806324110675,79.0,1.34879606392785,4.5375691699604745,12873.708356860532,10871.42857142857,0.0,0.0,2.0613781179462127,0.693044904574063,0.6260865920201639,1.998904328331549,0.6996790730190823,0.6285994950948963,1.3870936395007316,0.2320988146977377,0.3053869026090265,0.28942661624005767,0.34644824135644864,0.26752578560227336,6.723432363348987,10.771471243610543,5.760489328145827,0.9844096462331827,1.6330485752011314,7.830971247038056,2.6923989038973235,1.5377891573462756,2.8236716438398717,144.363998,0.0,0.9844096462331827,1.6330485752011314,11371.42857142857
LOG00007,Idle off,144.5,145.0,25.25956607495069,0.8741759766425938,47.21570455383612,23.11179487179487,18.0,1.0068219662130788,4.413865877712031,12655.677655677655,10585.714285714286,0.0,0.0,1.0175122904616183,0.8533568095649926,0.6457593123275561,1.1637695544785895,0.7489108306224395,0.6497683261762488,0.7860629976393534,0.31029437634397217,0.29173051831821484,0.2548116618866057,0.3522141114785832,0.22286499659863204,7.861507275402593,12.220728725515162,6.134544302374784,0.837856424347387,1.6276686960720135,3.0775640358045058,2.4109382559828725,0.939028515453975,1.4806844883641332,144.66687,0.0,0.837856424347387,1.6276686960720135,10800.0
LOG00007,Idle off,145.0,145.5,24.100591715976332,0.9404034369520232,51.29893705127786,23.127988165680474,24.0,1.0400473151081033,4.28568047337278,12214.630881938574,10471.42857142857,0.0,0.0,0.9367091002952165,0.7349488399227121,0.5195281254792338,0.9846322774970094,0.7079642286415495,0.52189165011711,0.34910653383546086,0.31546131209230044,0.20662413565097285,0.27952720699010114,0.28818025028676697,0.23578486089345052,5.410268817217734,10.635531951158313,5.740931206308626,0.7469132728267563,1.1867109408106942,2.8922122188279467,2.7160128567928945,0.8418948081202345,1.456802783142958,145.043735,0.0,0.7469132728267563,1.1867109408106942,10628.57142857143
LOG00007,Idle off,145.5,146.0,27.457199211045364,1.7143674245707534,54.30313380605806,23.08879684418146,40.0,1.4307877106336881,5.457751479289941,13239.067342913497,11671.42857142857,0.0,0.0,1.0560104749678427,0.9069121801229366,0.768480548785256,1.054125772049515,0.8787120950671492,0.7743820185107564,0.5821443030600842,0.33103841471583745,0.3336032415023565,0.28070100028733946,0.34107198087679286,0.23498997783959527,6.919430492989326,7.980332516422096,5.608542404867948,1.0080552729782146,1.6273213568369898,2.852038269022427,3.115147189433321,0.98428853129993,1.4744156444083973,145.817195,0.0,1.0080552729782146,1.6273213568369898,11771.42857142857
LOG00007,Idle off,146.0,146.5,28.69921104536489,1.572520235281917,56.03580538827104,22.901735700197236,86.0,1.6070105210572887,5.516114398422089,13656.92448577064,11671.42857142857,0.0,0.0,3.0064007799538564,0.9973733856068234,0.692953010022862,3.85012214589935,0.9730164629862558,0.7243333050702683,2.85198219949071,0.7032586573818473,0.1505128913055677,0.3173714254375647,0.3833129967722522,0.2857861643389498,7.0508784343991,7.931892894161079,4.741495088122797,1.2728573744035425,1.9056750851783937,11.653444183640426,4.257491367180602,2.239776698693865,4.752744770199539,146.225627,0.0,1.2728573744035425,1.9056750851783937,11800.0
LOG00007,Idle off,147.5,148.0,22.404339250493095,1.286518208149127,30.440135487117967,23.010197238658773,130.0,1.7087301708262468,4.1879289940828395,11444.075795998873,8271.42857142857,0.0,0.0,5.758580131793033,5.434022034318543,1.676214936411319,6.251242613486815,5.257857927552549,1.714769438457812,2.5200878091291536,0.72956528658519,0.8460213660251013,0.4897684787150554,0.7565874766381098,0.4493458693158737,6.225745528968991,8.027806358151933,5.04629408913023,2.41883458245463,4.280653355514272,17.9637482855189,13.061906913953905,5.59865343648546,8.072628048117052,147.941227,0.021696252465483234,2.41883458245463,4.280653355514272,8442.857142857143
LOG00007,Idle off,148.0,148.5,25.424852071005915,1.7606407206888586,11.060484143323423,23.054753451676525,70.0,1.5344233425628209,4.837475345167653,12487.757114680191,9785.714285714286,0.0,0.0,4.03138941265906,4.28152256098764,1.5146353865307527,4.014122736546513,4.2800795406731265,1.3575463991052237,0.5083093939029854,0.505718322969335,0.5578862085900393,0.5308219062884495,0.6401823735068396,0.45031202099010764,9.082909490639397,8.991721125392512,7.357535057944626,2.756008322834162,3.7205865909952363,10.318593546654752,11.181486530226696,4.158337169876062,6.660535142502639,148.000419,0.0,2.756008322834162,3.7205865909952363,10308.57142857143
LOG00007,Idle off,148.5,149.0,35.06134122287968,4.357944589064652,14.655430348251851,22.993234714003943,41.0,2.8059641023380215,7.500927021696252,15509.735136658213,13028.57142857143,0.0,0.0,1.8667943877543567,1.2686019239985258,0.6542873950049551,2.058716611471116,1.4281395372496983,0.6012801080032711,0.7588648770776437,0.5366716301889634,0.29083422826841393,0.4283178942707311,0.5210217134673569,0.34308242417228235,2.679889758237815,4.951799930113794,9.079119895590999,2.0014184468683998,2.893306065396189,5.951148928569989,5.758622725982076,1.5959749571537654,2.755998913104999,148.554856,0.0,2.0014184468683998,2.893306065396189,13228.57142857143
LOG00007,Idle off,149.0,149.5,34.06311637080868,2.4465328992451743,34.763810540241636,22.898757396449703,115.0,1.8600888845268804,7.12473372781065,15170.153564384334,13100.0,0.0,0.0,3.6122355390770147,1.1535525289895507,0.5751409899945129,5.044022182715386,1.119552072665158,0.5751561048927256,3.6481844368281204,0.5005644943975506,0.00028758937280272726,0.4527774261160024,0.46374328221122163,0.293153444913392,2.484281842359356,4.366341144139978,7.5555587599780685,2.2878148140570054,2.512580343120336,15.539794306894532,5.060774628671886,2.6813176823074514,5.990283191630167,149.209923,0.0,2.2878148140570054,2.512580343120336,13284.285714285714
LOG00007,Idle off,149.5,150.0,30.001383399209487,4.068380200251147,46.717629709963276,23.032648221343873,35.0,1.9896485549329073,5.710019762845849,14172.564935064935,11371.42857142857,0.0,0.0,1.352981494525277,1.0406855305808216,0.6664846271753428,1.6379787039241511,1.0228998914700502,0.6664846271864082,0.7182554008363261,0.4582017315216689,2.9385486592843955e-09,0.33981848505978757,0.4041500466906525,0.2925119153648493,6.344330901127422,6.344111854932862,6.75120584016232,1.4117560466217343,1.9573623316749542,5.150501721598559,4.271192222781898,1.2069766563790985,2.0511041759559157,149.500954,0.0,1.4117560466217343,1.9573623316749542,11557.142857142857
LOG00007,Idle off,150.0,150.5,24.579092702169625,2.579542634354329,53.68807130607093,23.077633136094676,27.0,1.4178060643212107,3.7634516765285997,12522.52042828966,9657.142857142857,0.0,0.0,2.1383999625106798,1.0811776619338094,0.5192088844038971,2.268312184775147,0.9555166844880234,0.5192088843973827,0.9717236184146391,0.3504762577436912,5.140581846716923e-10,0.30367755608079416,0.3995104632162892,0.257113688282661,5.232293009369164,10.513970687793979,6.695149176231532,0.9466382119170907,2.0582712047884315,5.406001486404338,4.214654625170069,1.6943582171917386,3.620810048861235,150.329657,0.0,0.9466382119170907,2.0582712047884315,10022.857142857143
LOG00007,Idle off,150.5,151.0,24.904930966469426,0.5229971141676266,56.38719621301086,23.171499013806706,61.0,1.3474316395987307,4.613727810650888,12359.594251901945,10328.57142857143,0.0,0.0,0.8197540593116945,0.895481326018466,0.6285020144829065,0.7407062958665388,0.8708760256760565,0.628493576913239,0.45142520932499963,0.43169226127936633,5.029869116353305e-05,0.2626437322967556,0.35505712948671114,0.23710553201392415,8.541547870301114,9.73518375894633,7.649276451484262,0.78824160388579,1.6843492457025706,2.2196895495209383,5.3723303080559015,0.8584531213193276,1.2952341996832064,150.518089,0.0,0.78824160388579,1.6843492457025706,10585.714285714286
LOG00007,Idle off,151.0,151.5,33.819329388560156,12.31008715258046,56.82068695323958,22.88380670611439,111.0,3.8602362223966615,8.298303747534517,14927.240067624682,11585.714285714286,0.0,0.0,1.8203602205871108,1.5768098760172589,0.9130028212144197,2.128047264514945,1.7446344065261221,1.184229530030228,1.3275975389573915,1.2555665918032715,1.0406744154682788,0.36836488707572346,0.5465870743640415,0.45101164221904044,7.904707526194371,5.376987669485314,7.168707572738561,1.4561671554345095,2.904326923002131,8.020314444395696,7.596324243463698,1.7029446141612354,3.08224193578765,151.463205,0.0,1.4561671554345095,2.904326923002131,11800.0
LOG00007,Idle off,152.5,153.0,51.81420118343196,8.52716019834755,11.706156507995045,22.518382642998027,76.0,5.340228096915941,14.776134122287967,19695.54804170189,14485.714285714286,0.0,0.0,1.9930822452171382,2.7044034530744243,0.905349222622307,2.1747952643644424,3.180398564997432,0.9450086162270049,0.6173336645671459,0.9488390758273072,0.21106322900321614,0.3845090922024328,0.5500142232369973,0.3233631171192898,3.098429314439782,3.983158497859499,7.358090573521071,1.5973945160971403,2.8408501773069372,4.680523243225564,7.93016859622146,2.3755183511394575,8.026163814739515,152.500063,0.0019723865877712033,1.5973945160971403,2.8408501773069372,15160.0
LOG00007,Idle off,154.5,155.0,31.551873767258385,13.602777425518926,19.458467543790952,22.876686390532544,177.0,3.088955101573565,8.200591715976332,13753.324880247957,3100.0,0.0,8.086785009861932,4.792724339216803,7.704146430592342,1.3732954357795595,4.936117531985727,7.6599287024142315,1.3719285546931148,0.39052946032782615,0.7953918265365217,0.3150067713023875,0.7237353640230477,1.13469698305866,0.6407965469384054,3.176113351734475,5.087966970842797,8.02665126361197,4.076055347504313,6.7096694245507065,16.08857386697088,19.27656086589535,6.415764912141416,11.315926840875207,154.769117,0.4812623274161736,4.076055347504313,6.7096694245507065,3157.1428571428573
LOG00007,Idle off,155.5,156.0,42.413609467455615,10.657210067342975,25.242891310137626,22.912998027613412,158.0,4.41013570667547,11.13560157790927,17600.035221189068,12000.0,0.0,0.0,4.933897556256027,1.8116266800674528,0.9535411315067622,5.9506785210191975,2.2371871273744226,1.1456694376635579,3.3353108125357203,0.9145296318226491,0.5141696489367162,0.4147973300794527,0.5776846757912819,0.5458230015259242,3.2195932166307935,4.3812014502436245,9.418236881354247,1.7998140904344158,3.0625914513740753,15.197386363064032,6.099924014141795,3.7165398103317435,8.306659690789134,155.58006,0.13214990138067062,1.7998140904344158,3.0625914513740753,12985.714285714286
LOG00007,Idle off,157.0,157.5,27.75325443786982,1.5747653343715353,27.488207198875397,22.92084812623274,116.0,2.2181485932558025,5.676568047337278,13149.901380670612,8300.0,0.0,0.0,5.534957378018382,5.240873618480647,1.177110582088762,5.433122133553387,5.170090787659628,1.043094579935265,0.5332160390267232,0.37899837006308673,0.42223919369550916,0.6569291838017517,0.6988270273316766,0.5653271879835434,5.56759741779788,7.715608306995898,6.418350499678935,3.4703870993377914,4.15072855462383,14.426580770980259,12.125413024950573,5.389921588546838,6.989862749636522,157.162484,0.0,3.4703870993377914,4.15072855462383,8728.57142857143
LOG00007,Idle off,157.5,158.0,25.41600790513834,1.4068018954565131,10.6600333917213,22.977430830039527,73.0,1.5180938119460525,4.70800395256917,12582.707509881422,10557.142857142857,0.0,0.0,2.5351275584771282,2.3179437215592857,0.6973369188948173,2.62304718005699,2.2512297494374414,0.7252421119553479,0.43624037901286455,0.5183206382572259,0.3615842252989115,0.3512205815057876,0.41153632085290986,0.3288231873774562,7.167699201598657,9.215478375217558,6.135091363718832,1.6251620352488139,2.159505529694942,6.954681080596458,6.976244275376495,2.428964268373078,5.097432215258018,157.501858,0.0,1.6251620352488139,2.159505529694942,10842.857142857143
LOG00007,Idle off,158.0,158.5,34.35739644970414,4.639522301489982,14.792496310245424,22.907672583826436,90.0,2.5733498943451503,7.561104536489152,15213.172724711187,11514.285714285714,0.0,0.0,1.498796260161413,1.756379711494103,0.7598476146092048,1.5450789077042577,1.7251525588166667,0.7629881487135437,0.41416350658156575,0.4747108330289537,0.4264223636001198,0.48272311021084535,0.4751588777899995,0.39565617316748297,4.832040864436445,6.135735057109225,10.386069217345229,2.3514875635309846,2.5024009827065097,5.350625320604967,6.155288292557632,1.6326757057698182,2.239836179755093,158.270374,0.0,2.3514875635309846,2.5024009827065097,11714.285714285714
LOG00007,Idle off,158.5,159.0,23.065285996055227,2.673121760749415,22.400873634852147,23.09757396449704,38.0,1.7929997327201206,3.7573372781065095,11862.69371653987,9971.42857142857,0.0,0.0,0.7812481482899174,1.4172464541824024,0.5981634330556289,0.755133751883059,1.5892373698125195,0.5355517655681858,0.4472522780421631,0.992768293558598,0.4024303779995403,0.30070021722891105,0.3426700587664201,0.2579267795218559,6.106911012456119,9.178797207887833,5.446230228214094,0.9835746381350231,1.5814863317235357,2.2076610379273904,5.806036442496519,1.144319924911521,1.9867593919993216,158.560422,0.0,0.9835746381350231,1.5814863317235357,10114.285714285714
LOG00007,Idle off,159.0,159.5,28.818737672583822,3.592588248010685,25.432410956814486,22.96145956607495,21.0,1.9190432768608856,5.798323471400395,13487.869822485207,10771.42857142857,0.0,0.0,0.9830915217360329,1.0032327176327818,0.7397338241648663,0.9806978135519163,0.9853628573701401,0.690955039482047,0.3037568583626955,0.34307724919952876,0.22901219453542054,0.35258394458739273,0.34404809970504535,0.2954122521753181,7.464686362377766,7.743737414246495,7.049761073301623,1.5725579931951372,1.640347392679256,3.0157378129096397,3.9822089555522413,0.9932131759693198,1.5456744535782698,159.102038,0.0,1.5725579931951372,1.640347392679256,11494.285714285714
LOG00007,Idle off,159.5,160.0,27.783431952662724,0.3338285130703944,30.128441732372238,23.1405325443787,1.0,1.3698237696996574,5.445147928994083,13315.335305719922,11942.857142857143,0.0,0.0,0.8753045523410034,0.659503460256908,0.5607737754404101,0.8530705024472398,0.6595478980982161,0.5564408462795511,0.2699101434010863,0.0003037628159332507,0.01564313057789499,0.2624061362227309,0.27239253275546726,0.239922737298282,7.70054479148599,9.329378603448081,4.788555768101361,0.799962785558162,1.013495496944991,1.956630360304139,2.1220175729436495,0.7749525383659698,1.3091859654812212,159.538096,0.0,0.799962785558162,1.013495496944991,12100.0
LOG00007,Idle off,160.0,160.5,22.904142011834324,1.5135035192920965,33.62872203792949,22.917416173570018,33.0,1.1918010120201263,3.626311637080868,11786.221470836856,9785.714285714286,0.0,0.0,0.6559285664138413,0.7480078285011891,0.5305466621607257,0.5911997145803309,0.7406200689092226,0.49592596601971833,0.22789594960724366,0.3984088786623364,0.1543405556496818,0.2231295577827752,0.2629440569226175,0.2632045217918874,7.432321755403824,8.7274740467265,6.207263720411545,0.6328217199254302,1.113880593502376,1.421169893389848,3.311566008402654,0.7034763662472187,0.9160826771726157,160.429943,0.0,0.6328217199254302,1.113880593502376,9971.42857142857
LOG00007,Idle off,160.5,161.0,23.94940711462451,1.7829699554186733,36.31870539120934,23.045731225296443,33.0,1.06045739795774,4.17804347826087,12022.04263128176,9785.714285714286,0.0,0.0,0.6264210731424452,0.7163949259143845,0.6715390051126807,0.5550396999957504,0.6175625123584936,0.6414627113185275,0.2699546988146678,0.44551037557359807,0.2301404860903892,0.265967057549606,0.3612270295653915,0.23620108551994023,6.798046942980035,9.462524116515954,5.919023695888064,1.000320170367692,1.8556043033349845,1.822672320344987,3.149440002923664,0.6729134605403616,0.9328172790818234,160.874881,0.0,1.000320170367692,1.8556043033349845,9914.285714285714
LOG00007,Idle off,161.0,161.5,27.312623274161737,0.4251446233692866,41.26633456636231,22.79414201183432,7.0,1.1697034934497292,5.022524654832347,13203.648915187377,11514.285714285714,0.0,0.0,0.6248032997733161,0.49556675647183435,0.6100035822775688,0.584773409969115,0.49803695166382567,0.6036550241621551,0.2899977589580687,0.13421044828154774,0.22730274662027036,0.24512956450709295,0.3221697372633196,0.26401848701082214,5.461911376715741,10.011486157813147,4.68393094054368,0.9128965600887246,1.534184745940933,1.820332240953728,2.3742537496759057,0.5638996247239569,0.7548325358997746,161.000174,0.0,0.9128965600887246,1.534184745940933,11614.285714285714
LOG00007,Idle off,161.5,162.0,29.405917159763312,1.1839344100994678,47.18823853344756,22.805384615384614,5.0,1.2446281400179084,5.425877712031558,13875.535362073822,12000.0,0.0,0.0,0.6775514685389525,0.5904757233309301,0.6432544433662386,0.6132621105356376,0.5806194038222202,0.5931838003311153,0.35732591988298634,0.16951202990544306,0.23057373110780166,0.2852447083046997,0.34611309410780633,0.24967788035395053,6.875573676278781,5.761239492845268,5.513314246609335,1.1068333843439249,1.511587789386072,1.9485492504577775,2.4543163282375104,0.6355067160787825,0.9821305331125977,161.999559,0.0,1.1068333843439249,1.511587789386072,12100.0
LOG00007,Idle off,163.5,164.0,41.76331360946745,7.2112335160327214,11.647337443446595,22.720729783037473,45.0,3.530749057583007,10.531814595660748,17266.744153282616,12071.42857142857,0.0,0.0,3.8650321095748392,4.61660325221654,1.4341311606988054,3.8559263046921672,4.585847222830373,1.4471924790371609,0.7167769106478104,1.6942835101088067,0.3860552059273399,0.45516499858795645,0.6150779800919879,0.4818320863931417,3.348972615080153,4.180530486572187,9.040577242658689,2.2505933064903725,3.388003139307654,8.185955163140028,11.818816275158719,4.257434602928202,8.518329370629074,163.531678,0.10848126232741617,2.2505933064903725,3.388003139307654,12922.857142857143
LOG00007,Idle off,164.0,164.5,54.904142011834324,14.300778678525859,37.094840059452586,22.171932938856013,113.0,4.818112184935775,16.0534516765286,20545.843899690055,14142.857142857143,0.0,0.0,1.3870789508800272,2.8488245125146165,0.9463734575375765,1.3785466402439157,3.354776941338841,0.937593589922021,1.0142488673083792,2.488168258385577,0.15266211213525283,0.40592060245023004,0.5744631943865399,0.3391244501013876,3.352020953596519,4.397345091471084,9.111411838690893,1.5532963366761856,2.6616991368181053,4.633298568115568,11.919602471430121,2.2405121199268905,5.054891083669747,164.489622,0.0,1.5532963366761856,2.6616991368181053,14428.57142857143
LOG00007,Idle off,164.5,165.0,32.00828402366864,4.478285370118143,69.38316411546356,22.922445759368834,115.0,2.9204724051189523,4.973846153846154,15295.51282051282,12571.42857142857,0.0,0.0,0.7826316064352807,2.344439366616307,0.7472209252160932,0.9706643320280545,3.649893595533673,0.7516071235327983,0.6244347264657623,2.748527495057025,0.3829253787286915,0.30941380519524514,0.3760648265362156,0.2670407243498697,3.0248551094983704,4.894223020520297,6.115853345934917,1.3038309657352025,1.8056725707660815,2.9762372495620157,13.999859114534848,1.7476996559952362,5.214089646496805,164.512315,0.0,1.3038309657352025,1.8056725707660815,12757.142857142857
LOG00007,Idle off,165.0,165.5,58.69033530571992,16.515433141163232,83.974670395347,22.481163708086786,20.0,3.8473240433006075,14.213925049309665,22838.496759650607,15985.714285714286,0.0,0.0,2.3585338457614924,1.9758706579076897,0.9562020901530082,2.2794907375582003,2.4288666479052323,1.0373209228846774,0.4963559548205524,1.3170100548283044,0.27929164662128814,0.38262462341601927,0.46759152688896416,0.42547750140766466,3.7347120830411322,4.347791967692411,7.205521930806018,1.1565843076488211,1.9305904109132188,4.417108570799765,5.378384673510483,2.1756317195682575,3.9693027350767625,165.10622,0.0,1.1565843076488211,1.9305904109132188,16614.285714285714
LOG00007,Idle off,165.5,166.0,50.76482213438735,17.76795500242962,98.16769136856463,22.500533596837947,75.0,3.352361197105066,10.821739130434782,20736.363636363636,15142.857142857143,0.0,0.0,1.6226589296751412,1.6699686149889896,0.6350371682110133,1.5761400626746955,1.9124800990125113,0.6509420104284688,0.3149032735113399,1.031200247201157,0.09983846915992907,0.39317147936007146,0.47858912702755946,0.33457563669870327,3.1317588367895786,3.4737154091185842,8.213169153429007,1.4768691226842336,2.0178919138698332,3.5614315192634494,6.656151127046843,1.646483704307868,2.160309330777254,165.737618,0.0,1.4768691226842336,2.0178919138698332,15414.285714285714
LOG00007,Idle off,166.0,166.5,58.937869822485204,13.359507314980974,110.84339433640648,22.167731755424064,46.0,3.6579488736183308,15.08992110453649,22524.084249084248,16414.285714285714,0.0,0.0,1.760328139294972,2.912578640914795,0.8641940410802792,1.7348018029932448,3.0033782834723186,0.8630427025919263,0.34339287873895513,1.396239230914673,0.027304070016835626,0.3685006700469055,0.5603511614746625,0.3262653490851992,3.2069194905445495,4.499734382597398,6.998319789964619,1.264820777612844,2.433285787405295,3.3918919449872558,5.928901564983043,2.4064361094268407,5.576277776558777,166.484442,0.0,1.264820777612844,2.433285787405295,16671.428571428572
LOG00007,Idle off,167.5,168.0,33.2930966469428,5.993784722718731,37.16244261594074,22.621124260355028,78.0,3.8554123832810494,7.260138067061144,14788.299520991828,10014.285714285714,0.0,0.0,9.46785130671157,7.009237319981527,1.391399191013235,9.680889592593855,7.017207342790721,1.4261354162106201,1.3937717926563784,0.4794567227445713,0.4270890853860929,0.8707749476821357,0.7549547445876253,0.8217339961947959,7.320408504053091,7.846355979271724,8.271337514542763,5.054001094832939,4.470239840393127,26.574965603819347,18.63968534665983,8.329754383348346,16.156216765005805,167.55189,0.4516765285996055,5.054001094832939,4.470239840393127,10457.142857142857
LOG00007,Idle off,168.0,168.5,31.520315581854042,2.85720679504282,14.819141455049623,22.57497041420118,46.0,1.9326104023772377,6.388382642998027,14349.133558748943,11371.42857142857,0.0,0.0,3.205219978130331,0.9899052026800887,0.7240275254597601,3.3510053380697915,0.9304640828411858,0.6980585590114212,1.385308202102427,0.3204919681284617,0.6945093956582916,0.3340698617874177,0.45422412610230717,0.34001572786513723,7.352667835206836,6.2642328669712075,8.93039665261875,1.429022772804208,2.4684766778608838,7.776589558903881,4.058011288956917,2.372061067774069,5.140396785474713,168.000769,0.0,1.429022772804208,2.4684766778608838,11428.57142857143
LOG00007,Idle off,168.5,169.0,23.89051383399209,0.833387376064291,17.507646258510917,22.90909090909091,47.0,1.0636704673575657,4.319308300395258,11974.647092038396,9757.142857142857,0.0,0.0,3.13498031162541,0.6368387280495774,0.6429602245206125,3.234164613337152,0.5194388524491218,0.6250195191873629,1.2419068201344885,0.2959453180103755,0.19585599671619291,0.2808486965483345,0.39309426155289867,0.2925518154554533,6.902556048283927,12.766708664404327,6.541512120940739,0.870625336059096,2.04017321578316,7.892559161550649,2.5491221460367526,2.262041679525683,5.273677202898397,168.633142,0.0,0.870625336059096,2.04017321578316,10471.42857142857
LOG00007,Idle off,169.0,169.5,23.80138067061144,1.8349172108495087,26.07714351488512,22.77086785009862,12.0,1.0849933499251108,3.854122287968442,11996.858269935192,9571.42857142857,0.0,0.0,0.9422797208550809,0.7478551135475137,0.5481722434462372,0.9457224758354358,0.6441776646539603,0.5481786652561763,0.5824096892318468,0.24252047260854875,6.932877450432561e-05,0.25057536981157424,0.27615427900001055,0.26711309421526186,7.838004418009781,10.002186827882591,7.135412538525126,0.8236935686116978,1.2945128498854004,2.534573557103997,2.1070933081078724,0.8506404478961411,2.3394000212171213,169.009019,0.0,0.8236935686116978,1.2945128498854004,9700.0
LOG00007,Idle off,169.5,170.0,26.485601577909268,4.0799565133619415,33.68005822528092,22.663471400394478,62.0,1.4782951724787161,5.176844181459566,12692.103409411102,9542.857142857143,0.0,0.0,0.6719237878128622,0.6944611817656261,0.557797067928008,0.569176319190863,0.49451509348106426,0.6018449383591381,0.40759852589138196,0.34148997649031126,0.2860020183767911,0.27654625469638255,0.3743637660968961,0.24798173564934087,5.109453265148701,7.676962967240591,4.843760383612257,0.9583454390153939,1.7943732950529458,2.6153846153846154,3.5593031696182384,0.6832854124039582,0.9071835439934454,169.983738,0.0,0.9583454390153939,1.7943732950529458,9700.0
LOG00007,Idle off,170.0,170.5,25.626824457593685,1.8561668564989355,40.48372288048488,22.75775147928994,66.0,1.4844384430829358,4.563451676528599,12591.800507185122,9314.285714285714,0.0,0.0,0.9852220125042893,0.6223505268357251,0.7631399491397598,0.9585949238653941,0.5290462482933623,0.7357303240205572,0.491517301037638,0.4053478126609491,0.35089769614531124,0.3139983084226097,0.385155909127068,0.30384942345522453,7.276798505041184,7.328201665685116,5.080090899599577,1.2645706999608752,2.014981376819966,2.5865682488037933,2.986821811974921,0.8240092815544331,1.3102226966196866,170.479977,0.0,1.2645706999608752,2.014981376819966,9585.714285714286
LOG00007,Idle off,170.5,171.0,23.32879684418146,0.6232819638490025,39.665333810408825,22.716982248520708,64.0,1.5617965640690346,3.9966863905325445,11724.006762468302,7485.714285714285,0.0,0.0,0.9010191527156183,0.7510648274871565,0.5968871496643838,0.8201417422416829,0.776032394925096,0.5360146082827784,0.41195795235900834,0.2955279903987693,0.2739583958212214,0.28672345199022575,0.4294297921667265,0.3441311200326092,4.311540854785008,10.48165773845428,11.461278276671852,1.0603884701072945,2.044272156928877,2.4551198366329894,3.1315660801583642,0.8294377278158629,1.055867040329431,170.806526,0.0,1.0603884701072945,2.044272156928877,7628.571428571428
LOG00007,Idle off,171.0,171.5,27.474505928853752,2.7370828960060964,35.553431899551704,22.880889328063244,64.0,1.9423041310971363,5.517588932806325,12920.475719932241,8114.285714285715,0.0,0.0,0.7586826040411035,1.0843487111192744,0.6435018684429756,0.8377853998240539,0.9479503768918397,0.5629711660226152,0.291101114368434,0.28291783176206553,0.404661116237985,0.39509975905370043,0.5238805375907407,0.3714888783412334,5.6001158612860085,8.76443220619208,10.916050090532922,1.7736648221444544,2.746318025053652,3.1691447207203343,4.076346500300708,0.9357914887892022,1.468579534021399,171.162672,0.0,1.7736648221444544,2.746318025053652,8271.42857142857
LOG00007,Idle off,171.5,172.0,40.36015779092702,4.9977145047471465,32.747756449599585,22.43717948717949,80.0,2.979829212133455,9.950059171597632,16728.014933784165,10557.142857142857,0.0,0.0,1.5699237946248454,1.5195662928725209,0.7400297339360742,1.433553660232099,1.473113562849798,0.8353437446580763,0.491565043676455,0.5279941458623447,0.45333262597374807,0.4719480022232511,0.5338816760160153,0.3830829885581339,3.4978929598785675,4.180744127687151,10.252400090890465,2.3427450408865433,3.0564028545369344,5.164550689695085,6.196009404800698,1.5449502321051658,2.144141290469634,171.651013,0.0,2.3427450408865433,3.0564028545369344,10871.42857142857
LOG00007,Idle off,172.0,172.5,31.356015779092697,2.9497464711949326,35.75400439165357,22.73785009861933,56.0,2.4905103822226358,6.450986193293886,14347.802197802199,11314.285714285714,0.0,0.0,1.3527644700972363,1.2756038684141615,0.6674958846027282,1.415269814241795,1.0707929273300794,0.7291374086065437,0.6016100741103652,0.7275967593617113,0.44436674926617575,0.3591121096601121,0.4169900676445411,0.3132531844287471,4.997173947986755,6.129657141986437,8.42876916505996,1.6835568193626707,2.253148770991809,5.370310669448327,6.3270497220588,1.3147503452501217,1.9783607616038348,172.026886,0.0,1.6835568193626707,2.253148770991809,11485.714285714286
LOG00007,Idle off,172.5,173.0,31.924457593688363,3.787979723582053,44.71875206682214,22.607100591715977,87.0,1.7149220233684477,6.28284023668639,14730.395886165117,10714.285714285714,0.0,0.0,2.1499121123058225,0.6855577591830478,0.6029560093691481,1.6009037128348824,0.6734461734582161,0.5428408018636549,1.8050668802551022,0.257695113132353,0.2741398952541741,0.32625183866396357,0.3632675665901914,0.2713633435252971,3.6760441789349714,5.923706483637125,7.9972610284529715,1.33339400612413,1.7454071455131728,4.271136095969767,3.241739616262381,1.595636476741392,3.666918818938631,172.93648,0.0,1.33339400612413,1.7454071455131728,10888.571428571428
LOG00007,Idle off,173.0,173.5,23.965088757396448,1.8186368472733065,50.38418287151865,22.87528599605523,84.0,1.106039486268156,4.140315581854044,12090.969287123133,7742.857142857143,0.0,0.0,0.7881879828335527,0.9345415072776537,0.6789755813944575,0.6751845393340233,0.9229217536782313,0.6426247960626185,0.4313769913890693,0.36344687375395063,0.3370076759297281,0.2601329413245695,0.3768195294301405,0.28656524631515456,6.895084889107566,6.783219805696,6.130921391238294,0.8259029798936868,1.6375311219122215,2.005908432370046,3.1852718263116993,0.8644675023122654,3.617717614709732,173.000606,0.0,0.8259029798936868,1.6375311219122215,8037.142857142857
LOG00007,Idle off,173.5,174.0,19.99802761341223,0.2633348099230029,48.314783428781126,22.83534516765286,100.0,1.3860416962377853,3.350019723865878,10594.357565511411,6342.857142857143,0.0,0.0,1.3015787493087307,1.637575290168922,0.8169828499157683,1.2941645313475527,1.5869090405458681,0.7779126806444443,0.30178729364175,0.28130534002786894,0.3107812415816066,0.32795292867029563,0.353243055771179,0.3111404767521521,10.78717975763294,6.045739759129033,9.042348948441402,1.1990602311967595,1.7504516799079275,3.813450709218238,4.8897106475703165,1.4791484157487222,2.630506835016124,173.937832,0.0,1.1990602311967595,1.7504516799079275,6418.571428571428
LOG00007,Idle off,174.0,174.5,21.537747035573123,1.1935010375038777,38.49448183935107,22.97610671936759,98.0,1.6823172631299583,3.7700592885375497,11015.118577075098,6757.142857142857,0.0,0.0,2.9212504379197664,1.9345473751580051,0.87693743745857,2.976719502044751,1.8391875528391008,0.764449012767595,0.3213071672240152,0.32245749861905,0.4192052933164894,0.43794530185342634,0.5619535209527238,0.36475635692968333,5.569262456169132,6.763672972821106,4.853795994711853,2.0099819098550022,3.048764346173543,8.95774004531096,6.108699168693515,2.4775166667226634,5.129184374729225,174.484376,0.0,2.0099819098550022,3.048764346173543,6928.571428571428
LOG00007,Idle off,174.5,175.0,26.872386587771206,1.4107319097409456,20.251376382517112,22.823767258382645,68.0,1.750986502385688,5.315759368836291,12797.80924204001,9157.142857142857,0.0,0.0,5.869213746573416,6.5403621516906085,1.5327026650692257,6.1310113941734965,6.326698152800784,1.5588792315149544,0.5070832756129817,0.6228974066444134,0.39547639333135776,0.8153717904223785,0.7028882234371976,0.5541322747419531,5.944808310859727,8.25527301383081,5.396856254617871,4.487084337476537,4.332711507335791,15.040707419680038,15.722883736080469,6.213855770704425,9.411389716658965,174.806976,0.21893491124260356,4.487084337476537,4.332711507335791,9657.142857142857
LOG00007,Idle off,177.5,178.0,24.841420118343198,3.8258567455286774,11.771615380362475,22.918717948717948,145.0,1.6867303152602215,4.6065483234714,12122.111862496478,8628.57142857143,0.0,0.0,3.409713884869372,2.68171765704171,0.9614753329599941,3.6303213639082608,2.8296362436491966,0.959802044114191,2.219113772495234,0.9878536730837212,0.026398768522433023,0.4917413341157891,0.67107456418789,0.4506138236470719,6.809696022766111,8.041980509256463,7.032256362917728,2.3432003595591766,3.725220808547372,11.725576824777844,8.975640934079014,3.0673896368704336,4.303267966952943,177.807071,0.0,2.3432003595591766,3.725220808547372,9142.857142857143
LOG00007,Idle off,178.0,178.5,32.72406311637081,2.720542943106494,26.397993387273413,22.677396449704144,80.0,2.090914272030529,7.067869822485207,14501.634263172726,10200.0,0.0,0.0,1.2942139124054528,1.5708469137875167,0.8453649645392762,1.2207255282981382,1.3048984857008685,0.7321315360363247,0.6994014716923822,0.753493738324575,0.539161204579152,0.5462568289444765,0.6254837354864152,0.35706713815957486,6.359109730167109,5.517531423066731,8.770315209361392,2.8647129396648134,3.704414769459482,5.747823531143562,6.888660894193253,1.4391924259145468,2.2350058272969306,178.010302,0.0,2.8647129396648134,3.704414769459482,11400.0
LOG00007,Idle off,178.5,179.0,35.62130177514793,1.720906337068731,41.334044416793695,22.690552268244577,74.0,2.2290378664068244,7.942268244575938,15499.478726401803,12428.57142857143,0.0,0.0,1.3870071539000566,1.3625020684237408,0.8337104945260213,1.4034991727647421,1.2766560055611988,0.7637944116053277,0.4911093566559719,0.32612483840754675,0.3749374460313974,0.4109789258574087,0.4653409433948048,0.342655201277892,3.691944324203831,5.303349035219712,18.19345309330882,1.9765847978427604,2.72878738855523,4.648386286555102,5.3269809309086416,1.3748092106595937,1.9252730676204983,178.965286,0.0,1.9765847978427604,2.72878738855523,12642.857142857143
LOG00007,Idle off,179.0,179.5,30.90177514792899,0.5684131383005068,46.27954190570544,22.54854043392505,51.0,1.88618856685192,6.047100591715976,14169.53367145675,11400.0,0.0,0.0,1.1474128690937575,0.9279249944757993,0.5996249938063256,1.0693667323039255,0.8836808768000276,0.6280206531766053,0.3667539514090118,0.3751323578560605,0.3501356132943748,0.36383589092453134,0.43899354463109236,0.2990551610739351,5.029765192250427,7.173987271686286,7.428739610974373,1.7471339135821906,2.3213065663977175,3.4329302151271497,3.4802910848811135,1.043456057420455,1.7920549561590753,179.02152,0.0,1.7471339135821906,2.3213065663977175,11457.142857142857
LOG00007,Idle off,179.5,180.0,31.21857707509881,0.31680649414329537,45.391605112883845,22.676442687747034,51.0,1.8454096808107157,6.298498023715415,14233.053359683794,10800.0,0.0,0.0,0.9514704538964093,0.988253530007593,0.7606956515913024,0.9142424623250471,0.9637341746046126,0.6222003362381827,0.3815812467233748,0.3015250870874134,0.393356266979006,0.3857355847542313,0.40041745505089055,0.2628402838007241,2.964124408523399,9.465963961117696,7.592426830164605,1.9013046415084147,2.4372389343477288,3.161965166698555,3.5727891253735296,0.9700363560739123,1.3709754415285231,179.56511,0.0,1.9013046415084147,2.4372389343477288,11042.857142857143
LOG00007,Idle off,180.0,180.5,30.71577909270217,0.1368407074223725,42.98184125278893,22.713116370808677,55.0,1.7391271697407633,6.200749506903352,14082.741617357002,10628.57142857143,0.0,0.0,0.7435358628424039,0.9874284205926003,0.6295387849555093,0.8964730098976421,0.988781744605893,0.6691494895107644,0.4318440283383056,0.3589367188973387,0.3563383895729202,0.3699699432899242,0.38558020977385815,0.2792661926236961,2.0049762959352124,6.430784924125309,7.0905703460808684,1.6272476492136614,2.0374252957961407,2.7926361324109767,3.7223669592199937,0.8740310249432784,1.207872162849073,180.141254,0.0,1.6272476492136614,2.0374252957961407,10800.0
LOG00007,Idle off,180.5,181.0,34.192110453648915,6.72956449904259,41.01516473373751,22.833767258382643,55.0,3.273894612663901,7.63207100591716,14809.488588334743,10614.285714285714,0.0,0.0,1.1473690574822633,1.2309109226408863,1.2544559731912577,1.0476587752546034,1.0660613788405648,1.076322404618124,0.4838379974529406,0.5013949415936291,0.9375695483905709,0.5309191971237625,0.49301045245240255,0.4924404714910816,3.7135003086859877,6.185923353553506,9.935515246440557,2.6521532462566633,2.919862919966544,4.4901821455479105,4.747884403777864,1.189873407876732,2.4952093712891292,180.98672,0.0,2.6521532462566633,2.919862919966544,10800.0
LOG00007,Idle off,182.5,183.0,19.39901380670611,5.709006951182111,33.34983423023719,22.80826429980276,107.0,2.147292952409619,3.735009861932939,10030.649478726402,5242.857142857143,0.0,0.0,2.5999882886081234,1.3789402937382664,0.7788260597878877,2.54574752433899,1.3333666146444074,0.7682774476248297,0.40538641061749053,0.6237115754238327,0.1360963600268451,0.40648790086221587,0.5169519753004632,0.3898494511832169,5.075102627010606,5.715390365934782,5.567531375570016,1.6590048928913437,2.747083779554132,7.306477631842541,6.394647663294092,2.0810352513345824,4.360377101386856,182.953877,0.0,1.6590048928913437,2.747083779554132,5742.857142857143
LOG00007,Idle off,183.0,183.5,26.471203155818543,6.544350223986429,13.387777821527678,22.76491124260355,91.0,2.448134722365317,5.526844181459566,12519.871794871795,7814.285714285715,0.0,0.0,3.983953667288088,3.5320021408478484,1.1081172301650213,3.9924296588177675,3.4118079818874354,1.0761478509496871,0.5951091075248502,0.5956551391014678,0.24843007557459026,0.9158661179700814,0.872922649760447,0.6039887668475202,5.87233624631788,7.592857141953928,5.231215815009016,5.040952262539679,5.4875498436210055,14.674106056593628,13.324429966233051,3.7647659918016148,5.284896860460882,183.378089,0.0,5.040952262539679,5.4875498436210055,8008.571428571428
LOG00007,Idle off,183.5,184.0,41.8120315581854,4.654034030430003,23.605354589887263,22.571775147928992,68.0,3.1741246856640024,10.094852071005917,17040.602986756832,14100.0,0.0,0.0,3.54066969494729,2.608377706535517,1.2242890733153244,3.418508771967375,2.6222846673194584,1.2250275044281214,0.6111363724777481,0.569466007242435,0.007902911718424189,0.6203768220959989,0.6549176428888558,0.5351607716538667,2.9772496190383406,4.342100817734092,10.522949648812101,3.2946275462868204,3.9192003230562626,10.37482919704465,10.041138261854996,3.109660443574958,4.5821656731196105,183.715486,0.0,3.2946275462868204,3.9192003230562626,14328.57142857143
LOG00007,Idle off,184.0,184.5,36.43214990138067,3.508891483223786,38.4771496373363,22.735049309664696,76.0,3.080921548666086,7.896311637080869,15880.649478726402,12942.857142857143,0.0,0.0,1.7076541005761623,1.2144069773684831,0.8260114852696572,1.7925097136361248,1.3207157485365677,0.8208290865681637,1.0374162140117262,0.7704849374336293,0.3295241087750376,0.4146002803927702,0.5061555623175064,0.28397476035374675,2.6606238793291315,4.162998619611955,10.359444167254294,1.9870201097997264,3.1098453323072133,8.149369840475039,6.215714639626109,1.481699502918159,2.4888147459230847,184.000595,0.0,1.9870201097997264,3.1098453323072133,13198.57142857143
LOG00007,Idle off,184.5,185.0,23.47554240631164,1.7062229332375785,42.5539455770355,22.797731755424063,37.0,1.619097480153075,3.493412228796844,11885.439560439561,10228.57142857143,0.0,0.0,0.97036667490464,0.9826839734145909,0.564057918453985,1.0269663547304337,0.7728016173393925,0.5541299362183607,0.6845558250190023,0.572620828940406,0.22051018355532445,0.2699754890300018,0.2751237057121251,0.23487391940770536,7.396246065754398,6.800446533865315,5.963960038483155,0.7482040045018468,1.1338143335280062,3.9313637966709654,3.4743353201957583,0.976544744333657,1.3867200262203463,184.580681,0.0,0.7482040045018468,1.1338143335280062,10400.0
LOG00007,Idle off,185.0,185.5,26.40079051383399,2.9752867745644545,46.0619798533857,22.569644268774706,20.0,1.3632250230446916,4.6968577075098805,12792.638339920948,10800.0,0.0,0.0,0.7010040043606869,1.0433446821842074,0.5335730743270284,0.7244106093230938,1.0315834889353772,0.5840506536207736,0.2529884005788688,0.4524978558874865,0.13775120654302028,0.2853634351734205,0.3724669228091939,0.29268379200793393,6.162958258505,11.803428869037964,5.828251512078208,1.1146154295904682,1.879886862793214,1.909514351684359,3.309765166072278,0.8888123367651303,1.492774225553125,185.058167,0.0,1.1146154295904682,1.879886862793214,11021.42857142857
LOG00007,Idle off,185.5,186.0,20.955226824457593,0.5470625321057,50.11583747094179,22.705660749506904,165.0,0.8446826724959887,3.412189349112426,11007.45280360665,8085.714285714285,0.0,0.0,0.7019738061221734,0.5030699621665363,0.5158632815769981,0.7363594761647074,0.4644278357971746,0.5504741014085675,0.4870282950819645,0.24003534254123554,0.44525339669612396,0.25548231516537734,0.38552134075496974,0.25020770145073923,5.864077789462835,7.8812681935136215,5.633068361689533,0.7544321348193511,1.8731906415003257,7.572919676454749,2.6698698710246402,0.6106744678287651,0.8962121588990956,185.998345,0.0,0.7544321348193511,1.8731906415003257,8390.0
LOG00007,Idle off,186.5,187.0,28.790138067061147,9.351105651419752,33.63942177923602,22.68836291913215,163.0,3.243333949343501,6.352228796844181,13035.848126232742,9171.42857142857,0.0,0.0,7.493358127682516,5.944289474861634,1.9415027471207909,7.711278100415309,6.014936416732,3.0103228445028063,1.9098153291412123,0.9665752466085773,1.6345755411412808,0.6766956658524261,0.846335688842108,0.6356512786124032,5.65110119586107,7.831366006001522,5.485590355402271,3.459117122459016,5.1254542272311525,19.60884757840341,13.923856048465263,6.763319946248899,14.411214034057252,186.996725,0.34122287968441817,3.459117122459016,5.1254542272311525,9828.57142857143
LOG00007,Idle off,187.0,187.5,44.63727810650887,13.364537360622894,12.762990174691957,22.43698224852071,66.0,4.597102648027368,11.43122287968442,18193.216398985627,11371.42857142857,0.0,0.0,2.8465484941987276,6.455006621425582,1.656996393809307,3.914339369035065,6.6781616940730695,1.9534260012500602,2.4414909001868184,1.0729828166744415,1.2314685498912459,0.42653217463772475,0.4984328137997787,0.3735851052747695,4.648691812782626,5.064808546722439,8.586548696589228,1.8017079841501613,2.4599367600199744,9.20562815583976,15.906159723822821,4.988484179210812,14.408297847555913,187.011524,0.1893491124260355,1.8017079841501613,2.4599367600199744,11585.714285714286
LOG00007,Idle off,187.5,188.0,35.317786561264825,21.774570870689168,26.76545082103041,22.548162055335965,166.0,4.930291696511705,9.00296442687747,15138.742236024844,7285.714285714285,0.0,0.0,2.3325237988184395,3.4336031880877935,0.8751537825060137,2.4885917464363954,4.44929390249907,0.9244522987709107,1.132359531816977,4.092289165469506,0.40845259970290804,0.6057402590526842,0.7204676367694844,0.8206525592589096,4.405790879556362,5.49035976516468,7.33194585794765,2.7883689569813193,3.841053133238303,6.050022049415933,21.080590702061127,2.9351574170136994,5.139650657141318,187.822465,0.0,2.7883689569813193,3.841053133238303,7442.857142857143
LOG00007,Idle off,188.0,188.5,27.89467455621302,19.38177103782638,35.13372817083858,22.62670611439842,110.0,3.126067131944655,6.804201183431953,12645.78050154973,4871.428571428572,0.0,0.0,1.0405342838759875,2.8029674956275588,0.6869679872197078,0.8036936595061315,1.7464996469788416,0.6869688110426496,0.6666012065733865,1.929982691930735,1.035758011768384e-05,0.5296108905149911,0.9393362428139059,0.6458719999134218,2.8932552346477385,4.20614288543761,4.581773326117696,2.499368529805157,5.214673869223041,3.468653656017611,12.72823198823588,2.1141592155589826,4.161580662216008,188.261479,0.0,2.499368529805157,5.214673869223041,5071.428571428572
LOG00007,Idle off,188.5,189.0,20.626232741617358,3.888419336943249,47.89032190038246,22.880335305719925,46.0,0.6035466355933563,3.155502958579882,11025.908706677938,7871.428571428572,0.0,0.0,0.6736978743479519,0.7990122873294361,0.38031863732889726,0.5226170900128227,0.6621868194496402,0.40595400121550024,0.41941799294517107,0.3925511072232716,0.22943696359240753,0.2836458529617028,0.4340884278869179,0.27214847154517613,4.283685431257138,8.870352895761664,3.5218957867148246,0.9333351444222037,2.188108474953368,1.5307499032409537,3.905945500952395,0.7390160557133946,1.1808079200464032,188.502198,0.0,0.9333351444222037,2.188108474953368,8000.0
LOG00007,Idle off,189.0,189.5,37.13451676528599,6.470220960929348,51.14000022967567,22.660710059171596,39.0,2.098587937405571,8.418658777120315,15763.975767821923,10228.57142857143,0.0,0.0,1.063529439006622,1.3968014055390383,0.7122629548499166,1.0251068312321814,1.3537555612891512,0.6570043338353554,0.3843532544520271,0.457264955889422,0.3345198087908022,0.36964300290947694,0.4896246802701506,0.3296864805779629,4.897025085771063,5.343276358897369,8.48991236126155,1.6266723562472911,2.6442017480716222,3.135971863175309,5.218499939384594,1.2414002243735847,1.8803188940622197,189.281578,0.0,1.6266723562472911,2.6442017480716222,10880.0
LOG00007,Idle off,189.5,190.0,33.33293885601579,1.4229590534030865,61.940713653025,22.61852071005917,50.0,1.8951933971950214,6.366449704142011,15071.196111580728,12757.142857142857,0.0,0.0,1.2077049012529348,1.0174742453758423,0.7109924695036293,1.207339017450932,1.0999397425259203,0.7991796760447064,0.501669840161469,0.49740375790386754,0.5498634671127092,0.3580899316985146,0.40675547502947823,0.2861124592133145,2.9138345158505836,4.409379025631053,6.9791268992200255,1.5363592252529104,2.1018004164553505,4.107769134016984,4.330753290493049,1.116647878364863,1.591997733526751,189.665348,0.0,1.5363592252529104,2.1018004164553505,12985.714285714286
LOG00007,Idle off,191.0,191.5,29.34950690335306,1.8047315506394426,24.800559431917,22.753570019723867,135.0,2.2244144183463472,5.755049309664695,13517.87123133277,9442.857142857143,0.0,0.0,3.81835033300706,3.9707826793457377,1.284433388055394,3.691945647300447,4.036180149424942,1.1503738137938277,0.4185355533375556,0.4362156681004708,0.5976946393312706,0.609707939141383,0.6582971743687409,0.45994505004387,6.2926375526764,7.617808325837886,5.909694948026009,3.214833262260133,3.849306325451685,11.215743372968376,11.035535214720905,3.8953122052132882,5.5963258468989885,191.072165,0.0,3.214833262260133,3.849306325451685,9637.142857142857
LOG00007,Idle off,191.5,192.0,35.74497041420118,6.263824107902933,12.001577337699938,22.59254437869822,134.0,2.7915746237161567,7.91224852071006,15272.936038320655,10714.285714285714,0.0,0.0,2.0648850092942346,1.5267020124224537,0.7157041169138106,2.7738630102958215,1.6859700338569852,0.7265854904142784,1.4628458080321822,0.7889175232329113,0.6237028852960401,0.3834141028014091,0.489906450787903,0.3393824484642489,6.307461894555746,5.080646362157371,9.29865169256577,1.8023335777805864,2.816073066415142,7.8802677193981525,6.937165152641934,1.8158426606320848,2.8694805274643476,191.882114,0.0,1.8023335777805864,2.816073066415142,11428.57142857143
LOG00007,Idle off,192.0,192.5,34.267850098619334,7.325261734606359,19.982660546213186,22.617889546351087,56.0,2.7808603592442336,6.94301775147929,15151.577909270218,10471.42857142857,0.0,0.0,1.9844720165376917,1.2299374074235867,0.6714900997289261,2.3576811456514664,1.5397033100008723,0.8451843047007556,1.1832785802283543,0.9981384645484177,0.6089744582169739,0.3377063141619667,0.42877174581301636,0.3009176761338124,4.333410733921275,6.529767337387678,9.105209467459197,1.4900035291447788,2.3448916242482563,6.815836067701096,5.927903461404525,1.6508899434246103,3.204328203210345,192.307316,0.0,1.4900035291447788,2.3448916242482563,10771.42857142857
LOG00007,Idle off,192.5,193.0,21.61952662721893,1.784867735468772,29.39932055640104,22.603195266272188,40.0,0.9701295689437264,3.653648915187377,11154.311073541841,8671.42857142857,0.0,0.0,1.6062789384120417,0.587711087825575,0.5855851552348197,1.3551003199793081,0.46202817477068986,0.5854750212684307,0.8620539659234848,0.3876152460308529,0.0016660295472357967,0.24744174053142257,0.3037602772832905,0.25413588999292247,5.146346908150752,6.580780300392225,4.681621286112872,0.6666517560149564,1.3084662274345138,4.054121043567574,2.1515555585434027,1.2094495340317513,2.3413726357697264,192.645703,0.0,0.6666517560149564,1.3084662274345138,8942.857142857143
LOG00007,Idle off,193.0,193.5,21.31877470355731,1.3843647251806577,33.78244192612648,22.61201581027668,8.0,0.9776191792921458,3.580750988142292,11101.701016374927,9214.285714285714,0.0,0.0,0.5954326543544761,0.5295375142691509,0.5080813527610643,0.5992751035862312,0.5116474685246502,0.5080813536297026,0.4053089657740114,0.134990673982524,1.849995367679146e-08,0.2353222697543043,0.28292560616143,0.19621150499173862,4.749408869074359,6.388623352119632,4.16457165838347,0.62348278316277,1.1120016692083035,1.5199594336171929,1.8980955714660346,0.563449210173361,0.7568413558452105,193.40239,0.0,0.62348278316277,1.1120016692083035,9371.42857142857
LOG00007,Idle off,193.5,194.0,20.432741617357003,0.5702286630030139,37.93997945127832,22.744792899408285,12.0,0.9170411963158234,3.3035700197238658,10759.19977458439,9100.0,0.0,0.0,0.6468346548759516,0.7108326409103414,0.47378555742914696,0.542160071256568,0.6016610136525623,0.4737855574281034,0.39482887880225936,0.42300029587568766,3.156508809174009e-11,0.2165363389514967,0.2850481164350872,0.22323010601955537,1.9446411119019031,6.063607411993537,1.9799810692578994,0.5070787914933464,0.9182124714561589,1.7535537318072993,1.819790394761949,0.6795874167949486,1.0778889340806819,193.949928,0.0,0.5070787914933464,0.9182124714561589,9257.142857142857
LOG00007,Idle off,194.0,194.5,24.110453648915186,3.273187528837355,41.77372393985313,22.785108481262327,17.0,1.5455728309672032,4.444516765285996,11830.395886165117,9785.714285714286,0.0,0.0,0.8799026168614141,0.7924207242434597,0.5600694116360647,0.8905150269814294,0.6238356114469162,0.5600693795808402,0.4576436237195079,0.3378266347044716,2.606071920089681e-06,0.263859880239233,0.3104642961286987,0.26092750375869056,5.3221328125240825,8.632712881012695,4.218040742642508,0.7946138693888631,1.4634949703998417,2.40110099663784,2.3895730103090873,0.8373049681478354,1.3097528795877698,194.43334,0.0,0.7946138693888631,1.4634949703998417,10042.857142857143
LOG00007,Idle off,194.5,195.0,30.031163708086783,3.820289344714831,46.47592467203397,22.665936883629193,23.0,1.8506478412510767,5.934497041420118,13902.225979149054,11371.42857142857,0.0,0.0,0.7940685362476708,1.1648998202460432,0.5949464617760644,0.7652883414234601,1.3479869298224498,0.6002576451790962,0.23972176415583082,0.8262624070413399,0.09530179740656111,0.34617461148100004,0.36424118240651315,0.2408564062755096,5.544633479630738,7.507164320769623,6.101703903009888,1.36591987207638,1.746156649781238,2.49140534472333,4.401676209318051,0.9968792382901209,1.4196842887945516,194.702669,0.0,1.36591987207638,1.746156649781238,11465.714285714286
LOG00007,Idle off,195.0,195.5,24.763708086785005,0.3361583312405253,48.559910374908355,22.68609467455621,12.0,1.0650500942143686,4.447199211045365,12190.300084530854,11042.857142857143,0.0,0.0,0.6561687797461945,0.6385746770139735,0.5752398069888189,0.6383312296581221,0.6500404755763559,0.5931596060038782,0.16375173928316128,0.2674183881746903,0.19148459320436265,0.2420117638611197,0.3061724365369094,0.2399149313318953,5.073672799303741,12.104216985387978,5.462649287249853,0.6310880480206738,1.3244973899334027,1.671196998646187,2.446266728567805,0.6474314966222722,1.155953911114489,195.004554,0.0,0.6310880480206738,1.3244973899334027,11371.42857142857
LOG00007,Idle off,195.5,196.0,26.420907297830375,1.8886447676753433,49.5024781972984,22.76562130177515,11.0,1.344754043553165,4.852130177514792,12657.35418427726,11314.285714285714,0.0,0.0,0.8523251018204554,0.7826546969876876,0.711770325019591,0.8278525210920554,0.7738529305936953,0.6226588380298927,0.29714562247095283,0.19718451749179436,0.4030398913896712,0.2581038670181022,0.31738590161638935,0.252234978169493,6.9120161241121485,10.155446019708512,6.113833732983098,0.7526609413215394,1.4718808464118973,1.8456195808131393,2.8144456890281524,0.8182317684831538,1.4065870058149406,195.996038,0.0,0.7526609413215394,1.4718808464118973,11428.57142857143
LOG00007,Idle off,197.5,198.0,37.31834319526627,20.35722976160153,18.866690241288865,22.73597633136095,175.0,4.978736342771255,9.501794871794871,15251.944209636516,9828.57142857143,0.0,0.0,2.038554909920742,2.341429436060431,0.6925458780313014,2.5411404857723308,2.4794303293520557,0.6760579533037894,1.3918661832538077,2.0116464116881128,0.24643783703767608,0.5141990897872651,0.589015283996458,0.4114776220817731,5.45397906570227,7.804712605768656,5.595350836851465,2.142547901254871,2.8037002408080243,9.322619943103456,8.578676375928815,2.1952218481069554,3.63216944212622,197.953348,0.0,2.142547901254871,2.8037002408080243,10057.142857142857
LOG00007,Idle off,199.0,199.5,40.143392504930965,4.961700527047316,12.927759452995831,22.351183431952666,148.0,2.933775671386226,9.759250493096648,16493.307974077205,12428.57142857143,0.0,0.0,5.181432540446339,5.793521844493841,1.648389071769631,5.429306602736727,5.456648986148605,1.648406345240698,1.0094190161474477,1.013090016381924,0.048658736843413465,0.6896419857934292,0.9953270748072421,0.5905797969652478,3.782122238671503,5.263213492290996,9.64603983575583,3.6745292858092276,6.04743444692045,17.361000525617555,17.739846944808924,5.49600484596873,8.906451355771663,199.161874,0.1341222879684418,3.6745292858092276,6.04743444692045,12642.857142857143
LOG00007,Idle off,199.5,200.0,30.956015779092702,7.564482713420959,12.344535461572136,22.485621301775147,53.0,2.6840447237094764,6.195601577909271,14187.426035502958,10357.142857142857,0.0,0.0,1.0464574622477945,0.9226461149312956,0.5542601278365518,1.0745930705426545,0.7618831967857402,0.49523283608062973,0.5933807235806948,0.4609680384608266,0.1658347060350765,0.3014448033215731,0.3252560164101709,0.26088636599926923,6.390934860664308,7.046745137950319,7.1396150373283245,1.0331191129702364,1.5195466876616803,4.099117141680984,3.09736797344441,0.9864960906389614,2.4052061788520684,199.500259,0.0,1.0331191129702364,1.5195466876616803,10618.57142857143
LOG00007,Idle off,200.0,200.5,27.54299802761341,3.0610818635800183,23.09316897966683,22.571715976331358,51.0,1.5978121879602698,5.245128205128204,12886.883629191321,10714.285714285714,0.0,0.0,1.1982281793734384,1.0850158585173697,0.6500859850480561,1.2320288616490047,1.1047421578832026,0.6133926500935608,1.0693267643083855,0.6582038223284201,0.36041574585859354,0.28855678459436074,0.3633655206979354,0.2635948926844164,8.238880486647453,6.790502740431202,7.237285150808199,1.0469818260688175,1.6460633328314076,4.487545772595973,3.675710560726013,1.1430245367179943,1.5465557272590127,200.487796,0.0,1.0469818260688175,1.6460633328314076,10965.714285714286
LOG00007,Idle off,201.5,202.0,21.89209486166008,0.7603675773343732,22.14064173163922,22.63083003952569,101.0,1.2800514383709305,3.875098814229249,11130.65358554489,7000.0,0.0,0.0,1.8538333901376949,1.7435292779110607,0.5845593136526714,2.2825133975619414,1.6565362546750542,0.594670934860223,1.0283138994484742,0.5765324672019171,0.19093468336080976,0.399878215285884,0.5595674002995603,0.40248524241262584,6.957408531006882,9.17086234793097,9.310715340022629,1.7295259878859692,3.04555050101144,6.726444773321011,5.481373417808218,1.7995266851761995,2.522970314090503,201.503945,0.0,1.7295259878859692,3.04555050101144,7103.571428571428
LOG00007,Idle off,202.5,203.0,27.83136094674556,7.012939767553042,19.6101940314379,22.578678500986193,133.0,2.5063450878493563,5.460414201183433,13188.088193857426,9900.0,0.0,0.0,1.7542580768305933,1.170418108780674,0.646082943363319,1.8260980910394526,1.1889956260421761,0.5648069143554851,1.6518286648450458,0.7914162730420181,0.28666327585697216,0.34317140548600666,0.4194439202751918,0.34402258142374664,6.230931456869537,7.301448223614615,8.190855437572067,1.4269057533541012,2.2270919945185996,12.033647763707652,7.230632841048651,1.4911907908592885,2.8459009498918086,202.570405,0.0,1.4269057533541012,2.2270919945185996,10042.857142857143
LOG00007,Idle off,203.0,203.5,26.16627218934911,3.484106844206969,30.629725251566168,22.60465483234714,74.0,1.6528367914444009,4.925009861932938,12449.436460974923,9657.142857142857,0.0,0.0,1.0820287297583238,0.8335056761840901,0.5716092298065506,1.230676678399935,0.7755346003158674,0.5453336660059782,0.7381134676166611,0.5081476855874252,0.19005479222322838,0.3120815605117109,0.37632093000346567,0.25404752369051836,5.900206029512066,7.095661414885687,5.133408037833439,1.0501722572953083,1.8034579886542084,5.16073019006754,3.8448715811253265,0.9657944616359915,1.5622044988840578,203.23041,0.0,1.0501722572953083,1.8034579886542084,9837.142857142857
LOG00007,Idle off,203.5,204.0,34.43372781065089,5.364437147193458,41.852034244396,22.462642998027615,60.0,2.402856489838812,7.408875739644971,15072.668357283741,10985.714285714286,0.0,0.0,2.378801862083634,1.8692543142672906,0.6301398254556585,2.574132826887414,2.444296912864866,0.6301656943286069,1.4199884994143994,1.8523671711647036,0.00029379783543842823,0.3546002705813437,0.46150569742645553,0.3012549515961819,3.981800034298044,5.602986598117758,8.971102713804388,1.588290775509362,2.5533533322364304,7.21397394771725,7.359733722993841,2.139253373312689,3.702865894793682,203.825304,0.0,1.588290775509362,2.5533533322364304,11400.0
LOG00007,Idle off,204.0,204.5,25.74407114624506,0.7461193588863719,48.357014673602855,22.656561264822138,52.0,1.123249599569637,4.404664031620554,12483.519198193111,10300.0,0.0,0.0,0.8972856270307836,1.3038437424082017,0.6371197180779298,0.8652156914126758,1.235422080650401,0.6371197175270629,0.4174752055935772,0.7141849738784085,6.411920538635396e-09,0.2906951690684969,0.3459522371158165,0.2808383074457072,7.794334883482161,9.196728825694002,6.360404121284161,1.0830073310521615,1.698698893535314,2.873485165447602,4.312405122975348,1.1191805040057325,1.7633086790105363,204.328446,0.0,1.0830073310521615,1.698698893535314,10528.57142857143
LOG00007,Idle off,204.5,205.0,28.616568047337275,0.11461993109522389,53.15694616457152,22.55319526627219,30.0,1.051085360740094,5.244812623274162,13513.919413919413,11557.142857142857,0.0,0.0,0.8345074894980454,1.3456184721726456,0.6158649679115297,0.8498573267809996,1.2167945761519183,0.6158649679115712,0.5155039865755578,0.2922224514229949,1.298399988371108e-12,0.27888490801075005,0.3151948026135562,0.2653292919807546,7.671343948952508,7.551694478034998,5.467618400590915,0.9546876965572036,1.4587566342637823,2.571655542407817,3.7284555342140586,1.1196186454951027,1.6318326044360825,204.799033,0.0,0.9546876965572036,1.4587566342637823,11714.285714285714
LOG00007,Idle off,205.0,205.5,22.993491124260352,2.4809365957099865,58.29834142198437,22.6091124260355,24.0,0.8979496170217306,3.7108284023668636,11682.058326289094,9257.142857142857,0.0,0.0,1.0050224163352393,0.9814402533783987,0.5831661669920847,0.9220960125269427,0.8233672055386055,0.5831661700578162,0.5924491856200654,0.4705697821904273,5.4037162730792685e-08,0.2803363755701867,0.27727433541053287,0.24911282412214147,7.500544640421358,6.345488203180491,5.850700999525425,0.8701018251238722,1.1723860196216187,3.7757661813743524,2.704733231585583,0.9933013209212442,1.401754509618224,205.286392,0.0,0.8701018251238722,1.1723860196216187,9500.0
LOG00007,Idle off,205.5,206.0,34.54280078895463,6.579899045237856,61.162473117080545,22.641104536489152,38.0,2.604270327730136,7.6047928994082845,14863.081149619611,11428.57142857143,0.0,0.0,1.1068771468005651,1.1507385391770948,0.8002439823958621,1.140965123639235,1.0156528639295164,0.7998647750005863,0.572669735729256,0.35226783801301825,0.005156799483988743,0.337250703683429,0.46273559288626975,0.28338413809563523,3.727230646453731,5.837257092663861,6.629027026588538,1.4754901888130685,2.5199913357218375,3.814226457802472,4.5171162538164875,1.1290208597844407,1.9117105947900481,205.988821,0.0,1.4754901888130685,2.5199913357218375,11800.0
LOG00007,Idle off,207.0,207.5,24.089349112426035,2.194965768360491,32.650885403331586,22.50118343195266,103.0,1.7777625627992484,4.675009861932938,11670.970695970698,6600.0,0.0,0.0,5.153845303904634,4.378508562095867,1.3369718546925629,4.934593204220326,4.031107927803876,1.7390478641276768,1.6104095276044845,1.4956325178974303,1.0126804098446816,0.6988506900122597,0.8425226934174934,0.5081317374066362,5.36305034301562,6.945141088642594,5.877301229432852,3.60806601727536,5.153459492309954,13.68358984929423,12.189172936816886,4.781916908778669,8.134183001142029,207.492323,0.02564102564102564,3.60806601727536,5.153459492309954,6871.428571428572
LOG00007,Idle off,207.5,208.0,32.65305719921104,3.2263347959663395,11.298953542191486,22.489625246548325,24.0,2.227980205865728,6.730611439842209,14455.635390250776,10771.42857142857,0.0,0.0,3.1925171187100547,5.017736664498091,1.1839433330425218,3.683835810346636,4.996867844335622,1.1790154459177822,1.5357451042979047,0.5723840589393762,0.57395042186541,0.5278525282040053,0.6758857855738547,0.4581746936198158,4.953307771029644,6.668108877712571,6.943496291928074,2.6886600241458503,4.108296422954859,8.88664090575124,10.55435821438491,4.205344622471811,9.452136511375521,207.528826,0.2485207100591716,2.6886600241458503,4.108296422954859,10928.57142857143
LOG00007,Idle off,208.0,208.5,34.39408284023669,3.242981269121851,17.492516070356334,22.55597633136095,76.0,2.036099147747029,7.194003944773175,14991.335587489435,12214.285714285714,0.0,0.0,1.932903525306879,2.1467157172843234,0.7506621245026893,1.8514922186749048,2.0465849897012243,0.7531660370849755,0.35264778473063224,0.5038318722037746,0.09263125081959009,0.39772298914126025,0.44782170641397895,0.2909459727847183,4.41214523867443,4.033301571421942,7.91122399522137,1.911585181703759,2.380913107147413,4.9590035265495995,7.423907220735637,2.0426091658684133,3.136941435047465,208.145422,0.0,1.911585181703759,2.380913107147413,12508.57142857143
LOG00007,Idle off,208.5,209.0,24.972583826429982,3.2376084250537533,34.54248004739117,22.555739644970412,30.0,1.6348568470432194,4.338974358974358,12270.850943927868,9900.0,0.0,0.0,0.992264472812035,0.9291724710185271,0.5588566145721424,0.8918079310645683,0.9282115706898161,0.5484824310974997,0.319668064739167,0.4707005817829743,0.3158416174359259,0.2578316804004523,0.35141384698574296,0.25682114265370504,6.614369145993072,8.5504410893811,5.740494648590679,0.9684611664192714,1.5524947067275203,2.1802411968698783,3.721042037676254,0.9612362521523057,1.5790450635247462,208.500584,0.0,0.9684611664192714,1.5524947067275203,10047.142857142857
LOG00007,Idle off,209.0,209.5,25.954635108481263,2.0063491958407997,39.97583946808219,22.521735700197244,26.0,1.4899010041652179,4.717317554240632,12568.329106790645,10557.142857142857,0.0,0.0,0.7836877079372064,0.8694427745212906,0.6266294523684203,0.7720381910381127,0.8252232095152892,0.6263696937463742,0.3044921055429343,0.32710830286204223,0.0022224174551368323,0.26508779558077883,0.38515663655033244,0.26087093203230266,7.075833764977266,10.309112957211086,6.1558506482615964,0.7548473979008089,1.8780900819978494,2.1437492272901006,3.069221129732308,0.8276766161186239,1.1618777387643964,209.285886,0.0,0.7548473979008089,1.8780900819978494,10751.42857142857
LOG00007,Idle off,209.5,210.0,22.739328063241107,1.2511238991209404,42.343341222909565,22.618458498023713,31.0,1.1463517952316322,3.906482213438735,11428.26792772445,9700.0,0.0,0.0,2.6059809642688454,0.8024998398056991,0.46516993438425447,2.4703032847628235,0.8627075021242534,0.45175562935234764,1.1192470900331717,0.3868129501834405,0.2493872276289687,0.2541746229845408,0.30784482732318785,0.25176396130987444,6.122985050059905,10.333711297340123,4.885912789468509,0.7555173707817021,1.3701275414554752,6.182820774312702,2.9431369889912324,1.9281004614671597,4.051933029723225,209.682482,0.0,0.7555173707817021,1.3701275414554752,10114.285714285714
LOG00007,Idle off,210.0,210.5,28.490138067061142,1.5318001233902396,43.69260889360045,22.597692307692306,24.0,1.526771457704351,5.479250493096647,13317.082276697662,11514.285714285714,0.0,0.0,0.9358808255534771,0.8085353713915625,0.7086672031529996,0.8926321520000832,0.7868343502650461,0.7091108311300564,0.5270684039908127,0.33922110203257677,0.0022810342067279637,0.25355483897266134,0.28498331224552736,0.2481557170568487,3.9394916271030147,7.287755346975644,3.3074431587524833,0.7294815906768413,1.0965160151360958,2.7351896328072343,2.4635408522230744,0.8745291208501719,1.190427691573635,210.451011,0.0,0.7294815906768413,1.0965160151360958,11800.0
LOG00007,Idle off,210.5,211.0,27.302366863905327,0.1927541472157295,45.773290226608815,22.573688362919132,15.0,1.2247402966861105,5.002524654832347,12989.299802761341,11842.857142857143,0.0,0.0,0.7222242021587038,0.7818063110839367,0.6587310443888188,0.6926380679307403,0.7067118546714188,0.6739657493479151,0.310794673398361,0.32112104567940136,0.173698179776494,0.2746921264480815,0.3029107707730454,0.25774997051801163,10.920499158788402,9.000902217898844,8.244555463439793,0.8977110739775374,1.3358659769469525,2.021091938352672,2.695236502194444,0.752605111009236,1.1469706991849025,210.502312,0.0,0.8977110739775374,1.3358659769469525,11951.42857142857
LOG00007,Idle off,211.0,211.5,24.21420118343195,1.9694099234808164,46.56341624494609,22.620295857988165,15.0,1.1469004199461716,4.210295857988165,12048.541842772613,10057.142857142857,0.0,0.0,0.7011340961301827,0.7598152711153903,0.6226212485881816,0.629795509167523,0.645500569749955,0.5503132725833698,0.2142254813920578,0.4192953717060269,0.32681652550306195,0.25085613267386275,0.28155623193777435,0.25441104863108666,9.972988035820494,11.767347664417139,7.826654822924863,0.6730886398177933,1.1167594598675088,1.6208698081311905,2.0568833780186058,0.7310637000208813,1.0081107366701838,211.461245,0.0,0.6730886398177933,1.1167594598675088,10271.42857142857
LOG00007,Idle off,211.5,212.0,21.825443786982248,2.987832582445961,45.933223501287415,22.595049309664695,24.0,1.3402334819758484,3.7949112426035496,11087.059735136658,9114.285714285714,0.0,0.0,0.6037689018939794,0.5397132938541429,0.6243317723269253,0.5224734323623411,0.525546916668511,0.6220714839236176,0.3283230674087498,0.39770972885410966,0.2757829434318259,0.2511750658522407,0.3619282714406924,0.2491657639371131,3.581049271896818,6.826762172945104,3.1665665860200565,0.7278459565875913,1.644583602395883,2.11316900287554,2.438594997561132,0.5726374622992938,0.9441634481179797,211.500707,0.0,0.7278459565875913,1.644583602395883,9242.857142857143
LOG00007,Idle off,212.0,212.5,39.17035573122529,9.471393933076094,45.0586028679415,22.39462450592885,144.0,3.559250169127441,9.792213438735178,16239.292772444946,12214.285714285714,0.0,0.0,2.8270927182086765,1.3930461126249811,1.018972891341772,2.3704413960906345,1.8278257981811405,1.125254385774689,1.4299007153881222,1.7389045226508337,0.8745613848023487,0.3509305587505405,0.4947740169643178,0.32949518115657533,3.736407128615774,5.578940288584418,7.279938808157528,1.5751359985547904,2.588676137017903,11.089289067194988,7.174422068418492,2.228568005384634,6.7617052849683015,212.495156,0.0,1.5751359985547904,2.588676137017903,12528.57142857143
LOG00007,Idle off,214.0,214.5,29.997041420118343,2.2918281903113233,16.00751858882586,22.560315581854045,63.0,1.6382051332879772,5.980059171597633,13649.316708932092,9100.0,0.0,0.0,0.7947191806245769,1.1131839923366167,0.6528812398881721,0.7062256999733776,1.3320685079896109,0.5165644906397636,0.2677051503006894,0.9311677503368947,0.3809787528326037,0.3964232491158011,0.4090633935630372,0.2833106720272902,7.189519904829847,6.2852499886457,6.468924699063185,1.7573698804577635,2.2883800872611815,2.6820316712525187,7.107375950335559,0.967149723891572,1.5668791287705033,214.06377,0.0,1.7573698804577635,2.2883800872611815,9957.142857142857
LOG00007,Idle off,214.5,215.0,32.331620553359684,2.932775827377317,34.48134677974428,22.472490118577074,42.0,1.6464503455576676,6.364604743083005,14440.422077922078,11614.285714285714,0.0,0.0,1.010106687091806,1.0597342588756986,0.5985725251755818,0.9230824425641181,0.9503890842837295,0.6127205392341648,0.2881496038861257,0.5260141293656633,0.36507748885336355,0.3702574472101133,0.35855002953670406,0.2550316146067616,5.123935952767543,5.354101817021144,6.788369577128428,1.6480594629691687,1.6873160194891177,3.3121527336802115,4.410506679505255,1.0352179042941656,1.5768954957879309,214.696154,0.0,1.6480594629691687,1.6873160194891177,11742.857142857143
LOG00007,Idle off,215.0,215.5,61.94871794871795,22.312194358556873,50.505665458800266,21.615522682445757,142.0,6.573092096066291,17.82335305719921,21859.50972104818,14285.714285714286,3.5502958579881656,0.0,2.099042287718048,3.4835989559053226,0.6995330324910967,2.30357230192786,3.7284080984068777,0.7000961634811684,0.700906622282384,1.4442076369251273,0.006666685122799537,0.7060132420906701,0.9727729423441376,0.5282315831895421,3.6528788302172,4.057910911932194,9.068909020681998,2.2159813582327854,3.7265910571355736,4.695879262851852,11.692392037482552,2.875885968811461,5.6428517259728626,215.497241,0.0,2.2159813582327854,3.7265910571355736,14571.42857142857
LOG00007,Idle off,216.5,217.0,24.402761341222877,7.854858938455992,42.54741813289429,22.647001972386587,179.0,2.1197441401921955,5.265838264299802,11219.702733164271,2771.4285714285716,0.0,2.1696252465483234,3.9276844050104716,5.931126430325015,1.1774803931308462,3.6249493297028827,5.933898868918907,1.1769159864857972,0.7439599334805794,0.9315670381363051,0.01610898987659047,0.5267218890267732,0.7941612111402684,0.45728824396215584,4.578556077751175,7.78450315585019,5.585293405456244,2.699636097370606,4.800134629741308,9.015218340988763,16.667297818424178,5.030157329441219,11.8459622987315,216.999761,0.09072978303747535,2.699636097370606,4.800134629741308,2931.4285714285716
LOG00007,Idle off,217.0,217.5,30.968047337278104,4.247742727359801,19.746814144824747,22.45187376725838,28.0,1.9786998666761044,6.240512820512819,14028.754578754577,10114.285714285714,0.0,0.0,9.220353613857208,5.266203041173492,1.6912151459590976,9.239912682743832,5.24288335545492,1.553904504433884,0.12000569441123753,0.5540625059237358,0.46644173202686035,0.5895213199644324,0.7155215373280754,0.4856656078817548,6.157670364428681,6.475158425214719,6.4434376269907085,3.161936512926768,4.419616007440582,22.066735789472055,13.457288706473847,7.50825596378529,15.76876146816625,217.090523,0.40039447731755423,3.161936512926768,4.419616007440582,10557.142857142857
LOG00007,Idle off,218.0,218.5,28.903747534516768,2.7089022936345297,10.575584993649569,22.490867850098617,14.0,1.8310761717489599,5.426627218934912,13475.007044237813,11428.57142857143,0.0,0.0,1.0930925391444968,1.8234968152364706,0.688250898667816,0.9636914404605482,1.7696062543863667,0.5882367877559037,0.368817535002748,0.3358584445856129,0.30739715312688,0.36330286994805644,0.3371080160197215,0.3068447973788642,7.01511195023185,8.107975713983722,6.585078336827952,1.6387078518411229,1.6095667460184533,3.0313939223443125,4.275520891711735,1.5033282965325503,3.0918981803224916,218.023803,0.0,1.6387078518411229,1.6095667460184533,11514.285714285714
LOG00007,Idle off,218.5,219.0,24.533136094674553,1.9840802864441125,18.84611484310574,22.716765285996054,11.0,1.4408720520418268,4.339763313609468,12064.229360383206,10614.285714285714,0.0,0.0,0.8792827554390169,0.6342468159669024,0.5793189196594317,0.8786289828822336,0.6283936234689961,0.589487062777726,0.4016123516831936,0.3272253098699444,0.2183394898526706,0.28198190935559414,0.27265144902018895,0.2495900637950942,7.007248332742831,10.982569937892386,5.467015847778727,0.8041729699177418,1.1114705054251486,2.4296816781626376,2.145128879407999,0.7666182842773137,1.044314406057013,218.544703,0.0,0.8041729699177418,1.1114705054251486,10742.857142857143
LOG00007,Idle off,219.0,219.5,22.725443786982247,0.2928529837892365,24.498299465238194,22.56370808678501,26.0,1.1219370790270078,3.921873767258382,11411.545505776276,10328.57142857143,0.0,0.0,0.7866104999764338,0.7553048933538319,0.5061916723415593,0.7239883712357404,0.6160490504070528,0.5063940769684862,0.4502214816690973,0.4483678426797037,0.001415274523566626,0.23202066209565045,0.2826428913996601,0.2524237262950709,6.216126998061079,8.785933159758484,4.486969408704464,0.6540587963164873,0.9809121476041974,2.1933196045205006,2.484270040300791,0.7711165802255256,1.0560995615255728,219.389199,0.0,0.6540587963164873,0.9809121476041974,10471.42857142857
LOG00007,Idle off,219.5,220.0,22.635108481262325,0.24733318859492706,27.68187282977813,22.54319526627219,22.0,1.1395354619452445,3.8396055226824455,11404.50831220062,10357.142857142857,0.0,0.0,0.8013728623496238,0.6212592835721875,0.46830268604894165,0.7776615966046436,0.4764944185612413,0.4683026934601272,0.4546881750393317,0.3686490485613622,4.4870817538835724e-08,0.26066923897419186,0.28971583465410145,0.23961236261095434,6.885320556300693,9.295570041506316,5.859067648949199,0.6844823350772362,1.3274061811292286,2.40110099663784,2.1593336688643383,0.7169942684342243,1.0120178187480324,219.735482,0.0,0.6844823350772362,1.3274061811292286,10471.42857142857
LOG00007,Idle off,220.0,220.5,27.055533596837947,2.8186103386183263,28.00995377662889,22.52889328063241,49.0,1.6716036710092255,5.166916996047431,12807.53105590062,10528.57142857143,0.0,0.0,1.118653736788151,0.8705587199409033,0.5991153413934233,1.1812356620431799,0.7679615047362758,0.5994530574865882,0.7954392380050779,0.26767280565205487,0.001966811273665394,0.32650622724191,0.39332466780996245,0.3249821926379666,7.318798153184968,9.065418753092553,5.911469002136112,1.3172837899953322,1.9130376376965257,3.4893966997266506,3.1406426672954,1.002311994265069,1.7433012710909876,220.330378,0.0,1.3172837899953322,1.9130376376965257,10800.0
LOG00007,Idle off,220.5,221.0,24.424260355029585,0.36148826065311124,26.873300333198912,22.513905325443787,47.0,1.2617895147833926,4.259960552268245,11994.089884474499,10557.142857142857,0.0,0.0,1.3741585024558682,0.6915729415831738,0.6711658992114448,1.3468480575177506,0.7860248458007099,0.6535180932639909,1.1089224744304236,0.27017773894869007,0.25084511343947063,0.2611017437859431,0.30183061301360736,0.23510688728483342,7.084919101542462,10.071408757135387,6.6503904703862515,0.613544053331904,1.2756314676165965,3.991608554958236,2.4814896588585045,1.0877924258335685,2.006192500749079,220.618453,0.0,0.613544053331904,1.2756314676165965,10800.0
LOG00007,Idle off,221.0,221.5,18.339250493096646,3.147933455430294,25.960449366017105,22.671952662721893,29.0,1.0802832851812831,2.847001972386588,10050.866441251055,8271.42857142857,0.0,0.0,0.6274705905785508,0.5975855546664699,0.5187964039016776,0.5510959732523222,0.52895727267715,0.5724000220553529,0.409175985622877,0.2071665576955695,0.33243715419700753,0.2593187189565588,0.31098101534408235,0.2729292318691376,4.102054672249354,6.483382304843113,4.031376158112854,0.7115535161784423,1.2593745751570684,2.0254787341673333,1.8418753842120996,0.6127103056041363,0.941722816903291,221.127518,0.0,0.7115535161784423,1.2593745751570684,8371.42857142857
LOG00007,Idle off,221.5,222.0,20.131952662721897,1.7199619089309461,25.345416711597696,22.629506903353057,25.0,1.0315255461657642,3.381794871794871,10526.296139757678,8400.0,0.0,0.0,0.9848239142834275,0.6139892258561862,0.48331220603867503,0.9334795596342957,0.5026938623195318,0.48306548446288927,0.5826406034028137,0.33019351715406886,0.0012354454896761507,0.245164166056217,0.2877105538821758,0.26019809969304714,2.5173391241617327,7.611050127943901,2.5242092675740437,0.6234310347674309,0.9948157043734791,2.829124382768552,1.6958005911575849,0.8206280861669343,1.4539758778670955,221.95327,0.0,0.6234310347674309,0.9948157043734791,8651.42857142857
LOG00007,Idle off,222.0,222.5,23.681854043392505,0.6846485978679473,25.144767655762283,22.558856015779092,28.0,1.2379624591182712,4.199151873767259,11759.030712876865,10328.57142857143,0.0,0.0,0.8895825518137075,0.6729096537688148,0.5888386193055372,0.8503419485528949,0.5674046845008993,0.5757248127158393,0.35661773904070176,0.3418240793614661,0.2664262957209297,0.2587181075640354,0.31817762199871913,0.2311439816635839,5.8472650491328135,13.70619050292221,5.206250474103555,0.7284216496908802,1.3947826501708793,2.4981255300140717,2.545832344718751,0.7887219150710383,1.2930141368708856,222.281795,0.0,0.7284216496908802,1.3947826501708793,10508.57142857143
LOG00007,Idle off,222.5,223.0,23.124901185770753,2.0218403569448617,24.042088017231862,22.541363636363645,47.0,1.311467354854291,3.8009090909090912,11631.77583286279,9942.857142857143,0.0,0.0,1.727407364202302,0.8277495419417985,0.5448735792791749,1.8870715833516802,0.7301069479264757,0.5447533489282068,0.9213873307610765,0.3674818344312801,0.0005376298935239777,0.2587761578812818,0.3252709282800461,0.2363454788144276,4.601476492468093,12.062485871165542,4.819579159384828,0.7515006901741113,1.4200076533411152,4.618017643591429,2.96021044012117,1.354456626489974,2.8269527993404466,222.800727,0.0,0.7515006901741113,1.4200076533411152,10042.857142857143
LOG00007,Idle off,223.0,223.5,23.207889546351083,2.625661724357989,21.846675790387447,22.69449704142012,43.0,1.540933623749022,4.255917159763314,11488.48267117498,10014.285714285714,0.0,0.0,1.3966080229533937,0.7112137430725894,0.46024351206837955,1.3418414348707348,0.7058624879333597,0.46029711637112775,0.9576042208444275,0.21932134900190733,0.0009544317187521721,0.2892499839632428,0.3631623637492002,0.24102926696905833,4.778710766107735,8.448932895274075,4.445677193878042,0.9997276491247689,1.816413714691174,4.740608904040186,2.559354578402173,1.1082280807922869,2.284062240619336,223.154903,0.0,0.9997276491247689,1.816413714691174,10185.714285714286
LOG00007,Idle off,224.5,225.0,22.96153846153846,4.5082742251500045,10.015491331654648,22.529546351084814,148.0,1.6347476133313676,4.170867850098619,11268.589743589744,6042.857142857143,0.0,0.0,1.865551967721574,1.2437906252766449,0.8176954282563353,2.159088928507075,1.2857735755011488,0.9081128055809222,1.7781109913729904,0.7776946926517789,0.6443002859290001,0.34565452162990423,0.5763092425902111,0.3346185343535733,4.860787764457006,9.228865529630115,4.493506071132816,1.3126695654139098,2.974981356835114,8.760004142911487,5.7092609635141836,1.5854493469984947,2.6814341230981857,224.749186,0.0,1.3126695654139098,2.974981356835114,6317.142857142857
LOG00007,Idle off,225.0,225.5,35.05049309664694,4.973437803299211,12.7126883645378,22.40767258382643,83.0,2.519003264233881,7.805996055226825,15038.440405748097,12042.857142857143,0.0,0.0,1.1617682232113808,1.085022750734917,0.7146179632833505,1.2891698657329065,1.1626119375143225,0.7904776457260422,0.5555715386181739,0.6137546773547249,0.46415728284152286,0.39909875129232686,0.4745788744575164,0.3307411474858321,5.424025195597609,5.292940773532965,8.394711445430483,1.8296852394888203,2.583064539502341,4.019920809370436,5.47596505594088,1.1240506603521243,1.8357093471275854,225.491082,0.0,1.8296852394888203,2.583064539502341,12142.857142857143
LOG00007,Idle off,225.5,226.0,39.42252964426877,4.431124903362607,39.45067461524958,22.427766798418972,83.0,2.8100316130057896,8.894446640316204,16563.21993224167,14185.714285714286,0.0,0.0,1.610786706761238,1.719045919003685,1.3033096065421093,1.8392841936124358,1.6475312359726104,1.727488394994913,1.016474121152372,1.1162372807224794,1.4371090033441263,0.3498300620621641,0.4014698806401683,0.28900163184835254,2.309877437090972,3.9142258644352688,9.2447034703372,1.460026375672931,2.18411827032567,4.428840085838374,7.885168947337986,1.6657960088681234,2.196804738357649,225.756468,0.0,1.460026375672931,2.18411827032567,14428.57142857143
LOG00007,Idle off,226.0,226.5,36.954043392504936,1.0092073275941638,54.76737828330915,22.32897435897436,20.0,1.542474363290188,7.74120315581854,15857.664130741054,14000.0,0.0,0.0,1.5837070768256594,1.1945585978722242,0.6532628764073878,1.495001627684293,1.0655700509132244,0.6566840074073628,0.45464987855950717,0.37655926941944123,0.04663258362448534,0.3491617268595135,0.3708434791228168,0.30473651306991095,2.336210222772975,4.47993045820635,9.263386095227679,1.5766141191176621,1.9378260837852053,3.9881481220971446,4.4217946859364625,1.4026935426061757,2.103323799817032,226.23298,0.0,1.5766141191176621,1.9378260837852053,14242.857142857143
LOG00007,Idle off,226.5,227.0,40.88777120315582,22.850612712662688,67.91765601522505,22.274950690335306,84.0,4.895054989351002,9.119940828402369,16980.53677092139,8214.285714285714,0.0,0.0,1.9407773495746157,2.455234800915545,0.8979084631058281,2.4040109728240777,2.4414113074159194,1.089739704146862,1.7370383713951667,1.5216854424434783,0.8156462254356417,0.41372844388941293,0.6406087252528833,0.4275510569303487,3.4483560819813657,5.383707589279965,7.420673394279386,1.6065405415579883,2.7881093370054044,7.681530912504572,10.126030276069383,2.213006399476588,3.7484628809072356,226.756846,0.0,1.6065405415579883,2.7881093370054044,8500.0
LOG00007,Idle off,227.0,227.5,23.957790927021694,16.19663056528487,68.54404187759772,22.42554240631164,136.0,3.45320857710695,5.541479289940828,11280.579036348267,7285.714285714285,0.0,0.0,4.220525685263824,2.5091791527637684,1.0510962459282127,4.233454871486236,2.7646109573795736,1.043560599878749,2.439655411426921,1.6739284694896828,0.46119534155835584,0.3765934278882657,0.7391402707723671,0.4554352232695979,3.057213971126362,5.559572174072617,5.9824638950971645,1.5558737895783576,4.196909596581017,10.487994451438857,9.785167699296371,3.4719459299243107,7.458220367387975,227.421792,0.0,1.5558737895783576,4.196909596581017,7442.857142857143
LOG00007,Idle off,228.5,229.0,26.999802761341222,3.679585448596478,56.59456845485018,22.406489151873767,150.0,2.444349885566227,5.4921301775147935,12433.093829247675,7214.285714285715,0.0,0.0,4.756030247907772,2.6550636591524133,1.2572207690185577,4.805880344076708,2.669338233240195,1.4615287392071077,0.7514222011601642,0.3892152616480858,0.6829167695317223,0.6521500393687016,0.8193522662409999,0.49168913109729157,6.172876492706785,8.33047156488632,6.7719520151830395,3.23493790428321,4.822564795322152,13.042412985684509,9.367154837173866,3.851570248169274,10.036566581135228,228.999296,0.05325443786982249,3.23493790428321,4.822564795322152,7414.285714285715
LOG00007,Idle off,229.0,229.5,35.684220907297835,3.714212207455122,30.725323026015733,22.28603550295858,92.0,2.499244051128793,8.545581854043391,15223.950408565794,7757.142857142857,0.0,0.0,9.657903608871866,7.733277119157096,1.8728141509761955,9.943867221808274,7.580359475609282,1.907220668733692,0.8590900385072839,0.6455260152627136,0.6186519177852768,0.8183653889818759,1.2059142001700327,0.6338218129570377,4.108192490639318,5.698991799478598,6.532288158503287,4.852142871349774,7.9902818837935845,25.45654145713003,21.794901960763436,8.748676389029916,14.454131971260756,229.164049,0.6291913214990138,4.852142871349774,7.9902818837935845,8028.571428571428
LOG00007,Idle off,231.0,231.5,29.67593688362919,3.7801793968210617,15.363732833549086,22.314950690335305,24.0,1.9019852756768654,5.972445759368836,13432.875457875458,9714.285714285714,0.0,0.0,0.8090311851837544,0.9785237432241471,0.7013994977058268,0.7534764384620568,1.0898748829396225,0.6887448336121067,0.22625446106518712,0.537446249716511,0.33682446279544015,0.31345842520714917,0.3866261717692016,0.29039865395843656,3.7945485228888067,7.361810207044696,3.894474535289061,1.3106805161702224,1.9239815764444541,2.5142591381571444,3.6050041923449214,0.8977862147118396,1.2983161447209999,231.487406,0.0,1.3106805161702224,1.9239815764444541,10047.142857142857
LOG00007,Idle off,231.5,232.0,31.45424063116371,9.744288610156902,26.320779583999844,22.490394477317555,55.0,2.37984078628068,6.454240631163707,14221.794871794871,8657.142857142857,0.0,0.0,1.3786312268837775,1.5433239854045162,0.6431404107375491,1.371764574291713,1.604634473743239,0.6428750529682653,0.5982409771591553,0.6105120612017235,0.004233613964247871,0.3395257659585199,0.5421548868169492,0.31028787443935874,4.049524019410979,6.123569582804902,8.297108773868201,1.4296891378921226,2.9616623665637776,4.8044604521929815,5.441458210408429,1.463296447009961,1.9760888592069727,231.645257,0.0,1.4296891378921226,2.9616623665637776,8814.285714285714
LOG00007,Idle off,232.0,232.5,17.415581854043396,0.544339534937497,30.823085679957625,22.506331360946746,53.0,0.6519946231971384,2.6553451676528605,9644.01239785855,8442.857142857143,0.0,0.0,0.9400219206867296,0.8432640039140141,0.5462658026686885,0.8873685167788011,0.7908106364337032,0.5236102361693886,0.6572773056717651,0.5315310775967702,0.4005143240187394,0.24457840011657656,0.26158578161279167,0.22145302312055412,1.0189584456991772,6.642739915421456,1.7740421465534477,0.4632583328267037,0.9453159278410117,2.864115189467846,2.8109394640602705,0.8929544757905247,1.2221530790263597,232.363482,0.0,0.4632583328267037,0.9453159278410117,8571.42857142857
LOG00007,Idle off,232.5,233.0,25.29644970414201,2.789658844442744,34.07745571027265,22.527712031558185,34.0,1.2468291118849344,4.335384615384616,12139.58157227388,9242.857142857143,0.0,0.0,3.3518299341851656,0.9285211271455049,0.7111497957648909,2.836858605070812,0.8641709339996688,0.7284585463171201,1.0494885836984793,0.3849071689871866,0.2806106374652642,0.29657934803706654,0.47454823271522606,0.28319806801668196,6.868949421400727,9.363092772635282,5.760343008816711,1.0949936028077418,2.5236059080507744,6.308004995376609,4.047304116500246,2.459361237319082,5.8378171616808965,232.945555,0.0,1.0949936028077418,2.5236059080507744,9485.714285714286
LOG00007,Idle off,233.0,233.5,33.5,2.118085122222485,41.71656215915292,22.573774703557316,36.0,1.6972269244769704,7.018715415019764,14753.465556182948,11714.285714285714,0.0,0.0,2.650435156685306,1.0201306025325836,0.8079569898126968,2.515018870206054,1.0203702687905563,0.8621260130237541,1.0111019925192568,0.4795004914228643,0.4196348279757866,0.44039529933394705,0.5551021546516656,0.3396186411255762,4.497394700497675,5.690991318537992,8.164121940013008,2.2709750166990763,3.240200566612574,6.2188353446186575,5.775784257957217,2.0081674439668804,4.957397529247793,233.037306,0.0,2.2709750166990763,3.240200566612574,12000.0
LOG00007,Idle off,233.5,234.0,29.17554240631164,2.3377177991701084,49.34233973731776,22.23714003944773,17.0,1.3889824242355282,5.417712031558185,13599.943646097492,10157.142857142857,0.0,0.0,1.0706462067970126,1.0184443540635486,0.6886655864042616,0.9938907855384592,0.9550295210872219,0.7411455331691593,0.49145094925013466,0.3624925618695719,0.4278172505670738,0.356046165560803,0.41890629114332806,0.3144372131224347,6.910163457225251,7.904358115843601,6.734103690261166,1.6211389329930332,2.2512996576890933,3.377323146677094,3.9135127256779674,1.0448713323784773,1.7449708551852288,233.999209,0.0,1.6211389329930332,2.2512996576890933,10428.57142857143
LOG00007,Idle off,234.0,234.5,21.70098619329389,1.0382521221925738,50.644253624421125,22.465502958579886,19.0,0.8851697390438431,3.642209072978304,11117.342913496757,8814.285714285714,0.0,0.0,1.5278192483156594,0.6354417362147414,0.5302106519474987,1.4179598345801996,0.6098887666546519,0.5302431653530656,0.6432331743090177,0.20299603919695,0.0003839891319891161,0.2497393796433857,0.344369053864063,0.23517247284149329,4.730252536111087,7.705516544846194,4.091388688373632,0.7496233622335458,1.4935658499016682,3.23534474535586,2.301273123331014,1.1700465494260113,2.525924362419063,234.081097,0.0,0.7496233622335458,1.4935658499016682,8942.857142857143
LOG00007,Idle off,234.5,235.0,20.650295857988162,1.2046159213586436,50.543078491592624,22.57729783037475,30.0,0.9855215268195967,3.5032741617357006,10742.38517892364,8371.42857142857,0.0,0.0,1.0117172134392678,0.7762140442920629,0.553764352227571,0.9936296990458514,0.7195157830372304,0.5537643530928412,0.43862328937506356,0.2951015261695665,4.676813601203333e-09,0.2728752013391801,0.29447857384010534,0.2793937111107682,3.7235236876832905,6.741830254541348,3.4486371766980723,0.7000976522638053,1.2517920607211313,2.59608262010557,3.093226040443554,0.9016872968289944,1.2012193226741648,234.542807,0.0,0.7000976522638053,1.2517920607211313,8490.0
LOG00007,Idle off,235.0,235.5,25.1414201183432,1.9446635509668908,50.692290228784884,22.450394477317555,32.0,1.5422983765480842,4.57145956607495,12155.247957171036,9971.42857142857,0.0,0.0,0.7079690535193961,0.8452369947001861,0.5601157983042653,0.6802147737058046,0.7587103209032677,0.560115793171616,0.2652307104027633,0.36373026477491144,1.326091080260143e-06,0.29561450369571546,0.3228793628963238,0.2577382053174151,8.26516593976539,10.244527035878898,6.2116196632107945,1.0892345558194239,1.6694709061503394,2.2866562584222097,2.9692706254798127,0.7796299628512725,1.08134998214354,235.05582,0.0,1.0892345558194239,1.6694709061503394,10185.714285714286
LOG00007,Idle off,235.5,236.0,34.04497041420119,20.41985317521528,48.60928309899883,22.210670611439845,116.0,6.392882622198429,7.8704930966469435,13892.497886728657,10057.142857142857,0.0,0.0,1.5089829483907125,2.3133639311146985,0.877513728125266,1.6172117665697336,2.1274697252048287,0.8696761397801324,0.5420128523114521,0.8012490333839013,0.10844064667672101,0.5997777829002925,0.7741865216021356,0.4936891216800363,3.610580623594275,7.909730086087738,4.649124312506408,2.227160386372281,3.8778991680688084,4.047547775879565,7.999876724888467,1.953033821560238,4.286863581647421,235.980227,0.0,2.227160386372281,3.8778991680688084,10300.0
LOG00007,Idle off,237.0,237.5,25.879684418145956,6.701499839412573,13.852618274362891,22.501617357001972,112.0,2.354172889453687,4.96276134122288,12173.98562975486,8914.285714285714,0.0,0.0,1.3505671463813262,1.2346163785628648,0.6391408966024127,1.4998225516314698,1.6704625818049486,0.6702106099284304,1.0316408679370572,0.9304334219324988,0.37805836247997493,0.42453585560213236,0.606390129417355,0.3789719691323434,4.248990928955321,8.505554093564939,6.35635274088366,1.85981878322847,3.42723864190761,6.618365458421201,6.703939199377828,1.2938912665097255,3.905280819392808,237.000325,0.0,1.85981878322847,3.42723864190761,9057.142857142857
LOG00007,Idle off,237.5,238.0,35.278500986193286,9.468010675708202,22.02750865430087,22.29966469428008,99.0,3.5395510843629165,7.920138067061145,15229.12087912088,10557.142857142857,0.0,0.0,5.36820305227829,1.6850815522428981,0.8220279433813867,6.662824614995873,1.500082085638522,1.0007712856202124,3.713680858722823,0.7988272918941476,0.7406432569951692,0.568138707239959,0.5772559573432451,0.5824438342058377,4.74962686459862,6.788853563973979,6.9051246530145995,2.9647467094189053,3.1249165290764256,18.423250895811513,6.219838465148784,3.978511269821872,7.819545593311167,237.683018,0.0,2.9647467094189053,3.1249165290764256,11400.0
LOG00007,Idle off,238.0,238.5,37.65443786982249,4.679367932753805,38.53115267385866,22.333609467455624,72.0,2.3611216364108585,8.486055226824458,15962.89799943646,12457.142857142857,0.0,0.0,1.7613264855636956,1.8823795746993075,0.7740082725495107,2.5718276050340867,1.8651453769654769,0.8522968853167204,1.8366015380589074,0.7833225240381906,0.474389188992127,0.3372109990674885,0.4779097704310581,0.27332547986449995,2.8573384721214743,4.292866251942573,9.714961494534341,1.4699798832568562,2.587069895196777,9.387977539809542,5.783401400164445,1.822858174954007,2.660395829023586,238.15459,0.0,1.4699798832568562,2.587069895196777,12800.0
LOG00007,Idle off,238.5,239.0,24.63517786561265,4.940850496067484,51.329573422443815,22.388339920948617,48.0,1.4466184747084485,4.121739130434783,12133.286278938453,9200.0,0.0,0.0,1.5053752126381739,1.1409957557546262,0.7102728145099882,1.5868275339803186,1.168091848078388,0.7168626371463374,1.2085747792576322,0.5711940103025492,0.19039362385226213,0.3362614874325931,0.35104767650518165,0.256246987097817,4.403412583417699,6.774435171542688,4.1855114928559916,1.3041579291766399,1.8126586199132473,5.098244292073505,3.7036996779366205,1.3356694661246657,1.9675252933245608,238.771188,0.0,1.3041579291766399,1.8126586199132473,9414.285714285714
LOG00007,Idle off,239.0,239.5,26.60631163708087,2.8486267160128462,53.38849407687503,22.45378698224852,48.0,1.2373372520009285,4.820177514792898,12678.254437869822,9942.857142857143,0.0,0.0,1.4268989305463486,1.0157214860216737,0.4908552593550809,1.1703169010828325,0.8574890805954654,0.4908554561236288,0.7638864519068127,0.41214001073243706,4.408313485880404e-06,0.29050635923639223,0.3915562407085662,0.2672958579235089,6.334948685448142,7.491183819977612,5.528575950311084,1.116578099331006,1.6477378600970947,3.9296074353121777,3.088439984597651,1.2384931762348128,2.3181692020231512,239.22106,0.0,1.116578099331006,1.6477378600970947,10185.714285714286
LOG00007,Idle off,239.5,240.0,29.949506903353058,4.593668435758517,57.94124499530423,22.34836291913215,30.0,1.667000268291962,6.027731755424064,13562.53169907016,9757.142857142857,0.0,0.0,0.8167494597305773,0.9685579448533741,0.6396429071438821,0.694521655861701,0.9226874232657264,0.6396429127431125,0.33521575531835807,0.3792323116880812,9.056026670096055e-08,0.3217540779025862,0.4152715775070077,0.30358420408324166,5.846577797699777,8.033269376064668,6.571445225460967,1.4695892089227796,2.0439081164051305,2.5983608852391593,4.345075881747746,0.8958750394192209,1.4435109288399377,239.999456,0.0,1.4695892089227796,2.0439081164051305,9900.0
LOG00007,Idle off,240.0,240.5,31.394871794871797,3.5772419672206563,64.2077396924022,22.296666666666663,28.0,1.631101012459958,5.956370808678501,14243.977176669485,11371.42857142857,0.0,0.0,1.2264605212316422,1.043118813021514,0.6477809619794145,1.1272132902479237,0.9631996013978689,0.6481137717714766,0.3056779515011012,0.36204087790241163,0.003916837452833335,0.3371525177262154,0.46121831869154856,0.277703730218338,5.977558307381065,8.769051173098747,7.132561402182918,1.4105966638973944,2.439490195841731,3.5404119485288708,4.215356541175463,1.1384863346169782,1.6599586654842242,240.074435,0.0,1.4105966638973944,2.439490195841731,11457.142857142857
LOG00007,Idle off,241.5,242.0,18.74358974358974,2.609528385703486,36.397503016930706,22.46335305719921,163.0,1.4927384722431765,3.3850098619329385,9935.207100591717,4414.285714285715,0.0,0.0,4.116187515827328,3.6856638056413935,1.3060056171823382,4.26054410611499,3.997475282085483,1.4633841370766136,1.097821288838905,1.274354257655455,0.8890412197749017,0.512703090970721,0.6269122757078586,0.4160064561524264,4.072099857784203,5.833383840235881,4.642345445708893,2.4812268374560262,3.618193770317405,10.998027436548293,15.694255786569814,3.9068604629336163,5.717957737312257,241.96862,0.0,2.4812268374560262,3.618193770317405,4614.285714285715
LOG00007,Idle off,242.0,242.5,14.607297830374753,2.054322905402164,24.80851785432371,22.45877712031558,60.0,1.3022499384785764,2.2447534516765284,8645.195829811213,5542.857142857143,0.0,0.0,3.3094662899611658,1.6739068160097232,0.7236647605250321,3.265763541622572,1.6558120282634377,0.6779250048100434,0.9663222486441881,0.3439644932230245,0.4187761454594277,0.3463693600987494,0.47276810900055816,0.3795660501819884,2.3788106647427707,3.5620525162239525,4.047519486638992,1.377267981249802,2.3649762099583405,9.798160274927918,4.9605942253961395,2.6224541133328847,5.7528801617140015,242.009069,0.0,1.377267981249802,2.3649762099583405,5870.0
LOG00007,Idle off,242.5,243.0,14.114201183431954,0.7050644514012625,18.111721622435557,22.544812623274165,1.0,0.9494304656350183,2.344201183431953,8458.220625528316,6214.285714285715,0.0,0.0,3.10280362298159,1.748065006393395,0.8455777275082901,3.0470996580624545,1.6385256380230755,0.615842878067362,0.3402347967441982,0.36066665537593395,0.42800056957984434,0.31877791554450574,0.3600191816221737,0.35951012450870856,2.119633955728143,3.8883220639001705,5.0579605689057185,0.952764887644562,1.5377944202461493,6.7080569178721365,4.8085640235356975,2.5182455787080045,3.554832399663314,242.651316,0.0,0.952764887644562,1.5377944202461493,6361.428571428572
LOG00007,Idle off,243.0,243.5,50.49901380670612,33.808678831232356,15.695944090942591,21.94930966469428,4.0,7.153031820787761,14.548027613412229,17254.980276134123,6614.285714285715,23.076923076923077,0.0,5.5748630703840325,6.6918153787128265,1.3040888253946101,5.555352147239794,6.711891795725977,1.2661135427908476,0.3706908474316034,0.2998635988785603,0.6650443318889584,0.8541717570947611,1.5915577359172624,0.7565370799162515,3.199856325632268,5.368486734933542,5.554471200075952,3.2789541614779654,7.013275016969648,11.338872065768529,14.668459635789473,6.158712987155237,11.683542840889366,243.265943,0.32741617357001973,3.2789541614779654,7.013275016969648,6851.428571428572
LOG00007,Idle off,243.5,244.0,36.88047337278107,43.52573377173134,51.152750840710574,21.83603550295858,28.0,6.8736053439366405,11.121913214990135,15335.636799098338,3300.0,27.613412228796847,49.112426035502956,2.853512730535884,5.410810364483893,1.10843663575368,2.7249163918330623,4.708264175888924,2.431697105815473,0.48392587046303337,3.8069237525526716,2.557988497906155,0.8998429247571328,1.0279688869921402,0.7043498668747806,4.049639191645695,2.9284914722451845,5.737645206751381,3.5128923121542237,3.305496485030261,6.374567317180228,9.68304400603858,4.325471286677134,6.982086046476036,243.976265,0.0,3.5128923121542237,3.305496485030261,3375.714285714286
LOG00007,Idle off,244.0,244.5,15.41679841897233,9.149795048725048,54.697919200082396,22.48247035573122,156.0,1.0712451073836389,2.9878063241106716,9262.196499153022,3285.714285714286,0.0,26.08695652173913,1.3527764630744252,4.058331801248594,0.6470217791498633,1.3012223130810279,3.2209320683815514,0.6231187387920625,0.34380968058269973,3.1288366980839157,0.32137342401673064,0.31439640247652756,0.41130330759223144,0.292042137594202,3.9573825642147353,6.104269271143964,3.600622924672383,1.0317096465146958,2.037113518711949,4.00765078595109,15.35817429861249,3.024901747831971,7.144649688972634,244.006848,0.0,1.0317096465146958,2.037113518711949,3342.8571428571427
LOG00007,Idle off,244.5,245.0,33.76193293885601,9.280500150786985,51.447519444720236,22.4824852071006,87.0,2.7442327626463583,7.763944773175543,14323.034657650041,9628.57142857143,0.0,0.0,1.4621972546000337,1.5293780967443322,0.9567712049356522,1.8695021974844663,1.884065236210487,1.024492321094934,1.0313525390613612,1.024795893523866,0.8794624173708427,0.4019110358969066,0.5746351367119441,0.38939879269742605,4.356856972697404,7.694595752484456,7.669150881409243,1.8903205502939209,3.3766266403005774,5.075174524063596,9.507082380237135,1.4961647927553288,2.2831393447123722,244.506049,0.0,1.8903205502939209,3.3766266403005774,9900.0
LOG00007,Idle off,245.0,245.5,29.641617357001973,6.4955927819779875,44.891246885373945,22.25096646942801,60.0,2.0746534793556406,5.33749506903353,13734.587207664132,9628.57142857143,0.0,0.0,1.2151186563424734,0.8977916444315839,0.7681387454727584,1.360851188675557,1.0732375359346835,0.872580772937899,0.8160723220050305,0.5510323080418753,0.9610077682653092,0.3259816497278318,0.3988477267213669,0.27752116557466855,4.540582107643104,6.189850143166166,7.796245162553344,1.2682144316275046,1.7952666432256554,3.9812182330700474,6.552925179060636,1.0683031371765943,1.7680843135238837,245.495569,0.0,1.2682144316275046,1.7952666432256554,9837.142857142857
LOG00007,Idle off,245.5,246.0,23.933925049309664,0.7051466046343586,41.084832637981975,22.38232741617357,140.0,0.978585429185907,4.142564102564102,11789.412510566357,8671.42857142857,0.0,0.0,1.305619006012232,1.2161070631508097,0.7906560144210784,1.7451785265306652,1.2923775888564963,0.7800388298543306,1.2972792150310903,0.9977417817072273,0.6086647929317267,0.2803752882723118,0.4830234173194694,0.30080324124086666,6.251889877198954,7.711730717913445,4.473379805011798,0.959209134912613,2.521272514330704,6.03163913140034,5.905902506657721,1.261657120200583,1.8303786830555149,245.514314,0.0,0.959209134912613,2.521272514330704,8847.142857142857
LOG00007,Idle off,246.0,246.5,30.987771203155816,5.717319302162407,37.082072482280815,22.351203155818542,158.0,2.233607927446179,6.614299802761341,13685.066215835446,8871.42857142857,0.0,0.0,1.2400208222768705,1.3191576151588449,0.7947778879353087,1.3940203928749721,1.402830143184975,0.8910041161196217,1.1372479104299396,0.5433805251050343,0.9143411904086518,0.39850470000249955,0.4654014243383067,0.32463808564615015,4.876504568816858,6.407091560771727,8.81434301352104,1.7849030113407283,2.6998533427440328,7.527333492472839,5.6157358513265,1.2802008540287295,2.105513716734404,246.372621,0.0,1.7849030113407283,2.6998533427440328,8985.714285714286
LOG00007,Idle off,246.5,247.0,33.91798418972332,1.93151845071222,29.588517310426305,22.393458498023715,127.0,2.2113000687040887,6.481047430830039,14835.883681535855,10457.142857142857,0.0,0.0,1.2390637840527354,1.174059728887001,0.7987295951462599,1.277292979304435,1.0289629301140302,0.8481144830414216,0.7364327138636702,0.6047993212158194,0.577264624549109,0.5013223449382428,0.49772233121106585,0.3521742757342063,6.231982556074527,5.602881036118659,14.346260520982842,2.443360823001492,2.888416058965691,5.652310731089588,6.866744054720802,1.2069994424077632,1.613872548464815,246.940873,0.0,2.443360823001492,2.888416058965691,10628.57142857143
LOG00007,Idle off,247.0,247.5,31.273964497041415,2.009394273867618,28.58100419387043,22.413096646942797,105.0,1.976699160951533,6.3024260355029575,14015.208509439279,9671.42857142857,0.0,0.0,1.0860687690871977,1.1968522909423065,0.8446153355459137,1.2076068159419058,1.230504885069038,0.7602075458478977,0.6295383548914598,0.6247248971657478,0.4256632928587172,0.435626232377118,0.48095249493628395,0.30469932607734035,2.9908933355279066,5.959532927644761,9.111900308868986,2.1379361058676776,2.655996313341345,4.386189550979337,5.2288835213345894,1.142803740263486,1.6397352183993406,247.312846,0.0,2.1379361058676776,2.655996313341345,9880.0
LOG00007,Idle off,247.5,248.0,29.227810650887573,2.0361999403026543,24.58411397496476,22.348126232741617,56.0,1.9593953911847326,5.331932938856015,13531.69907016061,9900.0,0.0,0.0,1.2454843507660636,0.988951294500137,0.7143356986843428,1.475828254165532,1.2348050319488528,1.011134870768424,1.1144813221456635,0.8691310789740977,0.8201904952420704,0.31673637091853885,0.4234495483238806,0.30165293377687546,3.569735573735874,8.260985678242223,8.496815830003955,1.3863489901299368,2.314099947685369,5.544512364221219,5.462441239940505,1.1245567862266135,1.8083445542068368,247.595942,0.0,1.3863489901299368,2.314099947685369,10057.142857142857
LOG00007,Idle off,248.0,248.5,24.058579881656808,0.3835631182864826,25.253449469094143,22.3610650887574,65.0,1.2119944236110907,4.22974358974359,11803.071287686673,8814.285714285714,0.0,0.0,0.7957813880971967,0.8229286334741801,0.6340225090271416,0.97802553669433,0.8029888748588369,0.7553988947337957,0.5875968436992703,0.4587433486695243,0.6172221998730238,0.28677583710345456,0.33307842439441593,0.2658596130311702,7.674320766175948,6.003738078251588,5.718977644853223,0.9766724370450295,1.4945258440332219,3.4712115557387566,2.6416479227055443,0.8094688238078054,1.0720017859551827,248.281592,0.0,0.9766724370450295,1.4945258440332219,9000.0
LOG00007,Idle off,248.5,249.0,25.520315581854046,0.6167944579571656,30.450421445712706,22.26723865877712,61.0,1.284513921719396,4.65534516765286,12259.072978303748,9100.0,0.0,0.0,0.6749954605593189,0.7422821602771117,0.7305621020358936,0.7050257085944449,0.6217994211975111,0.6843882782863389,0.39064721103268696,0.34842131393175135,0.42570816535543066,0.25218180361074144,0.2874232719117612,0.2591919226999312,6.055606085635777,5.667208220958053,5.404182621945304,0.8173965677843791,1.1946971179649974,2.2139062018548663,2.100061049173669,0.7094369870683878,1.2637259822773483,248.999801,0.0,0.8173965677843791,1.1946971179649974,9322.857142857143
LOG00007,Idle off,250.0,250.5,30.026429980276138,4.667755403767107,30.624468503735194,22.215601577909265,158.0,2.2403500567818875,6.105443786982248,13406.269371653985,8142.857142857143,0.0,0.0,6.555237328438073,6.065962327302256,1.4745403852558467,6.695340498726156,6.153775300196331,1.459171379746245,0.7167394061682998,0.444356908586015,0.4960551876945481,0.615006245084259,0.8215063093590065,0.5159880338355953,6.496915127904794,7.660246206888776,6.715504447335136,3.362786947833696,5.135880707212734,17.191404209610827,16.849490361544678,6.3153398716299565,10.85583077891742,250.454966,0.23076923076923078,3.362786947833696,5.135880707212734,8371.42857142857
LOG00007,Idle off,251.0,251.5,30.95069033530572,3.9724810927571332,14.273596247740644,22.212564102564105,58.0,2.1575785427892176,5.904635108481262,13968.575655114117,11557.142857142857,0.0,0.0,0.8749249032217086,1.3453031581885957,0.5480820931822701,0.781172877292397,1.360822254014302,0.5481082635123236,0.35636000776359383,0.5546470727709366,0.00034763161788588703,0.30761408867212464,0.3424441858150454,0.232581522917096,5.993757787964739,6.361019565120371,7.3129053213290645,1.1725466546112426,1.5729491661773678,3.08875928570831,4.8676770721665035,1.1347541966676586,2.1462582281096036,251.019271,0.0,1.1725466546112426,1.5729491661773678,11671.42857142857
LOG00007,Idle off,251.5,252.0,34.34970414201183,1.5208008476417847,19.993186766987865,22.264536489151876,56.0,1.870578448031482,7.047159763313609,14926.697661313046,13400.0,0.0,0.0,1.0735154049238376,1.2269379880180118,0.6244870951686003,1.5307413942810413,1.1625417000118754,0.622222537190336,1.040104299500289,0.9070133544882307,0.0411633879593463,0.3536605905610007,0.42643690619591423,0.25560519933439013,2.3987990185471153,5.197478712127732,6.73495034802014,1.5924179636999765,2.2627155356324042,5.474704246602843,6.076923076923077,1.152781885494927,1.9092286256699622,251.986091,0.0,1.5924179636999765,2.2627155356324042,13514.285714285714
LOG00007,Idle off,252.0,252.5,32.749802371541506,0.5371292824649686,18.717250435991044,22.29853754940711,161.0,1.7270934380334262,6.470256916996048,14488.601072840203,9785.714285714286,0.0,0.0,1.145951161699323,1.1780263469926622,1.0282535638929642,1.3789576514525952,1.1551827391536287,1.0039938556253343,1.0322028213560754,0.3107114931652484,0.6936977161778004,0.3456968321437855,0.5797559165310366,0.3599366502168288,3.504303148724734,7.949513669908872,9.22015845800658,1.520088579372651,3.361183156438394,4.624646124694961,5.962166622129872,1.1620994232872042,1.6712577377047908,252.000889,0.0,1.520088579372651,3.361183156438394,9950.0
LOG00007,Idle off,252.5,253.0,28.97317554240631,1.1817274049120505,18.858124204151437,22.23353057199211,162.0,1.5099163498350316,5.34956607495069,13375.71146801916,8557.142857142857,0.0,0.0,0.8693133851070692,0.649968895415725,0.7254687236705035,0.7814485245981013,0.5995759290700781,0.6816097411946138,0.4089523716730339,0.22460781239552094,0.45709755960987,0.3420401969820812,0.4250827671990212,0.2839739849257709,2.18048226069362,8.165836570765629,6.342376853680369,1.2830014350238041,2.194472355662072,2.4735284908943886,3.1400574122567,0.7675172071472565,1.08441287812921,252.518829,0.0,1.2830014350238041,2.194472355662072,8714.285714285714
LOG00007,Idle off,253.0,253.5,21.286587771203155,2.8733931439077356,23.298376980006175,22.331124260355036,145.0,1.3659551679646307,3.6377514792899412,10997.076641307409,7600.0,0.0,0.0,2.2677469562656016,0.6237246065009211,0.7774232823706724,1.3630915758406055,0.6223660211241802,0.8073243305709409,1.8914761322089995,0.41751980480244255,0.6509814732789627,0.29586870122438597,0.3621717112596814,0.3037473178342971,5.1840522758314105,7.72629565935502,4.422626146422118,1.0515273143260992,1.6750973005133845,3.607192026982571,2.9795489644505233,1.6630857828757104,3.978700053887874,253.103854,0.0,1.0515273143260992,1.6750973005133845,7714.285714285715
LOG00007,Idle off,253.5,254.0,27.037869822485202,9.037532183471034,22.098993616076147,22.200729783037477,104.0,2.305563860294853,5.877435897435897,12312.46830092984,7071.428571428572,0.0,0.0,1.2892410550122904,0.6973121831632701,1.0335238678139789,1.7219774974542668,0.7874969855583183,1.1658860261702695,1.3091118853935484,0.4895057175834765,1.0675999529097284,0.38291352703781445,0.8421199090305811,0.3830945454431177,4.184674031883826,5.593191645286874,4.760232291497649,1.7889483317437016,5.033701057943686,5.836361569574719,5.60817943084916,1.036433012480095,2.4283112361899475,253.963139,0.0,1.7889483317437016,5.033701057943686,7171.428571428572
LOG00007,Idle off,254.0,254.5,34.989546351084805,1.8868456691559394,18.760231047116438,22.237633136094676,20.0,2.116775303653467,7.208382642998027,15237.087912087913,12000.0,0.0,0.0,1.2304134489519363,1.1442272980081791,0.7437112398819737,1.4570506026088206,1.0071121624744697,0.8927142069148403,0.6675776887384957,0.41141957125284884,1.0216549338084358,0.3539176050005495,0.37511822522515,0.2618293269519707,3.6630400774687844,3.840865765959395,9.987433645833123,1.6112719546455603,1.9527169992356814,4.154795712929045,4.468606249670658,1.1881021346813785,2.4617624431762275,254.040091,0.0,1.6112719546455603,1.9527169992356814,12171.42857142857
LOG00007,Idle off,254.5,255.0,31.202569169960473,0.30179522177704093,25.7931144152318,22.29729249011858,1.0,1.2992408957001833,5.741146245059289,14160.36137775268,11800.0,0.0,0.0,0.7648227200672703,0.8595225266081046,0.6515405087144626,0.6494225647184827,0.7381249029532115,0.6514913490419757,0.38877523822183624,0.42065097658414247,0.000311932126467426,0.31712665761943676,0.3519133831691691,0.26859903039065364,7.454458252523404,5.448051812854915,6.983319180008626,1.2040502944464786,1.5965566949669405,1.9489533017319876,2.6539552107881486,0.8135517091365116,1.0955222961634892,254.692206,0.0,1.2040502944464786,1.5965566949669405,11971.42857142857
LOG00007,Idle off,255.0,255.5,27.100591715976332,3.3174007263015857,33.92526758884581,22.383372781065088,1.0,1.165329416550689,4.532347140039448,12981.269371653985,9757.142857142857,0.0,0.0,0.6028065537497703,0.6794532475098761,0.4505354687064825,0.5021381264517162,0.5435369265096188,0.45053567822010543,0.26908765649558297,0.3680355812999582,1.277022150103209e-06,0.263422160851398,0.3820597147424268,0.287475034376715,5.610401952703387,7.259310740437113,5.657570980160625,0.993732882772334,1.9830683575102184,1.632993161855452,2.6783521089886344,0.6422742625994724,0.8549010321900479,255.001,0.0,0.993732882772334,1.9830683575102184,9971.42857142857
LOG00007,Idle off,255.5,256.0,21.467652859960555,0.3919543579860877,38.52749188931995,22.421656804733725,85.0,0.7989054225094421,3.282031558185404,11053.832065370527,8885.714285714286,0.0,0.0,1.6521547753655654,0.6969064579759039,0.5153375670546335,1.9988752699645271,0.6979535463047677,0.49763383456839516,1.5366052962058985,0.43654240024161295,0.16737869043199105,0.23702374069830104,0.3585951681083218,0.21123956889431794,5.176705360136366,8.991246185606926,3.9823295026753986,0.8034035312262867,1.8663717517277643,7.650269748115743,2.7391528945792087,1.2679302056761177,4.660920728084128,255.998416,0.0,0.8034035312262867,1.8663717517277643,9100.0
LOG00007,Idle off,256.0,256.5,19.4767258382643,0.7316800867134056,41.33956939466441,22.38163708086785,148.0,1.1492983128581007,3.14956607495069,10263.045928430543,5871.428571428572,0.0,0.0,2.2960081233607657,1.5035962120696844,0.7342988817609984,1.3781228575939,1.5521606441052647,0.8538727214412015,2.0167052295557064,1.1264747063060698,0.6917397587448193,0.32707313337226435,0.4359705966831244,0.33146791794376224,6.828333745326459,7.291807177334662,6.669149006628964,1.213556577836723,2.350401471538026,5.281615615590378,4.719551009969083,1.9406770560153646,4.654082658861945,256.000389,0.0,1.213556577836723,2.350401471538026,6014.285714285715
LOG00007,Idle off,256.5,257.0,20.554437869822483,2.1573677779587226,36.55897248706301,22.45108481262328,150.0,1.7000809509974688,3.529132149901381,10504.536489151873,6414.285714285715,0.0,0.0,2.37570098417396,1.6404706359864094,0.7594521609009476,2.290350864748406,1.61378536255388,0.7954745355259435,0.9104583802357621,0.6173512065819681,0.5607802079957483,0.38289613726638827,0.4638745641890551,0.37265686858664093,5.960010123948109,6.4852614122347525,4.6405335364314935,1.6502692184267551,2.623986300363893,8.292483704901398,5.305462184775502,2.0414576990154334,4.625863765004266,256.999774,0.0,1.6502692184267551,2.623986300363893,6894.285714285714
LOG00007,Idle off,257.0,257.5,23.774556213017753,3.2600449456455434,20.50322851335531,22.392011834319526,60.0,1.9855841609704261,4.0449112426035505,11750.577627500705,8400.0,0.0,0.0,4.166673041588802,3.8856108422812006,0.9523658313237979,4.202763990929563,3.7783239785280434,0.9626128465227668,0.9242931607813432,0.5763673273742628,0.39988718673622137,0.5562060066045043,0.5975024509654181,0.42822331373401185,5.803017729636256,9.008340955663968,4.336904610873686,2.8875540305044964,3.4170873168689293,11.863041575585205,11.688680274022532,4.028593790217382,4.809691380317587,257.099416,0.0,2.8875540305044964,3.4170873168689293,8742.857142857143
LOG00007,Idle off,257.5,258.0,22.60059288537549,0.931624682837838,17.09283156111747,22.325553359683795,49.0,1.4810323724344625,4.038873517786562,11296.866177300959,9371.42857142857,0.0,0.0,2.816992917810297,2.0516145825747785,0.7473508844724732,2.5053512336692423,2.150295706194581,0.7465276746143111,1.272422495464822,0.9794979041816988,0.12940221380334335,0.39215867975832686,0.39967885312064333,0.34221472237280776,7.83843320210357,9.930833223386317,5.839739591222823,1.6749609185522463,1.8347630281187866,6.699949855278105,6.572490278311412,2.464200833376498,3.8946628601286237,257.899508,0.0,1.6749609185522463,1.8347630281187866,9614.285714285714
LOG00007,Idle off,258.0,258.5,25.985601577909264,3.517991204288207,21.39988478251316,22.252820512820513,46.0,2.0744419013783477,4.609704142011834,12232.75570583263,10557.142857142857,0.0,0.0,1.8857084065443614,1.9384037274737869,0.664055389669883,1.856256173439714,2.3689757312194217,0.6389788247191007,0.2173380297871172,1.1931932902988596,0.11474430549973831,0.5013247442553519,0.5058317761185939,0.37172699745599885,6.92921242499365,8.452585739827214,4.619133640652236,2.648127798336649,2.847706597960796,5.691614649425437,7.002535466427848,1.9122375905201143,3.817984984894117,258.499329,0.0,2.648127798336649,2.847706597960796,10722.857142857143
LOG00007,Idle off,258.5,259.0,29.502958579881653,6.982760620407488,22.82149080233623,22.40396449704142,68.0,2.2858086070541614,5.5275147928994075,13644.723865877711,9671.42857142857,0.0,0.0,2.524799737993306,2.079066452993952,0.7591609541537887,2.5226623982445746,2.3518322679191934,0.7591605833049793,0.21668768449295842,0.9704746720594242,2.5741877337230325e-06,0.4336725351599086,0.48452714066414826,0.3260946858633206,3.771628599489135,6.806520028548405,6.580355113304427,2.1523816931454833,2.777781141273834,6.993516298469785,7.648464800645036,2.3126965897990077,4.495753413359104,258.54767,0.0,2.1523816931454833,2.777781141273834,10042.857142857143
LOG00007,Idle off,259.0,259.5,23.52721893491124,3.1046203332462357,27.972469312996573,22.414536489151878,74.0,1.148182639563304,4.278500986193293,11603.127641589179,9314.285714285714,0.0,0.0,0.6482845569478501,0.7069710699821238,0.47474576376196864,0.6908762363048825,0.7219509652223242,0.4944409024163944,0.48098164707993246,0.568644918169217,0.15279476235654554,0.26502600581501007,0.32068566435069995,0.22453170272378198,6.860780368716325,7.153975248457275,5.6618539031075095,0.6440188406857982,1.395851162116837,3.3485844399506024,4.007389623886494,0.6782628401175826,0.8645868453952492,259.426687,0.0,0.6440188406857982,1.395851162116837,9414.285714285714
LOG00007,Idle off,259.5,260.0,22.10493096646943,0.6792176619576669,35.85776455887138,22.423155818540437,74.0,0.9142270714396267,3.52396449704142,11220.78050154973,9057.142857142857,0.0,0.0,0.5308042702627048,0.7035569188880799,0.6235145211229622,0.5257569380191197,0.5937743699651647,0.5521271178598285,0.38505917233723175,0.3315928845163859,0.3198737746583408,0.2922621554476004,0.37718746046920526,0.28554830671230674,5.945171885154442,11.44815515991492,6.013146288256756,1.0542523412847746,2.01547667126438,1.924614769722585,2.6150075142918348,0.6231955998899587,0.8748561815541948,259.999875,0.0,1.0542523412847746,2.01547667126438,9180.0
LOG00007,Idle off,260.0,260.5,33.41600790513834,4.558751375399223,40.257685498182234,22.330434782608695,79.0,2.194922253007342,7.282984189723321,14419.120553359684,9714.285714285714,0.0,0.0,1.0539814147037603,1.0999109294557117,0.7945713455077343,0.8307705501711473,1.1033498631574066,0.7136843862184878,0.5104861641449951,0.3665636632446993,0.36059004991713145,0.42869709038412235,0.6363291884912341,0.34976128737775675,5.986571363569049,6.4033416960533724,8.447917693503326,2.072115587824071,3.832810872323514,3.9047452635380107,5.824847959813261,1.077190994038909,1.7200257771140828,260.481314,0.0,2.072115587824071,3.832810872323514,10189.285714285714
LOG00007,Idle off,260.5,261.0,40.15542406311638,3.337638024338724,46.17841949547146,22.4051282051282,100.0,2.952235375479824,9.334595660749505,16502.359819667512,10271.42857142857,0.0,0.0,1.4051335864443468,1.2627126102479802,0.8387903401153145,1.3696694187162435,1.2914521158774592,0.7926792839290764,0.39220529615699345,0.5124237005511958,0.6126563140476899,0.42517514384462446,0.6034176595220192,0.3927777631062355,3.6287269784690954,4.664260867846135,6.490888292986447,1.9833909894940138,3.5155375969923752,4.100800903157489,5.735284746571905,1.3358225053938153,1.8176659037966454,260.933153,0.0,1.9833909894940138,3.5155375969923752,10528.57142857143
LOG00007,Idle off,261.0,261.5,35.65483234714004,3.418506214007242,40.79577799350489,22.185305719921104,94.0,2.703633960591742,8.054102564102564,15071.329952099182,9414.285714285714,0.0,0.0,1.8300316812724309,1.5293646070031315,0.9504699317459067,1.5898469182699781,1.3942638917531676,1.198881754346255,0.48249666282253967,0.498432998175422,0.6733254332820179,0.5361788375795351,0.5847915524675106,0.41953841683409676,4.446526455390604,4.798269721560356,10.173370961386864,2.766023646097223,3.5474154175797286,5.493226957473325,6.416356072300564,1.6864121761323123,2.45953701270662,261.45306,0.0,2.766023646097223,3.5474154175797286,9671.42857142857
LOG00007,Idle off,261.5,262.0,35.05463510848126,1.2361074995660244,30.212939127224622,22.268343195266276,105.0,2.3494369177182697,7.434437869822486,15032.163989856299,10042.857142857143,0.0,0.0,2.507961690619061,2.375282897521844,1.1528188647724817,2.3257071606092627,2.425023183191923,1.1601968182265434,0.7683226286396416,0.5311395138214627,0.45540452319566177,0.6085415659305149,0.5881695161953988,0.4408801382563415,3.9181289233816257,4.91447192574945,12.682756641507261,3.2848899261356745,3.5531878650603006,7.529691392446521,7.459026804339163,2.4425233555559482,3.381961144224961,261.740141,0.0,3.2848899261356745,3.5531878650603006,10257.142857142857
LOG00007,Idle off,262.0,262.5,36.083037475345165,0.9732660425200395,24.475859080468084,22.20646942800789,91.0,2.1052567582284127,7.657021696252465,15380.557903634826,12457.142857142857,0.0,0.0,1.4161528717526315,1.6166615146043202,0.8555239259828064,1.427528768184616,1.5626793242262873,0.8090520767508497,0.3995081228294533,0.43856990433401805,0.4512230894224676,0.46027624109294,0.4141606821113661,0.2942109197021333,3.6258734046504824,4.0994793422043685,10.774585069278865,2.336733407285266,2.2460723975083416,4.705739497773681,5.474524107279411,1.5197176397238994,2.2876970301131307,262.005518,0.0,2.336733407285266,2.2460723975083416,12600.0
LOG00007,Idle off,262.5,263.0,37.42031558185404,1.4655819569031974,25.190055690399557,22.26114398422091,93.0,2.155721572035574,7.819743589743589,15715.595942519021,12500.0,0.0,0.0,1.6274142069906259,1.535246188424769,0.6969181860135816,1.6409590092571944,1.5080036757624835,0.7639838122640354,0.5910521119814054,0.6767672607064487,0.46539983493631254,0.3906181414604673,0.41104046509990444,0.30964607964207436,3.441504780707065,4.266436504158624,12.709121456856304,1.745922695164133,2.0853502463633786,5.003943218278503,5.778283495796215,1.582001558183132,2.3221782736458296,262.938784,0.0,1.745922695164133,2.0853502463633786,12685.714285714286
LOG00007,Idle off,263.0,263.5,37.44664031620553,2.3205557160089643,28.57072091725014,22.08314229249012,107.0,2.1875695898703458,7.897075098814229,15812.789384528516,11400.0,0.0,0.0,1.8363556158778835,1.529151533638949,0.8146820585832604,1.8668864152881888,1.469671778173352,0.875715488404258,0.6073213579185811,0.4731745373782324,0.39175303410922385,0.4197564000555391,0.41989265905389744,0.31865138842882085,4.024474296628288,3.3156146855519384,8.504481104576243,2.1013717105190066,2.2443590905960122,5.586368219283699,5.23140410719783,1.6897494430827,2.6470684892468213,263.347214,0.0,2.1013717105190066,2.2443590905960122,11642.857142857143
LOG00007,Idle off,263.5,264.0,32.67968441814597,0.6576521947685058,26.935575822814478,22.24508875739645,140.0,1.937129385172315,6.412682445759368,14402.451394759086,10457.142857142857,0.0,0.0,1.4182702497804527,1.1745801442908304,0.787551309427041,1.2621887125921816,1.0973040977881268,0.6919968337071893,0.6502852330078693,0.44750658550996797,0.43939244414252787,0.39709804934758774,0.48116334750561013,0.3113006723462,2.686659413887613,7.782599049275679,9.806689381076149,2.170870390976822,2.488985986128639,5.600436725715029,4.770471302681124,1.3021384367214142,1.9386537453679618,263.874029,0.0,2.170870390976822,2.488985986128639,10828.57142857143
LOG00007,Idle off,264.0,264.5,31.10414201183432,1.2538393123733031,21.563621570318233,22.230059171597635,134.0,1.9233204438005165,6.133471400394478,13907.058326289094,9257.142857142857,0.0,0.0,1.6827329548797922,1.5526020068965243,0.8115641380080479,1.5872371335442141,1.3793220005680735,0.7212181997358753,0.8701206604098867,0.4100903999596139,0.4525043970246815,0.36754849709751714,0.5004102607557119,0.3551845322811323,2.7499536596657843,8.382099621936208,9.449358745891665,1.6903372289706708,2.7641536297630958,5.345646535605323,5.19861914604648,1.6189754768460194,2.4756407093163015,264.313039,0.0,1.6903372289706708,2.7641536297630958,9614.285714285714
LOG00007,Idle off,264.5,265.0,41.82544378698225,4.9481695807139445,22.201324880973598,22.197159763313607,125.0,3.126002723038574,10.114792899408284,16833.70667793745,11900.0,0.0,0.0,1.890824330358689,1.8671435877695066,1.3146997607733892,1.8664937880183605,1.7978180786511644,1.5172371958971698,0.5312806397923594,0.42537266686761444,1.1550553822454914,0.3904615037339845,0.42504065245332395,0.3754711911948482,3.848868237132268,3.4708931533418537,8.642932599286958,1.7534540358562216,2.3011481866355217,4.725606939510052,5.93571744756748,1.8790212645982975,2.350347159600943,264.898056,0.0,1.7534540358562216,2.3011481866355217,12214.285714285714
LOG00007,Idle off,265.0,265.5,37.25877712031559,0.9799452967610858,27.886761826465534,22.15958579881657,139.0,2.4072527591912554,7.799092702169625,15701.70470555086,12142.857142857143,0.0,0.0,1.3102299870703094,1.2810444113981325,0.9046665095666007,1.330724578864416,1.2666515411046821,0.7465044521846459,0.6092458047417009,0.37548963930470586,0.5878230382710063,0.4122134627747497,0.4237728525056641,0.3451420387808304,5.913652785911758,3.9672526882062114,14.063107625242505,2.044465397125706,2.3748092432100343,4.687260842025268,4.8579425194914,1.2957193760596184,1.94255305155192,265.499848,0.0,2.044465397125706,2.3748092432100343,12314.285714285714
LOG00007,Idle off,265.5,266.0,39.350197628458496,1.372863039552697,15.671312156898097,22.178913043478257,137.0,2.470697190349221,8.874822134387351,16188.234048560134,12642.857142857143,0.0,0.0,1.1634107643752412,1.6227290114067745,0.7782687563615742,0.9891955124301482,1.4820999980312743,0.6647211809938932,0.3680156478736087,0.47426054231872844,0.4074687751906034,0.3265865465832426,0.37107314347873527,0.3126208794820949,3.17842740181759,3.0701262542906718,12.159774316159606,1.465782843554727,1.857738283124266,3.1535161378405143,4.790058875590211,1.4118735869626207,2.439909597540775,265.576799,0.0,1.465782843554727,1.857738283124266,12985.714285714286
LOG00007,Idle off,266.0,266.5,39.29211045364891,3.2172330724758407,20.17423498051423,22.084220907297833,147.0,2.556994315351807,8.728067061143985,16295.73119188504,11900.0,0.0,0.0,0.922235758149995,1.1852336868736109,0.7732669085922659,0.8313099513161263,1.155832121874007,0.656351956141521,0.35242104280899417,0.42568817192126607,0.4618793703611978,0.31646173955149415,0.38420038176128607,0.27235282605362976,4.264516453065547,3.564165088830062,8.581813072647535,1.4784635267298791,1.9787759248422088,3.4766053859852906,4.501588586572671,1.061908114224227,1.715880773930454,266.499222,0.0,1.4784635267298791,1.9787759248422088,12080.0
LOG00007,Idle off,266.5,267.0,38.21163708086785,3.193293434839942,25.89217211723958,22.08747534516765,130.0,2.678475553522425,8.709901380670612,15779.43082558467,11514.285714285714,0.0,0.0,1.4612239608207118,1.3691301321051712,0.9679554104256941,1.296275511909495,1.2721369185550386,0.8172099105170608,0.4066276821673358,0.42074361602095534,0.5884753415160524,0.4124940090028102,0.3936086610908133,0.33769423289432493,5.454174087206209,3.9063429662709974,12.796805299502143,1.8781708432595903,2.138094974395621,3.843845461122765,4.56575884669283,1.4159259836437232,1.913335540069164,266.580119,0.0,1.8781708432595903,2.138094974395621,11714.285714285714
LOG00007,Idle off,267.0,267.5,39.02840236686391,3.628979080064349,17.71731535163265,22.084891518737667,125.0,2.772882325389441,8.781834319526629,16219.766131304592,12428.57142857143,0.0,0.0,1.1294781727616148,0.8542008542256722,0.732212723279925,1.2158696972895247,1.0344361658438925,0.7058036653049414,0.6705295387682486,0.696886828512142,0.48100762058404634,0.37627753912597245,0.40829429704849246,0.30056960615521117,3.7697538674819837,4.141367934342879,9.957824222369338,1.7534513371587033,2.0970760832864612,4.743104618297845,4.058497307437485,1.0013441072140945,1.3785955885767582,267.27761,0.0,1.7534513371587033,2.0970760832864612,12600.0
LOG00007,Idle off,267.5,268.0,31.988757396449707,2.837820759150342,15.39206241005942,22.30863905325444,139.0,1.801703624375691,6.211775147928994,14270.73119188504,9614.285714285714,0.0,0.0,1.5486719607465893,0.9987344259085257,0.8211455809596211,1.6894092588007559,1.2338720587084815,0.823161513217622,0.9127334770609594,0.617516898149068,0.5561780890917709,0.38941143123834576,0.415990517942983,0.3087575156207987,3.719829249933084,6.832969154485167,8.226077764470483,1.7655182649056378,2.1398398494371937,4.977662133530344,4.53128506923789,1.3030455278879394,1.9997374316565788,267.662364,0.0,1.7655182649056378,2.1398398494371937,9785.714285714286
LOG00007,Idle off,268.0,268.5,30.62544378698225,2.1927088140226383,14.412166486006827,22.236923076923073,142.0,1.855628976428974,5.969072978303747,13724.126514511132,9214.285714285714,0.0,0.0,0.9215833826702257,0.9436002608663465,0.6631439464517128,0.8358463319586523,0.8002427474038809,0.7350647457513504,0.39534820285745303,0.3627008658956873,0.5276762773351817,0.34570056338733135,0.3987821994906715,0.2718891952065827,2.481720434233066,6.98721363987194,5.35042614781268,1.449218681598142,1.9995247446827513,2.994406356526764,3.2984366627458463,0.9326567920518598,1.2632382893941927,268.477255,0.0,1.449218681598142,1.9995247446827513,9442.857142857143
LOG00007,Idle off,268.5,269.0,29.61581027667984,2.322196349354136,18.424979354580145,22.27183794466403,127.0,1.7089423125404035,5.455830039525692,13546.76030491248,9028.57142857143,0.0,0.0,1.0530089782173002,0.8061903740921568,0.6890223316166055,0.927921911660133,0.8798167429903199,0.713796377237699,0.4231968787265118,0.44846356752979843,0.4412697774165479,0.3066482276893252,0.3116629729478975,0.2846270966153361,3.093672270074445,5.877070537138324,5.650854639412905,1.0744453621464785,1.4652523789991678,2.727042150990819,2.6986308928143865,0.9377555191746662,1.5309623182701901,268.768286,0.0,1.0744453621464785,1.4652523789991678,9203.571428571428
LOG00007,Idle off,269.0,269.5,24.88974358974359,0.3931029312151139,20.45538609696253,22.253491124260357,117.0,1.317542969149553,4.558027613412229,12004.980276134122,8242.857142857143,0.0,0.0,0.9298102302211617,0.7649952713903614,0.6329231795600907,0.8700414017358539,0.7452516195202404,0.6423651540279723,0.49821286791505964,0.37867002119340365,0.5491847531233808,0.24374758545885244,0.3472139415104285,0.23639859737457494,5.30855919715316,7.573823795464966,4.098487852529356,0.7260245466318475,1.6923382592197194,1.9721932844132728,2.60442651563548,0.8514002670523252,1.2275049531566078,269.461831,0.0,0.7260245466318475,1.6923382592197194,8371.42857142857
LOG00007,Idle off,270.5,271.0,24.038067061143984,3.5802700926510007,25.01514289250415,22.219842209072976,173.0,1.2998076223201278,4.164615384615385,11822.435897435897,6371.428571428572,0.0,0.9861932938856016,4.234344259666517,0.7448412192794943,0.9335920490580853,4.4681018737098235,0.7209636426376472,1.0511524388557907,2.8258656824090544,0.506874483246729,0.5093668261631358,0.2868762682117963,0.4640551674903764,0.30072742886018644,6.012875006462517,7.738452032357284,5.661964588482604,1.0089635585482055,2.546186931250891,10.61761403567915,4.461317412737992,3.0401035962042933,7.566543631652453,270.959428,0.0,1.0089635585482055,2.546186931250891,7514.285714285715
LOG00007,Idle off,271.0,271.5,36.23162055335968,4.678226005611268,27.549927917877437,22.210118577075097,171.0,2.581811615667529,8.148003952569171,15210.643704121965,8542.857142857143,0.0,0.0,1.4326041185177956,1.3537707709379423,0.6784738039757799,1.7299674064696284,1.3672312931042856,0.6783990922475738,0.8893740478157461,1.0115071474121673,0.00040577502878283536,0.4895950754162472,0.7869546520586314,0.38956505327282176,3.8551789435971995,5.9067921114777455,7.031147403479963,2.41389610903429,4.845119218639558,5.5503445037828,13.778814579828573,1.3937449301504308,7.569549344455914,271.015662,0.0,2.41389610903429,4.845119218639558,9171.42857142857
LOG00007,Idle off,271.5,272.0,27.04240631163708,1.7890959802723916,32.10481788990832,22.133826429980274,87.0,2.0126524897077442,4.888599605522683,12698.654550577628,10471.42857142857,0.0,0.0,1.6418307439283761,1.070930097377807,0.5723671666045086,2.0398417325791205,1.113585062543454,0.5723608139941889,1.5831885418920744,0.8985020655660165,0.0005872150668691581,0.3876464059093449,0.5003034688386462,0.32755824068451667,8.272733510258885,8.842463283548893,6.960798712450199,1.6653500731449495,2.916699204024984,7.738578782819832,8.67356727251073,1.3860915311006787,2.6881932464630447,271.535578,0.0,1.6653500731449495,2.916699204024984,10657.142857142857
LOG00007,Idle off,272.0,272.5,25.847534516765286,1.406609095739423,35.205679841746914,22.402090729783037,47.0,1.637691236205422,4.709901380670612,12289.391377852915,10257.142857142857,0.0,0.0,2.001375041227386,1.3642812843876524,0.7115099470393391,1.7206032509256475,1.586991221598548,0.9105156166680018,1.0294086004169756,0.7584244649911996,0.7332687363640562,0.3038848027572435,0.43668973596549127,0.29740830771581,8.397745435097752,8.477498138860735,6.418681415492841,1.2623112488712929,2.264775021338069,5.961248959058309,4.976671415981067,1.7127121005262882,3.3633747446958306,272.43137,0.0,1.2623112488712929,2.264775021338069,10428.57142857143
LOG00007,Idle off,272.5,273.0,27.13786982248521,0.6921836062704133,35.321853695151475,22.231222879684417,63.0,1.4606086238388676,5.0261538461538455,12738.292476754015,10685.714285714286,0.0,0.0,3.4539534913213776,0.909901175284981,0.7135741201689356,3.912308718267657,0.8567366729779669,0.805486834968247,1.9766204129431815,0.5124097082500217,0.4593898353420756,0.3215768134963037,0.5038816321682573,0.28227471260921366,7.894163802696355,9.317681028387772,5.811440506925409,1.3130651149178292,2.72344600682779,8.850277745560872,4.166883623542887,2.5256400049290595,6.0311359340433075,272.771729,0.0,1.3130651149178292,2.72344600682779,11428.57142857143
LOG00007,Idle off,273.0,273.5,15.110453648915188,1.9494876663027567,34.93686221110262,22.355917159763315,52.0,1.212471267517067,2.2263116370808684,8894.787264018032,7485.714285714285,0.0,0.0,0.8516975031285546,1.0407627261345442,0.3751619700778279,0.725568208831042,1.0524307284486136,0.3739244601622557,0.7673182471059578,0.7473327337702925,0.04321730500472323,0.42311263771176294,0.44028580100679415,0.32007825069880985,5.548425000713371,7.235164854561348,7.6668647256605755,1.768558077975858,2.0352449915919957,3.2759358089045514,3.322566437523172,0.950940505222704,1.6953145201301116,273.084466,0.0,1.768558077975858,2.0352449915919957,7600.0
LOG00007,Idle off,273.5,274.0,11.460355029585799,1.1361316562028287,33.6368482962933,22.385009861932936,35.0,0.6703889958764511,1.7710059171597634,7461.996336996337,6357.142857142857,0.0,0.0,0.7654100335971684,0.7969560496888849,0.30540035154719225,0.6588136153386458,0.7846361563929042,0.3054001417462862,0.5118893336199646,0.6361447442235788,9.145529867441473e-07,0.3502313063750334,0.3354146326112656,0.31006902672529757,4.562330236609486,8.44214530352219,8.154423329396714,0.8246665471924349,0.8843836695327054,2.640901167094099,3.7125513431257984,0.7813422632454136,1.18219569090994,273.943752,0.0,0.8246665471924349,0.8843836695327054,6518.571428571428
LOG00007,Idle off,274.0,274.5,22.10810276679842,3.0989979187006433,32.85567336510761,22.338596837944667,39.0,1.5772537243542586,3.987173913043479,10876.341050254092,7342.857142857143,0.0,0.0,1.0460073348977605,1.0440987491144493,0.6021262392831975,0.9655292940716982,1.099379086514736,0.6021262574009792,0.3701631091348522,0.6467279855186292,1.0502758822626175e-07,0.28663877818824784,0.36712182382506336,0.2965413536139075,6.938849496875616,6.918956527779114,6.245680574347972,1.0437191856833674,1.7483800292900067,3.054511339918662,5.519458929774761,1.0450534777135267,1.363718885338616,274.311736,0.0,1.0437191856833674,1.7483800292900067,8057.142857142857
LOG00007,Idle off,274.5,275.0,22.998224852071004,1.58805228624248,31.442231505371367,22.266094674556214,36.0,1.4890812203190218,3.9815384615384617,11386.911806142574,9700.0,0.0,0.0,0.6545654619647178,0.9567691380678937,0.5594300627277834,0.6524436368674859,0.9682585425198308,0.5596760630750515,0.006931973466625045,0.4407487480017391,0.0055969399845131095,0.2972402278874801,0.35431888311708387,0.29173576898879744,7.010443437203111,9.882992073924576,5.517957484637104,1.0304497951578622,1.7274589842572396,2.0414830050628763,4.539330642555767,0.8197143183927751,1.113608538271332,274.680706,0.0,1.0304497951578622,1.7274589842572396,9828.57142857143
LOG00007,Idle off,275.0,275.5,26.931755424063116,1.133111770028834,31.064626562241614,22.229625246548324,33.0,1.4675205035621288,4.723826429980275,12617.920540997464,10557.142857142857,0.0,0.0,0.8792238540034842,1.044482775768209,0.670711160618829,0.8736154721998779,1.0619513517617303,0.6667293245492065,0.35363740976303043,0.560047158525663,0.12190852344201311,0.27616901400534394,0.35757995536017717,0.2215936449185934,9.978574775536854,8.199786902744298,7.815173618988809,0.8284717927838333,1.7784192895595892,2.2784471683613394,4.43471156521669,0.9653959950002906,1.2154978738264446,275.130571,0.0,0.8284717927838333,1.7784192895595892,10994.285714285714
LOG00007,Idle off,275.5,276.0,37.33944773175542,11.345957498984696,31.43264541533723,22.1265483234714,171.0,3.0892812648523797,8.611656804733727,15711.566638489714,7742.857142857143,0.0,0.0,1.1130152295577291,2.3704758281539027,0.8524899981046102,1.1380542993202545,2.948274454523351,0.8529381688420135,0.6092343566661353,2.33050931101044,0.003579808729358011,0.5805565808149099,0.5117146741108817,0.6089056537048615,4.805334661525797,5.596485966302367,7.186706914210129,2.7410146039446293,2.9970520412034594,4.499616464041286,15.568262866437635,1.851750327810067,3.3653861196232198,275.792545,0.0,2.7410146039446293,2.9970520412034594,8484.285714285714
LOG00007,Idle off,276.0,276.5,14.950295857988166,0.5000738715080927,30.074040562335874,22.39013806706114,171.0,0.22576606461828477,2.1579684418145955,8872.01324316709,7385.714285714285,0.0,0.0,0.735434226754405,1.6868047445702496,0.49530718634089915,0.718450314590964,1.496105847852871,0.4069243684049834,0.516442446555305,1.4524076634208636,0.32926472968678494,0.2821731462863678,0.2663270367993557,0.2218564859569505,1.0738693018107335,4.7152168779064025,1.613831858042693,0.9842641416980322,0.8160635200067079,1.7563634655942266,6.554129041685786,1.3011867176133012,2.8197467674045433,276.012547,0.0,0.9842641416980322,0.8160635200067079,7600.0
LOG00007,Idle off,278.0,278.5,37.19349112426036,12.716459423815051,15.31795708614406,22.05930966469428,163.0,3.986965309814984,9.27629191321499,14979.761904761905,8057.142857142857,0.0,0.0,4.933157453975335,2.0557886735136295,0.845490059315389,4.4395925890000525,2.6009019949788104,0.8455106391070182,3.846428209470785,2.003609034696882,0.00020946987468970898,0.4379815122633518,0.7216186492183951,0.6163357533800611,4.913932582476289,5.738665353311157,7.551633262632731,2.0287193263667933,4.152393325172425,13.19038260604618,9.122333173298092,3.779041514449091,8.574128433592158,278.327985,0.2445759368836292,2.0287193263667933,4.152393325172425,8471.42857142857
LOG00007,Idle off,278.5,279.0,42.75936883629191,9.21505318076433,41.624257313672196,21.90370808678501,118.0,3.946198467828044,10.022071005917159,17482.163989856297,11400.0,0.0,0.0,1.4176483163403382,1.189638002105587,0.6982664518100402,1.3800753745240038,1.0829332675242143,0.6982663338275533,0.3742151018082589,0.46914170665809535,1.311245470477708e-06,0.4179419297730587,0.5098810446116995,0.3785563880573838,4.02878376354902,4.163309647349962,8.187233806489525,1.9499182814060572,2.680603168051175,4.314783540569838,4.691887328795779,1.308618608471614,2.067921085706493,278.503591,0.0,1.9499182814060572,2.680603168051175,12100.0
LOG00007,Idle off,279.5,280.0,28.04260355029586,5.94877538046662,59.36805082879942,22.209211045364896,175.0,2.0304785804172982,5.354063116370808,12862.02451394759,8914.285714285714,0.0,0.0,1.3730794359253495,1.0607022493749008,0.9654145749430556,2.1907983535149103,1.1828397186475388,1.3724638279680097,1.5988180920659816,0.8369553686283083,1.3638436842432382,0.4408918127446039,0.5296465131831125,0.3520855891597023,6.01046571666388,7.837831360989081,6.528500167810992,2.068473348445876,2.98207080011502,9.689152925728129,5.240563981875065,1.2268733429311378,1.877847337755503,279.628268,0.0,2.068473348445876,2.98207080011502,9200.0
LOG00007,Idle off,281.0,281.5,31.841814595660754,3.953440448748254,17.572770561661656,22.209013806706118,64.0,2.1121730754623322,6.665641025641027,13951.690617075232,8871.42857142857,0.0,0.0,6.030469651051486,2.4760573484503596,1.1740680394040512,6.557347607778107,2.6439769912040254,1.1307451326462887,1.7965333411933162,0.8726310534659802,0.6139782947455303,0.5986181198065655,0.8835505148148873,0.5662301391300859,4.923509575829682,6.810093280175708,8.597087100480518,3.138868193196585,5.467516929482519,14.996646567950572,9.493068165523002,4.609632534436344,8.962932414273125,281.166295,0.25443786982248523,3.138868193196585,5.467516929482519,9000.0
LOG00007,Idle off,283.5,284.0,38.58362919132149,4.553879530865202,13.849228526068611,21.930414201183435,53.0,2.8655582965171944,8.856883629191321,15976.049591434206,12642.857142857143,0.0,0.0,2.859098680006197,5.827195613141142,1.3193700464038667,2.705879330844094,5.309876761698153,1.3187003677316438,0.4044538222829426,1.32581609871289,0.01565534735121174,0.6435607187435326,0.8336607090549565,0.5593750156883885,3.1964646609313676,4.593918933957854,9.905568713534471,3.2965909037969436,5.029587203128023,7.209324446462301,12.671233475511649,4.589697919026075,10.33436958967496,283.562637,0.22682445759368836,3.2965909037969436,5.029587203128023,12985.714285714286
LOG00007,Idle off,284.0,284.5,60.132938856015784,22.785934617926802,20.20270494373849,21.859013806706116,104.0,6.525487538828039,16.90049309664694,20719.209636517327,13228.57142857143,20.51282051282051,0.0,2.0473097616129037,2.8382104336238596,0.8343328313733137,2.0779814011540445,2.521431601694094,0.9210621058649905,0.5928301457063537,1.4154361091094716,0.545013097103183,0.6134351279367031,0.9374732332104221,0.4705826664142047,3.692479065247835,5.002920310229543,8.619995419779645,1.9966240322126831,3.5500662320074876,4.659828746292419,7.249974494956158,2.474562155768856,6.451540090924503,284.499864,0.0,1.9966240322126831,3.5500662320074876,13484.285714285714
LOG00007,Idle off,285.5,286.0,14.963905325443788,10.000699134086771,24.80130523680894,22.24232741617357,124.0,1.6771435302292974,3.2089349112426033,8477.852916314456,2900.0,0.0,22.485207100591715,2.2978496339539363,2.260891405235258,0.81351434527086,2.3421733439223287,2.2219556781226633,0.8135143482834919,0.12573614854684015,0.4130566103582752,2.918801862055719e-08,0.37156386152957566,0.4701328293846017,0.34569694248286514,3.783822650838597,6.346485884959872,3.3326375095890057,1.7108927397187845,2.6249690541162463,5.967532140023133,7.115835051577736,2.279445424497908,4.0478085347717165,285.961938,0.0,1.7108927397187845,2.6249690541162463,2928.5714285714284
LOG00007,Idle off,286.0,286.5,38.53984220907298,8.142739797816471,10.282749061202782,22.020138067061147,103.0,2.913720732173287,8.800374753451676,15783.340377571145,10300.0,0.0,0.0,5.48944041845447,4.347158929458551,1.2680768633589257,5.330691685468641,4.215187433044782,1.2680280403771451,0.47543003448310345,0.747382625444712,0.0011890253727215871,0.5949227254346955,0.7184242020602989,0.4589641667241305,3.846848365098106,5.841514433348988,10.408633554200671,3.0153139470988592,4.127959777455504,12.396554207239113,12.642013796089325,4.951350667531677,8.791147144815563,286.285531,0.15187376725838264,3.0153139470988592,4.127959777455504,10585.714285714286
LOG00007,Idle off,288.5,289.0,21.99625246548323,13.172393796974522,27.055117094372,22.019329388560156,142.0,1.9355661524054206,5.031005917159763,10370.378979994364,2900.0,0.0,20.907297830374755,4.72795161585113,4.491261967711128,1.2278771368320158,4.62541305930476,4.45928946116619,1.244768799923302,0.5200482122536001,0.9344964166069958,0.22093095238492544,0.630789133797458,0.7797329496990776,0.4883129134056527,3.3760222591116595,6.9204480896720195,4.336806295443338,3.465422010756431,4.647410765981857,12.248978542930331,15.82772141800569,4.611125705532094,7.9336215834276365,288.823924,0.0,3.465422010756431,4.647410765981857,2975.714285714286
LOG00007,Idle off,289.0,289.5,35.5207100591716,0.7212368080535795,14.206749035883632,22.061104536489154,57.0,2.1196361612803445,7.1723274161735695,15134.537897999435,12242.857142857143,0.0,0.0,3.6214134171756593,2.8762059366912482,0.9378082329252039,3.5777966127310434,2.962598712648401,0.92995600386105,0.3577245284636818,0.4176152438580213,0.12908267954988137,0.5002255248226364,0.5067263648790159,0.4632374207702339,3.5319187864960004,5.16459507067255,7.287295349774968,2.723808136186611,3.0369946325690376,9.365259568480196,9.423207743728224,3.270106705320017,4.427700728276839,289.377378,0.0,2.723808136186611,3.0369946325690376,12642.857142857143
LOG00007,Idle off,289.5,290.0,43.17850098619329,8.425791116468647,24.53571103432487,21.898244575936882,58.0,4.148054518325737,10.890059171597633,16898.323471400396,13957.142857142857,0.0,0.0,1.3720885901807485,1.3992595750188808,0.8206689622656667,1.3530176508549832,1.3807729337709735,0.8206685443377393,0.2859877462679627,0.37784380556449876,2.4821785002512644e-06,0.38496295053007634,0.4584396769321424,0.3140609531602658,2.6551213185119438,3.6882528570638855,8.048716110910117,1.6410097864130837,2.3927703848969446,3.829450911041803,5.3119640929372665,1.3857406787682565,2.9857552472604594,289.986079,0.0,1.6410097864130837,2.3927703848969446,14285.714285714286
LOG00007,Idle off,292.0,292.5,25.2094674556213,11.654054712207857,33.20911230783706,22.055424063116376,51.0,2.349669445408342,5.677909270216963,11180.635390250774,3014.285714285714,0.0,8.086785009861932,2.1895083387369385,1.8002160389627941,0.5890226829552225,2.1337241613353597,1.7907374520103045,0.5890226818385077,0.937603203716552,0.08859940715136475,1.1336489516515762e-07,0.4583414572823136,0.7687109018117771,0.45372880333108606,5.98623165028964,8.987251338323118,6.317846603515147,2.175176995739802,4.339511544399883,8.06898266588344,6.37843383174558,2.0043358691019675,3.338053326123019,292.120972,0.0,2.175176995739802,4.339511544399883,3042.8571428571427
LOG00007,Idle off,295.0,295.5,40.472386587771204,3.7850774713289717,47.540756857070804,22.057376725838264,95.0,2.9218176361817627,9.966134122287968,16078.789799943646,11871.42857142857,0.0,0.0,1.8445923028049136,1.6612691885356994,0.9318752596568901,2.2570234794382236,1.6412038952412662,0.914427091111077,1.3978024850160709,0.4483834435498254,0.6028113258924068,0.49542331966522174,0.5524070408129732,0.4044459241561392,4.020791823126481,4.58589892714381,10.553257390819466,2.393355605352842,3.349737769685503,8.119667116504237,7.276044832349981,1.755325622262889,2.6133486458449755,295.261143,0.0,2.393355605352842,3.349737769685503,12450.0
LOG00007,Idle off,295.5,296.0,40.33102766798419,0.12901929883407742,58.026179514749764,21.85579051383399,101.0,2.556727583464929,9.217588932806326,16307.749858836816,11557.142857142857,0.0,0.0,1.2140907452883114,1.4126461698997859,0.6509432406549279,1.1753915287775025,1.278749845855321,0.6370755029197009,0.29092615276600664,0.3599225023572401,0.4243494351131186,0.4382334429995052,0.4472459405005766,0.4226340751488827,5.4255242026096235,4.314711592340829,10.020067227215966,1.9460055999354184,2.4618848608231656,4.18259143907758,4.643198093722623,1.3171153212849782,2.004570924555811,295.51863,0.0,1.9460055999354184,2.4618848608231656,11800.0
LOG00007,Idle off,296.0,296.5,37.46587771203155,2.9788007344265917,56.53986677643485,22.08869822485207,103.0,2.5898014485168295,7.949388560157791,15660.284587207663,9314.285714285714,0.0,0.0,1.1325866085575536,1.3779226431566307,0.7450002332783203,1.022893041360647,1.4512799581261333,0.7889449084711019,0.3583176524968563,0.3822013851411216,0.5275088786125719,0.3764804092686013,0.5303572577605674,0.36963795750183626,2.9609194561659806,6.9530945096010885,11.084274080768974,1.847739950970486,3.0812545678239394,3.9127566617769727,5.611343821864731,1.261234164698938,1.705894514053497,296.156919,0.0,1.847739950970486,3.0812545678239394,9671.42857142857
LOG00007,Idle off,296.5,297.0,27.41282051282052,1.1312371844091205,48.10173424377699,22.15453648915187,72.0,1.87494055335857,5.328027613412229,12736.503240349393,7214.285714285715,0.0,0.0,0.9333248664083607,0.6615242794584354,0.6383338671760724,0.9067465753035553,0.5729173473875653,0.5161758408655891,0.40236441581486665,0.39086990076430167,0.4501602170789774,0.3057529124276186,0.5237939985253557,0.37340264478774277,3.6193526266356866,10.551799265707308,8.619509509002674,1.288475683429719,2.610671734889947,2.9112446080075203,3.547646940800063,0.8089220229939307,1.0498445538352026,296.720228,0.0,1.288475683429719,2.610671734889947,7285.714285714285
LOG00007,Idle off,297.0,297.5,27.435897435897434,1.3485960752189623,39.900701023149594,22.33268244575937,63.0,1.699548518310648,5.052426035502958,12628.860242321782,7214.285714285715,0.0,0.0,0.9315653247879874,0.8239972404756298,0.7136637266571236,0.8950439368965961,0.7203345995321561,0.5882041070925483,0.4872680017347926,0.34922764477402335,0.30733181450770886,0.32663867285950055,0.5783693789314484,0.37245162534409737,4.338088240783135,10.852080954867752,7.726244249281573,1.3581219129607227,3.127718480903373,3.328497478369309,4.385290096535146,0.8794274861120733,2.5365873503913794,297.495635,0.0,1.3581219129607227,3.127718480903373,7365.714285714285
LOG00007,Idle off,297.5,298.0,35.59033530571992,4.526412219393829,34.15762464216869,21.879664694280073,51.0,2.2931337573387713,7.976627218934911,14918.31501831502,9571.42857142857,0.0,0.0,1.5533281610669325,1.2605870132320822,0.8027227370495005,1.479556144636456,1.229285646898478,0.7536686289629166,0.8355311928160393,0.5068290971954634,0.38361205531983256,0.4956423138788766,0.5104779295986291,0.3761875005091568,3.586520196042803,5.6086633845364355,12.661467205473633,2.419454781268992,3.0710467514846944,5.105398001860036,4.8862807578945375,1.4145508110161609,2.6191861277778803,297.53115,0.0,2.419454781268992,3.0710467514846944,9942.857142857143
LOG00007,Idle off,300.0,300.5,13.603155818540435,7.834805134805551,45.407740109941194,22.14806706114398,90.0,1.2789815965570674,2.8356213017751477,8049.091293322062,3042.8571428571427,0.0,16.370808678500985,3.1563814703554267,1.1568474760886496,0.48158987283009935,3.1555491651411347,1.0482426574491075,0.48158988293897437,2.0481457940139522,0.36256324810988083,3.087911708072603e-08,0.39383954479694594,0.4960422964760839,0.43724151156819085,5.430526574243359,7.393521096308684,7.238192571908489,1.4871273758738124,2.2365521398486896,7.548136125849809,4.126213885105936,2.377082252398491,5.330307387562065,300.311198,0.0,1.4871273758738124,2.2365521398486896,3114.285714285714
LOG00007,Idle off,300.5,301.0,22.587968441814596,7.78803976160835,47.08368347652876,22.04571992110454,107.0,2.1811558416204884,4.3767258382643,10781.734291349676,6128.571428571428,0.0,0.0,2.585479452717252,1.1078834497939627,0.5861307107526816,3.1038056922569526,1.136034538908174,0.5861543555476324,2.286927180480911,0.6625076231022781,0.0018048222855861227,0.4598576546484941,0.7254723739074014,0.4803175014151886,6.576370340181229,9.10794412879492,7.533501615456027,2.0480394225138423,4.1254236456968885,9.265532829758328,7.427891357560628,1.9889833758418505,4.3041691192581935,300.571643,0.0,2.0480394225138423,4.1254236456968885,6251.428571428572
LOG00007,Idle off,301.0,301.5,26.74497041420118,3.151517174645136,48.215456622368364,22.187731755424064,66.0,1.8906045077135494,5.171518737672584,12338.193857424627,9971.42857142857,0.0,0.0,1.2350392964064139,1.0683621145120628,0.6818026115840972,1.3039802210050655,1.055424808339048,0.6878904597486223,0.9477904493330727,0.4645006753788324,0.22953380024948578,0.3457782924939606,0.44982693307952204,0.3259815079276009,7.430651032608369,10.220914755810197,5.008573662154854,1.394570786697529,2.4741845400515405,5.144653109909528,4.23379844934365,1.1547120141820504,1.6610748543294458,301.178361,0.0,1.394570786697529,2.4741845400515405,10157.142857142857
LOG00007,Idle off,301.5,302.0,25.382213438735178,2.520006870304259,46.59687766356332,22.117944664031622,56.0,1.6093371488693968,4.256166007905138,12081.549971767365,9914.285714285714,0.0,0.0,1.288802864528146,1.3601224479840919,0.5862646420784378,1.2350760632174027,1.4125200065512924,0.5862258848971018,0.9259768170582465,0.850471375375471,0.00028404801607366466,0.3123311191016575,0.35660605479450835,0.2543399825115328,9.153162458896347,7.7093424331950064,6.94766545703618,1.1522122893401154,1.576625029154132,3.378612106005342,5.415356586275897,1.3249426208568789,1.9830837202344782,301.623286,0.0,1.1522122893401154,1.576625029154132,10157.142857142857
LOG00007,Idle off,302.0,302.5,24.774358974358975,1.493686031891305,45.33362960634541,22.19992110453649,57.0,1.1270929577052808,4.33422090729783,11893.399549168778,9114.285714285714,0.0,0.0,0.9670747689120657,0.9016028440359224,0.5297422162992443,0.9967232388944187,0.8658999626087172,0.5314839187488518,0.6145206406966816,0.45000577151657406,0.009906885956659787,0.26828938909172173,0.3522196251612575,0.2688675661103618,6.548129221748699,6.310361117668061,5.489126582631429,0.8635710758971659,1.5185906844031558,3.6923076923076925,4.586877775977404,0.9349121073769417,1.379582296509104,302.021845,0.0,0.8635710758971659,1.5185906844031558,9442.857142857143
LOG00007,Idle off,302.5,303.0,18.7069033530572,2.073684958290729,46.753685544335156,22.067554240631164,32.0,0.8657767703317886,2.8293293885601574,9979.247675401522,6928.571428571428,0.0,0.0,2.3671463310513396,0.8045050754425161,0.5379561649136834,1.5994176569215501,0.7359824150301403,0.5159356783282214,1.4061464804935098,0.2862858304812268,0.37264250557943257,0.27846505452754083,0.3865900695585821,0.27636023770870727,3.9243828312703983,6.5367591038322415,4.010142426381272,0.8887025764243593,1.8705533885258447,3.9958064803000517,3.074037108105859,1.767853241791099,3.7596736672339923,302.642375,0.0,0.8887025764243593,1.8705533885258447,7042.857142857143
LOG00007,Idle off,303.0,303.5,16.091715976331358,1.257847326054286,46.65702233690706,22.19597633136095,44.0,1.263436674372054,2.678067061143984,8942.93462947309,6714.285714285715,0.0,0.0,0.5527177837880006,0.8284035041773643,0.46162940036237926,0.5175329805831936,0.7238967467949531,0.40568539548816995,0.28539443126257064,0.43295501141761256,0.3114551125440242,0.35742086221417996,0.4636035202213949,0.38032888889022537,6.330184700093655,9.011624626453935,8.303084173410843,1.025009022145027,2.0690436092195226,1.902971827208151,3.608832032535354,0.704183681381802,1.232028848214817,303.499674,0.0,1.025009022145027,2.0690436092195226,6800.0
LOG00007,Idle off,303.5,304.0,22.76666666666667,2.9642533898278414,45.71125093704534,22.252485207100595,29.0,1.7359372225674494,4.304358974358974,11018.434770357848,8742.857142857143,0.0,0.0,1.1917614338998908,1.349646217872771,0.5961368356105051,1.2215770089733227,1.3561504694667699,0.5944352343873343,0.4430931474435165,0.42588866406543674,0.3731116825335642,0.30743938571956564,0.398608219838094,0.33222132007942434,5.360519628051063,6.650494507356148,4.21526042940639,1.1752927699742148,1.9192070461796533,3.209637853080779,4.642442056135535,1.2731536098895133,2.0874466621428795,303.951507,0.0,1.1752927699742148,1.9192070461796533,9000.0
LOG00007,Idle off,304.0,304.5,20.74466403162055,2.9533496066302334,42.91159912446332,22.276027667984195,22.0,1.663628248407172,3.257252964426877,10596.22388481084,9057.142857142857,0.0,0.0,0.7779536551816509,0.8692537780927087,0.47397275548276846,0.8027827662323285,0.8957912462125512,0.47442374064572207,0.5104231175495215,0.09323932181679914,0.013075156737891093,0.32524244439639144,0.3389135042549308,0.27814708572780694,5.501136867796052,5.901491082961502,4.480034889325117,1.1712616110891834,1.508305218414639,3.681488786319261,3.147556929509922,0.8248678743710833,1.8848962441783355,304.000834,0.0,1.1712616110891834,1.508305218414639,9157.142857142857
LOG00007,Idle off,304.5,305.0,26.940631163708087,4.368748392934128,39.9721013529117,22.131104536489154,45.0,1.9189807218822732,5.310966469428007,12322.85150746689,9257.142857142857,0.0,0.0,0.7705187909828239,1.066417774565829,0.5111437033203122,0.7670309990567196,1.0138140816782273,0.5111436887005383,0.5190318458555535,0.267782130026422,3.4715835532067975e-07,0.3477612768923712,0.3894146168800344,0.2804618890390013,6.393578292355268,7.416185282641654,5.076703257135805,1.4372983274940405,2.0256606809807827,3.039840647749169,3.6172935495027443,0.9303080342466054,1.47730224733508,304.863062,0.0,1.4372983274940405,2.0256606809807827,9571.42857142857
LOG00007,Idle off,305.0,305.5,26.383431952662722,6.275653596551517,36.59987395655642,22.063353057199212,87.0,2.065887039807774,4.672090729783037,12512.426035502958,9914.285714285714,0.0,0.0,1.7158286553030695,1.0040031860406051,0.5535081841596757,2.446831865563341,0.9473773359822302,0.5541507230764026,2.1168386922528213,0.5214861285680417,0.008559405694896459,0.33574632359855733,0.3845156525552705,0.3109729002975037,3.9492807858328693,6.188548418186566,7.157299751031058,1.3731096584641553,1.924826360673166,10.68787954791638,3.835112356243277,1.4057187435505765,2.471976681874851,305.19059,0.0,1.3731096584641553,1.924826360673166,10057.142857142857
LOG00007,Idle off,306.5,307.0,43.20690335305719,17.38788407200564,12.596576916484755,21.692169625246546,139.0,5.4644680589371895,10.124575936883627,17065.55367709214,10500.0,0.0,0.0,2.168772853897537,3.7402515989808585,0.9311915799846731,2.4409901529160902,4.136966015397647,0.9121957849537748,1.1764355037196115,2.05187747439825,0.49097192440900284,0.5006151960696945,0.7609472135482328,0.7175175003792887,4.770666864083605,6.161912911376134,7.004895660917321,2.1654499681561963,3.9858945594447928,11.062936326210638,11.649042760615945,3.057209325142926,6.2406578028916995,306.851908,0.0,2.1654499681561963,3.9858945594447928,10800.0
LOG00007,Idle off,307.0,307.5,41.22430830039526,18.690835562053337,37.78196283404712,21.764723320158105,163.0,4.44865286613594,9.990316205533597,16539.525691699608,9171.42857142857,0.0,0.0,4.258764355497468,2.8104896029194713,0.9369214049862699,4.955792641270039,3.2383112915921703,1.5912913403631193,3.0423470996044983,3.1725462532127446,1.485153982209753,0.4871675886025874,0.9803780081508023,0.6148184148217557,4.8655442370325135,8.376415862272388,7.156395500431527,2.289895790825615,5.678395957290498,15.657777872518768,18.738369251710214,3.6080414107777488,7.293671537484878,307.241589,0.0,2.289895790825615,5.678395957290498,10257.142857142857
LOG00007,Idle off,308.5,309.0,29.676725838264296,0.6591569609693256,40.77583927209819,22.013925049309663,163.0,2.419705606792128,5.9901577909270225,13209.136376444068,8585.714285714286,0.0,0.0,5.278609184198982,3.5415544116082915,1.368159728528077,5.138304939186224,3.5588135872473856,1.3229390850869251,0.6304865747638082,0.4170739583772651,0.7250950248832051,0.7861408953464875,0.8431374787348651,0.5832425769326606,3.9115916483009125,7.323913453223576,5.754052842345239,4.302612907777557,5.181324505974301,13.850996304213261,11.563306584692704,4.494792685424545,7.665156523358558,308.9996,0.0,4.302612907777557,5.181324505974301,8914.285714285714
LOG00007,Idle off,309.0,309.5,27.863116370808676,3.0478499150714478,18.314214316387474,21.989309664694282,87.0,1.7754835517828282,5.249487179487179,12786.15102845872,8385.714285714286,0.0,0.0,5.2500802226243755,4.29249461004333,1.2498370999207318,5.095822837786742,4.403399918021053,1.3130114243454356,2.4575374466462057,0.8434644215640881,0.5530511962106285,0.4856868665712821,0.666754241289997,0.43469894895854616,5.4707947007768745,6.7858039432176005,7.488364669838064,2.367924378820752,3.946980516843826,14.60080244208046,10.465685452568811,4.7952503751755575,8.62828120644517,309.011438,0.09072978303747535,2.367924378820752,3.946980516843826,8661.42857142857
LOG00007,Idle off,310.0,310.5,30.196245059288536,0.41930411391488304,11.525864192189522,22.05764822134388,38.0,1.611959067996378,5.741086956521738,13526.821005081876,11371.42857142857,0.0,0.0,1.5266487355670355,1.1541244633539336,0.8885156780739446,1.5474400454931025,1.0248508672485788,0.8292208579799819,0.42834541513756913,0.3839534624753191,0.38924815108576116,0.31196077109208004,0.43420419289003104,0.28304615926289406,4.994323615573947,9.199158246062913,4.953950651028089,1.1418970388279581,2.2966208416657605,3.5204091569604614,3.825491779076078,1.3532663519648365,2.5517291821341446,310.000943,0.0,1.1418970388279581,2.2966208416657605,11514.285714285714
LOG00007,Idle off,310.5,311.0,28.85680473372781,4.916575038159725,21.635394163652865,21.994694280078896,41.0,1.7943956602070439,5.551222879684419,13233.685545224005,9700.0,0.0,0.0,1.1868115619504223,0.9056259778139328,0.5225558266723651,1.2945716202088826,0.9577065973463831,0.5599141212670057,0.6649833685399257,0.4687409327213117,0.3169047982512868,0.3321297747701486,0.4155299499346161,0.29325841430604455,5.496594535955779,7.63306415826575,5.837152674531287,1.2688880696016092,2.0668643873990824,4.180824074369598,4.228904017747565,1.0556230613411786,1.6960342384977292,310.694487,0.0,1.2688880696016092,2.0668643873990824,9914.285714285714
LOG00007,Idle off,311.0,311.5,20.82603550295858,2.106604778084212,25.386404764903386,22.170374753451675,41.0,0.9997516562125474,3.2937869822485206,10656.255283178361,8114.285714285715,0.0,0.0,0.8739738595394011,0.5778370207283284,0.5222342185931382,0.8223222972943269,0.5683153729198562,0.5234686298789215,0.9145156179327826,0.16020409462620505,0.018391702325384913,0.2727693109904106,0.3654540196634066,0.237294014423125,5.2153033996636164,8.15122664923402,4.747025005672018,0.602333079253296,1.7066545980687946,2.9739168548508674,2.3365714358757983,0.7408528631524574,1.4228691967690055,311.262741,0.0,0.602333079253296,1.7066545980687946,8251.42857142857
LOG00007,Idle off,311.5,312.0,19.455029585798815,2.135644092413337,26.701230777454224,22.219191321499014,18.0,1.1470675439344888,3.3537278106508874,10074.105381797688,8114.285714285715,0.0,0.0,0.8094991238349063,0.5137483656284056,0.47969728387452554,0.7730351921475335,0.47525256146872835,0.4796972475934219,0.6472015850666012,0.14118788538140073,1.9236310253210675e-07,0.2851805931506288,0.30953279795613625,0.24789666911272262,4.185518441053997,5.694871410360744,4.606585163155525,0.6478912934002635,1.2087291787037786,2.341209586392507,1.7405705383053478,0.677947717259723,0.9662329281619956,311.828035,0.0,0.6478912934002635,1.2087291787037786,8271.42857142857
LOG00007,Idle off,312.0,312.5,28.2370808678501,1.615862493224806,28.73755397043251,22.05727810650888,34.0,1.5768125761046374,5.319723865877712,12956.459566074951,10800.0,0.0,0.0,0.9349106605772917,0.6029984326456848,0.533642612469174,0.8014286488003284,0.5424072959989169,0.5336426265083931,0.46657133121657784,0.28709004115747694,2.825985692004752e-07,0.29251007341806745,0.3808382054829695,0.27088188054105,7.549787080002671,8.680597404973513,6.068222577706628,1.041674681258877,1.823138449928275,2.8747695216767104,2.7766993304276992,0.7866590916763819,0.9976969473800901,312.366693,0.0,1.041674681258877,1.823138449928275,11342.857142857143
LOG00007,Idle off,312.5,313.0,26.52411067193676,2.419578349002406,33.1064486905173,22.07395256916996,32.0,1.4965447525434568,4.7844861660079046,12402.03980801807,10500.0,0.0,0.0,0.9731370159100724,1.1554035952712842,0.5609114742636875,0.9928898272497217,1.165346835644664,0.5627632471915406,0.40724084975089875,0.7252885175702375,0.010306118070428676,0.2855254873980065,0.3551455954699245,0.26005901495893446,8.47197680554037,9.601588359037354,6.815865231422294,0.8666737331738981,1.6715518772475133,2.6606486771836693,3.9960454760475783,1.0681650433571044,1.6358832153967817,312.827412,0.0,0.8666737331738981,1.6715518772475133,10657.142857142857
LOG00007,Idle off,314.5,315.0,21.85147928994083,6.415161158029947,26.566218969061108,22.023668639053255,83.0,1.557501618214558,3.8742603550295858,10802.183713722176,8371.42857142857,0.0,0.0,2.0596003768857942,1.4933323365536533,0.5099533128134902,2.9252032036943865,1.674766758904926,0.510559928439237,2.146899063733204,1.5426375743611562,0.02460189744157033,0.30119342020378753,0.6032114851413081,0.2548724565081059,2.7506622368502955,6.7543548516411684,3.3888947050777283,1.1303732687436916,3.3485508009657723,10.31438741618731,8.443453867641496,1.7988878758645426,6.6844945754214224,314.528222,0.0,1.1303732687436916,3.3485508009657723,8514.285714285714
LOG00007,Idle off,316.0,316.5,30.24733727810651,4.809175956781463,20.164348110585227,22.220059171597633,103.0,2.4692283842896625,6.57844181459566,13260.672020287406,7628.571428571428,0.0,0.0,5.908967852932427,3.0625869160263552,1.1773134153585623,5.644841653913671,2.9167489581072807,1.0317436966858176,0.9322579402694006,0.8443789289605446,0.6607977466403633,0.5168796987446769,0.6473307948981104,0.4919314057790056,7.737355074505453,6.886297848319648,7.689261466985239,2.6292794615323474,3.5604389269843892,13.27341071287492,10.417138056395148,4.706131091735795,9.00531542184243,316.08599,0.21893491124260356,2.6292794615323474,3.5604389269843892,8280.0
LOG00007,Idle off,316.5,317.0,32.953057199211045,10.316643908806146,12.273666418760397,21.95165680473373,122.0,3.068189746191398,6.779980276134122,14383.16427162581,9714.285714285714,0.0,0.0,2.9511527818797556,1.1436579049582194,0.7848742775073382,2.5915935647845876,1.4558835076340422,0.7192626385996383,2.1677588852478773,0.8616517549974702,0.4881124478261116,0.33128477665243,0.40642236402388543,0.3449695330627387,5.604949361763203,7.018049502584608,8.645406826083947,1.272553095301517,2.138019702673526,8.721869404958994,7.109456990391379,2.23799644163815,4.66304318094836,316.769668,0.0,1.272553095301517,2.138019702673526,9900.0
LOG00007,Idle off,317.0,317.5,30.89704142011834,4.5096052565913665,20.686468617400678,22.009506903353056,87.0,1.9859575584233018,6.211518737672583,13619.970414201183,9571.42857142857,0.0,0.0,1.9657887089421837,1.153866593410882,0.6328174188158859,2.379769483039419,1.1371744037655025,0.6336222718158877,1.5107911579180324,0.1741547537685773,0.008049969099650778,0.3158645435183286,0.42896557042752476,0.3078620399172547,5.397878006349882,8.380460404012148,6.5221629956066,1.3569775917641127,2.257601721215776,9.310128945733958,3.6398517428679935,1.6117899000170917,3.01148934474358,317.106084,0.0,1.3569775917641127,2.257601721215776,9900.0
LOG00007,Idle off,317.5,318.0,50.629191321499015,24.429186313137325,29.74257785456885,21.37528599605523,154.0,6.537703889107195,13.26465483234714,18279.03634826712,11714.285714285714,8.678500986193294,0.0,1.6084505319901932,2.550959759077354,0.8872861883422715,1.8786697612933303,2.7815471016715136,0.8973371198712348,1.0949199776628495,1.9208205026686802,0.14125486479240854,0.4444194866684431,0.7401615658410553,0.49503021037550693,5.842198279347494,6.711819688931606,7.094678131484903,1.5064171471517955,2.813413694653835,4.1562196447854145,9.095591406691229,2.1324292258233957,5.026918503876842,317.993987,0.0,1.5064171471517955,2.813413694653835,11880.0
LOG00007,Idle off,318.5,319.0,22.7414201183432,4.095985954790833,31.29361731492752,22.07193293885602,161.0,1.8400254210499003,4.011597633136094,11175.908706677938,6457.142857142857,0.0,0.0,4.682947581473672,3.6551058112130845,0.9071368683696696,4.566465862341024,3.087977280822667,1.0278381438719784,1.7060877816245112,1.7961067414300234,0.9526055724307032,0.5382591145391259,0.647499984832461,0.44634823773444227,4.23540423437792,7.1512883785172265,5.07464570596832,2.606407470903888,3.6504191268362756,15.97267143409697,10.512601623737497,4.200583087024572,6.06902463413026,318.837492,0.0,2.606407470903888,3.6504191268362756,6680.0
LOG00007,Idle off,319.0,319.5,25.513806706114398,5.926406548825929,13.464092684970495,22.032248520710063,87.0,1.7157765417101272,4.697041420118343,11733.7348548887,6885.714285714285,0.0,0.0,3.925961915443809,3.7160409154119014,1.2458991363535226,3.782274689301607,3.5456551688571443,1.2393128736302252,1.052662157899615,0.5968150637153233,0.11901195610141524,0.4844287983896275,0.6229328817919145,0.40823183172182353,6.27574670018696,7.032539860824553,5.815878845110524,2.2852480631586216,3.6496550337908524,10.041334690511214,11.057764771222988,3.822442742967549,5.76171679450972,319.272561,0.0,2.2852480631586216,3.6496550337908524,7294.285714285714
LOG00007,Idle off,319.5,320.0,39.570019723865876,11.779457957930342,18.967283907679978,21.68938856015779,89.0,4.000000149011609,9.964023668639054,16128.9236404621,11871.42857142857,0.0,0.0,2.924371958448135,1.1306333470231666,0.7611482945253809,4.03223178581767,1.1155794605579092,0.7521292876844938,2.6642279298496967,0.6320087138876631,0.076464945511237,0.4242639316265179,0.5516066486925862,0.5941107849247431,4.64828305634852,5.403738001979925,6.890446500971188,1.8739288816835271,2.7991015461608875,10.0447715701969,5.781525361265708,2.2170118534593564,4.4793045382414185,319.743147,0.0,1.8739288816835271,2.7991015461608875,12428.57142857143
LOG00007,Idle off,320.0,320.5,31.230966469428008,4.58140565374446,39.01712329855369,21.816291913214993,46.0,1.6016329866110586,5.874733727810651,13802.683854606932,9757.142857142857,0.0,0.0,1.4184804673848599,1.439350596135719,0.6473602114178495,1.8103367059746276,1.4581866666080106,0.6473626680021684,1.794177512427283,0.5921660687588107,1.0098236452562258e-05,0.3714661412721339,0.4334977868517619,0.2751855943971846,5.471192056070685,6.3778577764049995,5.776771191051182,1.7298077173834363,2.2405265518724415,7.103767370073871,4.2029387671103295,1.4289536337734374,2.2023016950485,320.018396,0.0,1.7298077173834363,2.2405265518724415,10014.285714285714
LOG00007,Idle off,320.5,321.0,30.434189723320156,4.9290817474551964,50.88447143118942,21.985158102766796,63.0,1.7116848780781557,5.706996047430829,13695.870976849239,10471.42857142857,0.0,0.0,1.6661679338912594,0.9658318513931009,0.5871059944255086,2.0469724725341165,1.007407188840881,0.557048802195661,1.5232275253543617,0.5524795226163091,0.18377581179478586,0.3955273769309468,0.395305157064659,0.3341584941304811,6.464453086790052,7.170218599406713,7.255644849184479,1.671651816301815,1.9354318482778492,7.323820036084217,4.079738812069169,1.3617905031782407,2.5802939902290416,320.999037,0.0,1.671651816301815,1.9354318482778492,10985.714285714286
LOG00007,Idle off,321.0,321.5,26.944575936883627,2.4543937110434273,57.740679224584596,21.987357001972388,65.0,1.3846497480497262,4.831834319526628,12507.61482107636,9871.42857142857,0.0,0.0,1.835736779479964,1.1929485914403197,0.6418275695702278,1.7995082555410813,1.1260464286308314,0.5464508137083557,1.6219175918232034,0.44425599971066815,0.3719433933258626,0.32090436373856474,0.3613581974964215,0.32778054028707365,5.749016285270164,7.840955262355139,6.118440089730798,1.31417150387236,1.8393369693348365,5.263285060230592,3.9757648464664532,1.5480723279864734,2.60742397521905,321.182537,0.0,1.31417150387236,1.8393369693348365,10014.285714285714
LOG00007,Idle off,321.5,322.0,29.02248520710059,4.28980803712046,61.45791998128637,21.909191321499012,36.0,1.9086722321521887,5.314950690335305,13063.630600169063,9614.285714285714,0.0,0.0,0.8539922682161107,1.2936744277239132,0.5533653616909666,0.9113211153171162,1.1529201318478732,0.5735046702424674,0.4278909699577154,0.44786999031386027,0.2181446476333948,0.38754283215795915,0.5236614122786583,0.38409657842336603,5.839803451745154,8.697705496064971,6.591332377853064,1.7091265647850948,2.9840894529240396,3.457832774306622,4.640104739346996,1.0961059070910282,1.8418287676707694,321.563353,0.0,1.7091265647850948,2.9840894529240396,9757.142857142857
LOG00007,Idle off,322.0,322.5,46.95285996055227,18.80325538105469,63.65365726272369,21.582721893491122,115.0,6.002885700720624,11.855424063116368,17906.530008453086,11371.42857142857,0.0,0.0,2.0854924865089455,2.881072720674046,0.859804919323046,2.26100903544585,3.360205718690803,0.8099275114095973,0.8609318929729449,1.8241605252156174,0.21478747874896637,0.5658297246530163,0.9233270363791583,0.6571778568011543,4.638390511817043,7.211297131977347,6.685183242182642,2.35695995386063,4.640965780302732,5.526518462073304,18.893660688209245,2.514941245148424,4.411164426992923,322.461115,0.0,2.35695995386063,4.640965780302732,11428.57142857143
LOG00007,Idle off,324.5,325.0,29.03510848126233,4.652745169414072,10.669039481867788,21.944950690335308,67.0,2.1811921316958083,5.260473372781065,13234.516765285996,11128.57142857143,0.0,0.0,1.4890714145465669,0.9685942498255823,0.44147763392322614,1.806594783982899,0.8657601660144997,0.4414776339005897,0.8920776821282002,0.274239118442358,9.655117952983634e-10,0.27831800032699205,0.3430269965209799,0.27402100621471887,5.571955610363673,6.687561065165941,7.9318400751948905,0.9930263054695329,1.5281167419468458,5.759136468252906,3.023902151344732,1.2560868796414708,2.5271946349911847,324.564443,0.0,0.9930263054695329,1.5281167419468458,11371.42857142857
LOG00007,Idle off,325.0,325.5,30.12011834319527,8.271039133561999,18.660034524884498,21.943116370808678,63.0,2.4127065066171545,6.07007889546351,13330.149337841645,9857.142857142857,0.0,0.0,2.0277622807658666,1.3549012287526068,0.5123496004459362,2.176268024866148,1.2811094300981352,0.512349600445937,1.5774223589801013,0.498010366938233,1.0219190044744469e-14,0.38563953624262637,0.5152800959345263,0.3418620119023973,4.980258993378746,8.716484234283149,9.05617357416825,1.6223528734420958,2.708201547199167,6.196009404800698,4.563814453597331,1.7244676290049794,3.249682695099149,325.425704,0.0,1.6223528734420958,2.708201547199167,10014.285714285714
LOG00007,Idle off,325.5,326.0,25.060157790927022,1.3302245716417433,25.421841714041083,21.889447731755425,43.0,1.162836542944579,4.268205128205129,11937.665539588617,10185.714285714286,0.0,0.0,1.2955060436779438,0.9205492914886281,0.5995782315184877,1.4028261785392164,0.785142040392396,0.5995782315184893,0.8699858706867228,0.36498046669255346,8.927017449129483e-15,0.27699643917187167,0.34476345871757225,0.25563718398680585,6.87070657274665,8.698046820682448,6.475081822659832,0.8566161592645434,1.694008984594635,3.585803698709743,2.76138489680875,1.12377642511006,2.6562146390523806,325.500734,0.0,0.8566161592645434,1.694008984594635,10328.57142857143
LOG00007,Idle off,326.0,326.5,29.60948616600791,1.8562332052463701,30.82382038333641,21.81903162055336,46.0,1.4636877763066136,5.416146245059288,13407.566346696782,10528.57142857143,0.0,0.0,1.6339086848085327,0.9673560393867663,0.705815284268517,1.5115212234078759,1.0593878763027778,0.705815284263642,0.7086483679293605,0.48507934483210313,7.418791635959365e-10,0.31939376933725905,0.43549479930046925,0.2808048454777709,6.862233342248494,9.727617269156005,5.765622517933312,1.2095680117986962,2.4632031829761125,5.177864104033815,3.8872447744847367,1.342653212343157,2.350948303065803,326.422129,0.0,1.2095680117986962,2.4632031829761125,11057.142857142857
LOG00007,Idle off,326.5,327.0,18.984812623274163,2.1355879314643533,35.26386218711032,21.998658777120315,47.0,0.9971636841457504,3.0090532544378696,10030.156382079458,7571.428571428572,0.0,0.0,1.2164608336449747,0.6017897889564855,0.4311874447618496,1.0711500216480787,0.5845455272203174,0.4311839656968016,0.7223478302904606,0.15808169110931575,3.249159841460168e-05,0.28638680151307677,0.3447015177227891,0.2648498833360737,3.7161375078240115,6.0384086071747545,3.9488761342426066,0.8231315984712911,1.6597104709427997,4.08803517085964,2.4088921398067784,0.959668669355345,2.1642616905524013,326.519801,0.0,0.8231315984712911,1.6597104709427997,7814.285714285715
LOG00007,Idle off,327.0,327.5,18.971203155818536,0.3338838631513671,36.83420463586076,22.001203155818537,20.0,0.8457960117418346,3.041992110453649,9937.982530290223,8342.857142857143,0.0,0.0,0.8750485140064492,0.9671934304876689,0.3967829067401166,0.8924049045795918,0.9216540811754833,0.36293088500360704,0.4889739560068111,0.291077933850735,0.24014887848575295,0.2611915928622949,0.2770135444021226,0.221664192503752,2.499961545311413,5.482170344476065,2.830627881420009,0.5976991546091432,0.9664957658593574,2.2558274305561814,2.3738383435403363,0.9222724743380883,1.1463959800312251,327.286354,0.0,0.5976991546091432,0.9664957658593574,8457.142857142857
LOG00007,Idle off,327.5,328.0,22.382051282051282,2.9481069601114758,38.76109178589123,22.011854043392507,22.0,1.454061637007496,3.8542603550295866,10919.928148774303,8942.857142857143,0.0,0.0,0.8426269839870262,1.1448759054108935,0.5605800686054246,0.7786067374083413,1.123908330691361,0.5172220907687558,0.29287590535944064,0.3375039192687545,0.17154492174477398,0.25633431414848384,0.33043912081325616,0.23328108753008625,4.399642898913342,5.666494048961905,3.7964070493636766,0.6988437315828747,1.3639711467875497,2.156134315708724,3.0893977889266466,1.0051768682509277,1.412079310895903,327.618824,0.0,0.6988437315828747,1.3639711467875497,9142.857142857143
LOG00007,Idle off,328.0,328.5,31.829388560157792,4.754931439981274,41.153990509640884,21.872761341222883,27.0,2.1171404843898998,6.402366863905326,14022.006198929275,10800.0,0.0,0.0,1.1509741172282002,1.022909063337259,0.6689380555175704,1.0673412361494583,0.9774572759193246,0.6472713863252274,0.32812587489550593,0.2946910398378713,0.221584170280041,0.4258781933803081,0.3944155365085868,0.31577372489387195,5.806781940353521,6.151775509906248,6.3611280449007985,1.9982682874188278,2.0476280505829583,3.8872166969330624,3.8864555174544164,1.0888260582817493,1.5842522672197226,328.314346,0.0,1.9982682874188278,2.0476280505829583,11380.0
LOG00007,Idle off,328.5,329.0,23.156521739130437,1.3556378239066882,40.963500428186904,22.048418972332016,23.0,1.182518700578823,3.9899604743083,11284.26736307171,10085.714285714286,0.0,0.0,0.8182492981300263,0.7711145237985971,0.5079770711592496,0.89332416114071,0.7765038876100149,0.46356990993585434,0.5514520984173475,0.21771453415385872,0.279364216769667,0.25220963860782697,0.28161622394241426,0.21798055912467965,4.9972233654180656,7.863135498653601,4.339420480177097,0.7024946374747684,1.0031207690943271,2.8861807853444836,2.4498931169716323,0.7950312958316227,1.3507576265901922,328.500805,0.0,0.7024946374747684,1.0031207690943271,10260.714285714286
LOG00007,Idle off,329.0,329.5,26.848717948717947,2.00724853464037,39.88564803758051,21.98715976331361,56.0,1.5163450595276238,4.600670611439842,12500.845308537615,10657.142857142857,0.0,0.0,1.0953968182773048,0.8235536547655468,0.6340104790426259,1.1475871958933015,0.7756698718447914,0.6345843763779161,0.556198933124885,0.4592280797934606,0.00668537809085328,0.28076716274236413,0.33786752271411147,0.2538433044590647,8.26425458501997,8.59380330744664,6.1910018632274095,0.8779827518352025,1.4448493175962804,5.309178535878998,3.6096517558923282,0.9690549034419389,1.2918482643366316,329.439018,0.0,0.8779827518352025,1.4448493175962804,10871.42857142857
LOG00007,Idle off,329.5,330.0,41.728402366863904,17.913647294186276,37.22930739819194,21.63386587771203,34.0,5.380041419582392,10.597061143984218,16185.129613975769,11042.857142857143,0.0,0.0,1.488284904492596,1.8429203227655566,0.7493030970151568,1.4413608762356573,1.828416213953594,0.7740563895985949,0.3338268058540604,0.11404759628397065,0.43050341705021344,0.44757003627196995,0.5532332001901897,0.30871004499431304,7.123426322485241,7.88711613745047,6.325781977727161,1.672940021827216,2.580265633612686,4.063839674422243,5.304904507558975,1.675014518295713,3.193455357631198,329.932294,0.0,1.672940021827216,2.580265633612686,11400.0
LOG00007,Idle off,331.0,331.5,33.9818540433925,1.3469324174866943,10.437233350787396,21.8798224852071,133.0,1.9608688038499325,6.789704142011834,14534.171597633136,11371.42857142857,0.0,0.0,1.6486542976637328,1.777746991953607,1.0806111201136477,2.0947737844715584,1.8529544690758724,1.2369393324940328,1.3709617201645148,0.716887692531465,1.3123824850076147,0.3900089878410492,0.5466087642927134,0.4147201028808128,3.898606354448516,7.649134275938793,6.812232841874277,1.677593683319606,3.006274303431064,13.296571609555876,9.313729764717115,1.7144161339367396,4.220855859166801,331.00073,0.0,1.677593683319606,3.006274303431064,11428.57142857143
LOG00007,Idle off,331.5,332.0,32.31501976284585,1.697641848405968,29.47815227289485,21.78,87.0,1.701732170956432,6.35298418972332,14204.1149068323,11614.285714285714,0.0,0.0,1.4155075012176377,1.4230397515033584,0.7320114938580627,1.4418654619991096,1.3556662604683922,0.5793113805952358,0.917777355135635,0.6664866923653274,0.6417857039059938,0.34763358351147344,0.33132487667854854,0.2628127454096641,3.720775028098125,5.062892095486009,6.583367738363839,1.4519796657816404,1.545454923475901,6.546428891028791,5.673250457276511,1.4192786231677947,2.0263994436405035,331.500909,0.0,1.4519796657816404,1.545454923475901,12142.857142857143
LOG00007,Idle off,332.0,332.5,29.557790927021696,1.0422407262415052,38.54290376059487,22.01538461538462,118.0,1.4306348986468624,5.5073570019723865,13333.171315863625,10614.285714285714,0.0,0.0,1.2139808755994792,1.087481984681591,1.0640232954218494,1.1958969733119658,1.0390146330595253,1.030023716966465,0.4430887440424677,0.4788292563397477,0.9127159245326005,0.33825954018911714,0.5302800458381729,0.32791090879887735,3.966690173120786,12.214327881006781,6.24745848800728,1.4906232867794422,3.0462777902052034,4.059469169833465,4.3947251867956,1.152468358205181,1.6455448435696691,332.259572,0.0,1.4906232867794422,3.0462777902052034,10800.0
LOG00007,Idle off,332.5,333.0,24.539644970414205,2.524895036033681,38.734719180509536,21.975779092702165,103.0,1.5718041163211873,4.136035502958579,11817.631727247111,8085.714285714285,0.0,0.0,1.029824150058191,0.8991230098693737,0.692992373368557,0.9139956441730219,0.8126529603872464,0.604402918341631,0.31123719385419957,0.34708067736740933,0.44829453410692044,0.28020627367489825,0.374935943908785,0.28343983963200686,6.6818672432190676,7.882749451405534,6.2075696401400915,1.0916617201790852,1.8496309225451042,2.8140952631176828,3.091631511732802,0.9666850487412219,1.1812485688705494,332.529889,0.0,1.0916617201790852,1.8496309225451042,8271.42857142857
LOG00007,Idle off,333.0,333.5,24.945562130177517,1.5513927793452358,33.43430767232336,22.009506903353056,81.0,1.4454185653121294,4.380138067061145,11770.139475908707,8142.857142857143,0.0,0.0,0.821421890653013,0.9223607803213034,0.6881674893944074,0.7172852838323259,0.8634333891158453,0.6389717096687835,0.4140146264259988,0.4808161286185233,0.2690011886067808,0.2615514580047501,0.32908658665211277,0.27172774576754016,8.70916353697381,5.685598889362782,7.05382329949334,0.9844498025672861,1.462913248212294,2.8060233887804005,3.3385560662500593,0.8733508262774169,1.0313435824541926,333.200746,0.0,0.9844498025672861,1.462913248212294,8342.857142857143
LOG00007,Idle off,333.5,334.0,31.415976331360945,1.5786298404026877,29.11668877383106,21.873136094674557,54.0,1.949865077315009,6.321459566074951,13774.10538179769,10257.142857142857,0.0,0.0,1.0885394020130135,0.905454755170501,0.6778294772355257,1.0615417733783092,0.8228339276564723,0.6365632944418541,0.32534948008985837,0.36317912512318834,0.3612417607304089,0.4166420785806915,0.5050423471854256,0.2996952741750119,3.8312669238579002,10.554597793743072,5.589794831807322,1.998683022507774,2.8295353200615145,3.715206769645921,4.3175254071082945,1.001190876755207,1.6520155900213607,333.999853,0.0,1.998683022507774,2.8295353200615145,10528.57142857143
LOG00007,Idle off,334.0,334.5,47.42786561264822,10.579996142215355,33.367578659970036,21.673774703557314,66.0,4.964642296282321,11.952628458498022,17761.61067193676,12600.0,0.0,0.0,1.6190901992084519,1.625693008309859,0.914971193789598,1.6656436490537911,1.590275696708324,0.8308430693967733,0.26632135201833906,0.41374036451684354,0.3589033828235139,0.45695814298488513,0.6350157496016169,0.37083508645836905,3.727687840887977,4.1929306288236114,10.326553251322919,2.1055452542278075,3.5234731940942967,4.35935231074181,6.663569768175011,1.6223949627696117,2.2323751624880517,334.482278,0.0,2.1055452542278075,3.5234731940942967,12914.285714285714
LOG00007,Idle off,335.5,336.0,29.47278106508876,3.9962320464938608,24.84024280034554,21.882169625246544,64.0,1.9480724442423483,5.993806706114399,12951.049591434208,6628.571428571428,0.0,0.0,4.646846259916032,3.544564495692717,1.11445994474269,5.375361309663761,3.4216692724791016,1.1639913402538757,1.4139686659939652,0.7303961359793867,0.2792101353240082,0.5748359526041918,0.7552805608257601,0.522860341313513,6.019517913103709,7.8959263060207725,5.790219988752908,2.979285094014909,4.48148053921415,13.02016339499421,10.171507561563855,4.132621300544061,6.369478877609792,335.714479,0.0,2.979285094014909,4.48148053921415,6998.571428571428
LOG00007,Idle off,336.0,336.5,22.871203155818538,0.9982426037821772,17.532434479685257,21.9877909270217,111.0,1.4850914280293732,3.731183431952663,11168.547478162864,6471.428571428572,0.0,0.0,3.4732554806676545,1.540749895640071,0.708667682546364,3.4823698421363516,1.6036559014294507,0.6448664759019641,2.391437728124715,0.4209053105604802,0.345396389425033,0.4500642080377959,0.7272437732742205,0.47774267667039827,7.384400005552057,9.812097593943934,7.57811487653264,1.9243230552370771,4.043888355064647,9.253497659529138,6.803816077392902,2.686765143709326,4.897642966320387,336.054838,0.0,1.9243230552370771,4.043888355064647,6580.0
LOG00007,Idle off,336.5,337.0,25.114792899408286,1.1474859349534754,10.70435910309314,21.858185404339252,82.0,1.363179462644405,4.535305719921104,11831.255283178361,9200.0,0.0,0.0,2.499942040186061,1.7159278833266578,0.6589066074488884,2.0417246188474363,1.6239294495289507,0.6708958533743786,1.3255107778817206,0.4013887503159503,0.36028342379942435,0.30333618692711545,0.4833775037046811,0.298480943900151,4.60795129520344,9.597394643686354,5.209559624486463,1.0694314130730909,2.435333023821212,5.7823781816738204,4.736446457979828,2.144075407380482,4.410376503793887,336.5491,0.0,1.0694314130730909,2.435333023821212,9704.285714285714
LOG00007,Idle off,337.0,337.5,31.407509881422925,4.361861177266449,16.090946347830634,21.889505928853755,53.0,1.9898731027332068,6.092154150197628,13665.60559006211,11371.42857142857,0.0,0.0,1.1115140035520268,0.8158214302860144,0.7573849295952773,1.0340452222543446,0.8681298586008704,0.7085936252121017,0.3078665696401882,0.41618989624061287,0.3688978233565573,0.34363185072298363,0.4246792577949887,0.2786882216836932,7.150451234593748,8.771742810483827,6.670152728998118,1.4223549043538024,2.235190347944348,3.2388452536475247,4.164834906976691,0.9749430717242353,1.756815055011915,337.042376,0.0,1.4223549043538024,2.235190347944348,11428.57142857143
LOG00007,Idle off,337.5,338.0,35.111637080867844,3.0759874671193805,34.721762595914996,21.751222879684423,52.0,2.1299363750035143,7.116607495069033,14990.053536207382,12500.0,0.0,0.0,0.9482132008007895,0.9945316124050663,0.6487596208740943,0.9442775106118835,0.980693058635103,0.6177789033118215,0.2938649186708478,0.37370271199110355,0.3571936126528721,0.41462703571364135,0.42504345246660125,0.27629389965930484,3.1758616896089453,4.413314770699203,6.396926510925517,1.8559252073845816,2.4854817226536787,3.6235586810196545,4.546928217271277,0.9716484452326108,1.1785225698304411,337.75171,0.0,1.8559252073845816,2.4854817226536787,12714.285714285714
LOG00007,Idle off,338.0,338.5,27.55996055226825,1.3955530947471941,46.26229484638244,21.898875739644964,33.0,1.5079864243521137,5.010571992110453,12706.135531135531,10400.0,0.0,0.0,1.1424427620190312,1.0097744039465368,0.6690423677277567,1.0835059710533521,0.9802762410150586,0.6615090068155425,0.2867080077538067,0.5293998894608017,0.32966413326577787,0.33872993253202344,0.42072798218711094,0.2985439319704903,7.7462616413247725,9.230412204662034,6.514908659467297,1.422654017128987,2.0547801572537128,3.182484112796972,4.684314334985926,1.0781511515912914,1.6731361311034143,338.387051,0.0,1.422654017128987,2.0547801572537128,10657.142857142857
LOG00007,Idle off,338.5,339.0,40.83076923076923,12.683330158334815,52.025661399545825,21.638658777120316,87.0,4.305556470946074,10.368086785009861,15924.337841645533,11485.714285714286,0.0,0.0,1.4237186441543601,1.7927787434801137,0.8472128596642551,1.326406665508995,1.7222262200265213,0.847128973006143,0.24163145779214076,0.4967449504945939,0.027098084582835358,0.42317270624680375,0.5159029296079858,0.38256729214500357,4.501883469175094,8.016801542941964,6.383211630923498,2.000329396224431,2.6523450605548025,3.820943014843645,6.06961585987042,1.6188005437339812,2.5088020347871565,338.959251,0.0,2.000329396224431,2.6523450605548025,11642.857142857143
LOG00007,Idle off,340.0,340.5,36.96390532544379,1.423713972071442,26.49391642909275,21.797199211045367,163.0,2.1358715658329372,7.932879684418145,15303.810932657087,11614.285714285714,0.0,0.0,6.648968829306198,5.279270273532102,1.3560548384670277,6.466653728939618,5.305707241958512,1.3054871683208278,0.5835279979493981,0.45779664556306393,0.44160285801819193,0.6369886118758384,0.6655984510380784,0.5204495439499206,4.144005288484939,5.969837129806776,7.013622358929713,3.2483093432579317,4.284437260653183,16.078395221520346,15.869723571402925,6.003310799637364,9.023040672210543,340.178621,0.17357001972386588,3.2483093432579317,4.284437260653183,12142.857142857143
LOG00007,Idle off,342.5,343.0,18.587351778656124,14.064689552080766,14.66609306884338,21.800177865612646,144.0,2.0158392030909873,4.16804347826087,8954.397233201582,2957.1428571428573,0.0,14.82213438735178,4.04922727372105,4.949217297590136,0.9562906018420814,3.9196713961868452,4.648589903092916,0.9562906018374745,0.6052215302629028,0.7251957226256065,4.5783673933734075e-10,0.5915666847144867,0.47513674879106627,0.48695847902757355,5.670677748456538,3.566628407769066,6.213324580725629,3.1477752805296038,2.6840318424636647,10.850037795238446,12.485089921811985,4.521669679057274,10.772186658796347,342.995225,0.15810276679841898,3.1477752805296038,2.6840318424636647,3000.0
LOG00007,Idle off,343.5,344.0,58.13984220907298,29.12073538162152,25.87617038037782,21.255719921104532,114.0,6.584245548143514,16.148579881656808,20623.506621583547,4800.0,20.710059171597635,9.072978303747535,3.6643116333003327,4.25979137641095,1.000019434334113,2.8740013369056308,5.9608154280923005,1.0000194343340654,3.66331515518305,2.800917356554237,1.963790323816725e-12,0.6305685509682417,0.9426360778498979,0.8052096091071611,3.9245743178536516,4.042253258786348,7.705232398945122,2.2029708666605905,3.7637708593967054,9.168163765141719,17.48541234773759,3.9732230189409976,7.307520396097632,343.96797,0.0,2.2029708666605905,3.7637708593967054,6751.428571428572
LOG00007,Idle off,345.0,345.5,21.84288537549407,8.456309404799889,26.68148873294029,21.928656126482217,80.0,2.449246249736591,4.73094861660079,10131.945228684359,3157.1428571428573,0.0,0.0,2.2567208113186688,2.8740900096156645,0.9502460402916638,2.3376743631695747,2.82812595699408,0.9730272505666265,0.5047591397277634,0.635191806219509,0.7999154665754594,0.5342356153438381,0.6509717209099496,0.4002930027767416,5.65505790957969,7.039572295267964,6.949369080800053,2.5554772949525315,3.8550196581846694,7.713624310270756,11.11518919452294,2.5839100413531577,6.933097730114417,345.495157,0.0,2.5554772949525315,3.8550196581846694,3767.8571428571427
LOG00007,Idle off,345.5,346.0,34.73846153846154,4.5303708849309,27.435680861394445,21.796311637080866,127.0,2.5458938019142923,7.190039447731756,14722.696534234998,10085.714285714286,0.0,0.0,3.223141325072584,4.1508427400351025,1.2533357560690963,4.029707330698327,4.268969914628074,1.079160666467225,2.1057865042518142,0.759212629708596,0.8520666864295252,0.5181341106063013,0.6858014231178252,0.4086739580432977,3.8990413739935943,5.249387185920851,12.294599696699322,2.7606047643859064,4.191572238619978,11.269690198038424,12.420953220081923,3.716055398799429,7.19939251175299,345.571122,0.0,2.7606047643859064,4.191572238619978,10228.57142857143
LOG00007,Idle off,346.0,346.5,29.42623274161736,1.2883035529139357,31.95166071865553,21.852031558185402,127.0,1.8028955191258065,5.458185404339251,13188.975767821923,9614.285714285714,0.0,0.0,1.1322499294426769,1.3283019671756555,0.9400678357508416,1.2287887608087258,1.2230646233526334,0.7828862217609484,0.42552127250268357,0.47762918725568265,0.5315219023270903,0.3334493698008903,0.43175947533395864,0.3238981756216303,3.1074070159264577,8.608095530943796,7.295025966611166,1.3956640467158088,2.235278192959449,3.668190466943497,4.3803397957051535,1.2341750318989733,2.7556001105633374,346.499469,0.0,1.3956640467158088,2.235278192959449,9900.0
LOG00007,Idle off,346.5,347.0,30.738067061143983,2.4574466414355376,27.211467117613054,21.69027613412229,85.0,1.9340888728459213,5.902485207100591,13465.65934065934,9457.142857142857,0.0,0.0,1.5761565152880495,2.60740586523142,0.724747693332675,1.5854101671900707,2.4653407389371096,0.833366513123783,0.39031901785962786,0.45569855333248793,0.843406737082349,0.42889213414332406,0.5181942977634668,0.4152959771433093,5.260191852210488,7.089394453281521,6.7041104440464245,2.0215556256414744,3.0547669581748984,5.226997131604982,7.396491518619477,2.154394892623934,3.79978466350997,346.557676,0.0,2.0215556256414744,3.0547669581748984,9757.142857142857
LOG00007,Idle off,347.0,347.5,41.01518737672584,4.224917411561463,21.029824975292033,21.735226824457595,124.0,2.776285047520308,9.420769230769231,16405.311355311354,12985.714285714286,0.0,0.0,1.4879827263191048,1.5958992375024472,0.7899817394004691,1.5359311171548962,1.8247436798804078,0.7895341440410228,0.6829880512556893,1.2269408382941511,0.31994933178424795,0.3734670526334743,0.4540819394039376,0.3303946860909351,2.748960769331026,3.403403851234976,8.08088446247984,1.7283762933042304,2.453381340915981,4.44936446938881,9.616922953865842,1.5428847931853062,2.2188894007238527,347.000636,0.0,1.7283762933042304,2.453381340915981,13228.57142857143
LOG00007,Idle off,347.5,348.0,36.67529644268774,1.450406243714335,19.811975980694214,21.641284584980237,40.0,1.824201171267518,7.517094861660079,15342.017221908527,13314.285714285714,0.0,0.0,1.0718224767843776,1.3565709363523808,0.5925716389580188,1.1877742260967752,1.3658742045439947,0.5943691892861444,0.6823592861850061,0.542357948761391,0.012141733317439837,0.3495511880594377,0.40561031186245206,0.2981974667320713,2.171090452331306,5.281454449238322,8.524669539682513,1.5941988851746487,2.160765890566808,4.514360047705123,4.880184989690129,1.222515465566013,1.6903681725294013,347.766199,0.0,1.5941988851746487,2.160765890566808,13514.285714285714
LOG00007,Idle off,348.0,348.5,23.14339250493097,4.914199802009083,24.738884425931644,21.87078895463511,44.0,1.2241484582289943,3.548343195266272,11538.531980839674,7628.571428571428,0.0,0.0,1.0243229005173489,0.690214488484783,0.537082553394097,1.1054981388570553,0.7670498727151149,0.4920196109552175,0.4729680364099502,0.410128980858845,0.26860107519727555,0.2774210154527651,0.36027551498479915,0.2290076845894174,5.545712093588692,7.419864531781931,5.252255549913613,0.886855618244063,1.6445964549683094,3.089078553814564,3.0141022914417093,0.8733937956725437,1.4504882859159407,348.02665,0.0,0.886855618244063,1.6445964549683094,7871.428571428572
LOG00007,Idle off,348.5,349.0,12.879487179487178,2.147512053758672,27.730845038239355,21.93745562130177,41.0,0.41237917199731655,1.9521696252465486,7938.200901662441,5014.285714285715,0.0,0.0,2.396756031127705,0.8202261525524737,0.45865543594872604,1.8945479390480071,0.5926363275954983,0.4041706171869619,1.0630986389504742,0.4044031782829752,0.28440169030660933,0.23782323151627216,0.23982377594187085,0.24553346320199704,1.75340537619154,4.260993617583718,2.6966093436936442,0.601142497455705,0.7496449160860549,3.992596699187994,2.6322982511182573,1.7912579956664625,4.239591577777943,348.834645,0.0,0.601142497455705,0.7496449160860549,5171.428571428572
LOG00007,Idle off,349.0,349.5,14.568047337278102,2.275849697993653,29.009770643961865,21.874378698224856,44.0,0.9062682840541729,2.5204339250493093,8297.365455057763,5528.571428571428,0.0,0.0,0.5408909488769875,0.7328013206218131,0.5005754212238274,0.49495739550030343,0.5979463171854343,0.37679873883212556,0.1973127965341072,0.35210691746615697,0.3518900212668917,0.28092063666951517,0.3894364648052637,0.300258146509287,3.8480068276140003,5.937042844067247,5.69595296389638,0.7106878548798561,1.3671890404474394,1.6208698081311905,3.3761549269442277,0.6440344688299383,1.1137269883706968,349.000388,0.0,0.7106878548798561,1.3671890404474394,5685.714285714285
LOG00007,Idle off,349.5,350.0,21.378106508875742,0.32896641150497863,31.46803143357732,21.871400394477316,22.0,1.1467450185184798,3.510453648915188,10673.126232741617,8742.857142857143,0.0,0.0,0.6722036710607486,0.8049808812283642,0.3981501508686053,0.6044698326997263,0.6753238034511997,0.450186160386249,0.2535017457001233,0.3968250132374519,0.228778795395394,0.2550596071129793,0.24332094001449528,0.2550698899087916,2.0790379084969115,4.544936559104669,2.215711288434713,0.6849782541196202,1.176605264537353,1.9378916541221727,2.1501800300755516,0.7415699543976756,0.9750189311031857,349.849822,0.0,0.6849782541196202,1.176605264537353,9142.857142857143
LOG00007,Idle off,350.0,350.5,22.99723865877712,0.7958176350948651,33.70219187203288,21.92568047337278,20.0,1.3365495852296188,4.148086785009862,11138.81375035221,10057.142857142857,0.0,0.0,1.5788697574448725,1.170444842377752,0.48208458935126,1.526668712444007,1.2255238863759934,0.4820834520804021,0.4647455402009312,0.3898929593132815,2.0374072553762265e-05,0.2776644710680729,0.3227623146369347,0.26478705239689054,3.975876384432625,6.714167712052091,3.0854604175330516,0.8256117437293242,1.2933313571962708,3.219761467147131,3.426316530972321,1.3897429330676074,2.7657544375546035,350.464449,0.0,0.8256117437293242,1.2933313571962708,10237.142857142857
LOG00007,Idle off,350.5,351.0,25.322332015810275,3.298657544710481,33.09001671618013,21.916581027667984,31.0,1.6529508877593309,4.402885375494072,11926.489271597968,10014.285714285714,0.0,0.0,1.0524993332365358,1.1326524470395696,0.6790002750332244,1.1688289073314926,1.1081571329297961,0.6790002749463238,0.43352445071743717,0.6445489337305865,4.438012332533446e-10,0.3514191714197158,0.3991815694957603,0.32518510772570974,8.371879230115823,8.043075115346253,6.019232833620524,1.3268094666409986,1.9375574371492565,3.237014190510325,4.71017735876136,1.093310663134701,2.329172591258159,350.518709,0.0,1.3268094666409986,1.9375574371492565,10128.57142857143
LOG00007,Idle off,351.0,351.5,23.128796844181466,1.1788065757148711,30.532143369616954,21.803333333333335,34.0,1.187858427063584,4.012110453648916,11214.095519864752,9757.142857142857,0.0,0.0,0.9361605932709476,0.9372943606803298,0.43810497712626506,0.9153068582608312,0.9352144173389351,0.43810497712628355,0.6349522051598329,0.3694559826859828,1.3381848644422427e-12,0.2597386102270938,0.265060938978103,0.23803856177244048,4.9489114250894755,7.414837770509934,4.184348086210331,0.6512927433658328,0.9799248178918951,2.3717602215071136,2.6334219644036447,0.9367276485074414,1.1150632524740633,351.494412,0.0,0.6512927433658328,0.9799248178918951,9942.857142857143
LOG00007,Idle off,351.5,352.0,25.012228796844184,0.04666768369346992,30.95730300633856,21.928145956607494,36.0,1.2066405815304804,4.344102564102564,11866.032685263453,10800.0,0.0,0.0,1.8385688681336854,0.7909090458660847,0.6202132298177407,1.5281471237588555,0.8193986369205541,0.6202132319217765,0.9782517645431085,0.382222742262723,7.849890165288618e-08,0.26560973994668347,0.31129131774055685,0.21733887044210218,8.04276201225189,10.613794770034039,7.276283059015214,0.6670504368101549,1.480514842746023,4.796242776713409,2.911922035499646,1.4152513207383308,3.1521699947398685,351.742038,0.0,0.6670504368101549,1.480514842746023,11071.42857142857
LOG00007,Idle off,352.0,352.5,24.97278106508876,0.07000110872924234,32.79978003555957,21.79836291913215,35.0,1.1473469649182433,4.3107889546351075,11884.925331079177,10871.42857142857,0.0,0.0,0.7858044424667852,0.7479107162633061,0.5504299562639864,0.6826474655389695,0.7337000458450402,0.550020884491322,0.34557866541764914,0.196560724986962,0.005222578189088533,0.2527449907536101,0.3026678458636283,0.257559451840274,6.271460211197915,13.29381444069068,6.118745215852372,0.7274397889171814,1.3828640842040563,2.550089916038581,2.635667953694125,0.7670916051235428,1.0509544126952908,352.207692,0.0,0.7274397889171814,1.3828640842040563,11271.42857142857
LOG00007,Idle off,352.5,353.0,25.671005917159764,0.556020991654321,34.278530879501936,21.79189349112426,36.0,1.1724861077500326,4.465167652859961,12064.504085657933,10871.42857142857,0.0,0.0,1.0491410387888505,0.8425525452766182,0.553453702014061,0.9674940911434191,0.7712109306758633,0.6081233587336128,0.3257521196955336,0.34698790303753435,0.29156139951283366,0.27813701134417135,0.34022304519807445,0.2418284867004347,7.505667556881969,14.092450785220398,6.842431324932313,0.8741280298006419,1.5582177855689223,2.7218163096852512,2.8371305336015613,0.951470364967574,1.4509230876983996,352.761151,0.0,0.8741280298006419,1.5582177855689223,11128.57142857143
LOG00007,Idle off,353.0,353.5,34.888142292490116,6.2815824731595,35.581810645286495,21.6900790513834,34.0,2.5881007156025,7.50998023715415,14477.406832298137,11371.42857142857,0.0,0.0,1.4497285791991488,1.711260775060662,0.7256132501912267,1.7322976489673843,1.699255729183719,0.6979064750267613,0.8067690487335286,0.43227513746291435,0.34740071327508015,0.3772573933419939,0.40916024945892654,0.2866391918704324,5.225265355506361,5.514012700996168,6.48524243184575,1.6806051916597218,2.2648910946526217,4.683880354776968,5.697929725966733,1.5858950774890503,3.3502404582039143,353.499096,0.0,1.6806051916597218,2.2648910946526217,11457.142857142857
LOG00007,Idle off,354.0,354.5,28.844970414201182,2.316161669828228,25.08762512159617,21.822268244575938,138.0,1.8639343524636778,5.191321499013807,13028.648915187377,7542.857142857143,0.0,0.0,1.9953267590311312,1.9465010539349858,0.7429340017407015,1.7168490690731768,1.953908963332023,0.9593071193570751,0.9671227183378687,0.3709503244471077,0.7142090111319622,0.45985957404772004,0.7036612721194148,0.555014824115817,6.213527777135646,8.070172809402958,12.474186153998499,2.00906158441437,3.7591325623384577,6.2621873285671565,7.181364223492195,1.9710650963724778,2.443949963259766,354.368251,0.0,2.00906158441437,3.7591325623384577,7714.285714285715
LOG00007,Idle off,354.5,355.0,24.170216962524652,2.4238868309186454,12.335501142669642,21.857297830374748,71.0,1.3482027134538526,4.071104536489152,11604.71259509721,8271.42857142857,0.0,0.0,1.4669355765201362,2.423372021381287,0.6885734367437125,1.556316947352094,2.459284955468647,0.9101568818862129,1.319100667605932,1.9673431453868673,0.6543973682287357,0.33235965527416084,0.45557133083767476,0.33334068348951956,5.770773791977885,8.609142946664965,6.731207003329618,1.3475153480685111,2.509180524102184,4.953232960934303,7.079152380199958,2.003076626052295,4.181315543031351,354.947355,0.0,1.3475153480685111,2.509180524102184,8414.285714285714
LOG00007,Idle off,355.0,355.5,21.45147928994083,0.21264925391920664,17.11540613056931,21.778639053254437,98.0,1.0336282068392653,3.5957001972386586,10766.222879684417,8271.42857142857,0.0,0.0,0.6478269044718936,1.1915824762424272,0.4484180858752676,0.4908960702978278,1.4757966736306598,0.4483861364931782,0.4385998639152005,0.8752940244342052,0.0025600948004011696,0.2248394159899891,0.3237137874715225,0.2742562838246811,3.394010725809587,10.34974418337935,4.36624406671665,0.611582616689529,1.4533032819215599,1.4889467836879975,9.176550167590419,0.9590486160371827,2.2267415248916915,355.002602,0.0,0.611582616689529,1.4533032819215599,8375.714285714286
LOG00007,Idle off,355.5,356.0,27.377667984189724,9.31833774216825,25.815758068336255,21.675948616600788,139.0,2.29134762595015,5.489189723320157,12179.616036137775,8142.857142857143,0.0,0.0,1.4539098874441025,1.6463899252025453,0.7754752668781788,1.4105329796011783,1.8830342182563824,0.6788860022472486,0.6758910818225823,1.2865149081570575,0.3197695061865057,0.4045748006690337,0.6030582351579803,0.39818038368988545,4.459859450802618,6.533909577789934,7.61958561644601,1.7045016089518887,3.540564950912919,3.688728692597076,11.058772205256197,1.55313453161923,2.18566816779541,355.887539,0.0,1.7045016089518887,3.540564950912919,8271.42857142857
LOG00007,Idle off,356.0,356.5,34.24201183431953,1.695565132979424,30.328707069744983,21.702209072978306,86.0,2.2024596271430146,7.014339250493096,14640.786136939983,11742.857142857143,0.0,0.0,1.7355706002024343,1.388016918527726,0.7985651683971812,1.4848032525506314,1.3916449270761289,0.6877531174587017,1.1185553676968019,0.9644969073176077,0.48935075007766693,0.44479057549614126,0.4268024540736221,0.3188408056787526,5.181903997803738,5.36276834768595,8.351643937200599,2.2139330592618918,2.306669049499251,8.453259352957469,5.15537673407259,1.5714318748208969,2.312997238444835,356.479473,0.0,2.2139330592618918,2.306669049499251,11951.42857142857
LOG00007,Idle off,356.5,357.0,30.748915187376724,3.422459438213848,34.864448328901986,21.7932741617357,53.0,1.739156095688624,5.396982248520709,13741.800507185122,11428.57142857143,0.0,0.0,1.4334684461981282,0.9369173769086767,0.8251541480213476,1.706588296726129,0.9589627586995133,0.7828892879092642,1.0244009338576563,0.5534279545120941,0.3946213209025085,0.2944871063430531,0.3408225309360048,0.27027118623368546,5.9405731090922345,6.9839115783909245,6.615951425753756,1.0964675860284545,1.5880758620069604,5.257285730720547,3.4343662872314296,1.2109182378259713,2.224912226885962,356.527814,0.0,1.0964675860284545,1.5880758620069604,11557.142857142857
LOG00007,Idle off,357.0,357.5,29.457790927021694,1.5650879992640552,39.797657379229335,21.78682445759369,52.0,1.1807978375218653,5.259625246548324,13244.991546914622,10800.0,0.0,0.0,0.7550102397708305,1.0650716199225487,0.5734926892992847,0.9329305593697115,1.0304460830015574,0.6750765595833691,0.6590361846450242,0.3995575927533689,0.42640079127607433,0.2780534789636451,0.42032227419431606,0.25699622964725977,6.398151028316808,7.882898678541176,5.527704021444189,0.9562112872243426,2.4189481880158854,3.756125831535389,4.131946067381269,0.9231516716453609,1.262244786406031,357.499575,0.0,0.9562112872243426,2.4189481880158854,11242.857142857143
LOG00007,Idle off,357.5,358.0,31.643786982248525,0.6752133551248959,46.416440704111054,21.77919132149902,48.0,1.193124501391587,5.833806706114398,14035.157790927022,12357.142857142857,0.0,0.0,1.0009369522733833,0.8387826962276994,0.5230264146223184,1.0000620694082407,0.7630301626548208,0.5320424600200134,0.5333158193502795,0.39383963295436647,0.08328245661362664,0.32654409844777466,0.3334384573768999,0.25789318974970027,4.608815132292458,5.018263912003027,4.209224652058728,1.314902834556235,1.5337668326974443,3.4277553739076914,3.6576902855288433,0.9234260105491231,1.2962928866564984,357.626842,0.0,1.314902834556235,1.5337668326974443,12528.57142857143
LOG00007,Idle off,358.0,358.5,27.329980276134123,1.259852140445274,52.59534963330504,21.871341222879686,149.0,0.9986970280623017,4.427830374753452,12741.870949563257,7628.571428571428,0.0,0.39447731755424065,3.232576567521485,1.3686696830840333,1.0239150857971702,3.55531114953484,1.3374883889723526,1.2580868509801117,2.9645460502188135,0.5675884479803632,1.0908714493501352,0.3201112262040608,0.516046192839228,0.3135164203208524,5.485904423812853,7.833045806049955,4.842074866574636,1.1586541922840163,2.8568077925225435,9.606662710942578,5.12256099658248,2.4822175535478688,5.876287101096904,358.458514,0.0,1.1586541922840163,2.8568077925225435,8280.0
LOG00007,Idle off,359.0,359.5,26.87731755424063,1.4021743834927973,34.91541492890949,21.70325443786982,114.0,1.867817537001937,5.047948717948719,12143.956043956045,8271.42857142857,0.0,0.0,4.201662128661494,3.5664265700824305,1.2885472824321766,5.101814052143359,3.4098993421981567,1.4240750743778086,2.3625424794284586,0.6058952743979708,1.029481185383538,0.5808738729818401,0.8211821730962667,0.5019146408711616,4.459454860074167,6.4770674009309275,6.298295977781654,3.0743863912972222,4.841833384533796,13.655597576365995,10.751633975173014,3.8970093099207617,7.867082379961021,359.497358,0.0,3.0743863912972222,4.841833384533796,8485.714285714286
LOG00007,Idle off,359.5,360.0,30.513609467455623,0.7994279200516451,12.71306976132871,21.585917159763316,35.0,1.80288441076033,6.052209072978304,13381.677937447166,10742.857142857143,0.0,0.0,3.58707610461872,4.603578719508164,0.954428964602861,3.603175832761434,4.53549388061969,0.9589720621305144,0.28949443701637034,0.5657068694786469,0.3728775546221561,0.5771059027716186,0.56398420374476,0.4495057359095297,8.766027698296833,8.445194026021378,7.831787657285509,3.132500738892119,3.3095259108914594,9.77811023880428,10.568271519937976,4.126745207002429,7.8428399550823364,359.500317,0.0,3.132500738892119,3.3095259108914594,11071.42857142857
LOG00007,Idle off,360.0,360.5,31.267258382642996,0.832046133070719,14.355782345414733,21.675976331360946,56.0,1.7043677878987862,5.79069033530572,13761.235559312483,11557.142857142857,0.0,0.0,1.153799382959777,1.071899802494642,0.7568841083210924,1.673877211100845,1.1426823693160966,0.7705097306482237,1.1498950794057932,0.8511535135522222,0.4682698120499874,0.3654030344926781,0.39885313558886115,0.26809415424973443,5.984479218321932,7.224229670347438,5.490385309302141,1.6418592076088834,2.1084352752155846,5.443813780913371,5.7970270555212835,1.1136027574288812,1.4124808902013737,360.256014,0.0,1.6418592076088834,2.1084352752155846,11671.42857142857
LOG00007,Idle off,360.5,361.0,28.73293885601578,2.371776820903398,24.67329753995471,21.754181459566077,60.0,1.677982263159872,5.0310453648915185,13079.980276134122,10328.57142857143,0.0,0.0,1.0610502667057944,0.8996049869625974,0.6242079261052402,1.4107643041674127,0.8350234433686927,0.5997425095998191,0.8501807153066142,0.4082189430220165,0.11681651574397554,0.3083206373311071,0.413504795605889,0.2716526737455566,6.4007435116251825,8.884661021773127,5.3520579513253494,1.2519130658000512,2.1595303887293107,4.314783540569838,4.758258677397189,0.9836454648511352,1.3974284682461529,360.707857,0.0,1.2519130658000512,2.1595303887293107,10508.57142857143
LOG00007,Idle off,361.0,361.5,22.113438735177866,1.0680119100096734,29.057030938500564,21.83501976284585,61.0,1.1664221484665094,3.4118379446640317,10960.544889892715,9657.142857142857,0.0,0.0,0.7307186474310751,0.6354154566833631,0.6553607325536276,0.8093175132679581,0.5133114814165568,0.7183908358400919,0.4793018373906586,0.30209732203574374,0.48225466803841455,0.25809736236861364,0.264040433155744,0.25612516935344987,5.421495758504921,6.4036652634717655,4.882494576462559,0.6232009260937569,1.1309640716537808,3.7390155327505927,1.9249762587725452,0.6847271516069836,1.193305049086253,361.00678,0.0,0.6232009260937569,1.1309640716537808,9757.142857142857
LOG00007,Idle off,361.5,362.0,18.498816568047335,1.5584593172971417,31.388521256902226,21.748402366863907,33.0,0.9902423203730799,2.9063905325443793,9705.924204001127,8571.42857142857,0.0,0.0,1.0718176793919445,0.7011725000737018,0.6410442346870591,1.1839472745720492,0.8398714414818031,0.5923981427101623,0.8748928347160878,0.6284511472475095,0.25414848332919443,0.2561731532521492,0.30578539442765257,0.2424670245519508,2.1141702962813214,4.969935096588504,2.4761726549261134,0.6247564709713391,1.051303825039602,3.8441020168020845,2.609344458094062,0.9056588796883562,1.3282551305418613,361.941045,0.0,0.6247564709713391,1.051303825039602,8657.142857142857
LOG00007,Idle off,362.0,362.5,24.973767258382644,2.1274393607808855,33.55104008370934,21.779743589743592,32.0,1.399925505836028,4.608856015779093,11711.622992392222,9828.57142857143,0.0,0.0,1.0888257813282438,0.7627166424025129,0.5026953811312062,1.1774791473604929,0.7655385392034841,0.4646372583569401,0.5273148618146593,0.4157146783288619,0.14411700128543856,0.27592598929351725,0.28557315159581065,0.2502934537020402,6.906681444834744,8.432599493892875,5.7818249042812475,0.8863056934602176,1.3065651356282728,3.4280430700241835,3.1657062801949083,0.9400208132490535,1.6170959531817972,362.376114,0.0,0.8863056934602176,1.3065651356282728,9971.42857142857
LOG00007,Idle off,362.5,363.0,25.86094674556213,2.6239327672006407,35.3328699187467,21.846035502958582,33.0,1.4998055967876363,4.479506903353056,12041.293322062551,10014.285714285714,0.0,0.0,0.8935186101684367,0.6127323009141061,0.5851551928284535,1.0115000480934313,0.596459496063763,0.5597186196530842,0.4081299060907071,0.29184882607366575,0.155202911743006,0.29169564865009506,0.337689155620833,0.286470008175761,8.283945192684548,8.831165904382107,6.615325889827028,1.0534242150233262,1.6535345956404783,3.5146916222068536,2.965614910077132,0.7660993340621143,1.1856301506121858,362.67208,0.0,1.0534242150233262,1.6535345956404783,10190.0
LOG00007,Idle off,363.0,363.5,27.610059171597637,0.3348840602011812,36.48316599997957,21.699112426035505,42.0,1.4138549315133084,4.825522682445759,12620.519864750635,11514.285714285714,0.0,0.0,0.9008847616210856,0.8023808780697281,0.6644954718369149,0.9597802175376523,0.785367601706667,0.6644975390973421,0.5260497961116906,0.5521691617733977,4.8277802196235124e-05,0.2514875688810723,0.31276525171462405,0.24868968452709814,7.877798244356716,7.354612319631996,6.3358814868570414,0.8043599509595745,1.4628184047230737,3.372062970719999,4.186245911595154,0.853055809198035,1.057963063680868,363.265981,0.0,0.8043599509595745,1.4628184047230737,11714.285714285714
LOG00007,Idle off,363.5,364.0,23.377514792899408,2.8863426174663456,34.10444285440705,21.690552268244573,55.0,1.3515882544737312,3.6138264299802767,11353.979994364609,8785.714285714286,0.0,0.0,2.1617337529492957,0.9940189114556175,0.5788014621973582,2.464277792136988,0.7886321397433211,0.5788014621776599,1.7531171515067865,0.46135399304036995,1.6448485548687445e-09,0.3004494351357994,0.37689483834355786,0.2900244977183627,5.641131972908346,7.846817347232101,5.112357933486434,1.0678916304128103,1.7692525401008887,6.705115948412585,2.9689384737224698,1.6824337156291858,3.5102848711451236,363.849031,0.0,1.0678916304128103,1.7692525401008887,9171.42857142857
LOG00007,Idle off,364.0,364.5,20.7300395256917,0.7157231882733619,30.82812719404774,21.730197628458498,18.0,1.0598734760347701,3.1354150197628456,10401.856295878035,9200.0,0.0,0.0,0.7915786002441101,0.8382674612617855,0.5391500829690647,0.6227018315808495,0.8088334958041734,0.5391444502367632,0.28460275972142624,0.43001966873442254,0.0001410823488387386,0.2360456974722169,0.2326465114637438,0.22502044394138498,1.6326922480773873,4.009643916599559,2.0553705237309763,0.5888379628307494,0.7536688256339614,1.8713568031203938,2.1990835317119357,0.8152573265462579,1.0398293166911505,364.427148,0.0,0.5888379628307494,0.7536688256339614,9378.571428571428
LOG00007,Idle off,364.5,365.0,49.62800788954635,17.739392323744262,29.113251393800116,21.517613412228798,154.0,4.884192505183288,13.137080867850099,18422.675401521556,10228.57142857143,0.0,0.0,2.5327562985268877,2.1605716252360048,0.9418899270359767,2.242216233522544,1.9236281187710136,0.9305876893017268,0.7740117444572634,1.1689535859152023,0.23891920419790774,0.48960517194376746,0.7276652013751136,0.5114767777065788,5.134984061559632,7.078381244667506,7.0179832620224305,2.1156066373525926,3.6957167451174184,5.277132387266935,9.080181944323133,2.354031033727314,4.124362107856772,364.827687,0.0,2.1156066373525926,3.6957167451174184,10731.42857142857
LOG00007,Idle off,366.0,366.5,27.761341222879686,0.5559473815587366,20.81138599858877,21.64550295857988,98.0,1.46384748021883,5.3086390532544385,12462.320371935757,8242.857142857143,0.0,0.0,7.9306645527780155,5.23022448389863,1.5925090643498043,8.054200955938818,5.089493597187698,1.638771348576479,1.9971087436846529,0.960932623337039,0.39528528981049044,0.5014406732372052,0.7092666290460998,0.44618689216024976,3.5814785103623805,8.126508244373401,4.82479591947743,2.5042494351639224,4.180682799124769,18.262225377528473,13.564587262921501,6.7175400408431685,10.79749195897961,366.234506,0.38461538461538464,2.5042494351639224,4.180682799124769,8628.57142857143
LOG00007,Idle off,367.0,367.5,23.44043392504931,4.36495843498254,19.045456520622267,21.607278106508875,44.0,1.5529954606804763,3.892682445759369,11135.728374189912,8885.714285714286,0.0,0.0,1.3613037018641292,1.1616651443021384,0.5529713686387108,1.3098415450398442,0.93153877880256,0.6265229575332645,0.9215677222751096,0.7603609921076508,0.33639028987196495,0.2883513327613381,0.36297566188705693,0.27736039745326185,3.628293621447007,7.35408783947708,3.5929856056693765,0.9580803282921337,1.6944793491333057,3.6587686140562585,5.313634726243871,1.2654275317448034,2.172812035224534,367.391734,0.0,0.9580803282921337,1.6944793491333057,9214.285714285714
LOG00007,Idle off,367.5,368.0,34.365680473372784,6.130587913581152,32.41646816407479,21.59903353057199,63.0,2.5791165843614263,6.9528402366863915,14498.034657650043,11671.42857142857,0.0,0.0,1.462379807438245,1.5354261786500067,0.6507836785497398,1.5363400929242639,1.5093795269163819,0.6529041877135149,0.6325996990805551,0.8631386651097128,0.06967746434799252,0.4044527694244218,0.5300242975661154,0.3094547772524713,5.831255987285984,7.541455699036081,6.366179348988526,1.8464290134869057,3.035942755660101,4.9524364931753455,8.137016981971435,1.4993479001364025,1.984154482200676,367.635414,0.0,1.8464290134869057,3.035942755660101,11842.857142857143
LOG00007,Idle off,368.0,368.5,40.15798816568047,10.688023043747913,46.3073580379563,21.51800788954635,77.0,2.882931301077778,9.15163708086785,16140.384615384615,11942.857142857143,0.0,0.0,1.9040300268035089,2.6600094002843293,0.7751437269949811,2.0158925120726154,3.087295553326471,0.7602120601425039,0.7793590019287204,1.6445466442197327,0.12319826399598,0.3753788149282835,0.4172914871771161,0.33806082510110946,5.663293348791699,5.530615026497223,5.7312715538916015,1.576649521800295,1.988655299948403,5.658597340850267,7.4066178628089405,2.3131126596612597,3.948084053313519,368.267796,0.0,1.576649521800295,1.988655299948403,12100.0
LOG00007,Idle off,368.5,369.0,32.77810650887573,3.180161316740108,59.058925145915325,21.43457593688363,70.0,1.3884583643054587,6.314260355029585,14124.28853198084,11614.285714285714,0.0,0.0,1.17193112927633,1.2182379386200015,0.6617939774985931,1.172409337572879,1.1509991011508565,0.6445201619075869,0.40659111313472107,0.2937816874193802,0.1918525831723222,0.3491022927295264,0.37601351345138173,0.29267646109598433,6.212885354226699,5.165687719946079,7.164736654984439,1.5319070552959073,2.037594609672022,4.407273887151876,3.8255860310888745,1.195308798357145,1.4700859502865575,368.925828,0.0,1.5319070552959073,2.037594609672022,11800.0
LOG00007,Idle off,369.0,369.5,43.27075098814229,1.9096111779722524,68.30091273061652,21.441284584980234,48.0,1.9309839997539877,9.610177865612648,17017.588932806324,14100.0,0.0,0.0,1.2481030445901782,1.5142947840356347,0.6990071430860888,1.2786494375168027,1.5040613773050515,0.701702109118451,0.23142607929959272,0.4207242372865804,0.03839261931673484,0.3718630852258942,0.4852474723497305,0.33086363769348137,2.814699597322884,3.3277578424068897,12.084661729227866,1.4968747517258296,2.6629492275633857,3.229985499055789,4.949947099170352,1.3875968259679758,1.9542138980584385,369.229686,0.0,1.4968747517258296,2.6629492275633857,14485.714285714286
LOG00007,Idle off,370.5,371.0,15.293688362919132,2.8618347664214476,35.634302620078785,21.622603550295857,60.0,1.569316339281407,2.5371203155818542,8490.13102282333,3814.285714285714,0.0,0.0,2.9560723980934918,3.2488191308560594,0.955060898131262,3.116952013334722,3.408266236335792,0.8801011774824259,0.762496240691875,0.4933393384859235,0.5088791406711762,0.3485789268343636,0.43982836196889996,0.3635136164289152,2.5157667417879344,3.8220666269764183,3.377316085857799,1.409348443477469,2.1614950172993908,7.680632164975023,7.833071043491601,3.105896792215296,7.038953294392391,370.512196,0.0,1.409348443477469,2.1614950172993908,3942.8571428571427
LOG00007,Idle off,371.0,371.5,18.41242603550296,2.9108488212055716,26.196574244414908,21.5705325443787,55.0,1.2591351491306424,3.0301183431952663,9467.681036911805,6628.571428571428,0.0,0.0,3.2358584866462516,2.588874280522699,1.1091398227529572,3.230550088664001,2.6316094791758626,1.1091417238891197,0.6151159303509403,0.35528087784163165,3.127598948652079e-05,0.37114452173753976,0.45274696455544483,0.3518285321290417,2.94556935834341,4.436412424194171,3.283418553112239,1.5171600415228208,2.4165967675333007,8.040209600141104,7.824379035925495,2.930277306497841,5.7148920146451365,371.499724,0.0,1.5171600415228208,2.4165967675333007,6742.857142857143
LOG00007,Idle off,371.5,372.0,23.383431952662722,2.041106570552309,16.575624911630246,21.73382642998028,12.0,1.3415583991364137,4.1986982248520714,11080.656522964215,7628.571428571428,0.0,0.0,4.524978135727367,2.6063362625311752,1.314828543314529,4.5264055701147505,2.645137434175584,1.3148328730350785,0.38264589693078277,0.28132863329258484,7.311420438981553e-05,0.46582056789476783,0.7738899603483865,0.401917381048606,3.4919624028356915,7.533941013671931,4.078684612715437,2.2048966585681806,4.4492051692349674,9.824796548475438,8.755499821273231,3.692452832616531,6.644464126211482,371.575687,0.0,2.2048966585681806,4.4492051692349674,7757.142857142857
LOG00007,Idle off,373.5,374.0,25.472386587771204,2.4089303821924974,16.682843745515054,21.541439842209073,24.0,1.1638287815261918,4.222485207100592,11922.661313045928,9371.42857142857,0.0,0.0,0.5466180904357019,0.7571282399790478,0.41488066004638396,0.473245631591481,0.6142791788701932,0.4148806600462049,0.2686406834050763,0.3768314691841952,1.5871033668192194e-12,0.25116956756073916,0.327147786008673,0.23810727725535694,7.076860445418109,9.764984302056504,6.312688001601861,0.8347427995052776,1.4964230791820978,1.4615384615384615,2.404794684655047,0.6603160260683303,0.9915424926170783,373.813183,0.0,0.8347427995052776,1.4964230791820978,9671.42857142857
LOG00007,Idle off,374.0,374.5,17.17376725838264,1.5007960442192536,23.292235546242107,21.515108481262327,12.0,0.7310041617550298,2.540059171597633,9252.27528881375,7600.0,0.0,0.0,0.5683652595046021,0.6479267265514986,0.42653219200531345,0.5529691759704921,0.5350917389854984,0.42653219200531345,0.29198732591671944,0.2537534020328973,1.6195138720838062e-17,0.21282123331382033,0.2761166522162716,0.2189205973291512,1.6278447813611865,5.121772222959066,2.281327865023499,0.4222960767755548,1.0465575406468994,1.2154495276401367,1.8089193871238227,0.6094456953623821,0.8154081608286705,374.2009,0.0,0.4222960767755548,1.0465575406468994,7714.285714285715
LOG00007,Idle off,374.5,375.0,21.34090909090909,4.114215014004356,26.925556437168805,21.579367588932804,35.0,1.3828297414620754,3.842292490118577,10349.484754376059,7714.285714285715,0.0,0.0,0.9836124171720098,0.910517758457633,0.3756249589696062,0.985778398820111,0.8440530880392335,0.3756249589696062,0.2433200771326047,0.3366841436105414,4.065068390229565e-22,0.2582782475629686,0.31406833354308256,0.2743883326428138,5.0041783891142595,6.5981999124850255,4.440215350570104,0.6532162685231889,1.5047726726463804,1.960579893242446,3.0854112928181556,0.9477700078821011,1.709946224604114,374.943776,0.0,0.6532162685231889,1.5047726726463804,7871.428571428572
LOG00007,Idle off,375.0,375.5,31.838067061143988,0.4715480940161447,34.34698229890204,21.4229191321499,32.0,1.722038660043014,6.135049309664694,13726.761059453367,12042.857142857143,0.0,0.0,1.0813670566509077,0.9909004959775205,0.6492903761211084,0.9910049268840267,0.9289075625047879,0.6492903761211084,0.2522688400318906,0.2829885748966243,4.2877953302786916e-27,0.3088896443805167,0.3363646043398156,0.2871714344128179,5.6646328354374305,7.544697028183559,4.167356925674564,1.2667745775671784,1.7711736757963197,2.867556396030974,3.502886946866064,1.0371206545379243,1.5518412748527373,375.002969,0.0,1.2667745775671784,1.7711736757963197,12508.57142857143
LOG00007,Idle off,375.5,376.0,32.32998027613412,3.136042399673484,39.874147800074894,21.418067061143983,36.0,1.834659082617905,6.315641025641025,13922.612003381235,10685.714285714286,0.0,0.0,1.8534340189223462,1.3922130834612527,0.5807836517668561,1.6629373073255087,1.5040098705407248,0.5807836517668561,0.6444280010964425,0.38826614489100447,2.8372327781963732e-24,0.3169394594729042,0.42347882760502,0.27615856492473634,4.057814369499801,6.818952661641686,4.577892130092409,1.2384335223564913,2.1888255136195163,5.150400685280215,5.086820189958597,1.639127043926024,3.0338683045182635,375.856337,0.0,1.2384335223564913,2.1888255136195163,10957.142857142857
LOG00007,Idle off,376.0,376.5,26.88974358974359,0.9678731503869574,40.689858611649385,21.31968441814596,30.0,1.154694309653307,4.514240631163709,12239.039165962242,10114.285714285714,0.0,0.0,0.9026282690498131,1.1060263798683603,0.6806733331962423,0.8950239616942793,0.9670893765218861,0.6806733331962423,0.4965667421593186,0.3573458760853633,1.3348582273430828e-19,0.27998071962312604,0.39150552820158246,0.2758838227308277,9.53766318568796,7.76738016414519,7.355648071815963,0.9862970715565785,1.927965992065884,2.7756336234874945,3.579196961271336,1.0094632596218083,1.467047945445258,376.433469,0.0,0.9862970715565785,1.927965992065884,10371.42857142857
LOG00007,Idle off,376.5,377.0,25.6439842209073,0.4628382379028603,42.19534642031173,21.473570019723862,25.0,0.913263085464476,4.202228796844181,11877.373908143138,9828.57142857143,0.0,0.0,0.8341759723751038,1.0308811704756595,0.6169103332485452,0.8796422925851645,0.9363546156163983,0.616910333248543,0.3053301999913597,0.3440499787558284,1.152505318513889e-14,0.27389037472876276,0.3108244489032083,0.2624027168226214,8.04246441945243,5.674674428920397,7.372513357094395,0.82532526967405,1.4227097756409581,2.173899322484784,3.4819908608480845,0.9377007893057399,1.3095875607819363,376.8419,0.0,0.82532526967405,1.4227097756409581,9985.714285714286
LOG00007,Idle off,377.0,377.5,23.501183431952665,1.300446964537808,44.496577014954106,21.50429980276134,25.0,0.95219613762729,3.8141420118343197,11233.14313891237,9000.0,0.0,0.0,0.783139742649286,0.9208377723201538,0.571411636698295,0.6867937822403168,0.8599508006716792,0.5714116366677124,0.30026954461666594,0.35075590790774674,4.895696393501781e-10,0.2733402155017326,0.3140530057180016,0.23297036755998105,5.117859354130106,6.606672225309916,4.143674970580438,0.7173188912525154,1.3068980098367045,1.9384004874391003,3.1616538752406877,0.8547660672512488,1.0761835523362053,377.115175,0.0,0.7173188912525154,1.3068980098367045,9122.857142857143
LOG00007,Idle off,377.5,378.0,30.446047430830042,2.5864870398353985,46.36928174692937,21.405632411067195,42.0,1.6511573229532708,5.721600790513834,13193.040654997176,10471.42857142857,0.0,0.0,0.9585330080698988,1.050044552556765,0.5124498034337557,0.9072696697550986,0.9061727712337946,0.5124644257017169,0.2946474791044654,0.35296448091133703,4.489783982986659e-05,0.29906782585041664,0.3546670651615384,0.28178397932886307,7.498151288211537,9.068428300061532,6.384761065677539,1.29316531476809,1.7980040980516239,2.654327512846624,3.533017610872493,1.0053305650167175,2.160127972734877,377.998137,0.0,1.29316531476809,1.7980040980516239,10800.0
LOG00007,Idle off,379.5,380.0,37.65285996055227,5.10243461111116,16.931876433502065,21.111518737672586,125.0,3.165701811179617,7.371479289940829,15338.116370808679,11671.42857142857,0.0,0.0,1.8864844697320005,1.4181289577062453,0.7707824214869275,2.562883940401444,1.5934564217150242,0.8877328928291407,1.5813223047572988,0.7759735750249467,0.5573739290388581,0.43732794840628547,0.46739129359354875,0.33801958905520196,6.254962889314521,4.2397126031604575,10.083602361962592,2.223164967950124,2.745714294050621,6.611954984567629,9.697393862876533,1.6688189529162576,2.5278615008278056,379.622971,0.0,2.223164967950124,2.745714294050621,11842.857142857143
LOG00007,Idle off,380.0,380.5,33.08438735177866,5.25689959951355,31.837588992852027,20.996561264822134,83.0,1.8598236055716555,6.078913043478261,13983.575663466967,10200.0,0.0,0.0,1.125543244587467,1.0099858573519487,0.6503064170646972,1.4921756188973003,1.1478402922069257,0.5925003116741409,0.8769137315668716,0.7582432455497577,0.26470009448125503,0.4085820268081779,0.38804698150997585,0.26443558853721444,5.75914513428082,6.301380218666755,7.731588066551163,1.9430805637190862,1.990573002505823,4.961711103550751,6.955533526647414,1.0693266637205474,1.7005544498480367,380.001801,0.0,1.9430805637190862,1.990573002505823,10742.857142857143
LOG00007,Idle off,380.5,381.0,18.27554240631164,1.9581099881056885,36.07342472002865,21.134437869822484,49.0,0.9180917211101359,2.5553846153846154,9478.895463510848,7514.285714285715,0.0,0.0,2.177836041441801,0.7264092405382738,0.4894845060856111,2.002749072656366,0.6886091186017053,0.48944473652322085,1.3695817242033053,0.3884099432362118,0.007588269591355349,0.2713499908566934,0.32298781706137203,0.24848649307122717,2.939379331254278,6.344927456265526,3.623776597287156,0.6920905910353667,1.236505509660089,4.760123645486069,3.023576001082084,1.623366903713127,3.6006607721020183,380.63023,0.0,0.6920905910353667,1.236505509660089,7785.714285714285
LOG00008,Idle 35,5.0,5.5,21.935305719921107,1.7579001883542207,38.76846921967808,24.85090729783038,103.0,0.9233648900952538,3.150236686390533,10556.896308819385,7171.428571428572,0.0,0.0,1.78599984856442,1.2479689717048865,0.8737942582698854,3.038530539232275,1.1328211142605769,2.0319072120481736,2.3709595093036415,0.9432420059454124,2.1314495130068405,0.41751700137201514,0.4693457293921587,0.35547116888165453,9.578456835490632,6.794658375815757,6.862057619495026,1.7280475102952695,2.583386444482376,6.636965395773454,3.6732950666864213,1.5406527859012045,2.5500761926761872,5.000099,0.0,1.7280475102952695,2.583386444482376,7414.285714285715
LOG00008,Idle 35,5.5,6.0,21.601380670611444,1.4208846825570993,39.497919620334216,24.861656804733727,52.0,0.995330398374686,3.283609467455622,10395.49168779938,7000.0,0.0,0.0,1.2985453646246026,1.399654207181632,0.9842026982194928,1.831750556445429,1.5632644343218747,1.6918724060440944,1.248244324538635,1.037083944779352,1.774764367730313,0.23816710477089295,0.4879992038934449,0.25824506795904506,5.1702383323334935,10.452567812580899,4.606737697621835,0.7154459983125275,2.564735380723747,6.062137156428668,4.323232043936564,1.350046659132433,1.92439576379639,5.500477,0.0,0.7154459983125275,2.564735380723747,7285.714285714285
LOG00008,Idle 35,6.0,6.5,31.75118577075099,6.701209891427628,42.53760259847584,24.748181818181813,75.0,2.1163825162258765,6.465671936758893,13893.435911914172,8700.0,0.0,0.0,1.9446265610359912,1.3829387722106272,0.9777416051345533,3.1979093948677035,1.9671744919806553,1.3200487488584864,2.881471430421673,1.658545348824549,1.1051956278497752,0.43388090657952433,0.7727700853958401,0.318214359435583,6.303516587687572,7.098034917952479,6.366578579041446,2.023458612794919,4.669424309236697,6.53177094060664,6.719977884398015,1.6873191917313832,2.6570965584952186,6.226842,0.0,2.023458612794919,4.669424309236697,8932.142857142859
LOG00008,Idle 35,6.5,7.0,33.38441814595661,2.2149602973957707,56.08514951655922,24.613944773175543,162.0,1.551777939758943,6.038441814595662,14878.59256128487,10114.285714285714,0.0,0.0,2.0240622730124134,1.8343773927642548,1.5246336099481521,2.5323032265104355,2.3227978188858414,2.8039811316463243,2.0482747500369696,1.5190614495500923,3.0060535100943793,0.47074275539808313,0.501614256481356,0.34979022172870744,5.069382463738278,6.557641379295165,7.737932704411164,2.2375569927207613,2.8986168545962423,7.2571803523590805,7.256500860175502,1.9315497021972747,2.4481909115802356,6.772595,0.0,2.2375569927207613,2.8986168545962423,10585.714285714286
LOG00008,Idle 35,7.0,7.5,32.26962524654832,1.9590644170449942,57.15966814744571,24.58936883629191,140.0,2.2180362681733525,6.401400394477317,14166.363764440688,9114.285714285714,0.0,0.0,1.9174908010214486,2.5795726662774308,1.0877347145202132,1.9709680732599404,3.489239339543931,2.400482290747496,1.496172962709389,2.3950216969141485,2.3969974801697256,0.43936503377314795,0.6631608112928549,0.358477680791117,2.9131264249185183,6.569919587056144,9.289148559990322,2.0784996300450502,4.176916390539671,6.181667877804443,10.81054346916099,2.2727699083505484,4.11256514769848,7.265049,0.0,2.0784996300450502,4.176916390539671,9442.857142857143
LOG00008,Idle 35,7.5,8.0,33.37845849802372,0.37615486894593875,48.120292387978836,24.456185770750988,105.0,2.208401900852396,6.835592885375494,14558.872106154715,8857.142857142857,0.0,0.0,1.5668246259086953,1.8854107683187682,0.8650525728448736,2.2562702201654843,2.5967413907973222,1.1646009661162455,1.9476641384707387,2.199679129208591,0.9754839416237719,0.34855605665886147,0.6434541795291395,0.358716974079017,2.930903440186241,5.935279608313045,9.673057752610527,1.585061007528381,3.892914297534249,5.830782427377566,7.671233674380968,1.7334522164810742,2.702551023244987,7.655842,0.0,1.585061007528381,3.892914297534249,9142.857142857143
LOG00008,Idle 35,8.0,8.5,32.02564102564103,0.8951178854923727,31.968467077370253,24.665049309664695,65.0,1.9410451633833627,5.867357001972385,14181.311637080868,9857.142857142857,0.0,0.0,1.2321423869658399,1.427878964730919,0.8060249848696601,1.5555901920967588,1.6430436755608018,1.001901803523121,1.134628393048386,1.1612009980512297,0.9640958261138072,0.4268056315171291,0.5870365290648254,0.30021044193881335,2.706322194602495,6.8811608486967915,8.255125811895924,2.0896852068024434,3.4796169497429164,4.481828311064797,6.198555535750489,1.333606613600675,1.888898629733303,8.000244,0.0,2.0896852068024434,3.4796169497429164,10114.285714285714
LOG00008,Idle 35,8.5,9.0,33.38362919132149,0.1633845809066578,26.456517378076047,24.57940828402367,76.0,1.9378574410788272,6.177337278106509,14643.512256973796,11585.714285714286,0.0,0.0,0.9821031335960072,1.243623945454646,0.8873821122096353,0.9752313319194109,1.807958062794042,1.069241064579365,1.0038224863910044,1.3238419498956537,0.8204834532551751,0.4898925053853987,0.7006091376462511,0.319880675656906,9.077777168782454,6.057977403022162,8.957415162529996,2.7485731324032914,4.545097498025518,4.567918312758183,7.507524167936451,1.1205193177110506,1.706144205527121,8.576576,0.0,2.7485731324032914,4.545097498025518,11771.42857142857
LOG00008,Idle 35,9.0,9.5,30.949011857707507,1.9082639638138692,28.56974719516052,24.654051383399207,38.0,1.8291240472832158,5.452292490118577,13904.001976284584,10471.42857142857,0.0,0.0,1.318681178038149,1.2255332629340383,0.8206597703455605,1.2042554169275759,1.3629347165727212,0.963120033368652,0.8149475835863533,0.9628659359412439,0.6889972966284831,0.413033749801332,0.45022427401541576,0.3071318165768833,9.360224110792952,8.323454349440237,6.6033564276690075,1.992181645162563,2.320211553749557,3.9607760648101684,4.720445815349667,1.2729595099353774,1.9277783546051432,9.230787,0.0,1.992181645162563,2.320211553749557,10832.142857142859
LOG00008,Idle 35,9.5,10.0,27.08599605522683,0.07036915890411596,29.654809090617082,24.703175542406317,34.0,1.2382529463075413,4.349842209072978,12444.146238377007,10042.857142857143,0.0,0.0,1.0033558638085807,0.9140246205943842,0.8040908191816311,1.1719197715701362,0.9514572316415872,0.8807014780802539,0.8393224740118752,0.5762667834232662,0.556555725053765,0.2690261134732319,0.3424181040117495,0.24486477741690765,5.913536533261509,8.270322279163942,4.1838945338460425,0.9179435229134375,1.7889676096500466,2.9482719841133536,3.670877983215032,0.9597301694986385,1.215809572804526,9.811032,0.0,0.9179435229134375,1.7889676096500466,10371.42857142857
LOG00008,Idle 35,10.0,10.5,27.799605522682445,2.4213628129631997,34.74125606968776,24.772110453648914,59.0,1.1371484317971514,4.543786982248521,12703.62073823612,10128.57142857143,0.0,0.0,1.7482334366854648,0.9617826712356413,0.4982213608020027,2.15989517827322,1.1395323496137921,0.5129214768884506,1.4295993798074846,0.6810451353936365,0.26925756504051085,0.328321472055044,0.44110511352636145,0.2603422003325821,7.190611693753685,10.53310535842908,5.6016011343914665,1.2793561066913604,2.1231994508568155,5.491251783869153,4.396071403762938,1.410912126220878,6.1187753218524925,10.499829,0.0,1.2793561066913604,2.1231994508568155,10328.57142857143
LOG00008,Idle 35,10.5,11.0,36.68478260869565,2.8273413907932663,44.52566797132884,24.576363636363634,97.0,1.841305097699545,7.315671936758893,15877.879728966687,12242.857142857143,0.0,0.0,3.702655881188815,2.254731865002494,0.8197581969059484,4.62686041853515,3.5382153516760564,1.1188943846311696,2.1867389454399433,2.7997485617135403,0.9165312239266822,0.37459941423634924,0.483314087433016,0.2887492889035707,3.178752792228942,4.187161778674776,7.017440227807022,1.60712368427053,2.948581278359107,10.745529450057607,8.780705581776102,3.0654099528089014,6.2847968669743866,10.528446,0.0,1.60712368427053,2.948581278359107,12714.285714285714
LOG00008,Idle 35,11.0,11.5,28.620907297830374,1.280207686740454,49.90757993968777,24.763175542406312,135.0,1.442670975441295,4.717278106508876,13059.608340377572,8085.714285714285,0.0,0.0,1.6408929729289783,2.174893046189642,0.8185326188353294,2.613710593508255,3.1702265922372703,1.177644066338479,2.0045228477708683,2.7379673031407914,1.285914355264036,0.3711398020729233,0.6025903309932561,0.34514450763323196,4.923734745788571,9.347568087587552,8.38651550699066,1.584506171599393,3.64665859806725,6.2804288852154455,7.129680717959216,1.9264850779297202,2.660245210501161,11.000145,0.0,1.584506171599393,3.64665859806725,8242.857142857143
LOG00008,Idle 35,11.5,12.0,27.303747534516773,0.2568312429319927,41.74227837510912,24.681479289940828,108.0,1.7995633787847833,4.614792899408283,12373.781346858272,6285.714285714285,0.0,0.0,1.9246396993191048,2.503527567335048,0.9168868968101341,1.7373028197745357,2.1460075084152366,1.2505973803034711,0.7177988142762213,1.7463387547603986,1.102910480823994,0.3685122085772198,0.767498334433172,0.4522647464037495,3.8894152366171464,12.96691504904515,8.42207109771567,1.5738025982716017,4.095315755828723,5.139282906869808,6.8783455191541405,2.2329227766093567,3.4253586523599813,11.994833,0.0,1.5738025982716017,4.095315755828723,6500.0
LOG00008,Idle 35,12.0,12.5,28.27727272727272,0.09605495342944405,26.590607083868623,24.512727272727272,81.0,1.840573305916367,5.017766798418973,12743.739412761151,6600.0,0.0,0.0,2.596237609522736,2.579052456590301,0.8609575574969911,2.6447024938750547,2.596152407561673,0.9491809614001928,0.6448860086185524,1.3369729881168992,0.7270000559755384,0.5334687087141584,0.6816108227768863,0.47039539964727867,6.586074021150149,8.59716761964006,9.28457865762561,2.5461196226687184,3.6227898449964653,7.654340781956609,9.073045690547733,2.587659299342245,4.127873034336377,12.472422,0.0,2.5461196226687184,3.6227898449964653,6785.714285714285
LOG00008,Idle 35,12.5,13.0,29.658974358974355,2.1858278806890015,18.252983631312862,24.617573964497044,77.0,1.9169405727657236,5.242504930966469,13161.362355593124,7942.857142857143,0.0,0.0,2.918101510837569,3.3288279859533323,1.1221885846397242,2.96440799317717,3.4728300020505936,1.1538819670177294,0.5679237795994085,1.41401577923383,0.7624671681343524,0.47960606758144214,0.714800441823761,0.4060959952483157,4.211922631726708,7.800713151773619,7.588423770292082,2.3787186062418386,4.332723706995853,7.866740212941398,8.959144612592718,3.1302086342302,4.512912613285627,12.647077,0.0,2.3787186062418386,4.332723706995853,8242.857142857143
LOG00008,Idle 35,13.0,13.5,44.61952662721893,10.356382960304924,26.008014208850067,24.0792899408284,79.0,4.526443220732425,11.38775147928994,18145.724147647226,11871.42857142857,0.0,0.0,2.8421822203515217,3.26859121570217,1.2761923938582163,3.7225289845110296,3.8642271238186146,1.75318883800412,2.0641806404068186,2.5430960492502517,1.2404499776362092,0.40251775705489956,0.5777635115603005,0.3781647415777544,4.360084531845182,4.911183270046936,8.28436111531671,1.8622191986469476,3.149875986945491,10.087096058993046,11.696186940821145,3.062816376233458,4.774931622481112,13.245045,0.0,1.8622191986469476,3.149875986945491,12151.42857142857
LOG00008,Idle 35,13.5,14.0,32.39940828402367,1.0192330164321686,43.166254358593775,24.590986193293887,83.0,1.2544590572215248,5.631439842209072,14414.327979712594,11671.42857142857,0.0,0.0,2.389357202139894,2.4978909583670794,0.5216091787649165,2.4141486258461646,3.7558739567027595,0.5228958981746454,1.8879709391427923,3.3839751631505472,0.05190507898333975,0.3999300232823847,0.40648921570350843,0.2943764719627465,5.997519944503739,5.32762750335152,6.654126484518101,1.7163297480716635,2.1553388030352045,6.588795701556103,9.249020418305111,2.4442265728968127,3.5076096476843177,13.973266,0.0,1.7163297480716635,2.1553388030352045,11942.857142857143
LOG00008,Idle 35,14.0,14.5,30.58814229249012,2.328271362420004,57.178291365567866,24.66478260869565,120.0,1.3196656939515874,5.0404347826086955,13855.095990965556,9585.714285714286,0.0,0.0,1.355931955847973,1.6120444715160975,0.7517116695174222,1.5982390467941447,1.6062518128519623,1.1411151607855268,1.0668775256875338,1.0735385584092048,1.0145833247903993,0.4636532148410569,0.431002157208988,0.33589845540999286,4.874283162539581,7.126414231256136,6.239233584084379,2.0412846142283874,2.203330283964536,5.26848336772998,4.635743584051549,1.4895030793918027,2.9146592154994764,14.001882,0.0,2.0412846142283874,2.203330283964536,9828.57142857143
LOG00008,Idle 35,14.5,15.0,31.412031558185408,0.9564858093775203,61.37541811385485,24.413984220907295,115.0,2.1294877404323347,5.889211045364892,13884.234995773457,9742.857142857143,0.0,0.0,1.553360378838363,1.1122181378327782,0.8593440823894369,1.855947758450908,1.465236996296067,1.5782233199316416,1.5614353138826766,1.2415740181716461,1.4705854007718087,0.31501105237789356,0.5215782986677081,0.26770995085321947,1.910079469347578,7.284081305819508,8.205057442804746,1.296349948799677,2.8357819801932775,4.5284548527126995,5.575375558944362,1.3509177718627206,2.137838833760554,14.999465,0.0,1.296349948799677,2.8357819801932775,9942.857142857143
LOG00008,Idle 35,15.0,15.5,33.81005917159763,0.4213688087973795,55.35152515541978,24.486863905325443,92.0,2.4079835765348254,6.721143984220906,14527.972668357284,9114.285714285714,0.0,0.0,2.207902693671264,1.6296428287622744,1.345787370825544,2.2265383958635794,1.5895885298896162,1.2824147444956406,0.5890586569293085,0.8778794414704009,0.983809395548856,0.39938012596693306,0.5844279409806535,0.33891290665949847,3.027928992856016,6.1394354463001966,9.795880369038292,1.920879011284117,3.5491188541588112,6.168412248277046,6.68301742429953,1.9404342367183094,3.0005005152148496,15.22246,0.0,1.920879011284117,3.5491188541588112,9180.0
LOG00008,Idle 35,15.5,16.0,33.123076923076916,0.24494897427831827,44.97749846536359,24.411893491124264,72.0,2.2324919869000373,6.521617357001973,14327.993801070723,9000.0,0.0,0.0,2.133651092028857,1.8040603274220754,0.9431728624413652,2.4883399779073594,2.0119154518740583,1.1785301196362261,1.2086919175548883,1.1932632815075754,0.7269498051663945,0.4014107773246346,0.5492545275436005,0.38122646796111326,3.040422184409989,7.223701631582462,9.801568639339457,1.8359844249195743,3.1391038577356096,6.061649094395826,6.465658027440877,1.9757404494890238,2.8672707378934708,15.902287,0.0,1.8359844249195743,3.1391038577356096,9100.0
LOG00008,Idle 35,16.0,16.5,34.11403162055337,1.3221960229522745,34.4226477634258,24.288932806324112,70.0,2.248116499603974,7.040158102766798,14627.470355731226,9371.42857142857,0.0,0.0,1.8644060999104912,1.46972817007452,0.8569829836298704,1.8193477974172103,1.5528395932067367,0.8731024058187367,0.8608097807637046,0.7696253779419846,0.5490165386690795,0.38642217973684384,0.5816571875944314,0.3293567249227366,3.101697371249801,5.208480988133697,10.018210427002373,2.0017527862824855,3.3350617251174257,5.362179074488045,6.085036399578044,1.6787064959804678,2.2829036491304264,16.123302,0.0,2.0017527862824855,3.3350617251174257,9542.857142857143
LOG00008,Idle 35,16.5,17.0,36.07948717948719,0.8055608832488357,27.940904438432707,24.283688362919133,51.0,2.2375784364729867,7.361400394477316,15463.348830656523,11457.142857142857,0.0,0.0,1.5398310724225286,1.5867355188893322,0.9853668842535479,1.762199476080546,1.6876653451112857,1.0715284359718715,1.0282919434711835,1.312739567247821,0.6586857499347265,0.510413097477161,0.4649276312929677,0.30459793038420574,7.1220806756178865,5.206836438707073,12.221814124544029,2.5976386305430683,2.6646808872665013,5.604661345419916,5.611343821864731,1.563459199739941,2.2110736669886144,16.985653,0.0,2.5976386305430683,2.6646808872665013,11722.857142857143
LOG00008,Idle 35,17.0,17.5,32.54773175542407,0.7678768745796913,27.810251364616164,24.484082840236688,60.0,1.9119923510019377,5.945601577909271,14315.363482671175,11400.0,0.0,0.0,1.4227268530203256,1.3722030545312818,0.6944328972066413,2.3714306985885867,2.1965327289882617,0.8669659099652418,1.5562103414517146,1.9222239651606028,0.7452998040068103,0.46986051070961243,0.505771510001945,0.3247213168018445,8.193417026331932,5.692608968804899,9.778883578427422,2.2622466125018716,2.868222839640286,5.636245060556097,6.519429313972325,1.3976932641266644,2.205499969247992,17.017227,0.0,2.2622466125018716,2.868222839640286,11614.285714285714
LOG00008,Idle 35,17.5,18.0,53.309467455621295,21.839719825213248,28.87577025109359,23.988067061143983,32.0,7.06256701007212,13.108560157790926,19895.083122006195,12528.57142857143,12.82051282051282,0.0,2.595653763759843,4.502676288860708,1.0297643315047398,2.4955023359373727,5.0427308646293865,2.0351737939180294,0.5726169019094626,1.6217089580044923,1.7671230436460468,0.5664990306381792,0.7813533177303724,0.42097342435620655,3.9332355654124753,3.757005997070061,7.222382179364813,2.1370510508341063,3.5125149186171365,5.655633765890928,10.500023480766457,3.6750178382960996,8.174650142039887,17.999962,0.007889546351084813,2.1370510508341063,3.5125149186171365,12757.142857142857
LOG00008,Idle 35,19.5,20.0,20.73589743589743,1.2942648996655381,10.632113439722039,24.589092702169623,84.0,1.096744144817972,2.7885207100591716,9890.004226542687,7485.714285714285,0.0,0.0,3.7305931980371785,4.448511261809591,1.1356603919237809,3.658983491324736,4.38878668046452,1.0627109909705021,0.2879484252867726,2.158963349269677,0.36069683806411607,0.4636318063173554,0.5946776535377113,0.35656116115279496,2.48947931346075,7.807112609196805,3.6203919667923348,2.1722391679873616,3.5267740672843915,9.014233758695758,10.58952629068666,4.105275755396221,6.902517693321348,19.514518,0.0,2.1722391679873616,3.5267740672843915,7942.857142857143
LOG00008,Idle 35,20.5,21.0,37.683629191321494,2.901993507254942,17.61191700150049,24.26463510848126,43.0,2.6905015108522186,7.750078895463511,16043.371372217525,13428.57142857143,0.0,0.0,3.336573659110001,2.9833002780687243,0.8880063172503279,3.515481918463939,2.8458337679112526,0.8880226466260192,1.0937099306944569,0.9308762023959312,0.00015750974403132243,0.44113327648719275,0.5001583083149201,0.3687591252500716,2.7392711050662943,4.232509330039521,7.693173880280478,2.231857931760922,2.9780785715332985,9.05287993450047,8.60221062363694,3.1648700077405727,7.3432905908096515,20.503168,0.0,2.231857931760922,2.9780785715332985,13600.0
LOG00008,Idle 35,21.0,21.5,33.92544378698224,0.9868581979473421,24.961623885084897,24.38936883629191,26.0,1.9116644960350655,6.384457593688363,14751.366582135812,12285.714285714286,0.0,0.0,1.4579495375319595,0.9671685938627256,0.6224514138511327,1.3697096452776598,0.9445165371089306,0.6224514584109767,0.6761700763104547,0.2868545017650465,5.535740425322743e-06,0.3533948041414896,0.38759085592201786,0.266848896752989,4.695010698038421,4.271017220572536,7.894471598577699,1.5582603757734768,1.9655377890675505,4.042183876705344,3.773937406780332,1.2371402392097786,2.2153134545225908,21.146478,0.0,1.5582603757734768,1.9655377890675505,12428.57142857143
LOG00008,Idle 35,21.5,22.0,19.294280078895465,14.492312687967237,30.178569911379775,24.52952662721894,2.0,1.4319198773202002,3.3868836291913214,10474.732318963088,3214.285714285714,0.0,3.155818540433925,0.962062614586281,0.6547037049963825,0.5160076096271369,0.8570040745529972,0.6656462194523123,0.592673038012887,0.5757376063506536,0.3303012199086148,0.3441175531309522,0.5944348936768727,0.5095961820224864,0.3949008113049599,5.741616563605102,5.019067459806471,5.404671227527931,2.7372485012233176,2.8287321161445935,3.5932217581928194,3.6243750736583835,0.8228612932082117,1.4474788017424773,21.500694,0.0,2.7372485012233176,2.8287321161445935,3385.714285714286
LOG00008,Idle 35,22.0,22.5,18.437549407114624,6.521022035075965,29.874449650315043,24.56916996047431,29.0,1.422647036041303,2.9319565217391306,8563.876341050254,3814.285714285714,0.0,0.0,1.596938941798101,0.5991047959184351,0.9286082401360781,1.8848564901175173,0.5629061662034017,1.7834622115039638,1.454206382310416,0.27917725696508605,1.6633400691138231,0.27585376539840845,0.6624989884752155,0.2825782351819717,3.0643097253180227,6.0335731643739186,3.742880832848629,1.0342271757683235,3.976326394978683,4.6534020025813865,4.340497776593901,1.2060556662782416,2.726290080599192,22.405471,0.0,1.0342271757683235,3.976326394978683,4157.142857142857
LOG00008,Idle 35,22.5,23.0,26.417751479289944,1.5383847651910667,31.698574475918033,24.54749506903353,124.0,1.520529607813845,4.159388560157791,12051.52155536771,9485.714285714286,0.0,0.0,1.9560251703975244,1.597151330253663,1.3399794590714174,3.1958282067395514,2.4105126204134124,2.787462184436437,2.8716878659958764,1.97273631288589,2.5292645680276182,0.31488808817777647,0.5565760454612756,0.29000349400843367,7.728028267364503,11.48994540549521,5.49985596380612,1.178229672604032,3.0095351756675575,9.63986626962493,6.092968107173185,1.7856268981732595,3.0764977469205403,22.948139,0.0,1.178229672604032,3.0095351756675575,9742.857142857143
LOG00008,Idle 35,23.0,23.5,26.350493096646943,1.6014585171343796,32.94467385972585,24.53684418145957,133.0,1.4293946346640753,4.202919132149901,12094.406875176106,6371.428571428572,0.0,0.0,2.210698600633026,1.5064784289823214,0.9784928562837064,2.7331023651779094,1.9963536113385074,1.7101362099750588,2.220650758046992,1.2969925405200682,1.8184594430432872,0.3346038624335307,0.4599146296051916,0.3158623532566363,6.44471074635098,8.61845186393741,6.701082133127998,1.2910452853914622,2.363946865423808,5.814692673527464,4.798915064763761,1.8916481649384302,2.9393120345508432,23.064566,0.0,1.2910452853914622,2.363946865423808,7080.0
LOG00008,Idle 35,23.5,24.0,20.753846153846155,2.1282360207828908,25.793969899844903,24.479013806706117,113.0,1.2646847281532838,2.695285996055227,9858.065652296422,4071.4285714285716,0.0,0.0,3.207195277633,2.476500321448039,0.9250901685325241,3.881912951954733,2.7941937581083733,1.5325178026456703,2.5859005281544727,2.288017274057151,1.4761190779715303,0.4682708621610209,0.6043637386798313,0.4120411675287282,5.3431005667017635,8.42284035564698,4.65842574469365,2.112982494005382,3.375942675512647,7.219576716708661,7.415400574512032,2.865236062788165,4.735930800608205,23.616109,0.0,2.112982494005382,3.375942675512647,4257.142857142857
LOG00008,Idle 35,24.0,24.5,25.110079051383398,3.3844560392325844,14.502516084394525,24.438339920948614,96.0,1.572310737294383,4.284426877470356,11313.431677018632,6171.428571428572,0.0,0.0,4.85579521197856,3.9512486685826866,1.3207986359190187,5.435589802962741,4.014318601934825,2.004661407837238,2.0115572916173274,1.5890008544070928,1.592976060193689,0.5860807529876695,0.745784903118566,0.4794045651974348,7.494636302238887,8.545891104900553,7.544970456824004,2.9501171688985175,4.391390014924706,14.661597818549156,12.68359246375258,4.426686863877451,6.244335993649638,24.323538,0.0,2.9501171688985175,4.391390014924706,6400.0
LOG00008,Idle 35,24.5,25.0,29.96390532544379,2.15448226296052,11.719627071906782,24.291854043392505,70.0,1.8383846125824452,5.361045364891519,13350.725556494788,9700.0,0.0,0.0,2.480995628937038,2.6635390045866036,0.8156797971838957,3.910808683954064,2.9920398769780268,0.7928525592414911,2.920119646621861,1.8525047644046964,0.6253797273055384,0.4336329688775171,0.5766530005959088,0.37170522165092906,5.533746548800753,10.442403899152223,6.02244142662057,2.079094449686758,3.428311520613793,7.920462600798699,9.274894535198406,2.5738861027402598,4.135567241843354,24.73403,0.0,2.079094449686758,3.428311520613793,9971.42857142857
LOG00008,Idle 35,25.0,25.5,30.594082840236688,2.970134792802773,22.129614905515044,24.299980276134114,78.0,1.9235813660355086,5.781577909270218,13471.407438715132,9757.142857142857,0.0,0.0,2.3292106293244688,1.5338866930302717,0.9508157646353902,3.3967565163256275,2.0785654326985687,1.169798319048664,2.4550320446273974,1.592849607291204,1.1110324108079055,0.3452371392344119,0.5472476367837359,0.3100131972677608,5.996886717035174,7.421875140795015,6.042136205947374,1.4313064335001124,3.1524014123242456,5.9713319061770305,6.800481477327279,1.9720586379229996,3.128704509262436,25.369391,0.0,1.4313064335001124,3.1524014123242456,9904.285714285714
LOG00008,Idle 35,25.5,26.0,27.887376725838266,2.46274778428581,27.303346356026992,24.338500986193292,79.0,1.7611993332689397,4.26396449704142,12722.78810932657,6885.714285714285,0.0,0.0,1.2971214092816594,1.8941717265914513,0.9592842178880333,1.2715200705853518,2.4615414002837683,1.0278117213318674,0.8599054986151602,1.723628064740771,1.0080000376345568,0.37591123025785017,0.4718379055444073,0.32816710382992664,4.045025324450922,9.307447604073726,7.394125874610506,1.5914383520816715,2.6031790725597554,3.6601160779600983,5.526161555588249,1.623331525018115,2.4455962599103422,25.575602,0.0,1.5914383520816715,2.6031790725597554,7175.714285714285
LOG00008,Idle 35,26.0,26.5,24.052766798418975,1.0143643490253116,23.443475835132833,24.59628458498024,92.0,1.2597983659141687,3.331778656126482,11106.980519480518,6657.142857142857,0.0,0.0,1.2602692425621287,1.7693290990295532,0.91385885990333,1.265484709780528,1.7106794559952423,0.9330648998529045,0.6242136137141501,0.4168305349008691,0.8434695093918025,0.3168376285367807,0.44450098647289144,0.300437484444862,7.666651130322462,6.419542089264968,5.814084890357444,1.2253341837949094,2.0539812147543395,3.4740710931807812,4.3686359698599455,1.5360345087954328,2.192559592823973,26.104447,0.0,1.2253341837949094,2.0539812147543395,6800.0
LOG00008,Idle 35,26.5,27.0,32.70650887573964,2.1960016206212876,17.330907161935087,24.33956607495069,97.0,2.028544399351962,6.4681065088757395,14174.795717103409,9142.857142857143,0.0,0.0,0.9833890138290733,1.4789976998775654,0.9802931205444996,1.1939679787326551,1.4485801708536146,1.2430071751868912,0.7669254936211034,1.0076956396845247,1.1251906709235315,0.3728606810630784,0.4878715201713601,0.2634674316433928,6.06863088219486,7.609992329827383,7.266835243672357,1.5310563255717087,2.7049705892512126,3.9446365854064456,5.026949071009637,1.2558837821953999,2.147120686700903,26.523772,0.0,1.5310563255717087,2.7049705892512126,9971.42857142857
LOG00008,Idle 35,27.0,27.5,31.433136094674555,2.156327926235354,20.29324356746218,24.241952662721893,86.0,1.8629590921584365,5.47854043392505,13945.012679628066,10400.0,0.0,0.0,1.3414090356305959,1.3419985037679487,0.6796613341019954,1.9415322600096094,1.4469631020833484,0.9083598143714694,1.71643342729168,1.2038030809803066,0.8032278684051901,0.3911522080506562,0.4278943190436431,0.277899179547701,6.736705405929233,8.776035309893736,7.0425738438840835,1.9432560160221248,2.328836002716445,3.8304808870989007,4.311582492512882,1.341703802071608,1.8610012895733088,27.407814,0.0,1.9432560160221248,2.328836002716445,10714.285714285714
LOG00008,Idle 35,27.5,28.0,28.900394477317555,0.7933897529014022,22.549017471050032,24.34293885601578,87.0,1.5994782819117148,5.003826429980277,12964.750633981403,9700.0,0.0,0.0,1.1891584394886838,0.7484736187451863,0.7488291356822746,1.5406911687669833,0.8221196691390416,0.8205892007040118,1.3636676658767501,0.5911454991509333,0.609376865023592,0.2813331464772318,0.30451400092994446,0.25446136730628144,2.9718937569858315,10.478795669877034,4.959034743654149,0.8549349120759965,1.3983261949452221,3.0992777678752446,2.8161971645160087,0.9935568811509176,1.4970773512334328,27.999849,0.0,0.8549349120759965,1.3983261949452221,9900.0
LOG00008,Idle 35,28.0,28.5,31.462055335968383,0.7113582488470579,22.533827832207276,24.383952569169967,78.0,1.7671782826420206,5.542351778656126,13910.269621682666,10042.857142857143,0.0,0.0,0.9054665705133743,1.271339871889869,0.7223934417102184,0.8512411616118298,1.3512976736635391,0.8592215688876018,0.5841660814589071,1.1397246530509169,0.575138060267098,0.3072793985659515,0.4173576159727111,0.2435545070674322,2.194372207023639,7.641709730167502,6.338728560828398,1.099890516093489,2.237821244195753,2.647991258956472,4.147955351355406,1.1036699642950787,1.5307304348065631,28.021511,0.0,1.099890516093489,2.237821244195753,10235.714285714286
LOG00008,Idle 35,29.0,29.5,29.693293885601577,2.2440441441138907,41.26916630599087,24.307021696252466,95.0,1.2761773900104663,4.690177514792899,13448.661594815438,9971.42857142857,0.0,0.0,1.333858363581254,1.1473851392714194,0.8254260703756084,1.7974803046165841,0.958948897793969,1.3631760368228931,1.236946715304656,0.7458282788406052,1.3522102963284799,0.3237805023375905,0.37010093492738894,0.2597759954490109,5.580992299533936,9.537738166278917,5.068284908649235,1.269774605989869,1.7884580017963772,5.565815640814428,2.928133278565274,1.2441203301764174,1.713565019202463,29.43044,0.0,1.269774605989869,1.7884580017963772,10228.57142857143
LOG00008,Idle 35,29.5,30.0,28.823076923076922,1.1735245047776413,44.24341513175342,24.254654832347143,98.0,1.5830470462104869,4.7504930966469425,12913.665821358129,9628.57142857143,0.0,0.0,0.9932811955643633,0.9278259338950969,0.7161280096286105,0.9956678578030359,0.9127643877561846,0.6795946851642471,0.6755897462646648,0.5600789274221293,0.4090969211079639,0.3112294433502628,0.36115854383414925,0.2719679201420081,3.754534718143446,10.581326243563236,4.274833821824293,1.0824715809829704,1.8472342667207526,3.2390005032965075,3.3618112897557166,0.9611109449668332,2.069960212168605,29.984939,0.0,1.0824715809829704,1.8472342667207526,9800.0
LOG00008,Idle 35,30.0,30.5,31.721499013806703,0.8286483620856272,39.25659297900977,24.241183431952663,75.0,1.8475223678246568,5.96956607495069,13895.83685545224,9671.42857142857,0.0,0.0,4.558334050774007,1.8029555228216723,1.1073449066606142,4.945200787056025,1.9246725141883414,1.2685851439032236,1.4930384723412682,0.8086184686436719,0.7315557557105511,0.4168595762845335,0.5381796023814169,0.3428369777002984,3.15712408374157,9.02383195861545,6.099464701248634,2.0063283817071706,3.244898882824746,11.169131877784999,5.938375182047809,3.4661980566406565,8.0212528680668,30.343086,0.14003944773175542,2.0063283817071706,3.244898882824746,10047.142857142857
LOG00008,Idle 35,30.5,31.0,34.3897233201581,1.0794217465140656,36.306937691342384,24.408122529644267,54.0,2.035480846797494,6.7749604743082985,14852.470355731226,11371.42857142857,0.0,0.0,1.6724236533989127,1.7309039670477984,1.0442929422810483,1.847007860207974,2.1558640432678735,0.9408243616156066,0.9562078360785469,1.4381219619910555,0.9934530738940572,0.4229714352920042,0.4983839374090037,0.2997094612359054,6.761245589168648,4.613379650734081,7.283772328138664,2.0432283557064554,2.9967815184073965,5.3216687329038805,7.140736557041935,1.7019150125064966,2.108958331119941,30.562118,0.0,2.0432283557064554,2.9967815184073965,11714.285714285714
LOG00008,Idle 35,31.0,31.5,32.19270216962525,0.12034629542987481,39.12065030985688,24.33364891518738,60.0,1.8323894223812025,5.769408284023668,14167.920540997462,10800.0,0.0,0.0,1.0166521067357968,1.4129777894677107,0.7525827925385703,1.2191419325646302,1.4896745601454284,0.8560266169457514,0.7154246014277992,1.2044177003909426,0.619344433457982,0.42322103475231754,0.5559823137507115,0.31560616538975095,3.4155842263082974,12.080094649799515,9.27529721150286,2.12328606812977,3.083041961620952,3.720511936948772,5.16073019006754,1.2308711832802386,2.096181377136228,31.025832,0.0,2.12328606812977,3.083041961620952,11214.285714285714
LOG00008,Idle 35,31.5,32.0,29.259368836291916,2.0409916557669905,40.052661608715546,24.428619329388564,51.0,1.8337008223540991,4.718441814595661,13143.265708650324,9257.142857142857,0.0,0.0,1.0033201470121675,1.270014337894305,0.7327690343899044,1.034216680513122,1.1859777419383828,0.8085727836488298,0.4744071664817591,0.5296170258831374,0.5787360311659877,0.39672790428502364,0.49834374126914915,0.28294610114497476,4.231354981847628,10.748237493123543,5.5226669995811335,1.8447247297488367,2.8104763571697284,3.635785322491223,4.743104618297845,1.1444622614699071,1.5797454909113222,31.536902,0.0,1.8447247297488367,2.8104763571697284,9422.857142857143
LOG00008,Idle 35,32.0,32.5,38.24536489151874,8.152609558805908,42.20847566813774,24.1167258382643,66.0,3.895353852139376,8.977179487179486,15626.014370245139,9628.57142857143,0.0,0.0,1.0506552283526644,1.7704290455013658,0.7173303537364604,1.189423429506719,2.08955067809477,0.7254571421118625,0.49032626638090987,1.0125182050272803,0.4530969415646968,0.47640240148699436,0.753090943212621,0.3688632649745952,3.830661797805683,8.42743663461709,7.120984059964197,2.291177881895658,4.542191694677388,4.2458937118383915,6.8680146510143905,1.455729269819713,3.0092756267497673,32.499831,0.0,2.291177881895658,4.542191694677388,9984.285714285714
LOG00008,Idle 35,34.0,34.5,22.596252465483232,4.860406976345593,40.3390839846178,24.327889546351084,105.0,2.1135950331501787,3.6460946745562133,10167.061143984221,4842.857142857143,0.0,0.0,6.183428841782511,2.969554781643752,1.6497227253750135,7.0143432400361645,2.801689104775046,1.681880086821934,2.342517238674867,1.5677930751637874,0.40357084551094086,0.48083671645211035,0.9074532264660623,0.4704672373715066,2.824220661064533,6.874025601780081,5.198924293814042,2.386511349628983,5.465931146901724,13.753894911862178,11.772665830197802,4.850414819506219,9.709823156302384,34.261919,0.20512820512820512,2.386511349628983,5.465931146901724,5032.857142857143
LOG00008,Idle 35,34.5,35.0,17.838461538461537,1.9231487166085968,23.979279845081173,24.317317554240635,15.0,0.8787141717197092,2.5456015779092707,8550.133840518456,4971.428571428572,0.0,0.0,2.2921707294278155,1.8111725526145745,0.7593134263102688,2.527285824280737,1.8345251996427363,0.6803885063872743,0.6920345707951573,0.5934861221650195,0.2923826636104604,0.2882213642068301,0.3967666415976489,0.35701448988568135,1.2968982533922226,4.027237972584219,3.404160911395759,1.0442901146662704,1.7992800974218588,5.658248765537104,5.100179832077162,2.065719326069014,3.226915658734385,34.500681,0.0,1.0442901146662704,1.7992800974218588,5157.142857142857
LOG00008,Idle 35,35.0,35.5,19.837154150197627,2.430106579575354,13.544068189324246,24.393517786561265,24.0,1.0972871533159747,2.523616600790514,9356.648785996611,7257.142857142857,0.0,0.0,2.9496733353990545,3.3190151003271393,0.8385509699441978,2.6389098004052847,3.381069363944685,0.801874050623426,0.7599450104532662,0.9803712732681739,0.3409609902100468,0.3776128634984023,0.5066801354662993,0.3231791760533504,3.1066930832572246,7.185037531673545,5.810982787872341,1.6865447178062571,2.6258332798116077,6.3759057327601285,7.484239038946769,3.1397797710797932,4.472167886966207,35.257418,0.0,1.6865447178062571,2.6258332798116077,7421.428571428572
LOG00008,Idle 35,36.0,36.5,36.25443786982248,2.772255298031071,24.86632331340737,24.101617357001974,32.0,2.3286735861215226,7.233037475345168,15420.069033530572,13228.57142857143,0.0,0.0,1.2692544165735509,1.6557302979571131,0.6820267881006542,1.3772265318569694,2.314593233086208,0.6801842808550943,0.8180073487759146,1.7315120830362905,0.2385630860751175,0.32509078987946183,0.42614199013212606,0.28097778402453777,2.591216421729918,5.356836107301947,7.447425111872346,1.273953319427386,2.037170695995356,3.233515316459031,6.095395487894625,1.475203306931729,2.3425035032276265,36.000341,0.0,1.273953319427386,2.037170695995356,13428.57142857143
LOG00008,Idle 35,36.5,37.0,31.689743589743596,1.5458965640427773,40.660187830531854,24.076429980276135,12.0,1.5293924391936637,5.598086785009861,13894.04761904762,11800.0,0.0,0.0,0.6757906479131885,1.6660613273018394,0.6561216521360419,0.6030430532302052,1.7031928626453123,0.5832965265474219,0.2064013038351448,1.2319373667813673,0.27407709740128877,0.29440930191946946,0.3430094096739697,0.2526041949944213,6.619300775458195,7.159860828095256,6.321790054863824,1.1802432641151468,1.6266859864288323,2.134066688546473,4.27736577675626,1.2713090391674429,2.158131012900668,36.889287,0.0,1.1802432641151468,1.6266859864288323,11942.857142857143
LOG00008,Idle 35,37.0,37.5,33.22470355731225,5.9960463267421416,53.2414393879691,24.130276679841902,39.0,1.9839972789845728,6.134664031620553,14492.398362507058,10957.142857142857,0.0,0.0,1.239049538117372,1.2782524235113029,0.668941585282575,1.2410685077804087,1.2408112023226767,0.6856234075959946,0.9526774852365163,0.6824667483952703,0.3752242606427511,0.3240823836967066,0.3992109626175114,0.24486894455155134,5.024752921070444,10.609127081301605,7.305192111330318,1.2751790421926812,2.0780795619489174,3.5581004835984325,3.9417698318286702,1.258803601861981,1.7319095215196494,37.388518,0.0,1.2751790421926812,2.0780795619489174,11314.285714285714
LOG00008,Idle 35,38.0,38.5,31.859368836291914,1.3935912754651176,61.45136368887838,23.894852071005918,179.0,2.480396179579407,5.970216962524654,13762.242885319809,8028.571428571428,0.0,0.0,3.7600808085161814,2.751153556089864,1.33316882217873,4.04309373823727,3.0510847897892504,2.595906318847888,1.9698848784757619,1.4839600439589602,2.440966150969469,0.48508227930270015,0.7916849667880749,0.5690151758949411,3.0575853165666307,7.8851690322043195,8.980590300542463,2.4882992343780046,4.738223934847137,10.771886119523922,9.719335534629618,3.2944691207960646,5.446080001788221,38.305087,0.0,2.4882992343780046,4.738223934847137,8300.0
LOG00008,Idle 35,38.5,39.0,29.16351084812623,1.279681104483558,38.10341312010221,24.02923076923077,136.0,2.4899426337991395,5.2578303747534525,12772.597914905607,7757.142857142857,0.0,0.0,6.8206670596924575,5.451390574278801,1.5411899632575834,6.979918302029205,5.667354424217463,1.728081938567502,1.800881928317366,1.4407907241043332,0.7297571753854114,1.0713617343571793,1.2582444027271487,0.6312200526973673,5.363246361499311,9.547039235329658,6.2138378359957676,5.920376718872728,7.953648739344492,17.21507985340104,15.393266798243104,6.1741055357237595,9.322254275565784,38.903013,0.21696252465483234,5.920376718872728,7.953648739344492,8155.714285714286
LOG00008,Idle 35,39.0,39.5,30.676528599605522,2.83004822560345,13.7998634313722,24.263471400394476,40.0,2.0159782868911442,5.506469428007889,13327.909270216962,8657.142857142857,0.0,0.0,4.30039567375867,5.500276742026412,1.1877300414732532,4.496057442389485,6.641685624978315,1.1055015007907767,1.4124267690690948,2.19716107302872,0.6084216497015621,0.6474134994078206,1.2911092791121417,0.5155578813671605,7.35711797084721,10.356175878618956,7.010377961231057,3.317082162332467,8.105548629595072,12.578902847394183,15.892575766597478,4.936924507715252,9.055670383887296,39.055894,0.22879684418145957,3.317082162332467,8.105548629595072,8928.57142857143
LOG00008,Idle 35,41.0,41.5,14.948520710059173,7.842652108297305,42.16436899435392,24.17954635108481,149.0,1.6092470729315904,2.4440828402366868,7387.306283460129,3428.5714285714284,0.0,0.0,2.126276965861977,4.553843370881651,1.0297211033943838,2.161382137963532,4.771117438361971,1.1674898814174002,0.3824321060715576,3.3363013393726444,0.9789740353483295,0.3285924260130937,0.40857322963559484,0.31955877231441343,2.08597207608399,6.153358594517617,3.6789929030681203,1.2082199508858553,2.0336861381745845,3.750082181873976,9.881247555568976,3.5537686462456985,6.628457631693247,41.499728,0.0,1.2082199508858553,2.0336861381745845,3514.285714285714
LOG00008,Idle 35,41.5,42.0,42.68836291913215,7.81421873764291,18.016680268740984,23.757495069033528,125.0,3.4880347084672083,10.736607495069034,16974.429416737108,10900.0,0.0,0.0,9.036304154619623,11.878544450522378,1.9788878530431153,9.015594353417704,12.489707171216438,2.4873417912123554,0.7233571240864886,2.8217650096828097,1.2411770325032334,0.8390557444821876,0.9503634230262181,0.5913114032757245,5.536642865232406,6.0893478885564605,6.968545082710759,4.631827597933667,5.9378024846515585,22.537411369600626,27.59437812566197,10.553544689767312,18.390314783108117,41.79275,0.6548323471400395,4.631827597933667,5.9378024846515585,11557.142857142857
LOG00008,Idle 35,42.0,42.5,36.45790513833993,3.2398376781444753,16.223864628524236,23.881521739130434,46.0,3.124392107012274,6.894446640316206,15423.136645962733,12642.857142857143,0.0,0.0,2.5123672973985727,2.1494620070415427,0.7703565804017366,2.847836662954388,3.095416831660893,0.7572231934491536,1.5887635317834667,2.5522192768879433,0.27823981255727936,0.35870044272443113,0.43877175576194816,0.28679144140471635,3.0672905335697287,5.274681461196544,7.508664861970658,1.5573268449774407,2.487733673460412,7.01677831099235,7.845720869899684,2.3379666760620084,5.570024426390344,42.000924,0.0,1.5573268449774407,2.487733673460412,12953.57142857143
LOG00008,Idle 35,43.5,44.0,16.161735700197237,11.307899673014358,46.23245469773578,24.141222879684417,111.0,1.9073021283393201,3.5023668639053254,9178.543251620174,3428.5714285714284,0.0,0.0,4.12727707441143,4.203534692446268,1.9228508705844085,5.775376300696975,5.0812671144688535,2.941586130053927,3.7971117974369357,4.0826050716741555,2.19374293559965,0.3724241861247886,0.5431075442112024,0.3688112463409804,5.074019703628601,6.070566813963314,4.41712202129831,1.472137607814102,2.8860050699705453,11.889116233455844,11.282634017584433,4.1655803893072045,5.686311952224696,43.705782,0.0,1.472137607814102,2.8860050699705453,3471.4285714285716
LOG00008,Idle 35,44.0,44.5,29.63333333333333,1.0082956372238787,28.69273025240786,23.94059171597633,103.0,1.9118219457661931,5.251301775147929,12963.010707241478,10957.142857142857,0.0,0.0,2.6127549396583074,2.7835957123939954,1.0425597932800748,2.529167495964951,3.332977929279953,1.0458717328794067,0.6782763709601577,2.2612497992884935,0.8875176310654285,0.5229180892755951,0.5736370520724575,0.35377228540942784,7.4484911777259315,9.601883686503013,5.400479934859125,2.8450622954511187,3.4533479356943895,9.264681296549126,9.62553310596169,2.699527131255316,4.590905674690331,44.027414,0.0,2.8450622954511187,3.4533479356943895,11400.0
LOG00008,Idle 35,44.5,45.0,34.94802371541501,1.947280978421898,18.032846126199523,23.90213438735178,80.0,2.290041404999468,7.010988142292489,14747.61434217956,12428.57142857143,0.0,0.0,1.5220164543513415,1.9802729763571447,0.7465626771628547,1.4443662864741407,1.9947110818524663,0.6994897550700654,0.22812394209239584,1.3889104465498683,0.262816878112969,0.42317673462495914,0.44897879448493505,0.29260735021241235,4.04881289339129,7.48121159317543,5.793992578969926,2.007149783826128,2.580208650624374,4.265404539938511,6.083574724035606,1.7660712256597426,2.5819243425453333,44.903513,0.0,2.007149783826128,2.580208650624374,12685.714285714286
LOG00008,Idle 35,45.0,45.5,33.558382642998026,3.9640723471583414,33.974412700956975,24.08459566074951,56.0,2.4978571768308404,6.095167652859961,14427.387996618767,12071.42857142857,0.0,0.0,1.5545216424612869,1.5805468819053468,0.5076549059402338,1.6194732403304988,1.8003645730904658,0.6071658195347927,1.074555164312853,1.2412152480705496,0.37306577229371884,0.3553155922529588,0.38577153403417896,0.28420959254468414,6.20461274855416,8.079010263702353,6.870994898315917,1.6009739385035242,2.126341963886733,4.01820315657323,5.516337578152204,1.5675882722802643,2.2853849067108145,45.04065,0.0,1.6009739385035242,2.126341963886733,12285.714285714286
LOG00008,Idle 35,45.5,46.0,32.692110453648915,1.2180500161501513,44.9094796340602,24.075956607495065,38.0,1.6716204297918853,5.8339250493096655,14077.359819667514,11900.0,0.0,0.0,1.3747292901191945,1.545689623020121,0.7879944706375972,1.526902273460503,1.3539864492676688,1.1810409014437184,1.0505534668425969,0.6761216210525197,1.2924152468489092,0.4121227295721283,0.3622459801211275,0.2716479746092318,7.239163085702324,7.595177693833563,5.908707533197947,1.9122741650160302,1.808830950089128,3.8327973212420092,3.893807352732957,1.4627093067017292,2.092602826251994,45.922666,0.0,1.9122741650160302,1.808830950089128,12100.0
LOG00008,Idle 35,46.0,46.5,32.04635108481262,0.7567197317891868,51.31327296161679,23.87165680473373,42.0,1.548889851632922,5.603116370808679,13916.138348830656,10042.857142857143,0.0,0.0,1.9342911884458192,1.190971182433106,0.7421283697801893,2.4835704381127703,1.1318435583165647,0.9283353330198032,1.7281373626763428,0.32978443655639633,0.913638624269658,0.3507393835167982,0.4921819751933555,0.2973023536407812,6.722969949718954,8.282298783713077,7.325868377934377,1.7191682244817135,2.711259048470853,4.607471849526751,4.443597881241901,1.6062214603044707,2.2460488489828463,46.145636,0.0,1.7191682244817135,2.711259048470853,10380.0
LOG00008,Idle 35,46.5,47.0,27.812648221343874,0.6562846849608999,51.53411379851796,24.13304347826087,81.0,1.4088048826424395,4.314525691699604,12430.717108977979,8000.0,0.0,0.0,1.3335762277072403,1.0199506677878456,0.6907332318335063,1.6922120378740773,1.0200504367477141,0.8205312077507311,1.0517438012576419,0.00564418538768587,0.6244184628846218,0.3468793256232768,0.47960630208621524,0.2925266011812146,4.582671306396128,8.279783884825688,8.035769882831703,1.512881456601981,2.659309403474322,4.396144555917348,4.373609321604264,1.1871657255469321,1.7106180329132348,46.821453,0.0,1.512881456601981,2.659309403474322,8342.857142857143
LOG00008,Idle 35,47.0,47.5,24.73333333333333,0.636755004869351,44.809708187005974,23.953471400394477,93.0,1.4249104388016662,3.6754043392504934,11261.763877148493,5228.571428571428,0.0,0.0,1.4601253168801767,1.2140011284417633,1.0231604213214012,1.3963976627753287,1.0629478450427534,1.017799738125216,0.7111846714301953,0.5574873521646403,0.8065202459102647,0.364838649802758,0.47661706619855454,0.38976190747360784,6.04756967973533,7.911692108416259,6.504173406369568,1.6066227798522872,2.3836159110370274,4.377862546194522,4.693358436368226,1.3427145416752422,1.827997619356296,47.395644,0.0,1.6066227798522872,2.3836159110370274,5347.142857142857
LOG00008,Idle 35,47.5,48.0,23.638067061143985,0.2371565022262051,31.42392110785107,24.100591715976332,82.0,1.5998864312397272,3.679388560157791,10755.480417018878,6228.571428571428,0.0,0.0,2.009700648402285,1.2971388403011854,0.7332252644610515,1.983722877829193,1.3470625796201314,0.8231726850065639,0.9414164374992519,0.9172947746744321,0.707865670643272,0.39592449040903754,0.6871396183381255,0.3974391512954616,5.073023489644373,12.045120717675223,7.196745808592119,1.8189093072404305,3.7131832805188605,5.216420742701984,5.382050671259784,1.691370135009849,2.6573734713253625,47.854404,0.0,1.8189093072404305,3.7131832805188605,6571.428571428572
LOG00008,Idle 35,48.0,48.5,23.230571992110452,1.7451969218684713,14.03840669407789,24.00930966469428,67.0,1.4969475204962508,3.407278106508876,10645.611439842209,6500.0,0.0,0.0,3.295267024340968,2.663763448643758,0.9760513970659614,3.8625227114949325,2.50705606445348,0.8274589006749258,1.9775626024209088,1.6195304729925755,0.7300942183760859,0.48062850869166013,0.9196470479590755,0.48317704935459244,4.76470398193095,10.102949560670643,6.57954489094023,2.218646300232831,5.358853740618262,8.649315053087959,8.170882058227708,2.9961992984479076,4.354892456577023,48.359533,0.0,2.218646300232831,5.358853740618262,6614.285714285715
LOG00008,Idle 35,49.5,50.0,26.01972386587771,0.17587628643067513,16.259701093485422,24.11794871794872,4.0,1.2579078401245563,3.58094674556213,11756.55818540434,10257.142857142857,0.0,0.0,0.5133534405782126,0.6668254263036649,0.46032862256027984,0.5141441603345881,0.543738400524579,0.4930620822846316,0.007409769340141671,0.3092941269346995,0.3423285414052206,0.24198196837748187,0.2969758331010062,0.1936981266883879,11.356016816279993,8.232063256944883,7.77280169674492,0.6429543415871257,1.159275851141205,1.462887366727786,1.9317752001884474,0.5950579400859015,0.9477493118937655,49.624345,0.0,0.6429543415871257,1.159275851141205,10357.142857142857
LOG00008,Idle 35,50.0,50.5,25.20493096646943,1.0330415754533036,22.716160099324707,24.08236686390532,1.0,1.1222114972167563,3.5914792899408288,11489.842209072978,9528.57142857143,0.0,0.0,0.6503592352834777,0.4341424193697056,0.4391915308243799,0.6117079915249123,0.40417269112072046,0.4391759713526609,0.2433493297545106,0.24871936744713227,0.00026076495235842864,0.25310930861742503,0.2928887406602754,0.2178395124094766,8.390045855969905,9.17469459527129,5.818730035179808,0.6237040209826377,1.120764152143736,1.64802194504835,1.6605410111479155,0.5529225873549983,0.9439422746354806,50.41856,0.0,0.6237040209826377,1.120764152143736,9757.142857142857
LOG00008,Idle 35,50.5,51.0,24.956213017751477,0.6812911645367953,27.444610638751563,24.03757396449704,20.0,1.1381220070612612,3.668954635108481,11344.540715694562,9585.714285714286,0.0,0.0,0.5729887654482033,0.8230663515223847,0.5798182246517605,0.5614827013589303,0.7456748781905209,0.6908379708151763,0.4768971582864906,0.5628482273521608,0.3801325059422874,0.24843328915493157,0.2935212705873925,0.254047901164758,6.661666989539224,10.951654833896944,4.8791652953597495,0.7472275021406772,1.3359743292770156,1.6581637142794607,2.5712720280454717,0.7091383307713052,1.6625541775368036,50.99967,0.0,0.7472275021406772,1.3359743292770156,9757.142857142857
LOG00008,Idle 35,51.0,51.5,24.95680473372781,0.4256657940012563,31.487635464831143,24.18331360946746,37.0,1.1844709815435641,3.725108481262328,11399.591434206817,10471.42857142857,0.0,0.0,1.11053610577058,1.1127738429388725,0.6146915253273983,0.8905968987653244,1.0758313015776202,0.8677977077406146,0.9886534158050341,0.8450484872234663,0.6621835608996774,0.2699043586869822,0.2939279314737959,0.22892497397193887,6.093225018744345,10.26558491901295,4.63037431662385,0.9111292444366365,1.243234796711275,2.311535261741034,3.5211393171429304,1.1116555374190846,1.6706301558305088,51.003616,0.0,0.9111292444366365,1.243234796711275,10614.285714285714
LOG00008,Idle 35,51.5,52.0,23.464624505928857,0.5298906939565474,32.86185842041076,24.121798418972325,36.0,1.1310491056836451,3.3659881422924904,10818.111236589497,9457.142857142857,0.0,0.0,3.3394151180796197,0.7107883303427958,0.7266253430585948,3.493193816545802,0.7039489258089985,0.9678763879757628,2.0125224490015685,0.31401209332395896,0.6967762029713017,0.24137190310669024,0.30934680000135645,0.22173020232523258,2.275742290252285,6.741332690679867,3.044524997573679,0.7153945912195778,1.5078468062092738,7.232447745767467,2.5237997577841442,2.414219685675913,5.26065128437156,51.710025,0.0,0.7153945912195778,1.5078468062092738,9764.285714285714
LOG00008,Idle 35,52.0,52.5,38.06568047337278,11.553434971705915,34.10726455255995,23.732978303747533,31.0,4.419059450140256,8.800532544378697,15206.473654550577,10714.285714285714,0.0,0.0,1.7778492452997698,1.4339158980453868,0.9784516328446008,1.974193158386323,1.5080094271163766,0.8436169386353933,0.6093227319188799,0.9599248919599166,0.5262997070928218,0.40756229674454403,0.5113973895410788,0.3307903906629171,7.388479802559043,7.801129397787226,6.103990226220339,1.9223893208647582,2.937840738051306,4.435823328267879,5.456299401225939,1.6150638906371888,3.128567244718536,52.477603,0.0,1.9223893208647582,2.937840738051306,11014.285714285714
LOG00008,Idle 35,54.0,54.5,20.21877470355731,2.3159916819757025,24.393506492717112,24.05656126482214,89.0,1.2389215685055794,2.921857707509882,9350.239977413892,5757.142857142857,0.0,0.0,3.39697249899235,4.696336997017214,1.4769278171940494,3.7354377192232193,4.203624905097945,2.279998724186936,1.6376429073290555,2.4453675065603573,2.148688792619735,0.3572739152468676,0.4637655901096444,0.3265794977281229,2.400795050742822,7.370717130009924,3.7336499278126927,1.3854752759132087,2.3783591134741964,9.616048016032382,8.875956776351053,4.098475530515157,6.04406271436979,54.022618,0.0,1.3854752759132087,2.3783591134741964,6660.714285714285
LOG00008,Idle 35,54.5,55.0,28.35128205128205,2.6258864068030943,10.933434422262978,23.95662721893491,66.0,1.9161724683550945,5.019960552268245,12567.047055508592,10400.0,0.0,0.0,4.445238242420681,4.20384528751564,1.153137318740055,4.403727270935907,4.571981209827302,1.175190552552035,1.728684867313326,1.0651492361369201,0.9097243553816384,0.5735871844488059,0.5454087618900622,0.4224753841628629,8.793929210839904,7.585971013178056,6.104296679613898,3.18824292610338,3.209672968834039,11.691632909003578,12.33506571339797,4.3262257357451155,6.4546921595683475,54.755662,0.0,3.18824292610338,3.209672968834039,10665.714285714286
LOG00008,Idle 35,55.0,55.5,31.520512820512824,4.186063726229284,18.98994545725164,24.200473372781065,42.0,2.3006221282286106,5.7786982248520715,13440.694561848408,10742.857142857143,0.0,0.0,1.7987200212289514,1.2968347612217657,1.1614503222883206,1.9508282657935985,1.3841141337513705,1.5341995086468123,1.0287653798271499,1.048596998428847,1.2698906257059654,0.37069109483888485,0.5955164281299342,0.3185074411363385,8.63843125207311,8.916809561959282,6.777189237988103,1.6690857756239186,3.4461860784014555,4.445594854399966,5.659991427429894,1.5679882194523964,3.199355662356805,55.000338,0.0,1.6690857756239186,3.4461860784014555,10985.714285714286
LOG00008,Idle 35,55.5,56.0,43.56785009861933,6.7551289530841565,37.200451115326736,23.642879684418148,28.0,3.7312801736860832,10.254536489151874,17465.46210200056,13742.857142857143,0.0,0.0,1.8135481206774344,2.5894564462576444,0.8775367492901524,2.1852838380207427,2.529075195861608,0.8890383518214632,1.2922156853080282,1.2813723935365415,0.5510892957549092,0.41314758575605703,0.6146257791137323,0.32901717331872654,2.6517488399934472,3.9256749238030286,6.533996525686385,1.8807642312684114,3.323540891182406,5.381500930804024,7.146536105257395,2.235424061903906,3.062200921158035,55.743246,0.0,1.8807642312684114,3.323540891182406,13914.285714285714
LOG00008,Idle 35,56.0,56.5,44.734319526627225,4.011212795059849,54.36459183801306,23.854911242603556,58.0,2.247293858223971,10.101045364891519,18002.451394759086,15814.285714285714,0.0,0.0,1.3253671901613788,1.6522396647778343,0.9439091576253231,1.7953342166736723,1.7474237951877798,0.9795963359014028,1.2246522713593775,1.1778343735205272,0.4743339953513766,0.3031893583880346,0.39183825245542175,0.28259590604305607,3.079679358595574,2.870690575138969,8.330138697606836,1.1179038947876114,1.9143030546311777,4.285888040058118,7.110982699366547,1.4977473249219038,2.4662348779005203,56.000748,0.0,1.1179038947876114,1.9143030546311777,16114.285714285714
LOG00008,Idle 35,57.0,57.5,22.019329388560156,0.9390609392985071,77.47574583024866,24.02751479289941,156.0,1.716373812438852,3.4469033530571993,10276.373626373626,2742.8571428571427,0.0,1.3806706114398422,14.929782185376622,3.350072499848924,0.9855686995109152,16.15205070121459,3.418446798095725,1.1922012359592487,4.87206874961847,1.2732054453869903,1.2448074999381067,0.6472232125727228,0.7883339074969363,0.6280673531417227,10.07412613907938,7.046632490107773,6.898113554393106,3.3914746849239017,4.469658613790962,31.747400458894834,9.126440336461425,10.819458901835919,26.009190501502363,57.460914,0.46745562130177515,3.3914746849239017,4.469658613790962,4104.285714285715
LOG00008,Idle 35,57.5,58.0,41.55779092702169,11.008681953563315,62.5627083269806,23.69321499013807,121.0,4.708998880636941,11.071499013806703,16141.145393068471,5471.428571428572,0.0,0.0,6.13079391233539,4.241257217895013,1.4183961682364692,6.447377283041707,4.676125257515411,1.669210035837023,1.0658923218956364,1.2913420530249633,1.2900629067621352,1.0266042641711226,1.5135373465694664,0.800614611203832,4.898550119497308,8.024972754949536,6.616323706311641,5.501371826795332,9.16309777988729,18.30844643997313,17.17470273982008,5.271380122125285,25.443177459065975,57.500377,0.14595660749506903,5.501371826795332,9.16309777988729,6171.428571428572
LOG00008,Idle 35,58.0,58.5,39.853846153846156,4.50068589995122,36.49226847974888,23.821242603550292,81.0,3.7680374585332763,8.410907297830375,16449.936601859677,12071.42857142857,0.0,0.0,2.9135972548377533,4.15971513008152,1.1379638983365392,3.1531549444259466,4.459261158276819,1.2110791931329936,1.1256083111475002,1.1297212287849452,0.8736551918071529,0.6293157224147831,0.6607846202969152,0.3872670803380415,3.994451842096586,4.434506033045968,5.202781200886804,3.2892711997652926,3.9576620487113012,7.705117539136779,10.141601008022212,3.591119527865037,7.433947633062447,58.036088,0.0,3.2892711997652926,3.9576620487113012,12642.857142857143
LOG00008,Idle 35,58.5,59.0,32.535305719921105,2.1987705133643796,29.46861160937997,23.85936883629191,39.0,1.9123359834239184,5.773885601577908,13981.00873485489,10614.285714285714,0.0,0.0,1.6165451511441316,1.1579410813359756,0.7796142256766876,1.7583834711429749,1.3413798661018264,1.016651106514547,1.2939519614386574,0.9496752862738678,1.03366621151111,0.39993506051692196,0.5894305409734542,0.32193262252087285,5.217348842511162,8.726273973460186,5.465104628901036,1.8262035752332348,3.25897640552297,4.385739846815446,5.36718791495122,1.4060664588726113,2.022437062232942,58.537267,0.0,1.8262035752332348,3.25897640552297,10937.142857142857
LOG00008,Idle 35,59.0,59.5,39.026679841897234,11.907807069889245,34.978019411696884,23.719328063241107,38.0,3.547654288971205,9.034822134387353,15848.517786561264,8371.42857142857,0.0,0.0,1.3751375126499839,2.1084703555691493,0.9474492632695789,1.4950558420676712,2.9421109609848863,1.6471370644166419,0.7090691478149375,2.115461847973227,1.3800522745490684,0.576162286821868,1.0186225990529536,0.4937694844806374,4.968797396074083,6.1811152120624255,5.47725709386381,2.9524340990306475,5.927015590987969,4.315382908186569,9.396303200407706,1.7799789913101616,3.0220489918939926,59.319636,0.0,2.9524340990306475,5.927015590987969,8514.285714285714
LOG00008,Idle 35,59.5,60.0,41.323274161735704,7.556684589291428,52.964436021182415,23.681972386587773,41.0,2.536574943937744,9.265522682445757,16756.98788391096,11428.57142857143,0.0,0.0,1.216448934115003,2.0205092200157915,1.1916930353693955,1.170216548915014,1.7930281253369282,2.0586212981283762,0.2098906745445511,1.067950035999904,2.2984390414227773,0.5561517260414084,0.7836823845782185,0.45247028922371374,4.464516408425326,6.142267744272756,6.228872356021841,2.524810448590881,4.205355259577159,3.57257800607173,6.049597766471311,1.6676638626351463,2.452072076071027,59.923416,0.0,2.524810448590881,4.205355259577159,11714.285714285714
LOG00008,Idle 35,60.0,60.5,30.140631163708086,3.365582557703374,60.591593956741804,23.795759368836293,93.0,1.507962471416582,4.376706114398422,13573.260073260073,9257.142857142857,0.0,0.0,1.5471206630108187,1.9181494879482206,1.2430244902813405,2.3691392888931255,1.9397051231769775,2.4463351350371236,1.8487779006815124,1.4349354550245061,2.5936984605494984,0.4381834151104608,0.6907513859035005,0.36606263749680173,5.72272417466532,8.327239371459056,6.125041175482405,2.1616162072695957,3.947612832209484,5.965218053850192,6.516554552423697,1.7425383502280596,2.337034960423336,60.186834,0.0,2.1616162072695957,3.947612832209484,9575.714285714286
LOG00008,Idle 35,60.5,61.0,30.5974358974359,1.4578405760916198,63.85503990983441,23.954930966469423,139.0,1.8087233297178362,5.26741617357002,13347.654268808115,7714.285714285715,0.0,0.0,2.2907951363485237,1.6144268270577504,1.1647405686858658,2.7167912568670802,1.7019257462278001,1.9695969431572138,2.374435188497097,1.2509932589934043,1.9370544721331964,0.40923409148460504,0.5400538545643787,0.37437145072080796,5.407219044749939,8.091397483463558,11.060955398945064,1.967890427091076,3.115765495523803,5.579442401781105,5.710297283770219,1.9816806423641786,3.728237689226138,60.983011,0.0,1.967890427091076,3.115765495523803,8000.0
LOG00008,Idle 35,61.0,61.5,33.76272189349112,2.292120730539042,57.16425069669887,23.789092702169626,148.0,2.9277761098827586,6.567869822485207,14063.095238095237,7942.857142857143,0.0,0.0,5.031970674516697,4.4195255034963585,2.0854758801399496,5.38207432181911,4.798730226075078,2.7768517938221153,2.0167205795677243,1.6047450695011136,2.4122880839301213,0.8202192494086946,1.0434937799952866,0.7362725471276168,5.3422831934648105,7.689981443211935,9.896856646629578,4.633817327236924,6.640327979942137,15.30930284015822,15.295382242648202,4.735659117021133,7.391471318631247,61.444729,0.0,4.633817327236924,6.640327979942137,8185.714285714285
LOG00008,Idle 35,61.5,62.0,31.71561264822134,1.3066617545744919,27.909264671728252,23.885988142292494,119.0,2.6356158175002053,5.7010276679841905,13584.761434217955,7414.285714285715,0.0,0.0,5.302645783154381,5.655933606213582,1.9695709289312302,5.511468163013079,6.127018688315878,2.20638195426801,2.4053140808935543,1.4044018079363056,1.5697523117614751,0.7245257740771119,1.0627005464681678,0.48535476229810576,5.360023245455864,9.450869293545498,5.945474940749681,4.116014512657709,6.749563182591914,16.219894581567235,16.55831711293899,5.4821363198802855,7.214131178147925,61.693345,0.0,4.116014512657709,6.749563182591914,7664.285714285714
LOG00008,Idle 35,62.5,63.0,46.32938856015779,17.412796090044775,14.93130536226686,23.26714003944773,31.0,5.724185590828897,11.480453648915187,17766.201746970983,10457.142857142857,0.0,0.0,2.7109257531437345,2.5862651709090008,1.3395131205225328,2.8334262874842606,2.7221290408408603,1.687863199831614,1.330641445767941,1.094716749462681,1.4427717951817423,0.5379509174904963,0.8559936795598758,0.4896399976652299,6.299878346133263,8.422285101637366,7.100255623747577,2.4944482749564267,4.498996194751172,6.77869385171699,7.566796565020779,2.649328780400319,4.058767831083883,62.863432,0.0,2.4944482749564267,4.498996194751172,10771.42857142857
LOG00008,Idle 35,63.0,63.5,63.00650887573965,15.826377285707748,55.351306525838105,23.048698224852068,34.0,4.386612168169683,18.36092702169625,22668.963088193857,12828.57142857143,0.0,0.0,2.143283664109427,2.8595867593969357,1.2772395657794127,2.4573868679982342,3.2270569320370797,2.0168034988925383,1.0844225060927335,1.948207795757703,1.9878582081076677,0.4252303151132295,0.6232080433795101,0.39618370849632384,2.682396007872813,4.816072553971237,7.907538516733539,1.6415077181721742,2.6076456972360416,4.47566287664792,7.176556178271139,2.526944924148189,3.573076829845337,63.165328,0.0,1.6415077181721742,2.6076456972360416,13100.0
LOG00008,Idle 35,64.5,65.0,25.383826429980278,2.2402307647078827,54.61015142441369,23.692524654832347,151.0,2.155066400288281,4.293984220907298,10983.375598760214,5671.428571428572,0.0,0.0,3.8929855762702674,2.6365968555626904,1.4751589527398805,4.002384490418731,2.6775200269926196,1.4828965606568263,1.7050494107977654,0.9310905280363909,1.2651870667990657,0.6363448529176391,0.899169968887191,0.4086602052023845,6.091189117671892,10.921019147265863,5.39051801961382,3.286816129980088,5.415303698357319,11.59890153270067,8.99440983522675,3.324678907489519,7.2276102867760414,64.975703,0.0,3.286816129980088,5.415303698357319,5757.142857142857
LOG00008,Idle 35,65.0,65.5,27.414792899408287,0.4022595285540178,25.202767582236785,23.61625246548323,45.0,1.7053824346545687,4.324970414201184,12003.113553113551,9257.142857142857,0.0,0.0,7.616867624549242,6.3060587284449285,1.651606533181251,7.799718680876216,6.378923776357032,1.8365153875271585,2.4194165518115667,1.189764660093035,0.7794348549285837,0.5796337401396797,0.9002811396711256,0.44053114867408266,6.447861147489068,11.548916911084902,5.876762882472989,3.1580035136101454,5.463215475894219,18.083686677939255,15.388845572275306,6.9922474604558635,10.267094224774974,65.438406,0.2445759368836292,3.1580035136101454,5.463215475894219,9500.0
LOG00008,Idle 35,66.0,66.5,40.51282051282051,5.5486847716909455,12.342895911865073,23.476765285996052,47.0,3.110258274086681,9.153313609467455,16325.133840518454,11428.57142857143,0.0,0.0,2.281371862284494,1.7927327909462916,0.6576547061950375,3.1816708816729657,2.013678965372786,0.6576547111055087,2.0309677181298182,0.9560889878876586,3.5304991483388986e-07,0.45245539463717177,0.5004766829112279,0.32501644065164537,3.76233777177047,5.839176090712085,7.75448164219446,2.1614693158185037,2.6295745666905908,6.793226699741651,5.933889564601916,2.0516515827203095,2.8714209686377083,66.399336,0.0,2.1614693158185037,2.6295745666905908,11800.0
LOG00008,Idle 35,66.5,67.0,24.346047430830044,1.7217264837095458,21.742226338413676,23.70911067193676,22.0,1.4186093063165401,3.220494071146245,11103.317334839074,8857.142857142857,0.0,0.0,1.5690378646231165,1.577321828421594,0.5253929842610873,1.9747762738172379,1.5197785752322297,0.526567183732125,1.4499807307868997,1.4482894870659297,0.012947194568605993,0.22056126845899016,0.4364690217625468,0.24593703088044425,4.9439485215503485,9.639673868064225,4.3463272909229005,0.5912311446224978,2.226417759063226,3.6252299913410426,3.5747246224684517,1.5731852991679507,2.508178580776476,66.908416,0.0,0.5912311446224978,2.226417759063226,9114.285714285714
LOG00008,Idle 35,67.0,67.5,21.485207100591715,2.2417497450951123,25.668393815582444,23.690986193293885,63.0,0.8726591405590136,2.4922682445759365,10038.102282333051,7042.857142857143,0.0,0.0,2.006062281278801,0.7434860929403945,0.9359639876475602,2.799557214603205,0.5946828843540893,1.5526445915956955,1.9568320592010802,0.32487397837760595,1.5212359755422418,0.23906570950645858,0.3600405732373991,0.19936710328862128,1.7457199451548087,6.765155317269098,2.7280146067225735,0.5493158086318543,1.6798437164046947,6.474193955754325,2.1951174077768707,1.512788393458464,3.2706946856793215,67.220179,0.0,0.5493158086318543,1.6798437164046947,7357.142857142857
LOG00008,Idle 35,67.5,68.0,17.92800788954635,1.7728960294666753,26.689606513726428,23.748915187376728,30.0,0.8330641947690473,2.3823865877712036,8496.604677373907,6242.857142857143,0.0,0.0,1.2619564432590549,1.2100955802593463,0.7037033884149075,1.5166123898172688,0.9467279990583413,1.061845886065258,1.1523916457714487,0.9114672417112116,1.1058460337774914,0.2511058498285202,0.33028296998781714,0.27869670881628866,1.4713307750141615,5.042438267238735,4.401839009471095,0.6453730533508156,1.2253370632943168,3.508232077228117,2.6483592479334064,1.23629797744036,2.232349426670557,67.542795,0.0,0.6453730533508156,1.2253370632943168,6400.0
LOG00008,Idle 35,68.0,68.5,29.5069033530572,3.984106946638983,27.89727223552027,23.75285996055227,27.0,1.859163544756384,5.200710059171597,12677.592279515356,8571.42857142857,0.0,0.0,1.475933554494323,1.5560522325148802,0.7067721968102515,1.7043419371091673,1.3814025213724026,0.8155171406192356,1.3738740671303358,1.0006621952340278,0.7167713625040357,0.40295814348595543,0.43217678810960414,0.29949317188715285,6.591111740537875,9.812548629759815,5.776220695560131,1.9320980708371602,2.4207690264029087,3.9351247884395884,4.337352104010203,1.5165220749459585,1.9976261457005344,68.431719,0.0,1.9320980708371602,2.4207690264029087,8960.0
LOG00008,Idle 35,68.5,69.0,31.394466403162053,3.4048513708482053,28.752773691786455,23.560237154150197,22.0,1.8344012386908426,5.2450790513833985,13646.661490683231,9971.42857142857,0.0,0.0,1.5912498743470402,1.552436923728455,0.6813238525428188,1.6354620140945917,1.6364063565963538,0.8152639999495497,1.006659479200133,1.3367705306306377,0.8461539574641663,0.3212359720427777,0.43266776046797417,0.2580847495485967,6.885770941906961,6.57924315772448,6.570287907772308,1.3050716702138785,2.3289158984407075,3.5232149350076374,4.4413169716524115,1.5719631937111223,2.082223362453137,68.641864,0.0,1.3050716702138785,2.3289158984407075,10307.142857142857
LOG00008,Idle 35,69.0,69.5,24.991913214990134,0.5672467923530564,26.590136995464636,23.74136094674556,22.0,1.1460593376376078,3.6944773175542402,11244.484361792052,9585.714285714286,0.0,0.0,1.3619903192608263,1.5926408560107677,0.6343033302147322,1.2525408946763807,1.384639661951645,0.7509933162958613,0.9771874541083737,1.2640899364550102,0.7935928671232968,0.22094331345266918,0.300123504996656,0.25465565260654505,5.00363824058703,9.054251095564872,4.090259993645252,0.7110155041302865,1.4030653177430457,2.334882551350197,2.9881422460853897,1.481810130548937,2.1982997123064973,69.363068,0.0,0.7110155041302865,1.4030653177430457,9742.857142857143
LOG00008,Idle 35,69.5,70.0,22.9629191321499,1.987268590070726,24.02869230252241,23.77045364891519,47.0,1.1518837220663278,3.214714003944773,10578.853198083969,7785.714285714285,0.0,0.0,1.0975181573112547,0.9984924375418346,0.5584088009327437,1.0004961382926292,0.9404691116124649,0.8176222229828592,0.7929042883641362,0.7617950772746,0.7626281579642081,0.23993700016753283,0.34996911551096643,0.21193281568005645,3.962128005044091,9.497761127272884,3.244199018858402,0.6339377282517739,1.6160820057261345,1.8647567010847907,2.6131211925327738,1.0491742594669695,2.3335734868495845,69.999424,0.0,0.6339377282517739,1.6160820057261345,8008.571428571428
LOG00008,Idle 35,70.0,70.5,18.565877712031554,0.8545269686061628,21.67989222230872,23.848086785009862,49.0,0.785520857992367,2.5962919132149906,8794.857706396166,7242.857142857143,0.0,0.0,1.4617782585935448,0.7313904301904883,0.7092833816770809,1.0538170297397538,0.5449398297224872,1.1780054254861658,0.8798136094885576,0.43988140504959705,1.1522718177207203,0.2333224067100025,0.31022218738132695,0.26931503017381153,1.5215858208623807,5.7587286417532395,4.586001346145482,0.5696963006369419,1.0931221032333,2.5926614686696485,1.768115590570186,1.1557957515649129,2.3859361784866953,70.01521,0.0,0.5696963006369419,1.0931221032333,7385.714285714285
LOG00008,Idle 35,70.5,71.0,24.448915187376723,0.9878222050466119,19.542413171580975,23.753313609467455,37.0,1.240331066297308,3.6146745562130183,10995.484643561567,8928.57142857143,0.0,0.0,1.2723259521619348,1.6564639104905037,0.9211076637681318,1.4837775149844465,1.8312849876129875,1.5137383032710154,1.2496190035274102,1.5166934657185467,1.5244325153749454,0.23126333192432494,0.306243237441208,0.2670215356598774,3.7448557601826113,8.867677673531906,3.1329994354842565,0.7375154897042645,1.3246945688171572,2.8200465815112863,3.5634568682770675,1.4769370357774672,2.389661533699896,70.83014,0.0,0.7375154897042645,1.3246945688171572,9204.285714285714
LOG00008,Idle 35,71.0,71.5,29.693675889328063,4.9533195965319115,16.53042160937069,23.579308300395258,34.0,2.081907744618248,5.161541501976284,12729.898362507058,10400.0,0.0,0.0,2.184275836836338,2.1085857455778236,0.686870838339708,3.2311891157314263,2.358545407290937,1.1088492766182667,2.1677000958730557,1.4488925738877236,1.0113356099118183,0.46261809722602837,0.4379146593105017,0.28232054528756423,7.4914602305395075,9.440864425639056,6.120892285660081,2.2748606154430373,2.4227038834633023,6.013489447564399,5.257593792802805,2.146764399956486,3.429793335894615,71.385595,0.0,2.2748606154430373,2.4227038834633023,10585.714285714286
LOG00008,Idle 35,71.5,72.0,27.722090729783037,6.093598118940944,11.98866731071864,23.752130177514793,44.0,2.0832516527058336,4.1426232741617355,12413.306565229641,8628.57142857143,0.0,0.0,1.3504305198071922,1.1704553883687059,0.486666862941579,1.3201941578227205,1.2611698077504307,0.485812511903396,1.0107572686767525,1.0351326325252277,0.007333747126815094,0.28513614288318667,0.39059888685259603,0.24122650259495815,4.898648991910483,8.309623243335261,5.429380821355797,0.9945405886888404,1.9869478368812326,3.0556960101601853,4.874965230240645,1.2636511395531722,2.0450066423109226,71.50596,0.0,0.9945405886888404,1.9869478368812326,8765.714285714286
LOG00008,Idle 35,72.0,72.5,22.691715976331363,0.691631018449607,11.275534478429062,23.726942800788958,40.0,0.8865225822812712,2.961558185404339,10379.409692871232,8728.57142857143,0.0,0.0,1.226151851758962,1.470962566738222,0.4904691454004806,1.4162597197203832,1.4670052618722003,0.7433177624447679,1.064166582453608,1.2028791452726593,0.4804437044778516,0.24165385482542254,0.29264985344151373,0.18865103581089163,1.1766370315051216,6.59616786942992,2.4803345873497156,0.504807965564538,1.0315810665662426,3.2581259360842107,3.1960898200875176,1.3541010369091795,2.0390295907949727,72.373182,0.0,0.504807965564538,1.0315810665662426,9104.285714285714
LOG00008,Idle 35,72.5,73.0,22.024852071005917,0.24881123246160688,14.198268678460934,23.734260355029587,38.0,0.871184203237093,2.9179881656804736,10154.860524091293,8628.57142857143,0.0,0.0,1.1085409190079312,0.7956909049374844,0.7670282287986526,1.144895275532579,0.6134330697364321,0.9454581140918816,0.9377463408708003,0.40792913654405266,0.9620669934630323,0.23948401914965778,0.2737041518275546,0.23031867459260855,1.7643120722999408,6.339131803601614,2.7825861685768567,0.5464322876532036,1.062120401313961,2.178431116693276,1.6952189411349328,0.9648800405530162,1.6850047696797659,72.990795,0.0,0.5464322876532036,1.062120401313961,8785.714285714286
LOG00008,Idle 35,73.0,73.5,24.02899408284024,2.2113227484461335,16.91212079210375,23.767672583826428,31.0,1.3387297957006135,3.4970611439842214,10784.967596506058,8514.285714285714,0.0,0.0,1.658342344140156,0.5626155869979743,0.7142879921402198,1.943366796349222,0.4805788220866385,0.9102638314399512,1.7569488899349972,0.37697396840614383,0.827889144327841,0.28313197514648225,0.3117788757451057,0.2530740676166203,7.047299658019539,9.297800220028975,5.12825581249492,0.9235244892538301,1.6069892886834074,3.123367423649733,2.1951174077768707,1.2382721084441302,2.227580347445397,73.180223,0.0,0.9235244892538301,1.6069892886834074,8671.42857142857
LOG00008,Idle 35,73.5,74.0,27.002766798418975,0.9333057047411624,20.89320141836538,23.76136363636364,31.0,1.3366316391849473,4.2403162055335955,11968.80999435347,10257.142857142857,0.0,0.0,1.1750368346080429,0.7805852039675798,0.6330659665255738,1.302681373374556,0.791696013438919,0.6769002571165924,1.1172913651307461,0.7140135312408191,0.35713738920043064,0.26233027729765457,0.33790282095588053,0.2551076203876719,9.074917245156815,7.459665437092105,6.805053980565324,0.838252480363489,1.5574701255840973,3.063878551551306,2.6513476325775733,0.9975030885513085,1.5183131678000437,73.986278,0.0,0.838252480363489,1.5574701255840973,10400.0
LOG00008,Idle 35,74.0,74.5,28.454240631163707,0.9309476229162451,24.81535637949366,23.741321499013804,29.0,1.4110681010789552,4.620571992110453,12462.080867850098,10685.714285714286,0.0,0.0,1.1511186317506727,1.5106592314652625,0.5055199790748655,1.1264337787392793,1.588838732323779,0.510921281185333,0.8955212522078124,1.2689545017809292,0.04204000426476149,0.348123855676969,0.37051630804614905,0.26308128932559777,11.317140077967197,8.010335874602623,7.490351946267622,1.3735325007027022,1.6696294529585893,3.087801283322163,3.7371739895284364,1.3429753195749277,2.0072328466831997,74.278313,0.0,1.3735325007027022,1.6696294529585893,11042.857142857143
LOG00008,Idle 35,74.5,75.0,26.996252465483234,2.5950046382147094,27.190036046962682,23.7098224852071,56.0,1.516671753270489,4.007948717948718,12049.485770639616,9171.42857142857,0.0,0.0,1.885049745288786,1.1401962590844794,0.7995348316177785,2.2588314775506664,1.1907113397116569,1.0869392015521642,1.8347049123375005,0.6222311250269745,0.965788442008893,0.2980162014734152,0.36804882733574446,0.274419095050732,7.843891068472491,9.08713353555921,5.55335860981327,1.0573362072405361,1.9247476988465473,4.105848044640775,4.261427379835244,1.557796528986305,2.6196157762469148,74.966963,0.0,1.0573362072405361,1.9247476988465473,9485.714285714286
LOG00008,Idle 35,75.0,75.5,21.23786982248521,1.8182251242305512,27.617227681869956,23.86613412228797,79.0,1.0204644736984667,2.699664694280079,9892.814877430263,6100.0,0.0,0.0,1.8678410621457633,0.47442320750365585,0.5833414244609184,2.205510254071745,0.41589523348652024,0.7678880252473926,1.780082628132721,0.295492900735294,0.6736073371956571,0.2703745724646216,0.38313804493514975,0.27520723928075724,3.8731252948767456,12.019183998021111,5.955517057190922,0.8605987052548881,1.7424532159499106,3.5205791167866463,2.256264564061022,1.3627009233973302,2.452563192547356,75.010374,0.0,0.8605987052548881,1.7424532159499106,6228.571428571428
LOG00008,Idle 35,75.5,76.0,24.89013806706114,3.7906535869221774,26.20421601378789,23.629704142011835,116.0,1.5300958916278071,4.15560157790927,11011.031276415892,5971.428571428572,0.0,0.0,1.5288620001141953,1.3407583303818105,0.824779293252439,1.786364027027235,1.1538892479029494,0.9720184486603778,1.289946070459141,0.9649269308163158,0.8775477001010853,0.35641656058905574,0.4716768531800999,0.35330476402008054,4.746542638292594,8.831078741626467,6.282689030521032,1.385256807173647,2.5753125617304944,3.36620869031401,3.9523792549738856,1.4378894108869082,2.0460812452869575,75.964416,0.0,1.385256807173647,2.5753125617304944,6085.714285714285
LOG00008,Idle 35,76.0,76.5,24.301185770750983,0.4046158782938318,23.911998702315095,23.836422924901186,88.0,1.286490353740491,3.472569169960474,10992.7159796725,8057.142857142857,0.0,0.0,1.377520354379829,1.131255002310359,0.6816671948622992,1.6050377716063824,1.0896727446246945,0.7323819670058255,1.3740535742842013,0.7643339279873126,0.619319629028815,0.28798102522825064,0.40308032463712673,0.25426358511159736,5.751127371276645,7.840981077259702,7.828858068338192,0.9909378099752625,1.9844932592938316,3.282785378591971,3.1400133430395485,1.2604166388506104,1.8820639351883928,76.00092,0.0,0.9909378099752625,1.9844932592938316,8185.714285714285
LOG00008,Idle 35,76.5,77.0,26.176923076923075,1.822714450604322,21.82484454411859,23.631696252465485,71.0,1.4682989848373906,4.045996055226824,11597.872640180332,8742.857142857143,0.0,0.0,1.672414766365349,1.8989735382088218,0.6359174142818931,1.6061445103504242,1.9529337020924078,0.8496802951680639,0.9392188884293297,0.6083924864122748,0.7535107719105576,0.32803588761096114,0.49337108006837144,0.2959049198309646,6.694083550745308,8.888178505784422,4.941747852240061,1.4162698395638038,2.8237978418628606,3.866357193627866,5.4145687031038,1.789283606583121,2.9370928724826064,76.921413,0.0,1.4162698395638038,2.8237978418628606,9000.0
LOG00008,Idle 35,77.0,77.5,32.851479289940826,1.6297084058904125,19.51591498372884,23.661479289940832,58.0,1.9155993461446867,5.813629191321499,13988.574246266551,10714.285714285714,0.0,0.0,1.5571442250365515,1.1398533336720675,0.739230248577161,1.7834166705760848,1.1811099861622056,0.7244444438002955,1.2398897559778321,0.573211938267049,0.5044979206854215,0.394060213412615,0.6326841998028361,0.29550550523905517,6.592179356397843,8.966371677715777,6.94442843431669,1.791706043992202,3.8705751367633505,4.61175070617839,5.638169440085007,1.3645445686836337,1.9091390079298864,77.468973,0.0,1.791706043992202,3.8705751367633505,11185.714285714286
LOG00008,Idle 35,77.5,78.0,30.388560157790927,0.8459599415530277,21.105183532096667,23.69556213017751,36.0,1.6257153917031593,5.132879684418146,13194.582981121443,10628.57142857143,0.0,0.0,1.2172664411597212,0.9578486254377466,0.829194920014145,1.4075504227756446,0.9796316850491148,1.0486644764590882,0.8307446572373722,0.2864656505496482,0.904563087769744,0.2843314798946465,0.4024359152684185,0.24681204982336494,3.7722049959541364,10.677403786802032,4.91711196435433,1.046087240399016,2.2050172241950103,3.919304370109845,3.449265994010305,1.0952651683557353,1.8853056400730996,77.503504,0.0,1.046087240399016,2.2050172241950103,10800.0
LOG00008,Idle 35,78.0,78.5,36.3818540433925,11.214724494061835,23.245636796018424,23.447278106508875,36.0,4.42748995839579,7.986824457593688,14571.696252465483,10300.0,0.0,0.0,1.9090635730228827,1.8247116486536532,1.0318349458891767,1.8670496625299162,1.9211820189636826,1.075420386390354,0.46364997666669844,1.2293034471446556,0.6060023143323973,0.46238055541533585,0.5425959330530257,0.37359986932865,3.7226460671671755,11.189956937627665,4.478106024481381,2.197699978299971,2.911007337443808,4.335077785724729,5.3855310576744,1.867363961119421,3.59356293142673,78.499966,0.0,2.197699978299971,2.911007337443808,10557.142857142857
LOG00008,Idle 35,79.5,80.0,10.621301775147929,1.611136012919774,23.24362091335445,23.64828402366864,142.0,0.6976261008520007,1.6184812623274163,5726.761059453367,3457.1428571428573,0.0,1.183431952662722,2.8661553844568526,6.326909896446367,1.343772283256763,3.1766555380381147,6.00754420890468,1.8217804961488215,2.2074609260084226,4.362190239183427,1.730858207287457,0.2987100420442079,0.3872665868124185,0.32999105114768257,1.0949932964815785,3.1460857498460633,2.5199445310915487,0.9290549609861914,1.5595061446201128,8.375200548100763,14.40420988209406,4.911447623949686,9.86506541225351,79.610872,0.32741617357001973,0.9290549609861914,1.5595061446201128,3542.8571428571427
LOG00008,Idle 35,80.0,80.5,14.767455621301774,3.7042416695796,15.185287796095793,23.705226824457597,64.0,1.2109509867255515,2.0213214990138066,6986.045364891518,4700.0,0.0,0.0,1.2329467674114014,1.2422540187376434,0.9460885771909934,1.292605499718458,1.2870003375718713,1.4407802031169614,0.37670467066763247,0.4495403726386573,1.3983124539859921,0.2883662998194442,0.3807069352057157,0.37742869643402305,1.367498100067634,4.029599989140836,4.766495191655453,0.8611812019869602,1.6412147133207777,3.5420828737922867,3.373817273953587,1.2376091423264557,2.023733374378339,80.000577,0.0,0.8611812019869602,1.6412147133207777,4932.857142857143
LOG00008,Idle 35,81.0,81.5,52.33806706114398,6.574425272534615,38.54109109550256,23.27374753451676,142.0,4.854651409170944,14.539723865877711,19650.986193293884,14628.57142857143,0.0,0.0,2.4471891205826233,2.2967826599539944,1.28008316935049,4.052149973566054,3.1405259939565826,1.4553473848331402,2.6669851719646624,2.1954010144550775,1.6228505115517762,0.4280762816926523,0.7179987827592877,0.3867527877501115,2.8679787294650017,4.729629121119531,6.884025680862518,1.9152501062506693,3.7408369264342864,7.7859682618893284,8.27808113145401,2.3731777408111783,3.2817857356944002,81.31966,0.0,1.9152501062506693,3.7408369264342864,15042.857142857143
LOG00008,Idle 35,82.0,82.5,32.267258382643,3.7045620601494536,38.04178622764838,23.47950690335306,132.0,2.1158977676422372,5.640848126232742,13510.228233305157,10471.42857142857,0.0,0.0,4.943222618198915,3.810002574991395,1.1188378745288858,4.841736245792497,3.4654373900816084,1.3534536916638797,1.5854727909635855,0.8840815067410908,1.0553118456416752,0.6991196301193222,0.6769473630220719,0.44673847067734057,7.4754250973605965,6.774137907546787,6.081221106511121,3.8210038990402424,4.023943894685768,13.486643257352247,11.338089267798871,4.413137742837537,6.986575112143579,82.430561,0.0,3.8210038990402424,4.023943894685768,11214.285714285714
LOG00008,Idle 35,82.5,83.0,46.775936883629186,2.738895971727535,19.79159345670481,23.251676528599607,98.0,3.407611154994893,11.304852071005916,18057.671174978866,15200.0,0.0,0.0,2.945792406128027,2.93681355373831,1.3173645617305858,3.580939988190187,3.5916552255018255,1.542722617715148,2.0365588221678523,2.179593486113199,0.7619648160468367,0.3810673239056481,0.5758848843757101,0.35555408421514945,3.2492428542429064,3.2378455251001257,8.340180130167893,1.6344956781319357,3.2975705845183327,7.503845168158276,8.985633942967072,2.941306406124886,5.288776292270122,82.500609,0.0,1.6344956781319357,3.2975705845183327,15585.714285714286
LOG00008,Idle 35,85.5,86.0,22.20375494071146,7.290513472378614,16.654381688184024,23.458241106719367,43.0,1.773511036427963,3.806501976284585,9556.655844155845,4185.714285714285,0.0,0.0,3.531695646833468,3.0565873335498286,1.1819770172213722,3.702274948644297,3.038267623985838,1.2168616987911336,2.3810785214896755,1.2978534277789033,0.5563621088445712,0.6681810419150735,0.6121267250277809,0.46444324389901454,4.736443747218377,4.29319255336543,4.3840643272724735,3.4195630409714513,3.5410047193002065,8.533357007542918,9.091758853565322,3.302695888927689,11.27984635870432,85.999053,0.03162055335968379,3.4195630409714513,3.5410047193002065,4457.142857142857
LOG00008,Idle 35,86.0,86.5,35.716370808678505,1.97978647379719,10.259452533111274,23.554142011834323,19.0,2.1451637988916645,7.161104536489151,14750.295857988165,10842.857142857143,0.0,0.0,6.469900035697789,7.342893059625846,2.1965115161877375,6.274584747906776,7.138219943547159,2.0111921954891687,0.6543533193283187,1.0534710015403457,0.45700191516450683,0.6337704105591817,0.6504055096925929,0.49384473714667687,5.0956462291949025,6.271728168013382,6.322093065021977,3.4755670715763713,3.998488213664614,15.953396131427086,18.90216689205209,6.920176477410948,12.131188869036835,86.030626,0.42998027613412226,3.4755670715763713,3.998488213664614,11400.0
LOG00008,Idle 35,86.5,87.0,36.7792899408284,3.156731808189243,11.867969796747166,23.3638067061144,25.0,2.4244747851557875,7.182031558185404,15090.750915750916,11714.285714285714,0.0,0.0,1.401320336712083,1.4821752586470165,0.8370211642639881,1.4525009629794456,1.7813012741095346,0.6680668466869917,0.34560562076260054,1.0498293593536,0.35340924167123977,0.3496576089966398,0.37416361281250293,0.29780898136631095,4.193448119900291,4.411878836650627,6.918534291455513,1.49819927914251,1.8943282633484877,3.6848214706030142,5.805866583466233,1.442314491265379,2.1087221795465783,86.518987,0.0,1.49819927914251,1.8943282633484877,11980.0
LOG00008,Idle 35,87.0,87.5,26.464102564102564,2.3529857094443734,17.112698442451226,23.468224852071003,9.0,1.4944263060476262,3.7875936883629193,11748.562975486053,9142.857142857143,0.0,0.0,0.6017497623974511,0.48281387415835264,0.6165012502690064,0.6093178768355191,0.495374315398421,1.1037636748557351,0.043462361762003444,0.06997235261032701,1.045734676255869,0.2810633127702127,0.5179876417375407,0.2353582016817317,5.888259484112515,10.953565370667858,4.532063711370209,0.957315650168123,2.824451090311696,1.6384194047790717,3.2735265893774175,0.5455327733625114,1.1406499280436602,87.000446,0.0,0.957315650168123,2.824451090311696,9242.857142857143
LOG00008,Idle 35,87.5,88.0,24.70098619329389,1.6483028788666199,19.584322554750347,23.486291913214988,38.0,1.1937903392427054,3.745700197238658,10981.656804733728,8885.714285714286,0.0,0.0,1.1634906102354572,1.595639187626384,0.48888866167319484,1.971916772667563,2.253482462018067,0.6480231184199451,1.5362230511647892,1.9881151538055903,0.618473974772832,0.21999490058387589,0.3777178218344798,0.2199667296059223,5.694097921415213,9.889991469838355,4.017922654130929,0.7388514880500792,2.0190149196147655,4.69671923768423,5.994244445251462,1.396383689605952,2.3150090256345255,87.911078,0.0,0.7388514880500792,2.0190149196147655,9085.714285714286
LOG00008,Idle 35,88.0,88.5,23.69802371541502,1.274807606747068,20.71760197449046,23.550731225296442,78.0,1.1597986151736814,3.163122529644269,10718.450028232637,8342.857142857143,0.0,0.0,1.536391969350762,0.801580843116379,1.0369147845807434,1.9935411605303968,0.7585448864945599,1.4771934952960442,1.7501913131118683,0.7799006175637355,1.6298327248459639,0.27310949148236624,0.35250049060048366,0.2464485644061846,6.755314285892719,7.4716703076578375,4.775985623725795,0.855584411211129,1.8480395360598219,4.278358075954718,2.4247570270681154,1.2253636463386444,2.1543834835421647,88.499093,0.0,0.855584411211129,1.8480395360598219,8442.857142857143
LOG00008,Idle 35,88.5,89.0,22.68481262327416,0.2438718630757177,18.430171023064545,23.504063116370812,66.0,0.9718937470323749,3.0447534516765287,10315.581854043392,8342.857142857143,0.0,0.0,1.978317661685666,1.268971207533443,0.6843259246194277,1.4665946666440592,1.3074843036051444,1.0208675497658732,1.1922800851826765,1.1303802122644344,0.9238939354556667,0.235474251692965,0.30281250655054825,0.23765837933315004,0.9983294318843903,6.239327988204952,2.2296048975703364,0.5367394454297878,1.1589034435918246,3.6941768773014854,3.147272699304428,1.6619309095275776,3.269667849682443,88.619459,0.0,0.5367394454297878,1.1589034435918246,8514.285714285714
LOG00008,Idle 35,89.0,89.5,23.361932938856018,1.90017922217107,15.487619261736553,23.477928994082838,54.0,1.313021783199166,3.5053254437869827,10469.139194139194,9114.285714285714,0.0,0.0,1.6006436853412476,1.3444213876706286,0.6949968497243333,1.9608035371455936,1.1713620395867501,1.1972710450046358,1.2294032026803539,1.071378270486366,1.1866520203014788,0.26150870212152516,0.3514833589119659,0.248156958272652,2.537426135222296,9.035730347196624,2.6994649962236767,0.756601338977135,1.6723514941333883,4.697559062319943,3.2310744666554774,1.47809490139318,2.4912225146106017,89.484714,0.0,0.756601338977135,1.6723514941333883,9214.285714285714
LOG00008,Idle 35,89.5,90.0,34.78678500986194,2.6283995398637487,14.162630485000557,23.39096646942801,48.0,2.1294964733358803,6.626863905325443,14369.590025359257,10800.0,0.0,0.0,1.6016076745068935,1.6462962418660896,0.6760043797447474,2.1881907982761812,1.7768352447045157,0.6482883947269135,1.3368282257328041,1.3485249105321278,0.35249449590446613,0.4480642789897795,0.48755543527929546,0.30447134152226424,5.9131107423164435,6.624196722195322,6.653878147134593,2.163845374880767,2.7163638292788854,5.373615137407071,5.4116537264709415,1.6241056706725996,2.4523033540072556,89.5005,0.0,2.163845374880767,2.7163638292788854,11457.142857142857
LOG00008,Idle 35,90.0,90.5,26.391518737672584,5.574578380776089,16.190947122204072,23.46652859960552,56.0,2.136820565819326,3.7420315581854044,11842.216117216116,8571.42857142857,0.0,0.0,1.6175337019511487,2.017850536662234,0.5050539607724993,1.9820631415349248,2.6512926711141778,0.4845850569572418,1.6909759701705966,2.2426516776117094,0.22734990623134732,0.30630935531933084,0.41493002839397336,0.2430247290088616,3.371290743421274,7.465485978483971,4.647931646031355,1.1424675725084228,2.0514644220835057,4.114965231446771,7.575263387144726,1.8286793137748147,2.4944152828592903,90.304586,0.0,1.1424675725084228,2.0514644220835057,8747.142857142857
LOG00008,Idle 35,90.5,91.0,20.788932806324112,1.2387661396908998,19.189527581044725,23.556837944664032,75.0,0.8799855027305105,2.596600790513834,9554.01609260305,7600.0,0.0,0.0,1.4355940912117877,1.5965772104932434,0.43949607953012587,1.3517330760863824,2.117454744204197,0.4625215680843843,1.1289417805242155,1.865048605563072,0.28209663819405906,0.2290623566895668,0.35819309217786954,0.24659796823185773,1.1577788241966924,7.627251551682749,2.9645995966279415,0.5712140580681646,1.6541795378730058,3.507191933287512,4.797685542140587,1.5182208640030908,2.414042979437423,90.535453,0.0,0.5712140580681646,1.6541795378730058,7785.714285714285
LOG00008,Idle 35,91.0,91.5,28.9930966469428,1.8210070681188084,24.63927481905597,23.43552268244576,84.0,1.5085027824328148,4.690690335305719,12496.463792617638,9214.285714285714,0.0,0.0,1.7290029275203522,1.4341910332169316,0.6706174392869921,2.1460303824665288,1.8996012963785853,1.1341473343308162,1.8105322686998657,1.4047745621661947,1.0692628921296758,0.3445895754432841,0.5373196991450556,0.28130122929430745,5.8681402352722545,8.865581665424898,5.355790313227454,1.3297720164916256,3.0512116793675514,4.5875227401636645,5.405636622806825,1.5884512965674773,2.1490064934507864,91.409637,0.0,1.3297720164916256,3.0512116793675514,9447.142857142857
LOG00008,Idle 35,91.5,92.0,33.65838264299803,3.8012434054594335,34.34979005621032,23.431913214990136,112.0,2.416798100240744,6.484358974358973,13947.203437588052,10257.142857142857,0.0,0.0,1.4858987228486227,1.967793028047763,0.9913538194228242,1.6478395020698513,1.989300309665659,1.176766195511203,1.2791370346519366,1.545504746169138,1.1725371750662272,0.38581152665798224,0.6620712254928712,0.3238169304179123,4.207579444912196,7.056520818018138,7.2928529543136085,1.7717197877692883,4.064797614773266,4.432487202552192,7.080266768617754,1.7435745489936116,2.651975814941154,91.938456,0.0,1.7717197877692883,4.064797614773266,10400.0
LOG00008,Idle 35,92.0,92.5,34.22899408284023,4.78065294472149,36.13203309645354,23.364773175542403,119.0,2.5354546369866373,6.259368836291913,14364.095519864752,7142.857142857143,0.0,0.0,2.7245125567594575,2.362291396068658,1.1702793758174355,3.8111741632375775,2.368034998263066,1.640532874716206,2.737559366722845,1.314367439424457,1.3013156424578765,0.6978369614855775,0.7443420830350639,0.5251477698674876,5.183890336057474,8.851884829746952,8.90115783929349,3.766003402515134,4.168060029059832,8.325005700965288,8.32382100091219,2.5498420845103307,3.5338366332935407,92.499789,0.0,3.766003402515134,4.168060029059832,7471.428571428572
LOG00008,Idle 35,92.5,93.0,29.595857988165676,1.347348409008116,21.949991808959652,23.38994082840237,109.0,1.7235620586797098,4.934714003944772,12757.727528881376,7357.142857142857,0.0,0.0,2.323938549319473,2.6875515246143933,0.977187579878622,2.415472437950749,2.9085250224671544,1.0028668725746004,1.2536447218480264,1.827444679903935,0.755838043606849,0.36683870006289665,0.5966232949857455,0.4176726798728749,5.469773962135254,8.435163746527897,9.005040555650213,1.5991217385910672,3.31995526587714,6.912812904203376,8.387437774793653,2.5123319424859294,3.9472151249349516,92.587595,0.0,1.5991217385910672,3.31995526587714,7608.571428571428
LOG00008,Idle 35,95.5,96.0,33.26903353057199,6.055327389639629,49.76466541812762,23.13846153846154,138.0,3.345636530812997,6.1091518737672565,13884.495632572554,9500.0,0.0,0.0,8.535843685908072,6.857377343994239,1.7975688266185075,9.467096122998129,6.60343063567047,1.8838599285547235,2.9978566753682916,2.169288313965442,1.3178208085580125,0.9979952574136197,0.853320788402634,0.5547643539132803,5.619643039494142,5.628972711833666,5.711260497939625,5.610925338641066,5.443358573969419,26.08081810408377,17.349749470989902,7.742230023326037,11.37973078480791,95.759509,0.45956607495069035,5.610925338641066,5.443358573969419,9922.857142857143
LOG00008,Idle 35,96.0,96.5,28.893491124260354,2.9932364654149297,15.663961737814272,23.14465483234714,40.0,1.9673519923222524,4.6499999999999995,12182.0090166244,9200.0,0.0,0.0,6.8025506114723555,5.765523135293189,1.210160769845258,6.501262333154072,5.335575017517943,1.1791543751974876,1.3033497517621795,1.6764801526715114,0.20446752417177955,0.6253829437084447,0.7852165040673947,0.44062773139786177,7.12615686259174,8.105920501041652,5.276199695842099,3.308843316190485,4.996451446195844,15.879663349290029,14.054206134078566,6.305392606541006,9.070609329803387,96.255761,0.22287968441814596,3.308843316190485,4.996451446195844,9598.57142857143
LOG00008,Idle 35,96.5,97.0,63.99013806706114,9.476953326868065,25.5746321013579,22.24775147928994,34.0,5.780044883698955,19.30852071005917,22431.00873485489,13071.42857142857,0.0,0.0,2.9220283696365135,2.788243409288993,1.304954911536531,3.552155095741085,3.0627491989571554,1.3871374308671744,1.9682988861373902,1.1924847734487818,1.1505826355619528,0.5944460512214276,0.8397415845381185,0.3990487273972286,3.2692559873274107,6.254602153498531,9.15244802999473,2.6304216401030844,4.184270228866693,8.140046377606566,9.239632496939528,2.855919388078393,5.192198478030354,96.500435,0.0,2.6304216401030844,4.184270228866693,15200.0
LOG00008,Idle 35,97.0,97.5,50.62445759368836,11.632088238007883,76.6539158279872,22.694358974358977,30.0,3.4373925278942705,12.06516765285996,19997.203437588054,13642.857142857143,0.0,0.0,3.5073524372264933,1.6828497962814477,0.9840130759895087,4.363454164240312,1.6915105238026285,0.9303666513773343,2.2702329641521946,0.49149890011671854,0.26675779620428147,0.3395154515428888,0.4506025436134529,0.2868277571978134,2.671277905429308,5.720389372365714,8.531478821862985,1.267983509797365,2.09055298327611,7.224219619614705,4.605116783721774,2.7507730327821602,4.842569339819165,97.255177,0.0,1.267983509797365,2.09055298327611,14255.714285714286
LOG00008,Idle 35,97.5,98.0,44.945454545454545,18.142202592628202,81.69659406261081,22.677252964426877,69.0,4.294431484063581,8.909347826086957,17501.16459627329,13271.42857142857,0.0,0.0,2.0384282220397063,2.953105729156073,0.6368548027741651,2.4843076859634916,3.6710929374809314,0.632716336697629,1.6769369359466473,1.9227842592795599,0.1688965611056032,0.3363074900183405,0.5581604342817077,0.31652498786935324,3.0353678706877725,4.91288512142303,7.131374983656309,1.2991596824619023,2.766361028799222,4.590331822979608,10.22320077040918,2.537323694760128,4.030598389033572,97.912249,0.0,1.2991596824619023,2.766361028799222,13471.42857142857
LOG00008,Idle 35,102.0,102.5,54.56331360946745,7.07110932227792,51.34373543292994,22.676785009861927,155.0,5.634700337102811,15.374556213017751,19721.597633136094,12757.142857142857,0.0,0.0,5.250648322598582,5.501451676525705,1.5163940205519169,5.938913183570948,5.769974020347367,1.5557858827474325,2.4477631918914744,2.307551185059713,0.27370094885474094,1.3227751693311403,1.3748655503419884,0.8140365758451809,3.8342387311336608,5.0350680045721505,6.378242796374155,6.507415947673951,7.808247599710065,15.113769731703556,16.15073230061578,5.377512359667562,7.559288166585893,102.073624,0.0,6.507415947673951,7.808247599710065,13028.57142857143
LOG00008,Idle 35,103.0,103.5,35.45632411067194,19.245180330006733,75.57065487326534,22.639288537549408,125.0,7.144956814880348,6.202509881422925,14853.832580463015,6571.428571428572,0.0,0.0,5.034097837043213,5.487934639115268,1.2398665663233774,5.4593122375600664,6.936387305487511,1.491201684557159,3.03441497932313,4.878830150776632,1.287288287904244,0.4069472634079098,0.8054954010339209,0.36300297260947273,3.433891086352068,7.913444224742606,4.616905422647577,1.6121828860592424,4.0482442166287775,10.320745446006544,18.20632735428058,5.265907691752882,18.441877425639984,103.000976,0.2015810276679842,1.6121828860592424,4.0482442166287775,6914.285714285715
LOG00008,Idle 35,104.5,105.0,21.09250493096647,11.797347971858244,34.96908016667502,23.01027613412229,94.0,2.109904413544036,4.334378698224851,9056.255283178361,3428.5714285714284,0.0,0.0,6.334042174275184,3.270319134132035,1.1221955515910895,6.008707163905277,3.6205435516457536,1.4762652651992803,1.8200024035400684,1.0465443443268725,0.9545605823354432,0.4925787246648496,0.8047614315734953,0.48033073664082176,3.5413299586698943,5.7907309118755785,4.170526455136687,2.580066716774102,4.769734208411589,14.556832782944628,11.448280061686502,5.040589127501209,10.585697572542118,104.956336,0.28994082840236685,2.580066716774102,4.769734208411589,3500.0
LOG00008,Idle 35,105.0,105.5,27.19802761341223,2.575126824250254,14.57407017346475,22.88483234714004,23.0,1.613694034258974,4.077968441814595,11621.041138348832,7971.428571428572,0.0,0.0,5.0232185667491915,4.7367028277765115,1.7409589030256958,4.9639947594604426,5.1429233716992995,1.9706995797238502,0.98782422104765,1.2139314210469905,0.7820419474785552,0.7402076231919347,0.8022067961057833,0.5840382883928761,7.335534633013928,9.638690611903868,7.079100071108199,3.972977955311232,4.68595477953174,13.06839842809153,13.299018961015275,4.8820630090157495,8.661468016296128,105.000731,0.009861932938856016,3.972977955311232,4.68595477953174,8242.857142857143
LOG00008,Idle 35,106.0,106.5,51.14753451676529,23.15308817304953,22.65660838953927,22.539842209072976,16.0,6.958655380364981,12.922386587771204,18301.58495350803,11371.42857142857,8.086785009861932,0.0,1.661511597033691,1.9301983078465186,0.8812904421379102,1.6134690857127456,1.9851179505873695,0.8157999472482207,0.12022688091770818,0.7841160606640352,0.3546799537608056,0.6121947208839342,0.9017778503447004,0.38861434638777786,5.1547066502477294,9.327381637667918,6.102642834249729,2.3644877116305536,3.7067139325514176,3.7658278726031744,5.456660877220984,1.8008728848382125,3.104937980105739,106.333585,0.0,2.3644877116305536,3.7067139325514176,11428.57142857143
LOG00008,Idle 35,106.5,107.0,30.811242603550298,9.93012330986041,55.13279510137515,22.913925049309665,14.0,2.8168900030704416,4.032958579881657,13595.548041701886,6600.0,0.0,0.0,1.1540260214387756,1.231416066311814,0.5131183769145587,0.8760579783547184,1.0176936483146102,0.48405975713923494,0.8670062208573761,0.5166548261431364,0.15506600328108708,0.44979552076711543,0.5973210893833364,0.42740135731696316,4.2522758303116985,5.774714979624133,5.92947968396443,2.0442543929676034,3.317683785766183,3.028138908066855,5.127179384594867,1.1933485631886167,3.1223044535212034,106.999521,0.0,2.0442543929676034,3.317683785766183,6800.0
LOG00008,Idle 35,107.0,107.5,19.53786982248521,4.91143111731547,55.50534015364307,23.057712031558182,25.0,0.7619830333292632,2.5058382642998027,8904.360383206538,5442.857142857143,0.0,0.0,2.816207940051101,2.04351190236525,0.5409781869757305,2.4808067150217217,1.6987904097339817,0.4735880531243435,2.1382956792657666,1.2995740750334825,0.32095280025935,0.2668742786274634,0.4002046997675255,0.30787149570519123,2.0245027878847224,4.930505212426518,2.886782638683276,0.9329687548580117,2.1579276015909197,3.874510849065547,4.871524958784787,2.460382902793313,4.459774868493513,107.06957,0.0,0.9329687548580117,2.1579276015909197,5771.428571428572
LOG00008,Idle 35,107.5,108.0,37.17001972386588,2.43148492377029,58.57894580032093,22.908382642998028,45.0,1.5788546848701053,7.019408284023669,15117.765567765568,11800.0,0.0,0.0,2.600736225043187,1.9557079714843348,0.9958571202023989,3.1702044974036254,2.186859337527729,1.0804991255144978,2.235037595162723,1.7113739881215895,0.9377770958205157,0.41804209839597495,0.6435578857255777,0.3420390774010123,3.5214429934006084,5.823915390349646,6.692817988030265,1.993879895512049,4.052492380037133,5.204117623256261,6.210952977090487,2.3009370462899743,4.173427791680482,107.604292,0.0,1.993879895512049,4.052492380037133,12171.42857142857
LOG00008,Idle 35,108.0,108.5,39.50256916996048,2.362899446574617,66.50821316049391,22.977114624505933,84.0,1.9855788176355758,8.017450592885377,15738.474025974027,12428.57142857143,0.0,0.0,1.7533950244710463,1.3636838988957674,1.0214539133467064,2.2186473451714543,1.449980172813971,1.5389116281639745,1.5270659711651662,0.8677682394604809,1.6878388409898504,0.38109011442600926,0.44462533933065623,0.3089484288888579,3.559461309834829,4.7045873705095955,7.062426083685482,1.7184204052744758,2.497583082233191,4.798921156757496,5.303813230366308,1.5706730862829765,2.8477138401428395,108.46656,0.0,1.7184204052744758,2.497583082233191,12571.42857142857
LOG00008,Idle 35,108.5,109.0,35.38323471400395,2.4756197777849147,65.79201927519772,22.846272189349108,90.0,2.159539298446978,6.764930966469428,14361.644125105662,8514.285714285714,0.0,0.0,2.8546045068500767,2.047193527496177,1.5383751468255322,3.7154137817193766,2.117926248021494,2.1183920056819705,2.7044658899650704,1.4828538147612496,2.4452116547251475,0.518721777175098,0.5490186718645557,0.44969988168342456,5.815736841272632,5.98177760492573,9.997106774302903,2.8092505767867526,3.111575937076901,7.213427103117637,6.912384906004395,2.4839251427479665,3.5649537274526693,108.606654,0.0,2.8092505767867526,3.111575937076901,8714.285714285714
LOG00008,Idle 35,109.0,109.5,30.838264299802763,0.987773054235746,53.36322034457834,22.976429980276134,89.0,2.0807710021917383,5.448007889546351,12785.967878275571,7714.285714285715,0.0,0.0,3.5399545001178137,2.9744223484107706,1.4586688909832926,4.227730806607625,2.950133657291605,1.6504042495085998,2.1365543708237875,0.8785165569615946,1.6500128821933364,0.469625692299952,0.6640285064633172,0.5583522253909852,3.7537620804345586,9.352586791016067,17.634438350748113,2.2636250681460917,3.78581857618604,9.06822703825599,8.506291904959916,3.269439261527105,4.8754975916023735,109.354472,0.0,2.2636250681460917,3.78581857618604,7814.285714285715
LOG00008,Idle 35,109.5,110.0,34.717751479289944,1.4830536735373017,38.562672079619325,22.99412228796844,84.0,2.1820087173560507,6.503510848126232,14026.429980276134,6471.428571428572,0.0,0.0,3.9314596503429007,2.8617071153646494,1.3300063215766262,4.330486758373407,2.92736264256488,1.4315025549134883,2.024052061157258,1.022999801871307,0.8078063018170829,0.5099529856426097,0.7709594452486564,0.5543101550415159,2.8653197981873384,6.126299264364587,9.740667800639315,2.666556653348738,4.323252856045271,10.999641378410885,9.594747083567817,3.438440242057652,4.732437131217315,109.562636,0.0,2.666556653348738,4.323252856045271,6747.142857142857
LOG00008,Idle 35,110.0,110.5,29.960552268244577,6.233806009781151,28.64058869063034,23.052248520710062,46.0,2.150552769506427,4.935936883629191,12798.175542406312,7471.428571428572,0.0,0.0,2.3554772695526878,1.311647538337456,0.8666291069261934,2.3786657381467338,1.4729730267447652,0.8348702145439707,1.3509764595836369,1.027858032218306,0.7580024241967552,0.35174718073166006,0.5719672500777093,0.3335270784817821,4.150134897118045,7.504650804363975,6.85377054523203,1.536446869231725,3.243869792265327,5.175804733093056,5.77247771877958,1.906396133048703,3.349177496664395,110.000667,0.0,1.536446869231725,3.243869792265327,7694.285714285714
LOG00008,Idle 35,110.5,111.0,27.20335968379447,3.7566710855930845,28.985648965683282,23.073952569169958,56.0,1.5846036366076366,4.3200790513833995,11601.983342744212,7514.285714285715,0.0,0.0,1.0848435297677976,1.5835070921826178,0.5954060531365742,1.4830175556726395,1.4908186140421367,0.6125051868994035,0.9501442997287236,1.1598697772900917,0.42791777407063203,0.31550421843906257,0.5344347546107385,0.27584096984533946,4.604911482326802,9.21538705000377,4.8184352925718485,1.287863071479486,3.101688832036026,4.277896125073282,5.959348453656227,1.3572730372094821,2.196397244013805,110.507759,0.0,1.287863071479486,3.101688832036026,7714.285714285715
LOG00008,Idle 35,111.0,111.5,29.12386587771203,0.6178815096120632,36.81871778411672,23.099072978303745,56.0,1.525560435515512,4.511203155818541,12424.753451676528,11042.857142857143,0.0,0.0,1.262283147516677,1.261960564490802,0.7738698148702918,1.4069585818798942,1.206001247535941,1.251240902758409,1.0638006107310618,0.7565451650121054,1.2151479016206381,0.31443808176634025,0.37045019117126116,0.28799949977703343,8.609990631685195,10.236702310595993,6.754883289591297,1.1835098452722055,1.8585774723947328,3.7919253981126886,4.1502833723742185,1.2621218663097773,1.5909733865369264,111.441046,0.0,1.1835098452722055,1.8585774723947328,11371.42857142857
LOG00008,Idle 35,111.5,112.0,37.70216962524655,4.039344863936126,44.02279526645066,22.957988165680472,44.0,2.5085917180283883,7.893136094674556,14992.561284868976,11900.0,0.0,0.0,0.9276641259839842,1.4446204856723865,0.7000965755885693,1.0426622334109945,1.5918985981376923,0.9192666934717456,0.33988523189378905,0.906068184668858,0.7470880808020258,0.3917041114217411,0.47405579268499154,0.2915809807751366,5.7664357418368155,7.186915923242204,6.469634193814596,1.817990469529664,2.526145085817039,3.1722415372743415,4.697139168771634,1.213978805058381,1.9606075712569782,111.981686,0.0,1.817990469529664,2.526145085817039,12222.857142857143
LOG00008,Idle 35,114.0,114.5,21.26213017751479,17.09193454896349,23.08075520769777,23.21923076923077,64.0,2.2643043088815613,5.340808678500986,9795.104254719638,3442.8571428571427,0.0,0.0,6.87733504967828,6.043205088757563,1.4795105782190716,6.878114977648644,5.941991489548704,1.8516965002955268,0.2928465610116401,0.9846464397634533,1.6290757745902809,0.6790485725002717,0.8345414478551589,0.5082754697531291,2.7846486499894696,4.451228664899345,5.543652545322955,3.780494784178258,5.296721331252812,17.58714565549772,15.664568242529127,6.473718604106864,12.397385556258497,114.421471,0.33925049309664695,3.780494784178258,5.296721331252812,3471.4285714285716
LOG00008,Idle 35,114.5,115.0,39.827021696252466,5.921798030890738,12.074575073463446,22.951676528599606,43.0,3.0926123174502362,8.15792899408284,15731.452521837136,11585.714285714286,0.0,0.0,3.4812212140555117,3.3046971083622396,1.0104514808384892,3.7716114373256597,3.1590468027166843,1.1664051227164185,1.2629985955790337,1.090004416522988,0.6684147530326879,0.46146798832985325,0.5030747539223497,0.43015019507215885,5.422829849150573,5.115173727754969,7.546147837916748,2.2816765341068246,2.7501006934409586,8.321332581797439,8.750542389500987,3.3941069605426306,9.065734616963462,114.500397,0.0650887573964497,2.2816765341068246,2.7501006934409586,11900.0
LOG00008,Idle 35,115.0,115.5,36.35424063116371,6.7269803816067935,25.565995735627887,22.98205128205128,27.0,3.0439423752918335,6.452169625246548,15034.347703578473,9314.285714285714,0.0,0.0,1.7697412511765278,1.333400132582315,0.9169014928033857,1.891682587082219,1.3770871505663764,0.8628292871041743,1.3987031731747595,0.5151326326770401,0.560780090970535,0.37964638145712465,0.4446483434038421,0.27704124833818267,4.103408919631222,5.331991396232964,6.1502461085611255,1.7285153144688883,2.3619478462432597,4.227737841728439,4.517552880008007,1.5668343897308354,2.8130188703870203,115.499798,0.0,1.7285153144688883,2.3619478462432597,9747.142857142857
LOG00008,Idle 35,115.5,116.0,24.791518737672583,5.194875629109626,35.84166816012567,23.03280078895464,130.0,1.5699004586366188,3.8189151873767253,10673.746125669202,7742.857142857143,0.0,0.0,2.225170722762193,1.6288433099688198,0.7386710882244948,2.609585623719094,1.4738863519423022,0.8424446609835898,2.179606276473316,1.153092874728861,0.8342635376250737,0.3283783623138686,0.6318806935613954,0.2894106142848524,3.79040281150515,8.086757632092791,3.87967794028963,1.3401522395464582,3.6239865557033255,6.053508934015145,5.602725456809275,1.9499378546338604,3.320281677047089,115.55406,0.0,1.3401522395464582,3.6239865557033255,7914.285714285715
LOG00008,Idle 35,116.0,116.5,40.44367588932806,1.980979098184125,41.28299642813242,22.814802371541504,138.0,2.7461227046476497,8.666956521739131,15851.079898362506,10957.142857142857,0.0,0.0,2.1086058937337038,1.300400062204805,1.090982327306853,2.1543183394888517,1.3582411297276251,1.505149458658433,1.321978813235576,0.6453179266375738,1.3313949984671372,0.514515151875241,0.6474548889578614,0.4032666223721762,6.467138989303681,6.2868266245215345,8.53300854188237,2.628834716732825,3.769519355941489,5.305675982234356,5.822642188503083,1.751750429837363,2.795110081647837,116.412384,0.0,2.628834716732825,3.769519355941489,11457.142857142857
LOG00008,Idle 35,116.5,117.0,37.7723865877712,2.5224097821195786,33.95933780475919,22.979881656804732,135.0,2.8738809563863468,7.634457593688362,15180.705832628912,7971.428571428572,0.0,0.0,3.599998985120636,2.647126513551171,1.195095575744176,5.102880668451807,2.7290176404726787,1.184646955819107,2.977147234404529,1.1818914319407343,0.8534465439189634,0.49086204134957434,0.5595440078264061,0.5301981103031868,3.5757631159770225,5.558740777790199,12.249732336132515,2.328162553088527,3.246766127744776,10.522447124653288,8.969815699799128,3.1596891834178242,4.546469348979645,116.734006,0.0,2.328162553088527,3.246766127744776,8271.42857142857
LOG00008,Idle 35,117.0,117.5,33.55246548323471,1.0427588371231082,22.502045703734566,22.858836291913217,70.0,1.8499218718037673,5.84258382642998,13806.424344885883,8342.857142857143,0.0,0.0,1.6253514148650618,1.5118483751789553,0.9565470317879262,1.712481419428035,1.481946494907012,0.8747044482930969,1.0920873041973571,0.6190134622019584,0.9526295374361269,0.3164346634220079,0.5877849976132586,0.42133187352169765,2.165290266363967,6.430853373693388,8.424178317076853,1.3286927250510623,3.39731505270672,4.867474467555808,6.416202370558503,1.5696261866022598,2.582234207742609,117.024056,0.0,1.3286927250510623,3.39731505270672,9047.142857142857
LOG00008,Idle 35,117.5,118.0,53.05147928994083,12.797574843493498,22.606143166047808,22.357790927021696,47.0,5.472004842824354,14.495502958579884,19047.99239222316,11900.0,0.0,0.0,2.8581468932956207,1.7831551964457808,0.982251855992586,2.7801214605927935,1.6967160124815412,0.8899359259687799,1.0489589660478273,1.1128268231628318,0.4116103641156619,0.4621566518127579,0.5427139097460018,0.3589683440360429,4.140475035493031,4.637397697715631,7.970004406649798,1.9973795829500969,2.661682746244717,6.248313381893005,5.367004166926894,2.3820837640883874,4.722859851911203,117.99188,0.0,1.9973795829500969,2.661682746244717,12242.857142857143
LOG00008,Idle 35,120.0,120.5,15.056607495069033,4.42030132865147,11.860697638088451,22.947514792899412,72.0,0.9087344348524203,1.6734911242603552,7310.235277542969,3500.0,0.0,0.0,2.3982800354116462,3.172972038825699,0.8041193765348107,2.5622569343738477,4.162461720379873,1.3943104217857913,1.5256182780779333,3.764228174172025,1.3760359620643334,0.33060425057936965,0.4015359872009201,0.347239151919829,1.254773235102838,3.3432193608224248,1.5174943999558803,1.1577368873206353,2.1567230734508493,4.566190821607151,10.402548618078134,2.812427660174018,3.712321184962219,120.333033,0.0,1.1577368873206353,2.1567230734508493,3571.4285714285716
LOG00008,Idle 35,121.0,121.5,37.91264822134388,0.9696776810391857,22.060711527294128,22.805276679841896,38.0,1.9194019191770906,7.376284584980237,15141.14201016375,12242.857142857143,0.0,0.0,1.849118017782268,1.4976245188912418,1.0027303719940415,1.830640576812012,1.3632127209073075,1.0160711032675374,1.4810852141494641,0.8058243807979065,0.9019925873814529,0.3632634357835786,0.43829011095112796,0.2821314864958698,2.8113556713207695,5.3567148426599305,6.62894470320239,1.682518555303121,2.4109044196510316,4.532927401805541,4.835025372811525,1.6825749081796102,4.553601329316981,121.040417,0.0,1.682518555303121,2.4109044196510316,13028.57142857143
LOG00008,Idle 35,121.5,122.0,42.83392504930967,6.818963071835264,47.33118864151123,22.71272189349112,31.0,2.569374446660054,9.29457593688363,16832.093547478165,10228.57142857143,0.0,0.0,1.373061705543498,2.0015666116325814,0.7627740358392099,1.4781598681356698,2.3147964342771705,0.9126144101569814,0.643349721213038,1.1963082687338087,0.7060940857590717,0.3503814549452927,0.47432318958639985,0.3211469997168306,2.7024602903343866,4.482034706651774,6.899378707737138,1.4338614405661043,2.491332939795556,3.528413828055297,6.216190605268281,1.7163285448934813,2.8983301359116136,121.958931,0.0,1.4338614405661043,2.491332939795556,11467.142857142857
LOG00008,Idle 35,122.0,122.5,29.582051282051278,9.866436107973097,61.335787971807655,22.86733727810651,27.0,2.6335890442594834,4.951222879684417,12153.634826711748,8242.857142857143,0.0,0.0,1.295953177034088,1.1443333093979753,0.8449954572212889,1.0523727036285273,1.3635925423339583,0.9660223502643214,1.0256382813930818,0.6477319321627683,0.6071556386959586,0.3321430667381996,0.6357319356847762,0.393296048085735,5.415404914755654,8.536774680723347,5.1235917234135355,1.3864312217470687,3.656624584877574,2.9499440037476217,5.369943380820229,1.2224960858960792,2.588426511840946,122.000368,0.0,1.3864312217470687,3.656624584877574,8442.857142857143
LOG00008,Idle 35,122.5,123.0,41.296252465483235,7.877797287186112,69.4460944291526,22.820848126232747,86.0,2.8129167883723265,8.87767258382643,16415.588898281207,11485.714285714286,0.0,0.0,1.5090233550652752,2.0794244751611295,0.7939026986783059,1.6712419630589512,2.1128319151529875,0.889582641825651,1.161640930466433,0.8442888741660195,0.7762207455663421,0.34200615994456707,0.4859190709871093,0.3139900911796888,3.216386308631235,4.8237747054148405,6.174167280562463,1.4570496337680707,2.6097156011745635,4.644141184038025,6.419429334318101,1.8167495196134775,2.480203017402469,122.530166,0.0,1.4570496337680707,2.6097156011745635,11871.42857142857
LOG00008,Idle 35,123.0,123.5,45.93451676528599,3.0756811457096718,76.75472530151741,22.492702169625247,99.0,3.393293007840245,10.516568047337278,17494.103972950128,10528.57142857143,0.0,0.0,2.217538705489877,1.9908099936915442,1.8146509672533342,2.3636063541996206,2.075530453932675,2.111206184815554,1.5962533904900469,1.1425422852367066,0.9986765656862504,0.5031816419563543,0.6518892193315998,0.4105173504516675,4.2540217206682795,4.953998360864035,6.346993289398914,2.43915712898116,3.7317778344273087,5.339924428248801,6.365587958639138,2.107225942006201,2.752983636605013,123.327329,0.0,2.43915712898116,3.7317778344273087,11400.0
LOG00008,Idle 35,123.5,124.0,41.72134387351779,3.002538282631547,68.50755118198424,22.665434782608695,92.0,3.2851319374518377,9.66794466403162,16116.247882552232,8542.857142857143,0.0,0.0,2.765591407701228,2.3602460942895567,1.163841781970782,2.8944869769418418,2.061049473234649,1.1322780243712527,1.5496160841463282,0.8373345722034262,0.775478556253618,0.5007717550401853,0.9437213193046955,0.44645249586081853,2.551576959783369,5.7919065166218635,6.4789392591654495,2.6327327002887637,5.7745162198279045,7.155113707965307,8.470945460575663,2.5709198217719633,4.307727304815906,123.999184,0.0,2.6327327002887637,5.7745162198279045,8757.142857142857
LOG00008,Idle 35,124.0,124.5,34.80118343195266,0.6293280752622366,52.65751063996206,22.726666666666667,94.0,2.50233641166933,6.975857988165681,13888.095238095237,6357.142857142857,0.0,0.0,4.115182691252146,2.49177553665778,1.4260107751300457,4.704739946708775,2.532842013534305,1.6509503060354296,2.130833429993801,0.7610119708709576,1.0686553277409165,0.5167906337777708,0.9871444336182359,0.70937672265186,3.5882626280543115,9.776112065865531,14.62373497800889,2.784583176348206,5.467469534764983,10.969295500941811,9.612614985731268,3.401740283110062,5.478248544654383,124.016943,0.0,2.784583176348206,5.467469534764983,6457.142857142857
LOG00008,Idle 35,124.5,125.0,38.49309664694281,6.946661513984283,36.5909135196927,22.89846153846154,78.0,3.594946023697652,8.490059171597633,14780.621301775149,7114.285714285715,0.0,0.0,4.228681236400033,2.5867126806167873,1.2568284663797484,4.676670629095097,2.4990374051962996,1.2492319650534587,1.9955699382853687,1.1780061835668891,0.762048965062575,0.569166130784911,0.9721651590328031,0.5670375525882808,3.247446829153992,6.939569363260573,9.444218694994184,2.8050741688268865,5.707548510844291,9.815456956569683,8.995615850873644,3.505198103613074,5.7960043305119875,124.551657,0.0,2.8050741688268865,5.707548510844291,7285.714285714285
LOG00008,Idle 35,125.0,125.5,38.132741617357,20.546398950680782,34.27036366984713,22.669151873767255,108.0,6.119236784324646,7.482189349112427,15162.327416173572,8242.857142857143,0.0,0.0,3.403572539888945,3.3318840152233236,0.7994567020549997,4.365226651091069,4.188761857734122,0.9273997952582523,3.0847684536469266,3.0721807102668954,0.7436145547195958,0.5283127252976562,0.7030614826115362,0.4668197383076082,3.806834363837397,6.655345080301519,5.961885012283508,2.2217201636520527,3.572145827581029,10.63292864631533,12.497731549589373,3.3679190255398646,5.258568850543257,125.185028,0.0,2.2217201636520527,3.572145827581029,8400.0
LOG00008,Idle 35,125.5,126.0,50.45581854043393,22.395795530993897,47.27624883073792,22.3023865877712,64.0,5.730455789895929,11.834970414201184,18389.39842209073,9214.285714285714,0.0,0.0,2.108700932069096,2.5211226366130615,0.9064047479983157,2.2029453108167805,2.896598186882333,0.9699339314172013,1.5795444728452286,1.6501165288199409,0.27005308034951836,0.45685914254955146,1.0389786009448583,0.4170063757833201,3.823020192052958,7.9798922876745495,6.219908543504093,1.6815566114243368,5.293044323059461,4.478086023947041,8.049893723188841,2.3240782011102663,3.699874101087743,125.74145,0.0,1.6815566114243368,5.293044323059461,9465.714285714286
LOG00008,Idle 35,126.0,126.5,42.44980237154151,5.122731828220944,76.31821583283306,22.646719367588933,67.0,2.168305681869901,8.154031620553361,16790.266798418972,13871.42857142857,0.0,0.0,2.424519709647166,1.944373094755283,0.745719874680451,2.9797709471544116,2.0221792263432716,0.7124030644126516,1.6383133360446154,1.0836194111298643,0.1333955505833793,0.3129729645535046,0.4567160661780606,0.30369047489395945,2.399077679951813,3.889218982772282,7.311125995791098,1.3544313068732643,2.4303577880449057,4.611808181565807,6.281757262764966,2.1975989800320503,4.215158826409691,126.445865,0.0,1.3544313068732643,2.4303577880449057,14142.857142857143
LOG00008,Idle 35,128.0,128.5,31.56627218934911,10.243284542268725,23.6489502548794,22.704437869822485,49.0,2.642921216843431,5.713076923076923,13108.41081994928,5228.571428571428,0.0,0.0,6.588150839780306,7.753966634880228,1.1818100574429637,6.274336502211631,8.13852374125118,1.151834556756695,2.2299472785746803,1.5760271925522997,0.14600236088019466,0.7097545424876148,0.9112863509364398,0.5702101871270036,4.634153485055998,6.639580335342508,5.620587874385888,3.6946639748924874,5.328548928478257,13.982589907196038,17.42688303930118,7.194710906719385,16.493226512307658,128.002721,0.3609467455621302,3.6946639748924874,5.328548928478257,5500.0
LOG00008,Idle 35,129.0,129.5,46.11538461538461,8.119817722228072,24.08959443100926,22.429151873767257,16.0,3.8045969174860126,10.975207100591717,17508.74189912651,13600.0,0.0,0.0,1.9465253030017646,2.1745620155609906,0.9731825968164366,2.3605478373431636,2.626479149496,0.9960491858642645,1.5180573478349026,1.2876785852128907,0.42640102339212904,0.37277898945699994,0.5724915105469022,0.3608431312593188,2.6849785201483973,4.267401199144138,6.725248621156471,1.6079379808847882,3.189372625131846,4.44093385349571,5.832981110808885,2.063695800590143,4.016898736211711,129.003062,0.0,1.6079379808847882,3.189372625131846,13785.714285714286
LOG00008,Idle 35,131.0,131.5,18.720355731225297,1.2841849939754544,65.549586643721,22.681600790513833,124.0,1.6528256121782663,2.828063241106719,8024.0471485036705,4671.428571428572,0.0,0.0,2.0093147726578673,1.7044840170197475,0.9936685379614733,1.9009986494300473,1.5536578387128503,1.2784209293142124,1.166531863697596,0.966751534040445,1.2060975319376628,0.3412998090346394,0.3977244268115182,0.3700671341568454,1.9909333365755058,5.301455507487708,5.865999682428766,1.2114185379008595,1.8668363413767346,4.186133707255391,6.0536142146067204,1.8631440658060925,3.1908050630036078,131.282046,0.0,1.2114185379008595,1.8668363413767346,4828.571428571428
LOG00008,Idle 35,131.5,132.0,41.828007889546356,10.339457587851653,34.34724733344234,22.45382642998027,81.0,3.9076090470301352,9.889980276134121,15651.465201465202,6671.428571428572,0.0,0.0,9.819038559412187,6.062969371319499,2.4621209540609192,9.717467924802756,6.14424140700225,2.479516117099982,1.4829960267091522,1.0483799094045223,0.7699967674217056,0.7438261006658554,1.1503667216222417,0.5599580343566469,4.356108705897308,6.062265668013319,5.718287504015704,3.942827170147014,6.856792179247303,23.214504409746464,18.27248284145648,8.160058695523631,13.773060867654534,131.901605,0.5759368836291914,3.942827170147014,6.856792179247303,7247.142857142857
LOG00008,Idle 35,132.0,132.5,61.87278106508876,8.33450852211003,23.012944799023803,21.896311637080867,74.0,5.620323568444042,17.58061143984221,21833.305156382085,16414.285714285714,0.0,0.0,5.023187502780195,3.9007709765835,1.6812710216525308,4.974945433883368,4.33714390251671,1.6359216444525644,1.3654202674444174,1.5481550337956222,0.36609320658827843,0.6020316588867032,0.8480341693541804,0.3885707751729126,3.148328929367793,5.489912014146426,7.434724902684427,2.547888186139908,4.117637606314636,9.686608010725513,10.656183211223599,4.497133915053196,11.969821322546993,132.000261,0.09861932938856016,2.547888186139908,4.117637606314636,16942.85714285714
LOG00008,Idle 35,134.0,134.5,26.367455621301772,11.125975171031671,37.0037115148545,22.496055226824456,86.0,2.408161048490638,5.072998027613413,10572.56269371654,3542.8571428571427,0.0,0.0,2.386262600015898,3.4663604069069986,0.7962333568239276,2.3362653073418174,3.4709208316836033,0.7712278212193937,0.6818642194614833,2.1928848776470242,0.15455200883964296,0.5927589081275763,0.7215798394286529,0.4304150133090468,3.505369294051931,4.867121209617119,5.595985257240447,3.1272425884732575,4.44123349394323,7.881268833258432,9.022763235852773,2.975727110036057,4.2994596233277225,134.022717,0.0,3.1272425884732575,4.44123349394323,3657.1428571428573
LOG00008,Idle 35,134.5,135.0,53.79289940828402,7.949797416925631,14.063142995774516,22.293925049309664,144.0,4.80974928779464,14.67757396449704,19143.758805297268,14142.857142857143,0.0,0.0,1.7264049731999753,2.301018618446237,1.1150490032665745,1.7233289375265668,2.4440910752368348,1.0831589532731327,0.13408507375530002,1.6404094295384588,0.614551194593332,0.5205698983935078,0.7641284670666139,0.37823837928831755,3.222877674409069,3.8857228365390597,6.821140091498422,2.347032223904748,4.16788638740025,5.1308326602007055,7.881268833258432,2.0341043254865068,3.2868208834668353,134.500214,0.0,2.347032223904748,4.16788638740025,14771.42857142857
LOG00008,Idle 35,136.5,137.0,40.07648221343873,6.906588785561632,31.332349330864005,22.49197628458498,115.0,2.8406048244183686,8.32567193675889,15287.747035573124,9314.285714285714,0.0,0.0,6.475551419788746,7.664127667971754,1.3113783687852445,6.218208261827245,7.637055416385014,1.3245320280352013,1.0072741815807227,1.580461814634439,0.19160202839747797,0.6506295915647713,0.931007310298356,0.48551589833339814,4.186085803556563,5.685501377164389,6.651544915725196,3.4256141458754263,5.8975618822841644,16.069758994776418,19.18430476736425,7.094773396708953,11.889574618739648,136.692355,0.45454545454545453,3.4256141458754263,5.8975618822841644,10221.428571428572
LOG00008,Idle 35,138.5,139.0,20.004930966469427,15.994936185403056,36.742325731831635,22.59706114398422,154.0,2.6838226442850455,4.869763313609468,9456.255283178361,3385.714285714286,0.0,2.1696252465483234,10.364580754906443,5.267475786667769,1.310459494495815,9.647743798383734,5.165699250932351,1.221584169829519,4.501928821509782,3.7766864693548703,0.7042042165749532,0.73266939302834,1.1318542516684205,0.5416888652171004,2.796268865306975,5.324917561716852,4.272270131348212,3.8998449946570015,6.911135195962863,22.023969370312372,12.950901059937868,8.221035074371969,14.719846671396828,138.956523,0.7357001972386588,3.8998449946570015,6.911135195962863,3471.4285714285716
LOG00008,Idle 35,139.0,139.5,38.49525691699605,9.82114245713006,11.386886826925695,22.57646245059288,56.0,3.0739820842456624,8.126067193675889,15154.616036137775,8142.857142857143,0.0,0.0,8.021661358488956,6.7028730391116955,1.5108173979935653,9.016055681485474,7.130344242188233,1.4993099873027684,2.75188383116777,2.950212308435791,0.17345149096107584,0.46707207503795306,0.7110323140651962,0.44998341765329375,2.7619088104916663,5.212595550693454,5.638087828140432,2.1908438017870187,4.163774545082537,18.829482391043694,16.282522942089898,7.3917372088273465,16.046980427597447,139.047287,0.35177865612648224,2.1908438017870187,4.163774545082537,8471.42857142857
LOG00008,Idle 35,139.5,140.0,25.473570019723862,2.1256885823749565,10.501629327371539,22.518343195266272,53.0,1.2315926399405022,3.6569230769230767,10863.024795717103,8728.57142857143,0.0,0.0,3.142678121239674,1.8719118089098532,0.46850113806427524,4.399489322324275,2.0383139537235095,0.4738177581509882,3.0064337802190373,1.54955030470664,0.022755394775271855,0.31354989736538075,0.4428188674831306,0.2834594313124769,5.4197911902772296,8.882795528475512,4.518334453829444,1.2153475235962614,2.3292188241469436,8.85116914685694,5.103465968488351,2.5865497863036286,4.498759413921737,139.93421,0.0,1.2153475235962614,2.3292188241469436,8942.857142857143
LOG00008,Idle 35,140.0,140.5,37.78520710059171,11.306696193108897,21.38804057166477,22.50005917159763,86.0,3.218034423987776,8.364280078895463,14463.285432516202,8728.57142857143,0.0,0.0,2.488849255808153,1.7463774601615842,0.6902421313719752,3.384831396121742,1.6921857640197726,0.664737615188206,2.472568611644755,1.3876649274973734,0.3467845278851476,0.4555779192519941,0.8173859267042157,0.36918983056970894,4.756781255805037,6.728148097310117,5.329235412512634,2.1622019692129193,4.53973864160957,7.950165294201637,6.2959553091201235,2.149907538883617,3.425335003060671,140.018069,0.0,2.1622019692129193,4.53973864160957,8928.57142857143
LOG00008,Idle 35,140.5,141.0,36.42110453648915,1.2203438108523081,40.85477923840983,22.513076923076923,88.0,1.9598613080759848,6.346074950690334,14688.045928430543,12285.714285714286,0.0,0.0,2.028272355612444,1.7688454472721864,0.9634168189922364,2.8534274859298403,2.1640152371204353,1.0939283046148962,2.2616231609018365,1.729960458083193,0.9654830413365423,0.3861146253355467,0.38086728083925786,0.27659792761488644,3.933783128614236,4.478850955645654,5.783530686381257,1.6457440963289778,1.9224753573694848,5.2969046820804095,5.3076923076923075,1.9029848876012119,2.743214467568433,140.500503,0.0,1.6457440963289778,1.9224753573694848,12500.0
LOG00008,Idle 35,141.0,141.5,34.99211045364891,0.7740979885562144,46.9216804289228,22.700177514792898,110.0,1.9658939292832223,6.289901380670611,14114.856297548607,9700.0,0.0,0.0,2.3665104280076843,1.506528024925048,0.9273277778835636,3.3551657039749667,1.583182045334774,1.1907236569139261,2.6431592981371215,1.4110619896793621,1.2253627043708606,0.43722457770583384,0.5296239567482992,0.31333751484730504,4.684067235549026,7.311000163069774,8.067051494051057,2.1149124075190766,3.096478169429459,6.172567676095284,4.760537983620247,1.983683227704676,3.266348580020335,141.421964,0.0,2.1149124075190766,3.096478169429459,10185.714285714286
LOG00008,Idle 35,141.5,142.0,32.40158102766799,0.7606668792198243,41.618974190604725,22.426501976284587,108.0,1.929908214718871,5.765138339920949,13175.663466967815,7285.714285714285,0.0,0.0,2.3558799738961045,2.0350484020304878,0.9033379054323053,2.792450948815076,2.2656214163069883,1.1982437495129097,2.500054598014211,1.847727464511313,1.0264935412583862,0.3800432893278743,0.7153328833243346,0.5478795936304046,2.972386087922983,10.961246569856964,14.026692996398845,1.8163836500688049,3.820159570332833,5.830612954984239,6.676902550433411,2.2013169297049835,2.7579189672229245,141.861973,0.0,1.8163836500688049,3.820159570332833,7414.285714285715
LOG00008,Idle 35,142.0,142.5,37.655029585798815,3.946639814769907,30.53797722540533,22.459723865877717,110.0,2.6643864499015426,7.5400197238658775,14638.778529163144,7342.857142857143,0.0,0.0,2.6079232906766956,2.0213202925248512,1.0921707269874772,2.9899352696528214,2.8639798614388265,1.0771538489844492,2.6204817195052126,2.1604639235106156,1.0059096909489358,0.4245834993319302,0.7551914470541704,0.46513527589901,3.5732159604416247,7.699331026096781,12.392195788293296,2.037665407081536,4.140296958189631,5.409466463171166,7.84250795131694,2.3331309023527504,3.4363456885430037,142.428258,0.0,2.037665407081536,4.140296958189631,7522.857142857143
LOG00008,Idle 35,142.5,143.0,40.20788954635109,5.517997886388733,22.865332233744727,22.534260355029584,100.0,2.7977542880259523,8.000394477317554,15766.8920822767,10842.857142857143,0.0,0.0,2.135921708059211,1.863062468455504,0.9183518998107927,3.433282215561753,2.6059179541153497,1.0675402625477435,2.582314480023113,2.094121277487868,0.7606721795502867,0.5203750775793718,0.4527612195625366,0.3166518655301275,5.4016918693817155,5.3307185997698205,6.120997416048406,2.6210826386710844,2.3861435567754885,7.102101253085102,6.7388596065539295,2.004141125810018,3.2831956582507424,142.500277,0.0,2.6210826386710844,2.3861435567754885,11128.57142857143
LOG00008,Idle 35,143.0,143.5,26.043392504930967,4.828336265677919,24.733839713755074,22.62800788954635,47.0,1.5433820340002522,3.5413214990138067,11245.224006762468,7514.285714285715,0.0,0.0,1.4378024037083512,0.9491899136759231,0.618658647741741,1.7480023634156339,1.4425191786410476,0.7380196273125128,1.4609361962406946,1.262700434036186,0.6834136926513972,0.2819320237243334,0.5346184726915209,0.27519518708824087,3.610444089026954,9.749578494234443,4.689704821244832,1.106059861387384,2.9854918999341242,4.1812958175670785,4.188836483417874,1.2182440733148716,2.6847010324249827,143.493788,0.0,1.106059861387384,2.9854918999341242,7914.285714285715
LOG00008,Idle 35,143.5,144.0,19.38974358974359,3.5940139435131573,26.712371276925246,22.620650887573966,61.0,1.1518153126611015,2.38905325443787,8600.887573964497,6614.285714285715,0.0,0.0,2.059638657939938,1.0044435075591902,0.38134735315425894,2.6126175491933408,0.9769164936444953,0.340999912030198,2.2619384356289296,0.8609895298261456,0.14615369647035514,0.27729983965403915,0.35951793270797894,0.24953855846781442,2.0625703928891084,5.513534912734735,3.8076581864494097,0.6576345279391775,1.664927517120525,6.059859197301886,2.7642405179408036,1.6203422726631607,2.8048128109307355,143.518409,0.0,0.6576345279391775,1.664927517120525,6700.0
LOG00008,Idle 35,144.0,144.5,47.2300395256917,12.447547133580434,33.033824782908745,22.28401185770751,53.0,4.676950255995033,11.922015810276681,17068.69706380576,10271.42857142857,0.0,0.0,1.3630113360817528,1.9998203492970794,0.7615665814142555,1.310492577424839,2.6375385666984523,0.717292348556788,0.2838112116990846,1.6786747568373803,0.24032628823321642,0.4295124351188033,0.6120626448449933,0.35305812142154697,5.852440690126766,6.381540318694308,8.407720413792823,1.8632456736319547,3.331843665520035,3.4250876333960694,6.944870430500679,1.7112979477212693,3.154622055742527,144.499066,0.0,1.8632456736319547,3.331843665520035,11050.0
LOG00008,Idle 35,145.5,146.0,21.34102564102564,5.627410141856375,36.182289065468595,22.6067258382643,128.0,1.5331373455733983,3.3556410256410256,9130.5438151592,3714.285714285714,0.0,0.0,2.0714181085353234,3.474631104631922,0.7556677745335639,2.176977865418834,3.5317957758682508,0.5818648286642839,0.7460138282920606,1.6383447706665928,0.36500115499237196,0.40334630655118076,0.4527648153363287,0.33712215567265735,4.475600775604567,7.253274227920125,3.721492986076606,1.9128421585889892,2.3451425379950406,5.938873374851888,7.6377552801802375,2.8604050669130507,5.29864914198694,145.91875,0.0,1.9128421585889892,2.3451425379950406,3832.8571428571427
LOG00008,Idle 35,146.0,146.5,44.134122287968445,9.178553134446103,15.548330118657391,22.465305719921105,131.0,3.717626610339836,10.268599605522683,16365.152155536773,11314.285714285714,0.0,0.0,3.688482744334055,3.267575993823021,1.1788304850743738,3.899636865648343,3.385452194382008,1.150256281801421,1.2853852041250868,1.2794993489994229,0.3357507743437896,0.5832389333314489,0.7877059682382189,0.49950560052781906,4.878523409701643,8.273708083224921,6.02742849167464,3.1600192629301924,4.7477379098310175,8.618016997112774,9.925362487729126,3.484390752388327,5.952835666442981,146.321273,0.0,3.1600192629301924,4.7477379098310175,11514.285714285714
LOG00008,Idle 35,146.5,147.0,39.264426877470356,13.773150807624024,24.21000808292494,22.528774703557314,99.0,4.3326569389979115,8.453498023715413,15448.228402032752,9757.142857142857,0.0,0.0,2.173977244974457,1.9687737499474502,0.6313080610350986,2.470552065627575,2.2998960055965343,0.5755928568166162,1.4788540029855464,1.3343897516725947,0.21572532311777315,0.3695598732551939,0.5314839049273089,0.29772689682660763,8.827125070139218,5.71935323088979,6.745427263995492,1.4847954374620551,2.8120067326660663,7.022971905635945,7.164360630307963,2.0739150344395596,3.200086217177768,146.603434,0.0,1.4847954374620551,2.8120067326660663,10057.142857142857
LOG00008,Idle 35,147.0,147.5,22.19033530571992,3.760309338013344,30.872858360232136,22.638757396449705,47.0,1.2897764136369032,2.9512426035502957,9816.272189349113,6928.571428571428,0.0,0.0,0.9678001279689602,1.8461691639672435,0.49516277217958954,1.0211647005107132,2.0702592898797194,0.4825846102759597,0.49208992469968027,1.8080104362840301,0.28547874287179514,0.2978112748533781,0.35668470927085094,0.2515660927442287,2.4511530464527453,6.394148323667496,3.773233602578697,0.8870040569057283,1.6387256139447477,2.6032902864609344,5.244138269848907,1.4739365097724266,2.822480805521603,147.433146,0.0,0.8870040569057283,1.6387256139447477,7142.857142857143
LOG00008,Idle 35,147.5,148.0,34.843786982248524,8.821435692142167,36.93957042607767,22.425009861932942,43.0,2.599267858345754,6.651005917159762,13759.129332206256,8057.142857142857,0.0,0.0,1.939615098670036,1.900780471647819,0.7834505560471402,2.959099436118721,2.29541989639048,0.8209965329047293,2.151521331275086,1.8094803228543808,0.5103350234005092,0.5004424044405069,1.1249250157825437,0.4194351542177921,4.871603024573218,8.270647867966355,6.189654566082458,2.334145427784642,6.704368742281648,5.865016802254686,8.768218565064041,1.920295957969302,2.8157642183327605,147.820872,0.0,2.334145427784642,6.704368742281648,8561.42857142857
LOG00008,Idle 35,148.0,148.5,30.821104536489155,5.370902719157918,46.88245904207305,22.464201183431953,35.0,1.4686409930096145,4.817317554240631,12838.179768949,8942.857142857143,0.0,0.0,1.2921067585739392,0.9591679568307525,0.6352541793406613,1.6082617675787516,0.8687743766579874,0.7762606727688302,1.274178586795993,0.6423093666670802,0.694117025080996,0.3269618921493077,0.5556634545595881,0.26205863790389505,4.317033370836613,10.260401570834729,5.218108801608549,1.278593035337847,3.0365496761818322,3.4930192429977627,3.8579306877290445,1.1378802759876216,1.61296509013419,148.278645,0.0,1.278593035337847,3.0365496761818322,9100.0
LOG00008,Idle 35,148.5,149.0,38.08856015779093,7.758854920816504,51.51926502495843,22.543510848126235,74.0,2.638072659484566,7.719546351084812,14795.259227951537,10557.142857142857,0.0,0.0,1.3128517776586552,1.6022805840230823,0.7840005359551163,1.2346365306778029,1.652372683049959,0.9882431565885892,1.1075085874354957,1.0132240009490459,0.6822386143570064,0.34148726942031477,0.42010238588674803,0.3082483026541911,6.768410631633594,6.749934434305566,6.657262425810001,1.5126998784438932,2.1497561487441756,3.379366559459815,6.096851452441341,1.4647325455588884,2.567802269537819,148.929789,0.0,1.5126998784438932,2.1497561487441756,11351.42857142857
LOG00008,Idle 35,149.0,149.5,33.122134387351785,4.61089363447285,58.638899697596656,22.45930830039526,90.0,2.266364930442594,5.546877470355731,13721.259175607001,6914.285714285715,0.0,0.0,1.5430226038921164,1.3514043277595262,0.7158750182211874,2.227119623488644,1.5974627832834378,1.0365755206909097,1.7373280749207232,0.9038164887419662,1.025482329234979,0.38248754099023213,0.5950448409942861,0.4473526480154679,4.7259266265139255,7.100060292241112,6.5260710783304665,1.7303315604448501,3.325840993383741,5.067138179294427,5.964320793656581,1.4503814003925286,2.0750386966522747,149.06791,0.0,1.7303315604448501,3.325840993383741,7650.0
LOG00008,Idle 35,149.5,150.0,28.098422090729787,2.1973171456135923,53.61832466309968,22.6203550295858,101.0,1.871853349716491,4.630887573964498,11627.049873203721,5685.714285714285,0.0,0.0,2.0399763783758935,1.5938913985070746,0.9006794572579523,2.2419452238249535,1.6161611939392722,0.9139589767516176,1.0204517403196527,0.5703081094103087,0.5535406521227215,0.3705244568943438,0.6848686107540409,0.4437085137255993,3.5784976815097247,10.637858319019196,6.671602659370459,1.5633540719789027,3.734008223543308,5.350625320604967,6.633695588415503,1.8305727812035315,2.8204109385545326,149.927218,0.0,1.5633540719789027,3.734008223543308,5814.285714285715
LOG00008,Idle 35,150.0,150.5,33.17573964497042,1.6779058503589845,39.947755663052966,22.46577909270217,101.0,2.157548043786923,5.737830374753451,13379.16314454776,5914.285714285715,0.0,0.0,2.8069248347940308,2.2766309668415956,1.190885278518384,3.0994043986463495,2.3188065393665207,1.220161838718575,1.1604274785492532,0.6190765062530877,0.8280723730966749,0.464624864798839,0.8139522429035555,0.5871694496970556,3.3329182711866543,7.339578081339013,7.561130791321115,2.2372166629241708,4.447500096574135,7.42218009727935,8.226214891421339,2.5555699547621074,3.6601729047754583,150.115652,0.0,2.2372166629241708,4.447500096574135,6108.571428571428
LOG00008,Idle 35,150.5,151.0,28.365680473372784,2.81963488908842,27.454878111433857,22.559171597633135,67.0,1.6824163935890653,4.343491124260355,11951.859678782756,6828.571428571428,0.0,0.0,2.0093863674256864,1.9510392224771531,0.7650917997123762,2.682689153036421,1.7659449434580115,1.0986522774609857,1.4149778075974961,0.6540953205505515,1.0866267921019466,0.37460800302760877,0.5377411260846632,0.36016214948477476,7.427287560540044,9.21332025718059,12.200070706970832,1.698300659745386,2.9198511686561477,7.1959061339596,5.5993800727590415,1.9804276837643493,3.1034957320967704,150.762838,0.0,1.698300659745386,2.9198511686561477,7051.428571428572
LOG00008,Idle 35,151.0,151.5,26.031952662721896,5.128983729393037,21.179356992067937,22.51041420118343,37.0,1.9969324190245206,4.369842209072979,10811.43279797126,6928.571428571428,0.0,0.0,1.547498739783681,1.0649507022606395,0.5949736877718801,1.7758655610897074,1.134699360685694,0.7836354649370703,1.4239540835970488,0.7006213735202845,0.7487300240023447,0.4556241379215318,0.6901454903493962,0.5003278806679331,6.270316416369712,10.35226861665461,5.9034114762119145,2.116460801755247,3.928730688746748,4.5771924075032855,5.475604854325233,1.3283208098719057,2.0543588230973544,151.373524,0.0,2.116460801755247,3.928730688746748,7042.857142857143
LOG00008,Idle 35,151.5,152.0,35.637475345167644,6.768497624698259,25.305781439561002,22.54441814595661,56.0,2.470972581727496,6.783293885601577,14424.873203719359,8557.142857142857,0.0,0.0,1.1630021454425994,1.3942764794799363,0.48611404214232273,1.1880134721312001,1.613965272810367,0.4887293832604523,0.2425815344863609,1.458883391424276,0.027971763673790187,0.4460681479220686,0.6054449707450872,0.36661534615184027,5.369247323526802,6.220624216383178,7.5389337517667,2.0734286105322184,3.4733785540479083,3.5612421652239314,5.961248959058309,1.2838576423293693,2.121469717234106,151.983227,0.0,2.0734286105322184,3.4733785540479083,8985.714285714286
LOG00008,Idle 35,152.0,152.5,28.173122529644267,3.2048488665947663,30.831973578165346,22.54393280632411,30.0,1.5289533090342116,4.188339920948617,11744.536984754377,8557.142857142857,0.0,0.0,0.8642132316582403,1.4013725841342708,0.4631483377843774,0.8473780411092372,1.2123540420387011,0.46314830986315925,0.32001221242178113,0.9115756114374267,4.3645218334557933e-07,0.2797301480274649,0.43937262645680414,0.25542546564268265,5.581398718396114,7.7004658747902575,5.907875765485445,1.0125196562381353,2.215102654467902,2.1269027751685696,3.929467071048006,1.1641970686564072,2.0709968990046965,152.000985,0.0,1.0125196562381353,2.215102654467902,8700.0
LOG00008,Idle 35,152.5,153.0,27.94990138067061,2.409140833647792,33.67973776654978,22.560808678500987,22.0,1.4042942434400325,4.256015779092702,11887.764158918004,9400.0,0.0,0.0,0.8917853204930591,1.189239132434538,0.5660842210963251,0.8619962070683324,1.1386244729335264,0.5660842210963916,0.5082504809161693,0.870638350766301,7.056105405867388e-12,0.28088667284035285,0.41477020498746825,0.23801188679672208,5.227526296733018,8.273086091455758,3.9106176533195343,1.045327948842873,2.313130717947974,2.3742537496759057,3.753499353463339,1.051087715645217,1.7425506658018457,152.548536,0.0,1.045327948842873,2.313130717947974,9661.42857142857
LOG00008,Idle 35,153.0,153.5,25.43491124260355,1.7103652394962763,33.89610921135733,22.655384615384612,17.0,1.1570643057727956,3.6576331360946748,10937.85573400958,8942.857142857143,0.0,0.0,0.7032600964820043,1.1545815861093391,0.4896345479764278,0.7823625157917268,1.1092197789809206,0.48963454797642764,0.5070158537974613,0.7953348915723724,7.943431904819465e-14,0.2374020578624248,0.32461877704561376,0.23489225587151671,4.218824473566557,10.919287927194983,3.404235625643071,0.6595452445352915,1.3651762882351113,1.873199332597834,3.0592440829352534,0.9559376031642008,1.585489582718782,153.416727,0.0,0.6595452445352915,1.3651762882351113,9142.857142857143
LOG00008,Idle 35,153.5,154.0,23.683234714003948,2.174909594833378,32.930754944652705,22.66102564102564,2.0,1.2698273768213728,3.245601577909271,10201.951253874331,8785.714285714286,0.0,0.0,0.5497565999356853,0.5631696545953523,0.4717044004356771,0.5397798076483523,0.5490307474028002,0.47170440009575354,0.0868437482313266,0.2986614666921709,5.044908760358735e-09,0.24755131332498775,0.29799897847715384,0.2311225860702065,2.855947630620853,7.723518903071139,2.9536403959708117,0.5788886360593247,1.1433004404570328,1.3910108707711635,1.8589301497837802,0.5565035395349671,1.14414521431122,153.507493,0.0,0.5788886360593247,1.1433004404570328,8928.57142857143
LOG00008,Idle 35,154.0,154.5,26.2560157790927,3.0808593897860184,32.200014742798466,22.643471400394482,5.0,1.5664248952921243,3.559546351084813,11254.247675401522,9371.42857142857,0.0,0.0,0.6715980731511743,0.8039709293551112,0.5124724095087511,0.6071715634883518,0.7750735313287299,0.512478256129994,0.22995675098524357,0.5463305863666296,0.00033233641058774113,0.3058917549732773,0.373377155482399,0.23292324547711205,5.458588554406945,7.94855686109453,4.221524429970271,1.1540504962892255,1.7743230786117394,1.9143391235825735,2.602532524754746,0.740747334490139,1.077569716181031,154.064912,0.0,1.1540504962892255,1.7743230786117394,9500.0
LOG00008,Idle 35,156.0,156.5,17.07593688362919,7.751193383970029,29.904920601380805,22.60128205128205,85.0,1.4150684635327668,2.6359960552268245,7653.205128205127,3442.8571428571427,0.0,0.0,2.2792064149051123,1.7714342284993068,0.7009790053050959,2.0295710113919814,1.473340184868906,0.5654324520242265,0.6816285072473085,0.6166507364621892,0.35338852360012685,0.3066029428472135,0.4203784796297101,0.2924663658834463,2.118460307809531,5.558968056596328,3.3257404925322076,1.056792378612701,2.0535993556652508,5.169703885552808,4.58859747901879,2.041171368068289,2.9480992241139496,156.381406,0.0,1.056792378612701,2.0535993556652508,3561.4285714285716
LOG00008,Idle 35,156.5,157.0,42.30986193293885,9.109101013970184,10.208762802342518,22.376883629191322,93.0,3.910313377310155,9.674990138067061,15781.875176105948,10842.857142857143,0.0,0.0,2.1974980002364526,2.384872689619418,0.9008395617644567,2.1796484235162055,2.447550431001404,0.9222061968515438,0.14993494900033028,0.6824391259985818,0.28580111762543137,0.5980477393391478,0.6139708985168315,0.4156173182212176,5.671733475705759,6.690358423808783,7.177180451641209,3.0311632175557714,3.5433241002399343,6.830001111813726,7.706909218625974,2.2930999985538967,2.850084536460848,156.779,0.0,3.0311632175557714,3.5433241002399343,11428.57142857143
LOG00008,Idle 35,157.0,157.5,43.3794466403162,22.899181261796052,34.7466532484661,22.233873517786563,70.0,5.140009811369739,10.979960474308301,16527.30801806889,6100.0,0.0,0.0,1.8810468802358675,3.7574602447888594,0.7511361984759994,2.1817852127827346,4.524514099733905,0.7251262802794601,1.3610240795823854,2.190962723716444,0.2888443082199733,0.5181178408278854,0.8314460192219701,0.36115333201781386,3.4524649783551937,5.433106264903469,7.297265085869256,2.173460325202745,4.417656478880834,4.958922170281471,11.25907626845881,2.971266132208108,5.939123338368063,157.204217,0.0,2.173460325202745,4.417656478880834,6292.857142857143
LOG00008,Idle 35,157.5,158.0,47.0457593688363,20.79768698178226,52.43114687190016,22.064930966469426,43.0,5.362666151055897,10.366469428007889,17116.885038038883,7028.571428571428,0.0,0.0,1.8308246842567322,3.1844505342077616,1.1017090732640218,1.74242009558845,3.8519078408437464,1.4160820281319122,0.3442425773603675,2.0360284732282605,0.9811200360539462,0.7613499140868221,1.0198911591895679,0.5844025346326525,4.900169119257143,7.2759679593295274,6.735621884072217,3.4418736587829772,5.14217182384937,4.54931340594196,8.875092021080288,2.597368305545044,4.340455045906149,157.641272,0.0,3.4418736587829772,5.14217182384937,7242.857142857143
LOG00008,Idle 35,158.0,158.5,46.214003944773175,11.244199080526327,73.01372881219237,22.25806706114398,35.0,3.26628347082613,9.061538461538461,18000.479008171318,13357.142857142857,0.0,0.0,1.4204261793846653,1.6138848382697935,0.8017854585499474,1.4310778630530465,2.723665587677519,0.762649215691465,0.2533083575135648,2.612799448840005,0.2566102721616872,0.3404725947591595,0.5913703208813538,0.40055354681767447,2.8631791382615246,4.784752842098022,6.910689890004308,1.193969519482291,2.9445111838954827,3.2867554428680696,6.265178806964308,1.520235968900624,2.231668453368715,158.000389,0.0,1.193969519482291,2.9445111838954827,13514.285714285714
LOG00008,Idle 35,158.5,159.0,44.90749506903354,10.054733007668496,79.61567863546404,22.245483234714,104.0,2.4134606657456255,8.874082840236687,17442.26542688081,11485.714285714286,0.0,0.0,2.246238839166503,2.0286468835465836,1.7018203624084114,2.8868315291682296,2.4223038708691,1.1791217815068744,1.8998644493110666,1.2692092691352377,2.2814915342212196,0.3584955863229382,0.6447112278599949,0.39195917599450336,3.0475545411574148,6.234899035164927,6.3300490528582944,1.464251340457804,3.2410475428661214,7.257859780927538,6.784220001270671,2.140209931373946,3.501624134493823,158.933696,0.0,1.464251340457804,3.2410475428661214,11771.42857142857
LOG00008,Idle 35,159.5,160.0,38.7199604743083,3.58999719224611,59.31746705869605,22.35606719367589,138.0,4.047110208281846,8.243023715415019,14799.809429700734,9157.142857142857,0.0,0.0,7.125942656545142,5.362765278540631,1.680225833331458,8.024402773746989,5.6895808905189735,2.011736510697209,3.3813839672725905,1.2821309006648605,1.3358104833258693,0.9682643617676306,1.0138972107429458,0.6211401709138075,6.100587786008507,8.593715084088913,6.107130394507786,5.477627213642935,6.436238036914702,17.41665642276429,15.022118080369138,6.306279020828789,11.303093586648574,159.996238,0.274703557312253,5.477627213642935,6.436238036914702,9500.0
LOG00008,Idle 35,160.0,160.5,34.20828402366864,4.071482874220424,19.45135841785452,22.43455621301775,64.0,3.1040903931192783,6.420177514792899,13710.411383488306,8814.285714285714,0.0,0.0,5.851114107577147,3.6877888608341474,1.3930395290869477,5.896023406369987,4.503332989610751,1.8136820985720594,0.7937387036945656,2.0568869257194984,1.2525964579494941,0.8326097041983908,1.192672542620579,0.5517289860396445,5.639466354868199,10.073049113370942,6.084146210341703,4.646239657657674,7.514623772421694,14.338951240674673,13.575996917637111,4.890568626549513,11.29843437889927,160.002157,0.1873767258382643,4.646239657657674,7.514623772421694,9114.285714285714
LOG00008,Idle 35,160.5,161.0,31.484023668639054,4.970850056028515,11.574651365966,22.337692307692308,24.0,1.9790051109899491,4.940552268244576,12880.973513665822,9171.42857142857,0.0,0.0,0.9683337806631372,1.5850906279710415,0.5135281026448268,0.9395134851379001,1.8791249928215683,0.5511859127561936,0.6907057368663676,1.5241113189678068,0.16137630251280718,0.350302348290962,0.5466399728491279,0.28677067893766717,5.731890041004547,9.30822662763962,5.274008159258751,1.5093230431822366,3.0896216325116983,2.5964624697849903,5.27058751015194,1.3134273123502105,2.401250881492401,160.986754,0.0,1.5093230431822366,3.0896216325116983,9490.0
LOG00008,Idle 35,161.0,161.5,29.3025641025641,3.4887100713397197,28.576363548463608,22.402406311637083,58.0,1.2856405441390415,4.403570019723865,12254.346294730909,8928.57142857143,0.0,0.0,0.8502270015709799,1.502938949248275,0.8791097587761899,0.8394749672127504,1.8408873534794312,1.3447427510913823,0.5272465524543857,1.5172091604247684,1.3904588756418201,0.2712384055527463,0.3850327304327636,0.29478931675934256,7.607059518501672,9.671632381976352,6.032205695721114,1.2030982779171138,2.091258443127168,2.7499327587260733,4.361839179250081,1.2210060277017245,2.5333613656388256,161.050882,0.0,1.2030982779171138,2.091258443127168,9114.285714285714
LOG00008,Idle 35,161.5,162.0,24.60729783037475,1.7848380707813474,38.191078926039644,22.479487179487176,55.0,1.2193955887894743,3.3141617357001976,10544.25190194421,8414.285714285714,0.0,0.0,1.4942671943048809,0.8579418726918963,0.6702941954989262,1.782221651118176,0.7071523677719488,0.8424104367300654,1.5370116699828984,0.5508961844337269,0.7189945034205516,0.2637865061452477,0.3163741727810505,0.2492285314414898,2.6809001490655957,7.455749423418256,2.936228371368791,0.7006450059966398,1.502951127316676,3.0547276387176585,2.60442651563548,1.218379806319412,2.1913195552902414,161.742477,0.0,0.7006450059966398,1.502951127316676,8561.42857142857
LOG00008,Idle 35,162.0,162.5,29.124505928853754,2.166952709320453,42.15984792918058,22.56980237154151,40.0,1.6112386042840776,4.304466403162055,12085.262563523433,9900.0,0.0,0.0,1.652664020013132,1.7402455389047715,0.6033268328003469,2.0376903821088304,2.275255880906337,0.5737236408489956,1.6126140417185224,1.785954816004441,0.17139199986639864,0.3468064820196977,0.4434385715867274,0.27915361683830753,8.91333467264914,9.727357806781143,6.214712604143289,1.445513888255686,2.535282435398079,4.539027076193639,6.27372965583204,1.6970198730014812,3.0472272933014968,162.498201,0.0,1.445513888255686,2.535282435398079,10157.142857142857
LOG00008,Idle 35,162.5,163.0,38.628007889546346,3.59195416038026,45.367027864952604,22.27984220907298,16.0,2.1947917388447693,7.80414201183432,15020.801634263174,10871.42857142857,0.0,0.0,2.1730828794626973,2.344347823334912,0.724426448526805,2.6293577318124948,2.6770576180531425,0.7053037885283716,1.2292049926104875,1.7071274999701271,0.16670977455627656,0.4294196434909488,0.6145032885342726,0.3077488816538738,3.560221414471386,6.078549823082578,6.674895323737895,2.011705727658264,3.5246975909661726,5.114854416324793,7.403021932144376,2.2603380187251885,3.4146671824772605,162.58502,0.0,2.011705727658264,3.5246975909661726,11128.57142857143
LOG00008,Idle 35,163.0,163.5,36.89605522682446,5.546676974946857,50.14732674408896,22.34842209072978,11.0,1.9582772618917217,6.58189349112426,14843.110735418428,11042.857142857143,0.0,0.0,1.2275155827908277,1.3928395157215894,0.6668017445429043,1.2328479798121625,1.318925472194722,0.595820686148627,0.9253976348205021,0.7804807814735327,0.17244822397627252,0.3277499721147707,0.4581296369593226,0.28810975582251097,4.732380860379671,7.962871617496402,6.583187835693423,1.3886356407010647,2.417279447474185,3.0447030992404915,4.65029531839898,1.3127826214857237,1.68702469548944,163.286482,0.0,1.3886356407010647,2.417279447474185,11400.0
LOG00008,Idle 35,163.5,164.0,28.075739644970415,1.556694265664182,51.607595647748774,22.558757396449703,18.0,0.8714764357427053,3.8494871794871797,11991.715976331361,10300.0,0.0,0.0,1.736894895340115,1.3273148512939983,0.4961605039674515,1.6683000037102478,1.0753642792494273,0.5067101640166595,1.249699340951492,0.9448194468846257,0.19045241998651039,0.2662292706840315,0.4291869669161351,0.2506773108835172,7.23702350631032,12.274111251718612,5.8547256172410265,0.7888982163340881,2.3929174926701053,3.2191488210627823,3.6349714925263568,1.5457309908137569,2.6695693117614487,163.758071,0.0,0.7888982163340881,2.3929174926701053,10400.0
LOG00008,Idle 35,164.0,164.5,30.86785009861933,3.829297924797568,52.33061945331503,22.50830374753452,28.0,1.363297864053044,4.830118343195265,12706.92448577064,10085.714285714286,0.0,0.0,0.7109092343604106,1.4772793922352223,0.5989614791749323,0.694527733094137,1.5139789417952212,0.6258000038388644,0.2936419302805944,1.1856072430955862,0.30610283771507174,0.2919901332052198,0.3816203621199238,0.2374824573592381,4.863200461230706,7.66073690537092,5.264984997890391,0.9512345567482436,1.8331179024162492,1.9616641488138629,4.071355656735136,1.1592554382494336,2.3256436408771894,164.492096,0.0,0.9512345567482436,1.8331179024162492,10328.57142857143
LOG00008,Idle 35,164.5,165.0,41.142094861660084,1.8372051829564102,56.74130310905509,22.247252964426877,26.0,1.9168030717934974,8.446106719367588,16040.965556182948,13957.142857142857,0.0,0.0,1.2309802283320628,2.0632144965122907,0.6055772188394856,1.2188834210155195,1.8974848848165802,0.6323660293484694,0.2878475628993668,1.2557182991359912,0.23434359059317944,0.37473471752623483,0.4846435017370023,0.2725170170225336,2.1776612183721493,3.851441561284316,8.209548711427196,1.649268336340039,2.66108069482376,3.497881911330434,5.762081310400608,1.6988476066385299,2.454718467751427,164.573997,0.0,1.649268336340039,2.66108069482376,14385.714285714286
LOG00008,Idle 35,165.0,165.5,29.346548323471403,1.836889929889308,58.00913007871539,22.54264299802761,12.0,1.4262056737994213,4.110907297830375,12443.272752888137,10471.42857142857,0.0,0.0,1.1388259387940072,0.7288984925340602,0.6192354802378802,1.0268628709408183,0.7153655095471009,0.6999148378886336,0.6940941642053707,0.44561770326574446,0.7358644411208183,0.2649159820278016,0.4188986839081967,0.25613316890879734,6.262824508818079,12.038996235640804,5.977352996884586,0.9343150180571649,2.082957953096459,2.350877967682481,3.0938636218252493,0.9560903543307188,1.4837808852085796,165.457971,0.0,0.9343150180571649,2.082957953096459,10657.142857142857
LOG00008,Idle 35,165.5,166.0,26.371597633136098,1.7225909375989836,56.017143586921236,22.55767258382643,46.0,0.9609356391702638,3.5287968441814592,11365.278951817412,7757.142857142857,0.0,0.0,1.5308062591400773,0.6355338482483536,0.5887148255466543,1.7268236631093783,0.5591723859819073,0.6868999065298887,1.4229459414495822,0.31108141627037056,0.6443876949656837,0.28954339735216533,0.467467539176383,0.28340534114797555,4.662096664837805,10.838597778971742,5.004207691735509,0.8828667337714055,2.514399148555725,3.508232077228117,3.1138806119508238,1.172021986844061,1.906880371536815,165.874314,0.0,0.8828667337714055,2.514399148555725,7971.428571428572
LOG00008,Idle 35,166.0,166.5,25.45956607495069,2.596257777420712,53.68754900649384,22.408244575936884,49.0,1.3891276323905752,3.765857988165681,10766.948436179204,7385.714285714285,0.0,0.0,1.3706215909492352,0.7205195114164736,0.6241531375306527,1.5113707202209952,0.5896623313150178,0.6655096308872493,1.3035905914221415,0.33411864398536967,0.6148399715630917,0.30377856774460943,0.4997344228265652,0.334196195805492,6.286490196932866,8.181800647479772,8.436481743811843,1.0680629137630835,2.7289632373071355,2.8217945805519484,3.388692183424742,1.094931941242936,1.923122556147901,166.490933,0.0,1.0680629137630835,2.7289632373071355,7514.285714285715
LOG00008,Idle 35,166.5,167.0,29.160276679841903,1.8129810585621633,51.47071227451585,22.512450592885376,81.0,1.4884150087017607,4.519446640316206,12180.187747035574,6828.571428571428,0.0,0.0,2.1721851855268137,0.8840183001618667,0.7784861678064355,2.8817766773621765,0.8435193966036395,0.9262824669742165,2.30889334192801,0.2760882431669825,0.7780443128846832,0.3581317205715925,0.5511627476775537,0.3025710856973342,3.783590032707985,9.57485218394759,6.533585226939356,1.4961854239024863,3.0720519234698407,5.311074268114025,4.184008706223607,1.6582938272880394,2.55493999897853,166.704034,0.0,1.4961854239024863,3.0720519234698407,6985.714285714285
LOG00008,Idle 35,167.0,167.5,31.902366863905325,1.6820300732109472,46.981455876432555,22.464181459566074,95.0,1.9094569636607126,5.4668441814595665,13035.594533671458,7071.428571428572,0.0,0.0,1.0241670152264997,1.1233458209696219,0.7082965526653222,1.137752483748232,0.977660664018091,0.7655724773747307,0.802623293278343,0.5888368713149688,0.592431974438915,0.40761551705086285,0.6775275076856345,0.41044006989814585,3.1693553913437063,9.39575813621093,12.378796355094629,1.5864976685198844,3.632064726767634,3.4652401859540825,4.887491582038484,1.0749009044018598,1.5176090076201785,167.000004,0.0,1.5864976685198844,3.632064726767634,7242.857142857143
LOG00008,Idle 35,167.5,168.0,29.167258382642995,1.0887958072863102,38.64124316690848,22.54033530571992,85.0,1.6903698853878903,4.291617357001972,12237.235841081996,7242.857142857143,0.0,0.0,1.9874723433410362,1.186294184912374,0.7309855666228527,2.4773774426884705,1.0465205772774075,0.7874524864569624,1.7124374019324304,0.691819391886963,0.659296502519685,0.29940379100014325,0.48649570499728917,0.4124177873965597,4.061542667358494,11.424000950846644,10.98098605054863,1.0354031051191988,2.386726341835147,4.4540166479036385,3.816811147709316,1.6366643224409858,2.701199544559665,167.839573,0.0,1.0354031051191988,2.386726341835147,7357.142857142857
LOG00008,Idle 35,168.0,168.5,24.81913214990138,3.2073954293367217,29.106658950363993,22.614378698224847,66.0,1.3462607414645906,3.426646942800789,10733.143138912368,6171.428571428572,0.0,0.0,0.9905204618702784,0.8819090132656983,0.5243020787294914,1.444405718780157,0.8664047125155211,0.6706902379909574,0.9772041352591647,0.5571970927088632,0.5650533490959366,0.2983927203395915,0.5676853947988334,0.2996649325051847,6.488531819204192,8.438243208564227,7.090110163140286,1.0083438052543274,2.8376218693542365,4.852255011664664,3.8121574441119592,0.937788433779972,1.5709561236841991,168.009265,0.0,1.0083438052543274,2.8376218693542365,6271.428571428572
LOG00008,Idle 35,168.5,169.0,26.58224852071006,4.040085201487573,23.891490867547258,22.46246548323471,25.0,1.6891037419848236,4.155207100591716,11079.14201183432,6285.714285714285,0.0,0.0,1.5337374622591018,1.2659288278636094,0.5888415210731082,1.4972600864593013,0.9955751867788011,0.667259765421262,1.234036430536621,0.7448875399785609,0.42051814910665053,0.3020000318324656,0.44280334283684736,0.24366953966645577,4.470063210032072,8.137952198144312,5.273062126683099,0.9924310877006294,2.3110292747622845,2.965614910077132,3.866612255619345,1.4062230264707523,2.1213426638917467,168.794572,0.0,0.9924310877006294,2.3110292747622845,6418.571428571428
LOG00008,Idle 35,169.0,169.5,37.929783037475346,4.773819189817443,27.989663378078,22.299763313609468,20.0,2.2945402566683017,7.366370808678501,15018.751761059453,10657.142857142857,0.0,0.0,1.5748891446107272,1.1446162010426058,0.7118068961526148,1.7615868700225588,1.0479804653158318,0.6473484379188014,1.2102501785697704,0.6224741417655622,0.34942000744294677,0.4549081156144968,0.4788841331914516,0.3022358014538393,4.421102909275161,6.57649619912895,6.778445754386817,2.1346422347709555,2.8023673213462534,4.194012826606947,4.604260097492852,1.3766666382065622,2.1826956353778226,169.091531,0.0,2.1346422347709555,2.8023673213462534,10957.142857142857
LOG00008,Idle 35,169.5,170.0,18.78873517786561,6.231848866705464,37.323922860650356,22.567154150197627,44.0,1.1156365359268223,2.112075098814229,8718.146527385657,4100.0,0.0,0.0,1.2081651345613287,1.9778421336785528,0.39968444130307523,0.8255169895932349,1.5213449505961376,0.399662873806075,0.990720881572689,1.5041978638282791,0.0009083030667654209,0.3128723427994724,0.39616562722579174,0.2978782748985437,3.387728726216771,6.075580426340818,3.2433217225124427,1.2228732462200218,2.0591898515159626,2.373270120992062,4.0673674853484245,1.6388292312080173,2.826934729387541,169.925188,0.0,1.2228732462200218,2.0591898515159626,4185.714285714285
LOG00008,Idle 35,170.0,170.5,24.412031558185404,17.103769415538533,37.4729590027409,22.465384615384615,48.0,2.733171819551495,5.445897435897435,9514.440687517612,3385.714285714286,0.0,0.0,1.4521061303462104,2.1862956099295094,0.7446370958885848,1.2732635856462833,1.7311110970422225,0.7093938557473796,0.9884566395696395,1.4649221356594486,0.2891264377659239,0.3776459047325643,0.6197782972093192,0.3430971654895587,2.101107757053777,3.4301011700741637,4.26881125386116,1.6660024662074864,3.6855714457008744,2.977562377521512,5.7760643289483795,1.8558691640018818,2.788202717474946,170.045551,0.0,1.6660024662074864,3.6855714457008744,3471.4285714285716
LOG00008,Idle 35,170.5,171.0,57.8818540433925,6.375921336864504,61.43931886366316,22.229013806706117,23.0,3.11516905330467,15.621301775147927,21080.163426317275,17142.85714285714,0.0,0.0,1.5970783720931547,2.027818104566436,0.8983436482920976,1.5820381844056473,2.1498310214560674,0.864819224196097,0.40279641756299206,1.1840359550114459,0.35925628835239576,0.3442364070436904,0.43033984681397186,0.2773898885676744,2.982748099819332,5.564081701458163,6.956227726902086,1.193990632232534,1.8837188411103762,2.8816223788894972,4.918467393305948,1.825199385247422,2.3927725086271896,170.848629,0.0,1.193990632232534,1.8837188411103762,17385.714285714286
LOG00008,Idle 35,173.0,173.5,47.44181459566075,10.413533669809324,73.10126966747853,21.9036291913215,110.0,4.002844573896141,12.670453648915187,16749.429416737108,3857.1428571428573,0.0,0.0,10.58156067903776,10.243710037263678,4.277589212517112,10.808441294253761,10.245947837246897,4.315453311184506,1.2976002969933573,1.611367007852832,1.1312295389661915,0.924751609262221,1.355277088655451,0.6907551496649781,3.4384331820679175,5.1179186021354255,5.8878761798382735,4.840892932517865,8.002247042679855,24.199124635740333,24.755889064877167,10.414005514971045,24.28567532469762,173.493629,0.5364891518737672,4.840892932517865,8.002247042679855,4390.0
LOG00008,Idle 35,173.5,174.0,58.502761341222886,3.3660727894550706,21.737974676312515,21.751084812623276,38.0,4.715076026788992,16.361301775147925,20466.582135812907,12871.42857142857,1.5779092702169626,0.0,10.101830193717088,7.7542930812910225,3.381514791546151,10.180509899207793,7.404779027876988,3.3790078885064876,0.9578225158206322,1.3808918697407286,0.4667502597581402,0.5494849908618454,0.8128269772833301,0.4518192808241838,3.0126620350171227,4.034399623355621,5.664280513776805,2.668301465558799,4.527084449049052,24.477498421899302,18.963007692597365,9.004888518278623,24.009177046610493,173.500535,0.22879684418145957,2.668301465558799,4.527084449049052,14285.714285714286
LOG00008,Idle 35,174.0,174.5,38.92702169625247,6.177212019100351,44.6465805802382,22.054220907297825,13.0,3.5487999418962954,6.594082840236686,15521.08340377571,11942.857142857143,0.0,0.0,1.0724587014420146,1.6640177874553388,0.7352857224811302,1.0939022410516883,2.0758341079724816,0.5947631873159734,0.485273093938037,1.414692689388489,0.27992072628993764,0.3251050571552951,0.3960157406636972,0.26354472108486865,4.989981419647757,5.700660148316473,6.483116488769604,1.2420340256191376,1.9920987353864996,2.927122706221607,5.130063765747085,1.399843359677512,2.7114842009636355,174.002693,0.0,1.2420340256191376,1.9920987353864996,12100.0
LOG00008,Idle 35,174.5,175.0,33.31758893280632,5.758357641229345,56.911754689173804,22.186699604743087,42.0,1.6221726837098867,5.514664031620552,13396.943817052512,8800.0,0.0,0.0,2.407548912532329,1.219752670998583,0.7092787773551175,3.4852322176733805,1.419000459629248,0.6828766662166904,2.486640093939092,0.8842138086782996,0.1678531393998018,0.3337000879310981,0.725956783407098,0.2613342315631195,5.182782173753763,7.360117685774253,5.872701540321543,1.371351569816826,4.428270282054259,4.923726536268294,6.059161553810714,1.9084140463541686,3.868905604132061,174.876791,0.0,1.371351569816826,4.428270282054259,9103.571428571428
LOG00008,Idle 35,175.0,175.5,44.35581854043393,3.854665027722664,68.4846432856089,22.18903353057199,51.0,2.217915122689567,9.260848126232741,16896.710340941107,12914.285714285714,0.0,0.0,1.7971634213296561,1.658342016447196,0.7888522930196443,2.3144617940515877,1.6481228415711429,0.8808562935475587,1.7977336061471392,1.1264304407038404,0.6747888854542173,0.3618054996526026,0.4108889997571213,0.32522227067394055,2.768634270557517,3.4226945067791,8.135052832685162,1.369548990051846,2.03270150824589,4.376961380572337,5.043010277871927,1.729146408850255,2.5295312207533116,175.000115,0.0,1.369548990051846,2.03270150824589,13228.57142857143
LOG00008,Idle 35,175.5,176.0,33.0887573964497,2.422782203142786,73.92119968161683,22.216153846153848,59.0,1.3124085349047547,5.237633136094675,13471.632854325162,10557.142857142857,0.0,0.0,2.7724565525476934,1.5314051662848593,0.7822234317504781,4.160453561521959,1.5363059986258616,1.6356777761130235,3.3430044063768514,0.894697066445251,1.5725132639837882,0.3819819278054538,0.3892850371317121,0.2751543144873992,6.088999189940163,7.735719124863587,6.069204964991837,1.8043763296342632,1.9759211956753904,6.737103246781285,4.54085117445619,2.239611251879284,3.7283353142178326,175.999509,0.0,1.8043763296342632,1.9759211956753904,10851.42857142857
LOG00008,Idle 35,176.5,177.0,32.7534516765286,1.1804133428141343,64.59225741380652,22.194280078895464,110.0,2.117210247297657,5.8907495069033535,13018.66018596788,5914.285714285715,0.0,0.0,4.218346695630328,2.535891286672769,1.2746702460700579,5.843476697156673,2.685088708406517,1.337209418918541,3.3280997784497037,1.14383661157129,0.946526585911358,0.5258469437903949,0.9545187612268947,0.5848356320092816,3.6091002154115657,9.943873345551355,8.236841773643901,2.7136194614829687,5.262464635391402,10.566591690822177,9.601220336637564,3.480315607984293,5.0314254419676745,176.546067,0.0,2.7136194614829687,5.262464635391402,6071.428571428572
LOG00008,Idle 35,177.0,177.5,31.327470355731226,0.3777093484254997,47.644585782134286,22.329525691699608,97.0,2.08623728223139,5.351640316205533,12620.038114059853,7542.857142857143,0.0,0.0,2.2394079134008233,2.0055315309269837,1.02033475596643,2.5722841121723254,1.7114858147556835,0.9477962587339478,1.4173515397662544,0.6942192962208606,0.8409852815720509,0.5590832693807818,0.7767250235932452,0.509380533144553,5.545855499869959,11.40658370846779,9.308387808619509,2.8713440936113694,4.687710889742077,6.549447069562135,7.423123789781426,2.125688655958882,3.2731032831193727,177.007774,0.0,2.8713440936113694,4.687710889742077,7742.857142857143
LOG00008,Idle 35,177.5,178.0,32.45759368836292,0.36503563442221965,25.549810764808075,22.24422090729783,82.0,1.995512875956279,5.548303747534518,13038.116370808679,8671.42857142857,0.0,0.0,3.246361337769709,2.7165311310003166,1.0316481617242617,3.3931406993808,2.7547610515094907,1.1881930441953377,1.0655097237270457,0.6074630993328255,0.8203511744424449,0.5564874424249348,0.7727974678138482,0.3967943749785031,6.051445123168193,9.449647926272366,6.35819500608579,3.070139240193607,4.58137527811278,9.427497654815841,9.84855739894106,2.9931925531996604,3.97887199644514,177.659887,0.0,3.070139240193607,4.58137527811278,8857.142857142857
LOG00008,Idle 35,178.0,178.5,40.80157790927022,6.12870806932095,10.535997630277997,22.165404339250493,70.0,2.8310755728575945,8.781518737672585,15447.316145393068,10257.142857142857,0.0,0.0,2.2561008115695107,1.6637752258128178,0.8464067487179011,3.2442193859846165,1.708728412344995,0.9592428213764896,2.4010459887255307,0.6828221443777703,0.8184020883221373,0.4130070470500448,0.5272477841540426,0.3034693145195427,4.338732563181342,6.6759059815561965,7.1914908997637035,1.8012279982762374,2.982699484773775,6.203803630610779,5.897045695006448,1.9821880427942624,3.098784636277221,178.209402,0.0,1.8012279982762374,2.982699484773775,10614.285714285714
LOG00008,Idle 35,180.0,180.5,11.150690335305722,3.15555527748065,33.038484667807445,22.37455621301775,110.0,0.8690938529813205,1.6136686390532542,5991.589180050718,3442.8571428571427,0.0,0.0,0.9080201739067361,1.6792596691940085,0.42325710777970516,0.969591675443963,1.2963671963440524,0.34216286821420505,0.6064768152768442,0.8376129769177804,0.24235196331140021,0.2609583726282202,0.2792644717557746,0.2690367420036209,1.1798301075848776,1.0152222045790975,1.0685888581642922,0.8535059197241962,0.9361892983734241,2.019139192062567,3.2081011852792516,1.349891416522675,2.6113512997855737,180.000016,0.0,0.8535059197241962,0.9361892983734241,3542.8571428571427
LOG00008,Idle 35,180.5,181.0,34.24260355029586,13.698759626778465,17.540906545327054,22.227889546351086,78.0,3.715582644748144,7.65069033530572,12956.670893209355,5728.571428571428,0.0,0.0,9.996489985688505,8.000549658318702,3.570861555277077,10.131545333857908,8.072846673828817,3.4563061484034847,0.5933347067462537,1.0233919109084377,0.6713222821096928,0.6344174104177228,1.2560453526977335,0.5221469810385141,3.198320178105501,7.208933469166491,4.776418311914227,3.3173848110436714,7.558269881178971,19.693759962474562,20.299386413322853,9.053690045202401,16.813440208393896,180.868191,0.45759368836291914,3.3173848110436714,7.558269881178971,6225.714285714285
LOG00008,Idle 35,181.0,181.5,44.43372781065089,3.7635732670646718,14.24509792893857,22.273136094674555,46.0,3.6841019636844816,9.224792899408282,16884.030712876865,12914.285714285714,0.0,0.0,4.024857639948425,4.5733487581106,1.175418421187683,4.142719025587304,4.629207659254465,1.165366147538711,1.0996158798433888,1.3120071392122485,0.3400322842931207,0.427625612718516,0.5621217297493885,0.37929544445346625,2.413266352595064,4.378660935486483,8.08116582171415,2.0920818700256922,3.1978858979347495,10.918742368571694,11.638625077231541,4.307841564238578,12.193052228896645,181.00335,0.1203155818540434,2.0920818700256922,3.1978858979347495,13408.57142857143
LOG00008,Idle 35,182.5,183.0,30.413241106719365,1.315175400154633,22.69611393677446,22.213992094861666,129.0,1.635007487172007,4.840256916996047,12442.934782608696,7242.857142857143,0.0,0.0,3.3321998247892677,3.0468070296854353,0.9547036615265235,2.9176073664486704,3.1726392947199353,0.9984883374018122,1.7169241994462492,0.518403584950603,0.6412890823308802,0.43434862888081066,0.7087597711413899,0.6051645095241568,7.240235049653533,9.65262301293899,13.254900419102416,1.9447321367321433,4.192490233831451,7.1055008474061925,9.497867453592301,3.1926939055025447,4.347235220578616,182.720958,0.0,1.9447321367321433,4.192490233831451,7485.714285714285
LOG00008,Idle 35,183.5,184.0,34.057199211045365,4.59794165912845,17.144243357516608,22.279999999999998,95.0,3.4615402902288577,5.166114398422091,13923.49957734573,10471.42857142857,0.0,0.0,1.6096126998754776,1.4701047813984058,1.0441274249584045,2.023334925368553,1.264227857760326,1.19254989146586,1.5792679820377034,0.8184396838110112,1.1438698493171686,0.30952992563724074,0.4108511878783684,0.31345611560930225,5.212747439294209,10.428444998380003,6.131644896968113,1.3513775307003777,2.224713788492969,7.091261950825595,4.35437162725514,1.5414378209793091,2.3891501427065434,183.500343,0.0,1.3513775307003777,2.224713788492969,10751.42857142857
LOG00008,Idle 35,184.0,184.5,27.76508875739645,0.6276534537464412,20.2148843667402,22.33818540433925,119.0,1.2144155452947079,4.021696252465484,11592.49084249084,9042.857142857143,0.0,0.0,1.3014522184502788,1.2243098605239415,0.8642726356807604,1.5778649560812918,1.2255977143621812,0.9030502321655995,1.0987040398207986,0.9644912538005206,0.8835773532140276,0.24368374852949895,0.35077519914854594,0.2503598427659819,9.534882973096295,7.459934029461877,7.097318353655029,0.8166554100538389,1.8013805033203796,3.426316530972321,3.1227358661822215,1.2634699267266523,1.627401897443393,184.142598,0.0,0.8166554100538389,1.8013805033203796,9247.142857142857
LOG00008,Idle 35,184.5,185.0,27.742011834319527,1.6011553692959453,20.176683637384652,22.338481262327413,115.0,1.2473399468991977,3.7873964497041417,11641.53282614821,9371.42857142857,0.0,0.0,0.793935302807039,0.8426744573302334,0.6613577521890349,1.110531830391692,0.7409172147970053,0.9159715744612187,0.9101707750036373,0.6617055508449348,0.7676281516031944,0.2664841108811522,0.3517645144146419,0.27656922479184654,9.733549980485188,7.273093470508881,6.920782689722837,0.9342548365419865,1.7385459013363629,3.023902151344732,3.1350282880484355,0.8186676694728171,1.4085480250084013,184.993026,0.0,0.9342548365419865,1.7385459013363629,9614.285714285714
LOG00008,Idle 35,185.0,185.5,31.563636363636366,6.792184957742218,21.448211355374443,22.39956521739131,68.0,2.116615189905062,5.307015810276679,12578.289102202145,9057.142857142857,0.0,0.0,1.5986936822202733,1.2175653589336908,0.668773653602102,2.1049552002534067,1.2031838461849704,0.779195165661501,1.3705567950794793,0.739922817091857,0.6134603095334591,0.3659726698575709,0.6040890018574983,0.31021652846014375,3.973555659072349,7.315128237336988,4.91410794762975,1.6627093185477557,3.56965487246646,4.323161264648602,5.593792437514293,1.4209656739074212,2.2650991337505926,185.122268,0.0,1.6627093185477557,3.56965487246646,9200.0
LOG00008,Idle 35,185.5,186.0,34.519723865877715,8.383302974367671,29.23181128477683,22.301913214990137,61.0,2.3647814316189635,5.966587771203157,13948.73908143139,8557.142857142857,0.0,0.0,1.6558659382895302,1.3953459132417776,0.5891913979334644,2.724582051348658,1.789216839921335,0.4966605178286938,2.0683472806224183,1.298695316915918,0.24537930694993207,0.36997655402984064,0.47576232910666216,0.2930074110223628,3.083314962128861,5.878873787572677,6.818515171742116,1.6311926695487637,2.7057072845135584,6.133459822038469,6.386931924506791,1.5311567887038866,1.975329581660745,185.937181,0.0,1.6311926695487637,2.7057072845135584,8785.714285714286
LOG00008,Idle 35,186.0,186.5,17.92741617357002,1.2762346887017735,31.20682689438535,22.43234714003945,45.0,0.6506873018335736,2.006213017751479,8118.998309382924,6514.285714285715,0.0,0.0,2.8089999789620155,1.7459952298534223,0.41295097686816995,3.1618624217210987,1.667514671750561,0.38249490148893006,2.6151200422689285,1.392483588932675,0.28458621950877244,0.28826620666439823,0.351346719908361,0.24083981883579741,1.7727792956243706,4.6048145094976,5.57163447689583,0.6293178224515144,1.2213906408149353,5.233973377612293,3.7289845057048683,2.338694104033222,3.6583294087856477,186.263737,0.0,0.6293178224515144,1.2213906408149353,6657.142857142857
LOG00008,Idle 35,211.0,211.5,15.479289940828401,4.567921021033076,10.368001718319489,22.31051282051282,64.0,1.7305423901735613,2.3475147928994082,6991.420118343194,3385.714285714286,0.0,0.0,1.9460291232061038,2.527097130862231,0.8045475931086098,1.8920992135259687,2.5207639935141186,0.9416452167017694,1.4199725696390353,1.870887690309666,0.851230738413139,0.30692153961731883,0.3941192772184897,0.3483531302984582,1.6172914692261042,4.946469043617811,3.862522609014667,0.8535473819276987,1.7400420063273976,4.125735843757509,6.262817232238072,2.2553546569418343,3.5249739136632154,211.390249,0.0,0.8535473819276987,1.7400420063273976,3471.4285714285716
LOG00008,Idle 35,211.5,212.0,29.31439842209073,3.445302347733119,16.052661064526124,22.30502958579882,60.0,2.402241427095527,4.81861932938856,11943.068469991547,8414.285714285714,0.0,0.0,3.892297845362256,4.463043162564061,1.1233320789317518,3.9677869169639868,4.505136030614742,1.1269113083788103,0.9481009751342807,1.466774877411353,0.0569073883684514,0.4487045566225169,0.8051836885688755,0.39840545678577566,5.465707793312958,9.278426095983392,5.002359610662134,2.182829058775269,4.918681246515553,10.895233563279957,14.234164529125307,4.18740592658041,7.677208984456055,211.999955,0.0,2.182829058775269,4.918681246515553,8842.857142857143
LOG00008,Idle 35,212.0,212.5,28.84110671936759,2.615998581334436,29.421191180180507,22.35286561264822,76.0,2.409419907127883,4.142193675889327,11974.033032185205,10057.142857142857,0.0,0.0,3.752267475995893,3.7115326456246156,0.950713727374973,4.080259069632958,4.113738671943314,0.9507001318573106,1.8755958344278345,1.4451835974450324,0.0001912878181621172,0.49261854420242607,0.5365646367346437,0.3537391045274785,7.786202096916756,8.733933486898529,5.847337725515614,2.5687517179636963,3.2641176026153493,11.548916414786767,13.192104477806401,3.7319556395376585,8.16407175314529,212.029553,0.03557312252964427,2.5687517179636963,3.2641176026153493,10257.142857142857
LOG00008,Idle 35,212.5,213.0,36.58599605522682,5.835741498748992,44.0618978195325,22.24493096646943,63.0,2.1690079681264196,7.0137475345167655,14243.138912369683,10371.42857142857,0.0,0.0,1.8586570986978375,2.122379052523422,0.918798434658762,2.29720204513051,2.3314008149744123,1.0287572658480335,1.6468415251928936,1.594717180424001,0.8872647793433496,0.3631305231666988,0.6355922623582873,0.3095996210399227,5.506565877258069,8.008374978774457,8.187251160365708,1.6487913881038128,3.569686100224566,5.006307658425387,6.808597650940066,1.9948808301663146,3.1723968944659906,212.802041,0.0,1.6487913881038128,3.569686100224566,10751.42857142857
LOG00008,Idle 35,213.0,213.5,38.712623274161736,1.4019141683409855,60.754044608011355,22.174516765286,74.0,2.0255118088256756,7.065719921104536,15234.474499859114,11942.857142857143,0.0,0.0,2.4514917553347417,2.2882877006429423,0.8842876673569318,2.616186179722594,2.93984530518204,1.0250039778306215,1.9203573093663726,2.1113105131649657,0.6819775123129751,0.4012218630130864,0.44923166847131724,0.30615090718893423,4.926635258130991,4.209511693392946,7.05804676348982,1.8972532445346042,2.579547688522407,5.449064845669181,6.852201304828506,2.371294206481767,3.0955225916026015,213.427529,0.0,1.8972532445346042,2.579547688522407,12314.285714285714
LOG00008,Idle 35,213.5,214.0,34.65384615384615,1.6816916438544438,66.00566291649719,22.240216962524656,81.0,2.083927000019267,6.135917159763314,13765.511411665257,7942.857142857143,0.0,0.0,1.7190868760816946,2.176494330519995,0.9365480881166295,1.7997977751877425,2.417034722526576,1.0133204655744732,1.1679477347852014,1.3884171683972208,0.5345979010450091,0.3944928501444159,0.5882396037494879,0.49968775414222943,5.947163544548649,7.2734023389260605,15.898296490626283,1.8692363665975498,3.589888883893749,5.386446575072884,7.615773105863909,1.9611714940695522,2.701692303014596,213.832023,0.0,1.8692363665975498,3.589888883893749,8242.857142857143
LOG00008,Idle 35,214.0,214.5,36.32998027613412,2.4883493018729665,60.678094082363536,22.30930966469428,68.0,2.7570443528972786,6.945581854043392,14190.729783037475,8085.714285714285,0.0,0.0,1.892428930164404,1.8788318793010932,1.083861206673154,2.062222050468942,2.1584250333001167,1.1772678502356557,1.3643876762972895,1.0676328124601322,0.7577294094292474,0.4059447337036618,0.7255511411658556,0.4045528682104997,3.7137384445581914,6.558451171873854,9.837624207079166,1.9238026599146028,4.225671707135462,5.537393059327749,8.00431343280434,1.8856426605273424,2.42923123376412,214.154629,0.0,1.9238026599146028,4.225671707135462,8557.142857142857
LOG00008,Idle 35,214.5,215.0,35.81600790513834,1.275971563463523,50.20154123795552,22.135612648221343,80.0,2.261565313586543,7.037173913043477,13927.4209486166,6657.142857142857,0.0,0.0,2.3228683589017387,2.1526532955491504,1.1691208696380995,2.8738860898565837,2.5340176590271715,1.2814719190106794,1.8057624697780235,1.438542739077265,0.7100813955488761,0.4531432816134467,0.781603755203715,0.5512212228394043,3.891147037539738,11.624127848177524,17.18070607830643,2.2656151034089236,4.3658621471434715,7.31504486814161,8.804979726506456,2.2393786664636997,2.9280209544178897,214.951761,0.0,2.2656151034089236,4.3658621471434715,6842.857142857143
LOG00008,Idle 35,215.0,215.5,35.969033530572,0.9397887068226353,37.9789068490589,22.15936883629191,82.0,2.29812261212484,6.758836291913216,14150.788954635109,6714.285714285715,0.0,0.0,2.421644578447312,2.224705247281804,0.902587385431389,2.6971338123451942,2.1078756840458817,0.9058412923778055,1.755928709495754,1.0881544111609096,0.5912151816994289,0.5368211488280117,0.8522725916572673,0.549616812898567,3.5019181332740685,9.382320877675927,18.221094504197872,2.6681422265450134,4.686325409614058,7.19247908749571,8.563603547568109,2.325260835003941,3.0639663882270707,215.021806,0.0,2.6681422265450134,4.686325409614058,6842.857142857143
LOG00008,Idle 35,215.5,216.0,32.93293885601578,0.73484681695415,27.89880228367089,22.304477317554237,52.0,1.811323836607193,5.640808678500985,13294.878839109608,7871.428571428572,0.0,0.0,1.9488364603692296,1.5363408929679567,0.7992777952113671,2.138025780839839,1.7650199936327773,0.6960382481987973,1.470927486319869,1.218702769142585,0.4439131100471189,0.3790833940989059,0.5575687144316306,0.5370596745386151,3.3155415661142764,8.00091442335105,13.3079343254264,1.708648866475279,3.0757208810060104,4.591175825810948,5.3404784485260866,1.7547516759744166,2.607674155652861,215.657141,0.0,1.708648866475279,3.0757208810060104,8028.571428571428
LOG00008,Idle 35,216.0,216.5,30.360552268244575,1.7078257313117047,25.213018917387398,22.361972386587773,68.0,1.7072752335203434,4.648698224852071,12535.834037757117,9628.57142857143,0.0,0.0,1.8854279451352502,1.1468921647749684,0.9251810126517761,1.9774629363616216,1.1403035911768657,1.056066371546044,1.28326716490741,0.8777356713528408,1.057834179462012,0.277634393156707,0.350576661123171,0.26842041697796376,8.044824003753401,7.132224782882948,6.951167217732814,0.9222740926022889,1.660877677380706,6.757127875089799,4.397417208601985,1.5604807230336335,3.1419672831489347,216.180998,0.0,0.9222740926022889,1.660877677380706,9800.0
LOG00008,Idle 35,216.5,217.0,29.011637080867853,1.451532103054898,30.680961350686,22.321005917159763,67.0,1.3441142098742171,4.579980276134123,11958.453085376163,10157.142857142857,0.0,0.0,0.9886700808454577,0.9711943639878801,0.6733205912185407,1.0125011140360114,1.0288622099015883,0.651427812498431,0.6836030337675852,0.7889913321501323,0.5801044507356975,0.2568731445888855,0.34069348149766304,0.25726804016927934,7.5358929176290035,9.725677916923349,6.182678693763829,0.8506584350089075,1.5083493445645169,2.8475395102311425,3.3317550504165716,0.9799711785049566,1.452559853133991,216.637772,0.0,0.8506584350089075,1.5083493445645169,10371.42857142857
LOG00008,Idle 35,217.0,217.5,33.33280632411068,3.3217023276919315,39.08644214224396,22.230494071146246,36.0,1.7625235941504822,5.527332015810276,13488.826933935628,10800.0,0.0,0.0,1.36212600295173,1.649865132659771,0.5119313054229995,1.4440164618027593,1.7913069019661803,0.4807296657995389,0.9464163983594426,1.383377399086388,0.3297086833235651,0.2944977808881604,0.38661546667460855,0.25589096899909486,6.472117678068891,10.084728719976521,5.258522910483764,1.0746439587735102,1.8595958761160543,3.2833873379586507,4.742583142303367,1.5128519762163941,2.4035166529567675,217.175448,0.0,1.0746439587735102,1.8595958761160543,11400.0
LOG00008,Idle 35,217.5,218.0,29.16449704142012,2.2556179903156965,43.406798291835216,22.375917159763315,27.0,1.4638050516593066,4.437573964497042,12045.773457311918,10228.57142857143,0.0,0.0,1.3308180641278018,1.2946595726044858,0.5712455042645201,1.63305939552783,1.0543729851571342,0.5712462748327785,1.187562126389125,0.8570204472681664,3.8734255887252385e-05,0.2676102617816751,0.42845633809594263,0.24939472134010202,6.943368945872839,11.768616686088391,5.2257068169272065,0.8533199076431096,2.1809590666580734,3.5191782257531923,3.6684593071700986,1.3128633075734317,1.7569246207006302,217.664786,0.0,0.8533199076431096,2.1809590666580734,10400.0
LOG00008,Idle 35,218.0,218.5,27.793293885601578,1.5004648847069861,44.90606114195443,22.172662721893484,23.0,1.2274588450196777,3.997790927021696,11628.22626091857,9800.0,0.0,0.0,0.8259264083710842,1.3427381417413904,0.46140932470510454,1.1456728179303095,1.5410079312652296,0.4828156847388458,0.7517740722878128,1.133060022007676,0.16057534049348884,0.29032745147600403,0.3205195600057059,0.2535423470692874,8.095816650078815,11.395637535297267,6.547774146289101,0.9572901988992977,1.3316196237076083,2.4191054143871367,3.9205622911134808,1.1146973018115462,1.7847612308705214,218.177801,0.0,0.9572901988992977,1.3316196237076083,10114.285714285714
LOG00008,Idle 35,218.5,219.0,25.788165680473373,0.5664328222968967,44.53915586987149,22.307258382643,10.0,1.0294092106186412,3.443293885601578,10890.081713158637,9657.142857142857,0.0,0.0,0.8858135246492523,0.5639598992446804,0.5469091330270349,0.7796487150410313,0.6009312994984592,0.5346433512947507,0.3932347694394923,0.39958846964488376,0.2776226022774147,0.2501429571063643,0.28782497819015634,0.22992835956892613,3.572900396239135,8.347419523014358,3.229694211487501,0.6947565160271724,1.0972908221913924,1.9816714400355235,2.2170221867915165,0.7425349717042294,1.3371032330953214,218.983827,0.0,0.6947565160271724,1.0972908221913924,9757.142857142857
LOG00008,Idle 35,219.0,219.5,27.709861932938857,0.851000907778629,44.17701814465077,22.30907297830375,29.0,1.2006585737912678,4.100197238658777,11550.845308537617,9914.285714285714,0.0,0.0,1.1448891832028674,0.94455949397077,0.7189461477355588,1.0463434288359164,0.7973894343515388,0.7415609508341872,0.6033845329189473,0.36410594293689236,0.7589363685822355,0.2729503424784925,0.3473828463229023,0.2682503990670475,7.1877259282449835,8.380729133061358,5.677580816599487,0.9367331743571365,1.5191234038225532,2.806726212432945,2.9572896594986284,1.049515097429581,1.3919377237180177,219.488949,0.0,0.9367331743571365,1.5191234038225532,10114.285714285714
LOG00008,Idle 35,219.5,220.0,24.60078895463511,0.8651477560960323,43.366137513472,22.358205128205128,66.0,1.1419158320233314,3.3583234714003947,10506.008734854888,6528.571428571428,0.0,0.0,1.1881944715506796,0.9445332121073697,0.8428966686613171,1.063756026579229,0.9967226924478564,0.8904872654568132,0.991301343203856,0.7726413902630112,0.7863927071817974,0.26313792466555636,0.39027136069499113,0.30089300620297826,7.841007627459782,10.142270081892757,9.01488398675493,0.7620246939275972,1.8593162407197257,3.0669710851393543,2.8826489023604798,1.0733007712187355,1.6121081659674976,219.87075,0.0,0.7620246939275972,1.8593162407197257,6800.0
LOG00008,Idle 35,220.0,220.5,23.554743083003952,1.456479062020573,40.849026184649674,22.303695652173918,96.0,1.2378146378465704,3.3320355731225297,10008.2086391869,5571.428571428572,0.0,0.0,1.1379087550567573,1.197175692211529,0.5437803240839508,1.182413989616449,1.1315242796283724,0.6216863917452174,0.7857420347975747,0.6111380544851662,0.5118590971111044,0.3068760349196901,0.35023305834818,0.3327995649359923,5.966399792226401,5.912949174283246,7.621909565735915,1.1666083480321952,1.7060006204041385,3.458106132511756,3.5374897868537882,1.167918227629181,1.5671125290401131,220.130217,0.0,1.1666083480321952,1.7060006204041385,5742.857142857143
LOG00008,Idle 35,220.5,221.0,26.15167652859961,0.5826994159686436,34.27522170192574,22.304753451676532,96.0,1.3894243522112235,4.240177514792899,10929.261763877148,5542.857142857143,0.0,0.0,1.6778631999476674,1.719365331726428,0.719672549367247,1.5078187880356437,1.8256455328860568,0.6843725422074359,0.8651068721739374,1.056806527118455,0.61138566459083,0.3439543647312537,0.404912182808607,0.3069765541419867,6.550026883050936,6.258499574378226,4.211177192352569,1.4689606739433922,2.195417186306015,4.314783540569838,5.793793863892477,1.6987410134687038,3.073285563704121,220.99938,0.0,1.4689606739433922,2.195417186306015,5714.285714285715
LOG00008,Idle 35,221.0,221.5,32.175147928994086,1.9333504372017651,21.194038069337235,22.162781065088755,79.0,1.739425522580759,5.6173372781065085,12915.236686390532,6614.285714285715,0.0,0.0,3.704911119405263,2.9822920789413945,0.8882166608062287,3.9853984027763505,3.1069256264385863,0.8705047506747192,1.4066336032019646,1.3498002089126455,0.5586348767024402,0.3960811879422036,0.6330482818434198,0.47960742810296036,4.163871941230328,9.92213424515125,6.357954731592586,1.8072378938377085,3.55705481141726,10.479716484413515,9.269576544247569,3.3630664910769568,4.887790682253474,221.286513,0.0,1.8072378938377085,3.55705481141726,6957.142857142857
LOG00008,Idle 35,221.5,222.0,34.676528599605525,2.768636221907992,10.878864444034955,22.276252465483235,51.0,2.053679128156534,5.899585798816568,13812.003381234152,11371.42857142857,0.0,0.0,0.8100102479088329,1.3314792234081294,0.7842803523240254,0.8537283641566584,1.8615524454698542,0.8358858881996105,0.36460661056047083,1.2523650645420845,0.46681351523548514,0.41377987437081337,0.4636468538655575,0.30577550339437065,6.589107157609299,10.809588075950785,6.493436086952516,1.9173457964289795,2.4709328254054954,3.722631886942419,6.370698455944061,1.1020330131363674,1.7169917491081115,221.662352,0.0,1.9173457964289795,2.4709328254054954,11457.142857142857
LOG00008,Idle 35,222.0,222.5,30.574753451676525,2.9046235482357097,16.634471775701428,22.324773175542408,46.0,1.6015626488662278,4.557416173570019,12570.118343195267,9614.285714285714,0.0,0.0,0.8361959578913488,1.756138496416252,0.814780698632267,1.1959993244023797,2.0680352785685554,0.8309338428135643,0.8917293709196281,1.7721332531703367,0.5584784070502636,0.2647265880830477,0.35285571584189146,0.2592152679242337,8.860866554636843,8.638430890256478,6.748014961591304,0.8520291828906983,1.7614238707947607,3.310672479760657,4.450472572030797,1.3753628791320793,2.096408363573958,222.364845,0.0,0.8520291828906983,1.7614238707947607,9742.857142857143
LOG00008,Idle 35,222.5,223.0,26.767588932806326,1.0231398415522623,21.556580689486008,22.18565217391304,57.0,1.1572156430787572,3.8136758893280636,11274.04714850367,8842.857142857143,0.0,0.0,0.8687212830510445,0.6333275763924229,0.670756761988868,1.025822824639488,0.5967633297819185,0.6943124619698795,0.7313677206380254,0.3617340294462027,0.6239511988058164,0.2646329237198301,0.31054106495848266,0.2522125317760203,7.485130627474053,9.247817585652196,5.291399235335871,0.8519782824292691,1.3979035335962793,2.2453289238516003,2.1559734098252505,0.760190925572304,1.3126872068573188,222.500939,0.0,0.8519782824292691,1.3979035335962793,8942.857142857143
LOG00008,Idle 35,223.0,223.5,25.209072978303748,0.30107717300083564,22.08565672832591,22.097948717948718,58.0,1.1120080996225246,3.6398027613412225,10735.25641025641,7942.857142857143,0.0,0.0,0.9350333433844055,1.3975482864127589,0.7327153808173341,0.886049038732871,1.3634915068267524,0.7729125301840489,0.674620245498879,1.2156115814907433,0.6057120484494257,0.2324860427543852,0.2865556876540477,0.25231255188810175,3.41703785854563,11.59860087506777,5.28457080697445,0.5229692617105038,1.1070690299781176,1.873199332597834,3.2228229506448467,1.188997175374243,2.1392939311721824,223.4224,0.0,0.5229692617105038,1.1070690299781176,8085.714285714285
LOG00008,Idle 35,223.5,224.0,28.16272189349112,1.2995868284301575,21.721906253891284,22.18214990138067,75.0,1.304523297787205,4.214319526627219,11650.50718512257,8057.142857142857,0.0,0.0,1.368332929353534,1.296359928360476,0.7897059034204373,1.4840833567797955,1.6537381852134987,0.8293516084367322,1.21541817755219,1.3441325922760654,0.6611318802944114,0.28901568999088,0.37698797644361987,0.2854160907457228,8.654000837104233,8.829799937917613,6.942170319634108,0.9997308824573168,1.8383361034848495,3.2258815286803184,4.292096309471986,1.3328323355568772,1.917398767014356,223.671016,0.0,0.9997308824573168,1.8383361034848495,8342.857142857143
LOG00008,Idle 35,224.0,224.5,27.403747534516768,0.3269091390224001,19.954517999002338,22.267001972386584,77.0,1.2340046773787872,3.9009072978303747,11445.949563257254,8342.857142857143,0.0,0.0,1.2151245953755685,1.1940764199412277,0.6648056628851421,1.1581412163496256,1.2534831209554471,0.6386231569261556,1.0942375625588932,0.9326574940123459,0.5505376592452645,0.27035465456176855,0.28413159118263354,0.26489260438374196,8.250436312552091,5.244482335983305,6.400153209659435,0.7533024311599554,1.2430764471071087,2.3357271462598423,3.0180260539510617,1.2046464790440174,1.7134627777603442,224.470182,0.0,0.7533024311599554,1.2430764471071087,8500.0
LOG00008,Idle 35,224.5,225.0,29.962919132149903,2.069656271037633,17.495117766246047,22.18593688362919,79.0,1.6746900869592616,4.9885601577909275,12218.540433925049,8414.285714285714,0.0,0.0,1.3953525180468211,1.3227719567193348,0.5586227693225619,1.23859499076581,1.5434726601311517,0.520282787376793,1.0001925792810418,0.932515394851549,0.4878297360160839,0.28924469331534713,0.3460095264660169,0.2980692002073143,7.220370535010213,8.54310431804442,6.011020185731263,1.0442270838029717,1.7155526558902028,2.6153846153846154,3.6805367930252544,1.359546670604342,1.8510431083530214,224.872661,0.0,1.0442270838029717,1.7155526558902028,8557.142857142857
LOG00008,Idle 35,225.0,225.5,31.311660079051386,2.018257185363632,14.504498357951137,22.07681818181818,78.0,1.6753624879693858,4.680177865612648,12826.856295878037,8914.285714285714,0.0,0.0,1.026975189645059,1.0777584164231917,0.6171428988400858,0.9356203868987981,1.4159828077020533,0.5685083012032437,0.7619445072399399,1.1647906655101115,0.49757545010601856,0.2630432416266434,0.3664207107056335,0.29390827191185387,3.329730786217074,9.802458416479258,5.199889803699222,0.8045051182929686,1.747391109175116,2.2910722070042904,3.7847206861189586,1.0526730841808227,1.641419558527883,225.004862,0.0,0.8045051182929686,1.747391109175116,9100.0
LOG00008,Idle 35,225.5,226.0,28.14733727810651,0.3716902735060756,11.270453453648793,22.220769230769232,78.0,1.285165340310271,4.22759368836292,11677.845872076641,8885.714285714286,0.0,0.0,1.1253853293529303,1.3968900573131293,0.7641102504247683,1.2681385115280028,1.5605149424762406,0.6611326235228064,1.0029440850271125,1.187377824759526,0.4199138914200431,0.24313157519060105,0.3578861962319573,0.239015089024814,7.70237517330421,7.626803023136465,6.552549837510448,0.7163937995624452,1.8504408623848696,2.4854606802159247,3.560411296410223,1.2684230311183808,1.850939049690586,225.950991,0.0,0.7163937995624452,1.8504408623848696,9042.857142857143
LOG00008,Idle 35,226.0,226.5,29.625443786982242,0.8144428222689559,12.379781575250144,22.163431952662723,77.0,1.3580177810414995,4.4706903353057195,12156.311637080868,9757.142857142857,0.0,0.0,1.6058405569207783,1.3184818464195998,0.5789391058971977,2.547561292170205,1.4452980460294234,0.5977280427749654,1.730668586966313,1.3816100268163463,0.3749774302702575,0.2725523651425309,0.3396651325790697,0.26205038638095157,7.744414168319245,7.814884804436862,6.497844768108612,1.0772343520244703,1.4477262462750264,5.899553688865849,3.8813771727824196,1.4692035722781358,2.548980357467472,226.232167,0.0,1.0772343520244703,1.4477262462750264,10042.857142857143
LOG00008,Idle 35,226.5,227.0,30.899408284023668,0.2321744501791494,19.463347024760708,22.259309664694282,46.0,1.4188421412724481,4.892465483234715,12662.827557058325,10800.0,0.0,0.0,0.5601697797181613,1.505458097124178,0.6327739888457709,0.5462060801643036,1.7084497570507653,0.5863909967686854,0.32972836784769777,1.3181408498924507,0.4035091162396024,0.29363512521959084,0.3277803630540688,0.2439974587822027,8.555308245015931,8.962552887285742,7.090389463766653,0.9950152476809707,1.5784750641828227,2.1234113448988094,4.252856100300354,1.1358244284012922,2.0125649020064493,226.895153,0.0,0.9950152476809707,1.5784750641828227,11128.57142857143
LOG00008,Idle 35,229.0,229.5,58.79270216962525,30.056440760007128,15.756934649030212,21.435897435897434,110.0,7.056913901115311,14.875877712031556,18634.7280924204,10400.0,32.34714003944773,0.0,1.5567710847245142,2.376876083839964,0.8690957747958193,1.6025821395804456,2.8953727202313493,1.329287063018065,0.9147664144860445,1.955310656868637,1.1026488055932386,0.5210132760984978,0.9037371091132721,0.46799904621029775,4.204814739823288,10.85815810392333,5.442286836138406,1.725474943430684,3.550752402084886,2.940233054402522,7.2023445667631485,2.0091137509066956,4.85534751722554,229.499724,0.0,1.725474943430684,3.550752402084886,10751.42857142857
LOG00008,Idle 35,230.5,231.0,18.397435897435898,4.8682416191940785,24.131386705090595,22.16392504930966,149.0,1.237555354257859,2.502938856015779,7904.444914060297,3714.285714285714,0.0,0.0,2.1964364764369075,3.223138614522584,1.239151886095723,2.220256994482527,3.229499976488584,1.4741058065526043,1.5685556444525635,2.049783108984783,1.4066503565292596,0.3185137905204272,0.3945405285103468,0.3152263658876374,1.9640495879209114,6.083292047224285,5.134193488118503,1.154700525792827,1.79308237385688,5.904232427019473,8.185714211952632,2.7579843838797506,4.420112659464022,230.789181,0.0,1.154700525792827,1.79308237385688,3861.4285714285716
LOG00008,Idle 35,231.5,232.0,51.9163708086785,6.569118794801397,18.489236870373663,21.66786982248521,33.0,3.7121522862626515,12.864063116370808,18880.670611439844,13471.42857142857,0.0,0.0,1.9512971283252514,3.419670404030789,1.284891603633396,1.9319557818407325,4.523435825401892,1.2925787844907115,0.54573332502918,3.0570493034178243,0.02258959424874971,0.4498680241285794,0.5171506936849571,0.33901128232885025,3.201405327460417,2.853192436176741,5.694311417895833,2.04811286098716,2.676960441579598,5.250903932700888,9.88723401410648,2.784035394460215,4.8600392291308,231.500504,0.0,2.04811286098716,2.676960441579598,14898.57142857143
LOG00008,Idle 35,232.0,232.5,37.56942800788955,11.405884163817664,33.495784548042884,22.061380670611445,103.0,3.2325933220794663,7.646410256410255,14288.539025077485,10400.0,0.0,0.0,1.3657724233057502,2.5961572424646278,0.9309970458149944,2.0052611530642075,4.710750256713016,0.934401424052996,1.3622882252319088,3.4728527821010413,0.022688818057288933,0.3517380906012428,0.5279678267353954,0.38855432911231214,6.000356431010949,8.009775098504214,6.1906351062641995,1.4257291088580049,2.8499542294776723,6.20284976181536,11.857387281188663,2.0742910523675318,4.037996231916392,232.352908,0.0,1.4257291088580049,2.8499542294776723,10780.0
LOG00008,Idle 35,232.5,233.0,34.93735177865612,12.67788090073293,47.93206358417263,22.136245059288537,59.0,3.2483652478394376,5.864090909090909,14421.739130434782,6985.714285714285,0.0,0.0,1.2953285356376463,2.251956504359532,0.530881693538109,1.3273874512388009,2.5251243981083347,0.8033546498576684,0.5789462283341473,1.7679039158254553,0.6609663049542551,0.5852385582292023,0.7373696752162503,0.4174126432987239,4.967622830181938,6.8169495533102555,5.367178056601121,2.8226422516978618,4.061369925495715,5.359045399036362,8.83858322129083,1.837006275542407,3.1521814908641557,232.715969,0.0,2.8226422516978618,4.061369925495715,7257.142857142857
LOG00008,Idle 35,233.0,233.5,31.6181459566075,6.943132354912214,52.99365742705545,22.02852071005917,63.0,1.2767385746564357,5.299999999999999,12685.76359537898,8571.42857142857,0.0,0.0,1.8147251668835762,1.2313786232610664,0.6056952161686844,2.079006597115792,1.2108710937994818,0.607444665772215,1.1524487165853243,0.6541032155566526,0.0809073258741341,0.47088592842832516,0.8360316389734112,0.42813475949571084,4.937969896573766,7.688228686407235,5.978110794028342,2.19035411546254,5.054619114117479,5.172945856694414,6.06506470385378,1.5507289810190792,2.2458295984656558,233.499316,0.0,2.19035411546254,5.054619114117479,8842.857142857143
LOG00008,Idle 35,234.5,235.0,44.88323471400395,11.476923720962125,24.936771005486236,21.947021696252463,124.0,4.4634358479951395,10.303510848126233,16631.74133558749,11314.285714285714,0.0,0.0,3.4237722886937756,2.728293486248399,1.3944046336950706,4.162453061363389,2.9405207866813456,1.6212228237216406,2.1897115190261904,1.2580669717824662,1.711687719295897,0.5108964495689627,0.7328350680074891,0.49380565632831724,4.47591899052953,8.353306029068658,6.832289958590822,2.3043923381821614,3.8829019170564134,10.954451150103322,10.1581187591915,3.0956261104930687,6.770780990801871,234.500691,0.0,2.3043923381821614,3.8829019170564134,11428.57142857143
LOG00008,Idle 35,235.5,236.0,44.33570019723866,20.528094177132633,52.1480589096987,21.757534516765286,127.0,5.202151714400542,10.126094674556214,16483.67145674838,8657.142857142857,0.0,0.0,1.8646802115904182,2.6751218056302135,1.0456739635777597,1.8452331676736617,3.5360777978390936,1.1707520212786202,0.7711179323691268,2.7729895586302726,1.093587816229051,0.38772240477430286,0.7927044160758656,0.39964091994667433,4.254752667155108,6.830390690591097,5.541081661600809,1.4970306383523662,4.208445726036535,3.963840506148728,13.868642705510032,2.305787172144811,3.618055488107807,235.506992,0.0,1.4970306383523662,4.208445726036535,8822.857142857143
LOG00008,Idle 35,236.0,236.5,41.651084812623274,5.951378754506541,63.30193592791836,21.846627218934906,73.0,2.000462061435751,8.003589743589744,16042.378134685827,10714.285714285714,0.0,0.0,1.7431912580709605,3.4412036101815953,0.9487399812448762,1.975716393585982,4.515867390115385,1.0832372058600597,1.3054143262682867,3.12774983460437,0.869258431872401,0.37956792231368225,0.7400286424386946,0.395448216754863,3.9426603961220055,6.794735738532364,7.0556109601165025,1.6462925168637448,4.152894135707224,4.915860094975526,12.810252304406971,2.7276911526913983,5.323574347536176,236.106834,0.0,1.6462925168637448,4.152894135707224,11292.857142857143
LOG00008,Idle 35,238.5,239.0,40.325838264299804,13.78087256870575,25.221658811269535,21.98278106508876,59.0,4.652245098512601,8.034694280078897,15622.992392223161,8414.285714285714,0.0,0.0,3.3178452089393873,1.7783228390063268,0.5990523081808414,3.9279789235269753,2.586368437680188,0.7031862255521533,2.8016103753329498,1.6383642430854228,0.314299012840702,0.5370351430865534,1.0841737035229964,0.5587132079275101,4.062504989230707,6.696078477933938,7.682839793550983,2.511723559217507,6.417552062169429,7.891023037346734,8.707270987360925,2.6618160107540842,5.468978467689669,238.50027,0.0,2.511723559217507,6.417552062169429,8785.714285714286
LOG00008,Idle 35,240.0,240.5,47.053952569169965,6.587300198327738,45.20232727673614,21.82681818181818,147.0,4.492552077384805,12.10707509881423,16971.894409937886,9457.142857142857,0.0,0.0,10.011290217235675,6.618880777470131,1.8955594100525557,10.135617472644114,6.9347682807102,1.9650835305111127,1.5896700452097265,1.8065771710295162,0.6525599864840389,1.1703054914263318,1.0097033909884976,0.8449490466037684,5.04599600831765,5.3945065317643195,6.313407195850426,6.151859511810531,5.889644446108024,24.66142272357757,17.142508936798645,8.48632766749206,12.538862542564457,240.20903,0.7055335968379447,6.151859511810531,5.889644446108024,9975.0
LOG00008,Idle 35,240.5,241.0,35.218934911242606,2.0804045961619813,11.255422279272828,21.872899408284027,47.0,1.9904938922626434,5.860315581854043,13804.994364609747,10985.714285714286,0.0,0.0,1.1815482526849106,1.9192152971041943,0.7382540072550561,1.234418040495803,2.229845425126183,0.8067575826249069,0.8213482973468336,1.0276887998449165,0.46364245061783943,0.42865877280221637,0.5094436245912364,0.31999983969717183,5.898203197076717,10.774084341685088,6.290774364014724,2.0808928814212075,2.8153748880468794,3.8543502408438055,7.249974494956158,1.5936504682742554,6.029251135397453,240.500068,0.0,2.0808928814212075,2.8153748880468794,11371.42857142857
LOG00008,Idle 35,241.0,241.5,30.375345167652863,7.197369919394093,22.51098913348324,21.882781065088757,37.0,1.7505920634768484,4.2780867850098625,12488.391096083404,8700.0,0.0,0.0,1.0062692910431332,1.1943137787627154,0.5122570610371154,1.1118222527269912,1.2626596081990153,0.5122364221210508,0.7505890602100267,0.59062204784469,0.0006636493891152833,0.24120261097529755,0.4277431551781037,0.237445760843165,2.834427129703152,6.646500948596715,4.2721231910489195,0.8528125362835375,2.2346055923588417,2.7710108239040303,6.042910332447112,1.1043014281071373,1.8708685445086117,241.000262,0.0,0.8528125362835375,2.2346055923588417,8842.857142857143
LOG00008,Idle 35,241.5,242.0,28.23570019723866,7.937455688913883,31.326939100858993,22.059211045364894,83.0,1.7400012475590234,4.6998224852071,11352.387996618767,7285.714285714285,0.0,0.0,1.0276472521003035,1.6622756350957857,0.45869349112331365,1.2256448830869957,2.42772102403618,0.4586943981298482,0.7388586285882623,2.0182462348462082,1.138842939225543e-05,0.3739076833675244,0.6384715827419655,0.33720497106113856,3.95436102277906,6.937674193033664,4.457631257439058,1.7538535375613602,3.7407729585417226,3.2423479937879143,8.267232913100232,1.3818862402134269,2.6105510341032487,241.855633,0.0,1.7538535375613602,3.7407729585417226,7422.857142857143
LOG00008,Idle 35,242.0,242.5,38.15049309664695,2.010469332355725,43.25587637431506,21.88094674556213,57.0,1.9393919044812682,7.149644970414201,14857.572555649478,13271.42857142857,0.0,0.0,1.645450055059457,1.6665373523119593,0.7062041590058233,1.9997333920547955,1.766637399594322,0.8470908610124376,1.2485886184423374,1.192888541379494,0.5732593019143699,0.32280556982165565,0.3774106832854158,0.22705794636696114,2.9764224689579777,4.872279677088262,6.192067366002381,1.3407076237366948,1.9068103135007022,4.581069012128676,5.251467344487344,1.6560272688494784,2.221056056504223,242.29072,0.0,1.3407076237366948,1.9068103135007022,13471.42857142857
LOG00008,Idle 35,242.5,243.0,31.62667984189723,1.0979587799544328,47.17786787020134,21.935415019762853,70.0,1.577303606555056,4.969901185770751,12760.234330886504,10328.57142857143,0.0,0.0,0.8782639742825824,2.0124664075907526,1.0555286079637318,1.2653061162656007,2.393203835535629,1.2768802763480358,1.0509100067940922,1.801078896381305,1.2821889936577533,0.289825423295168,0.36863326165074983,0.2849698430770847,6.426306320580758,8.096573207553476,5.177712896169863,1.0820579447013756,1.935765923781811,3.8637874883255043,6.591106716404732,1.5526378602565163,2.485041620919804,242.607415,0.0,1.0820579447013756,1.935765923781811,10478.571428571428
LOG00008,Idle 35,243.0,243.5,27.39408284023669,1.8056574736836566,43.68865020758383,22.083136094674554,99.0,1.4502549078926854,4.057297830374754,11358.100873485491,6428.571428571428,0.0,0.0,1.074210604318827,1.261396714265034,0.8748877927341593,0.8399480142391003,1.3535885386336142,0.8511526089750527,0.7786018529070521,1.1515827686987,0.7704278650617145,0.3057072863053897,0.4248911662773552,0.36280598510046763,5.076780030324237,8.925687497604953,6.361642140037288,1.1519987576763675,2.0649974957480217,2.864115189467846,4.107288945911536,1.17154814096341,1.9994897500853193,243.489421,0.0,1.1519987576763675,2.0649974957480217,6600.0
LOG00008,Idle 35,243.5,244.0,25.602366863905324,2.383820032689362,35.71619345229847,22.146410256410256,99.0,1.3960030106236039,3.620927021696252,10737.461256692026,6557.142857142857,0.0,0.0,1.5050508792623056,1.1713338491456444,1.1091740764178275,1.5657318669730227,1.1767816995429121,1.1380677828139232,1.445926638070829,0.7145676130425025,1.204272960162857,0.3983201777709566,0.6642710041574925,0.3874882393124575,7.140153593026915,8.189202146973253,6.584569432350712,1.7111877191870108,3.7722475446410573,6.433854001883649,5.200326192166312,1.348554992449805,2.422439844934389,243.739026,0.0,1.7111877191870108,3.7722475446410573,6704.285714285715
LOG00008,Idle 35,244.0,244.5,26.324852071005918,6.318856109483555,29.626359053186693,22.010867850098617,111.0,1.9296501866489877,4.159230769230768,10685.967878275571,6300.0,0.0,0.0,2.0642287361563407,1.646771915587291,0.6889502500517002,2.477749327134095,1.8377808080326603,1.2064993392897287,1.9432068029525165,1.6117056808181622,0.883526503466423,0.3432313368398054,0.5814575585077927,0.3279470639212761,3.873790695407169,7.084993676930213,5.743192587269702,1.452223423909081,3.436716856834117,10.400936841433428,6.247997706879192,1.8672035262847806,3.2464507184573113,244.412856,0.0,1.452223423909081,3.436716856834117,6428.571428571428
LOG00008,Idle 35,244.5,245.0,30.386785009861935,1.370297380274346,28.485202574959455,21.917948717948715,112.0,1.8523151783245972,4.83465483234714,12392.34291349676,9200.0,0.0,0.0,1.172638191597947,1.3674977115384466,0.9143350667229382,1.4596871046260882,1.4142370279805168,0.9676908528347592,1.0483436449270682,0.6871219134627781,0.8676343086178399,0.31133552923670244,0.5108736348215858,0.31059577631611784,5.4306287476629835,7.5116850718082695,5.994057852280919,1.291205009928044,3.0258844860212357,4.608755923642311,5.195772822865186,1.2737994974596656,2.041692498789487,244.500661,0.0,1.291205009928044,3.0258844860212357,9342.857142857143
LOG00008,Idle 35,245.0,245.5,31.701185770750982,3.3059651705019872,25.69247459294352,21.894505928853757,78.0,2.05288588294126,5.312905138339921,12628.691417278373,9257.142857142857,0.0,0.0,1.2822876937350836,1.4562861057828846,0.7607980444919479,1.3939563646380035,1.246256493884409,0.5692550670107405,0.9768419554772367,0.6548374859896393,0.5244750746413084,0.399636488059934,0.4886901515988491,0.3405100323730079,5.320066676206551,8.008586016914489,4.813574774567118,1.845986878772932,2.7614839524971733,4.50976104289702,4.783659604265981,1.3720479130483596,1.9355552106913652,245.246513,0.0,1.845986878772932,2.7614839524971733,9414.285714285714
LOG00008,Idle 35,245.5,246.0,46.85976331360947,3.59981896640961,26.111083647120886,21.764457593688363,78.0,2.9394505700388605,10.571321499013806,17292.526063679907,13557.142857142857,0.0,0.0,1.4004128436952747,2.238340254027313,0.7668204791730996,1.5025184251149417,2.8820640292773048,0.8116920804436861,0.7710681013614427,1.8018289097798614,0.16731157230194912,0.33939673428312866,0.5800271954095847,0.3400372219821682,2.6493122970149856,4.084974794626349,7.7029747654017315,1.3928330280033898,3.112470874142383,5.051802654416698,7.68461153461057,1.8669926654362818,3.138506794389541,245.868057,0.0,1.3928330280033898,3.112470874142383,14185.714285714286
LOG00008,Idle 35,246.0,246.5,16.470808678500983,4.876439345184349,28.207070047990626,22.124950690335304,71.0,1.7032463660437271,1.635897435897436,7687.883910960833,4257.142857142857,0.0,0.0,2.0064757195976437,2.9465654295473724,0.9007566142332931,1.6629293673360948,2.463034201151427,1.1576694806255174,1.5069954563373302,2.2728864985878476,0.9132323036426188,0.38837346399180606,0.4702772036501935,0.35002511766434774,2.2352667186313004,3.0413534026123017,2.365911392050791,1.7362862662728642,2.339618557681022,5.048092185569113,6.695990734253968,2.520733290526645,3.8633621830539497,246.278474,0.0,1.7362862662728642,2.339618557681022,4451.428571428572
LOG00008,Idle 35,246.5,247.0,21.115976331360944,1.6232777805697558,28.933411793994225,22.085226824457596,62.0,0.8042754071757812,2.7810059171597628,9096.77373908143,7285.714285714285,0.0,0.0,0.9079032238316245,1.2338598024807292,0.7094687416800478,1.0326082312890132,1.1791256436001274,0.9725160185036402,0.8214984562448527,0.9216479421726105,0.9975069072743311,0.22872615238630584,0.29162014044228396,0.23437817884797366,1.177104967175477,4.717967458659645,3.7036971359991653,0.4261829925255394,1.145820537562999,3.75665090679224,3.337669763132919,1.0832124159234973,2.0493185506056113,246.502428,0.0,0.4261829925255394,1.145820537562999,7571.428571428572
LOG00008,Idle 35,247.0,247.5,27.855029585798817,4.409465047043356,32.575289927261785,22.060493096646947,59.0,1.8388001545718256,4.262564102564102,11292.885319808396,8457.142857142857,0.0,0.0,1.1117768194375846,1.1401069137178628,0.6854686249053568,1.5938219607426212,1.83166976392872,0.6733696710221809,1.2191992024750613,1.4238317564023095,0.5110549802796747,0.30649766199941464,0.4996287876925114,0.2948709588679231,4.888604560446475,8.677094376532967,4.935212297809643,1.1824994462373906,2.8470027238682287,3.564840358979608,5.448521866758394,1.1260309655924257,1.7207656332059005,247.401207,0.0,1.1824994462373906,2.8470027238682287,8800.0
LOG00008,Idle 35,249.5,250.0,21.871400394477316,4.801338428148677,26.068046113742955,22.042721893491123,95.0,1.6928413769204544,2.9905917159763313,9111.792054099746,5857.142857142857,0.0,0.0,1.7799985530835585,1.916463615769696,0.6000489556199984,1.6399230891137926,1.809017106877439,0.5331711408217448,0.3821627637166619,1.1148298528862446,0.4006493914993576,0.3064708134827375,0.37194493672240614,0.31060199525783994,3.836364550268526,6.464218392761231,4.5957454780899525,1.1833949073764152,1.787492539074561,5.42766672474929,5.7199605521322185,1.8494901513050317,2.645244115357759,249.799575,0.0,1.1833949073764152,1.787492539074561,6347.142857142857
LOG00008,Idle 35,250.0,250.5,29.828458498023718,5.728606911759905,13.918872126253298,21.97911067193676,69.0,2.065727079007403,4.740731225296442,12157.361660079052,8242.857142857143,0.0,0.0,2.4250418737805517,2.2383001863566334,0.653377800212466,2.208657250858062,2.8597156116636016,0.6535243297165526,0.49665124007108047,1.8607173236114318,0.006739624747616278,0.541610192530265,0.5247509135818992,0.3936137835787658,6.481574329519334,8.216274493872273,5.789796675757695,2.8441288775945828,2.945098960367594,6.892597851198046,7.42551950512209,2.3335397804444247,3.405275378295611,250.236629,0.0,2.8441288775945828,2.945098960367594,8446.428571428572
LOG00008,Idle 35,250.5,251.0,28.725641025641025,6.528101395030575,23.04138274063751,22.066272189349114,68.0,2.3773810347066244,4.986962524654832,11328.10650887574,8028.571428571428,0.0,0.0,1.355773082746576,1.6878763531275518,0.6581527431261753,1.3177878728341037,1.7215722267043971,0.6493143780755787,0.7718372973095371,1.1158422774374366,0.20697097974605513,0.4781477669525782,0.5778112312532061,0.38007528725118067,5.681886573043981,8.973221488674541,7.379474233751574,2.36851834153145,3.3049420136170102,4.735821775526012,6.4555833363854696,1.5308571512958549,2.283576957466405,250.713145,0.0,2.36851834153145,3.3049420136170102,8142.857142857143
LOG00008,Idle 35,252.5,253.0,31.998221343873517,3.9028084544888717,31.206854049037673,21.97304347826087,168.0,2.133374765361349,5.418596837944665,12618.153585544891,8000.0,0.0,0.0,5.007933290853376,6.771926583608114,1.4408862295730485,5.15205942963826,6.591653264669999,1.3121238961682418,0.9193250309087461,2.3730191789081285,0.6410555783052355,0.6048939824536455,0.8168379369952518,0.4814876065560215,6.9200135858470135,7.697453863452003,6.239126794336845,3.474162405039157,5.129261521481247,15.3129411285979,17.467021438833356,5.955601795764045,10.543063438820276,252.878677,0.383399209486166,3.474162405039157,5.129261521481247,8800.0
LOG00008,Idle 35,253.5,254.0,30.165483234714003,1.489215641880877,10.865853025366642,21.879802761341224,38.0,1.8088975820064332,4.274122287968442,12307.769794308255,10628.57142857143,0.0,0.0,0.8731629388310701,1.597939141346179,0.5780337515485575,0.727676770326736,2.2899872454603334,0.5780328956202319,0.47392218017308874,2.0670366105359794,1.3993829259850866e-05,0.26132733890090637,0.330813416230171,0.25883278509016094,6.140387642745911,9.493532504875164,5.8311696286513595,0.8565302693453735,1.4295041244922542,2.739512906790079,5.754853881313258,1.2875991257363983,2.2903004335471,253.53183,0.0,0.8565302693453735,1.4295041244922542,10780.0
LOG00008,Idle 35,254.0,254.5,32.30966469428008,1.5914482029394197,18.30671453888269,21.788027613412225,40.0,1.588321566316315,5.271952662721894,12933.685545224005,10828.57142857143,0.0,0.0,1.6124324640093446,1.0882603153484716,0.9530383491627283,1.705316700079622,1.053038786410011,1.0451703454215133,1.5228981467979334,0.8010170230859609,0.6600827683704472,0.2720136851409319,0.4049991329848858,0.2720626046553046,7.380385869221632,12.00401586945907,5.9412636843035855,1.175001909186423,2.112737958070977,5.285348734246734,3.5216994283875684,1.375545158283363,2.2248467912935275,254.271719,0.0,1.175001909186423,2.112737958070977,11042.857142857143
LOG00008,Idle 35,254.5,255.0,26.217554240631163,1.1970655831538906,24.545081257969738,22.000808678500984,119.0,1.2091547486979606,3.510118343195266,10877.4584389969,9000.0,0.0,0.0,1.6292566515159879,1.4389076977189874,1.4555488865925548,1.4909287078844147,1.286183455793322,0.9251041290850898,1.2982202665397984,0.9891734403441481,1.2874736346480122,0.31271197311622045,0.3619521996848365,0.2996972578485894,5.981440243408462,8.984464832624925,5.153874238241342,1.10972373711801,1.812042685875161,6.444115704961769,3.7292489633134918,1.5370316520917913,2.2286399785619992,254.64366,0.0,1.10972373711801,1.812042685875161,9114.285714285714
LOG00008,Idle 35,255.0,255.5,29.949604743083,1.7645862591288524,24.050828326984558,21.766363636363636,100.0,1.5540931370636102,4.555079051383399,12067.236024844722,9242.857142857143,0.0,0.0,1.5562971555520784,1.7559951953181578,0.8343131953532166,1.517680918500534,1.939284113064559,0.9026584874735147,0.9729765500638415,0.9184093343278781,0.8343876279016883,0.34301627351831443,0.36463281634844863,0.295304302114308,5.565122774358425,6.468646028084998,4.29507305518565,1.3879786909035559,1.946106942136149,4.795625476975347,5.385531781465036,1.6591533929025293,2.651898642090961,255.40826,0.0,1.3879786909035559,1.946106942136149,9357.142857142857
LOG00008,Idle 35,255.5,256.0,35.13786982248521,4.877168338775079,12.537902440056122,21.974437869822488,116.0,2.2360311919068616,6.034911242603552,13862.130177514793,10257.142857142857,0.0,0.0,1.2984110808939362,2.3628803656166295,0.9066338476112011,1.1667125729005758,3.1752908037132688,0.8439327076809757,0.5392247173425583,1.8374412139239427,0.601109084142642,0.3999431260064866,0.4665904047661917,0.3595875420979328,5.241737045469315,7.579804523522322,6.606439766556743,1.8754538012161461,2.5479775412782875,4.698398736839532,7.407682988518248,1.9064462957561565,3.5646543167712275,255.629253,0.0,1.8754538012161461,2.5479775412782875,10471.42857142857
LOG00008,Idle 35,257.0,257.5,29.49861932938856,1.5116438493505124,12.661719810693347,21.958520710059172,12.0,1.4992778947304737,4.189783037475345,12088.75035221189,10114.285714285714,0.0,0.0,0.7764699464425769,1.0645420436076405,0.5734511428779024,0.6389853693329425,1.1942491909704345,0.5734519145493854,0.39743540192656657,1.0227930918143775,9.776090460009987e-06,0.2524717934402681,0.29063446675399945,0.23347590276385755,7.805537962572221,11.527103923382567,6.705468338998766,0.7787827316531951,1.3323412602476448,1.901935067759251,3.295146152400599,0.9317068584959728,1.3243227266390587,257.209764,0.0,0.7787827316531951,1.3323412602476448,10480.0
LOG00008,Idle 35,257.5,258.0,26.719960474308298,1.266135696985439,14.925195285476862,22.077747035573122,7.0,1.14635897052919,3.4762450592885377,11103.338509316769,9742.857142857143,0.0,0.0,0.8326002847738844,0.6886288448915188,0.603530790167055,0.6415763427270141,0.6904849180414594,0.6035307901859511,0.5349645332819577,0.5152711415942148,2.1713116479293376e-10,0.22146589063891134,0.24310536727189824,0.20573426526768512,3.525484609218442,8.332155582292396,3.4088361966583323,0.572868861445079,0.8206559613792698,1.5140971298358223,1.641242178756098,0.7640133900077212,0.988519940036977,257.941821,0.0,0.572868861445079,0.8206559613792698,9900.0
LOG00008,Idle 35,258.0,258.5,24.616173570019722,0.7070612804358567,16.327442208682815,22.03552268244576,29.0,0.9927910598490678,3.286804733727811,10360.960834037756,9100.0,0.0,0.0,0.7794601226359723,0.7765651622598169,0.4239234885539513,0.7713615624509836,0.642192861850262,0.4239234886734146,0.49038017303943415,0.6004246739580041,1.29074824191286e-09,0.2383036407280695,0.2343483781367098,0.20566882308333512,1.485323116337965,6.777888135883961,2.0725757975695553,0.5118986433010974,0.8147071204678853,1.6245163139956058,2.795812591597884,0.7780139889537013,1.0338564233863823,258.342383,0.0,0.5118986433010974,0.8147071204678853,9242.857142857143
LOG00008,Idle 35,258.5,259.0,27.700394477317552,2.4415776906614246,16.465841094366034,21.90171597633136,30.0,1.4574662855380993,4.005719921104537,11360.728374189912,9528.57142857143,0.0,0.0,0.9046954976475857,1.013697036998344,0.5092837136227647,0.8196873563631122,0.7103095217905736,0.5092774224692911,0.6389959294215181,0.5633908112063974,5.277021904709593e-05,0.24651596437055642,0.3008525500064946,0.2083883761584499,4.578803666014579,8.424372254459191,3.9973221471378317,0.7829283352422048,1.144662277412585,2.0448617474232704,2.6202819909375323,0.9607433648698894,1.4647429518136597,258.843579,0.0,0.7829283352422048,1.144662277412585,9657.142857142857
LOG00008,Idle 35,259.0,259.5,29.04358974358974,0.7387107841480993,13.602753484912435,21.95733727810651,17.0,1.4378128540595783,4.189585798816568,11897.900817131587,10257.142857142857,0.0,0.0,0.8852566497413474,1.0950406262497576,0.47792922421461553,0.8461372209414934,0.9133681897399234,0.510111329849706,0.5793698538638595,0.6727773614588538,0.2484147842524577,0.27732042013440616,0.3031271539424342,0.23497156396416122,7.953114859230374,9.663603416443971,6.381036790097412,0.912857998994654,1.3818041637544802,1.9220510084010423,2.4886329350873697,0.9956890350527962,1.2791818415592873,259.410878,0.0,0.912857998994654,1.3818041637544802,10437.142857142857
LOG00008,Idle 35,261.5,262.0,28.655029585798818,1.1514802021439245,11.090852586961608,22.022011834319525,13.0,1.273677592666859,4.221104536489152,11735.841081994928,9242.857142857143,0.0,0.0,1.0291740327506347,0.9273144865522888,0.5739942309656099,1.0373391570105075,0.8433936841193594,0.5800840115714329,0.6183599624237409,0.25720322788168615,0.05287493619211779,0.26430221205004,0.32451953294697705,0.24307185354248922,8.409835743577718,8.569043467872486,6.4559097618457555,0.8726206618889807,1.4213168919884254,2.488236624401668,2.425212733912992,0.9795691263657553,1.3987946384751093,261.732386,0.0,0.8726206618889807,1.4213168919884254,9532.857142857143
LOG00008,Idle 35,262.0,262.5,29.839053254437868,1.7704158492329554,13.152478162151912,21.924595660749507,32.0,1.4604411378443687,4.514418145956607,12177.04987320372,10200.0,0.0,0.0,1.7799489854367783,0.6736514762339813,0.6697329606756164,1.7816543493261716,0.5852573602343405,0.6708092539409508,0.9625869878491721,0.3516329307451592,0.46019142621199577,0.27560924396550734,0.25777755547983594,0.2551696602747064,8.469166783663914,9.817677777160519,6.692323940538155,0.9366897392337199,1.235238714788833,4.466398767320038,2.205426336435608,1.3457385894351175,3.0439945817867913,262.414138,0.0,0.9366897392337199,1.235238714788833,10471.42857142857
LOG00008,Idle 35,262.5,263.0,26.908300395256923,0.3406142392213187,15.275933983480149,22.079584980237154,26.0,1.1196069727736053,4.005553359683795,11143.12535290796,10300.0,0.0,0.0,1.2253032027220971,0.6558867104351868,0.6404816067235573,1.1131538269388674,0.5592518484863775,0.6199772733794404,0.6458956318750719,0.3519420567914761,0.4236494554939945,0.2141423015998639,0.25735119272266743,0.212578289195863,2.8940680826379355,7.296228459354986,3.1442420342658384,0.5375025206730162,0.8594587625322478,2.615324253054791,1.7003835884370582,0.9827398728876628,2.886611836313965,262.500961,0.0,0.5375025206730162,0.8594587625322478,10400.0
LOG00008,Idle 35,263.0,263.5,27.43175542406312,0.1852485811809471,16.683850333781688,21.903057199211045,26.0,1.1341628872044411,3.8727810650887573,11307.95998872922,10300.0,0.0,0.0,1.3229867500579686,0.8991296376641729,0.6345862077637883,1.4899130348667564,0.8525516926209709,0.6546049073449449,0.6527314804694366,0.5905555313882446,0.5602978743239654,0.24185513088253835,0.28844711520761646,0.20880697258361053,4.3150521046068295,8.438326629477721,3.3147425609748464,0.5846368200136618,0.971729171505602,2.857220342708103,2.24179415327122,1.1310897502309563,2.657702179179652,263.024859,0.0,0.5846368200136618,0.971729171505602,10457.142857142857
LOG00008,Idle 35,263.5,264.0,26.9552268244576,0.9480111527768672,17.882325368713207,21.920611439842208,34.0,1.1457448520598854,3.8320118343195264,11211.996336996337,9671.42857142857,0.0,0.0,0.6077913016652042,0.9714674814615751,0.6907141154123441,0.5101467323424846,0.9315264764837633,0.7288362536233073,0.39303182435983375,0.7619557972918402,0.6812245982664652,0.2316032501805168,0.2667390282763592,0.2411375392480826,4.771236772126869,7.190329606976366,3.4991111344050045,0.6703994621976934,0.9653776128151019,1.5845655954338849,2.6153846153846154,0.8102960366178458,1.3419169250967455,263.558624,0.0,0.6703994621976934,0.9653776128151019,9880.0
LOG00008,Idle 35,264.0,264.5,22.86923076923077,0.8764956223147286,17.350658399063782,21.93461538461538,31.0,0.9286059331247156,2.956094674556213,9783.875739644971,8342.857142857143,0.0,0.0,0.6580796518311844,0.845560226978523,0.6151558703078982,0.5656933890954193,0.8913581289381142,0.685773058041961,0.3528468798708814,0.6831736264393599,0.5659800012445517,0.23095223557650077,0.2594774719049871,0.246581560209721,1.2780034000318994,6.539801177321373,2.6310098510331184,0.552260502787684,0.8163119664461949,1.7736844723611551,2.2027417020425157,0.7576413813943322,1.1554943739937888,264.173292,0.0,0.552260502787684,0.8163119664461949,8514.285714285714
LOG00008,Idle 35,264.5,265.0,27.446442687747037,4.061692874357758,16.114062000251284,22.002984189723318,45.0,1.6640170812005204,3.9530632411067192,11272.819028797288,8514.285714285714,0.0,0.0,1.4091017591555184,0.8129975504307628,0.6803676439242059,1.3046667089861588,0.7958034896431239,0.6628351590913898,0.9971254221707825,0.32481695144273626,0.14181789384846033,0.35029778758315105,0.4602871929107751,0.3016744745747038,5.094636984191988,8.331066330278311,5.052289628779656,1.3423752199752952,2.4620904954536393,3.603358117550927,3.424799119927723,1.1503331657962392,1.8643993681419568,264.776121,0.0,1.3423752199752952,2.4620904954536393,8678.571428571428
LOG00008,Idle 35,265.0,265.5,25.62702169625247,1.265238322742391,14.856672207959734,21.947435897435895,63.0,1.1082224702003796,3.48447731755424,10716.582135812905,8414.285714285714,0.0,0.0,1.139604372950387,0.7598869817690544,0.47177019895792355,1.198828819733059,0.6486950710736261,0.6686619755371623,1.0325684215442237,0.3555933123317738,0.4981367153954298,0.27987464925213573,0.32246583548385105,0.24463931341215542,4.5076410214635505,8.421968301756623,3.956206334449594,0.892781352377124,1.511785664099441,3.2396093952096403,2.3617597824962986,0.9685366157016805,1.529477320553566,265.037576,0.0,0.892781352377124,1.511785664099441,8628.57142857143
