elapsed_s,time,rcCommand[3],setpoint[0],setpoint[1],setpoint[2],gyroADC[0],gyroADC[1],gyroADC[2],gyroUnfilt[0],gyroUnfilt[1],gyroUnfilt[2],accSmooth[0],accSmooth[1],accSmooth[2],motor[0],motor[1],motor[2],motor[3],eRPM[0],eRPM[1],eRPM[2],eRPM[3],vbatLatest,amperageLatest
241.800495,294897054,1349,-1,-10,0,-2,-11,0,0,-6,7,-454,-8,3763,788,859,764,878,1034,1068,980,1068,2194,635
241.801482,294898041,1349,-1,-10,0,-3,-11,0,-5,-3,-7,-496,-28,3748,785,851,772,880,1027,1064,987,1071,2194,635
241.802468,294899027,1349,-1,-10,0,-3,-11,0,-6,-16,-5,-432,-53,3787,790,845,776,876,1031,1079,997,1068,2194,635
241.803455,294900014,1349,-1,-10,0,-3,-11,0,-5,-21,5,-378,-29,3817,792,839,781,873,1024,1079,980,1079,2239,635
241.804442,294901001,1349,-1,-10,0,-3,-11,0,-1,-9,5,-434,-7,3757,793,841,777,873,1031,1064,1000,1079,2239,635
241.805428,294901987,1349,-1,-10,0,-3,-11,0,-1,1,-5,-531,-40,3728,796,842,779,871,1027,1083,1007,1071,2239,635
241.806415,294902974,1350,-1,-10,0,-3,-11,0,-4,-8,-6,-478,-67,3744,800,844,782,870,1017,1087,990,1079,2239,635
241.807401,294903960,1351,-1,-10,0,-3,-10,0,-6,-22,7,-395,-35,3778,802,861,770,873,1020,1068,1000,1064,2239,635
241.808388,294904947,1352,-1,-10,0,-3,-10,0,-3,-13,3,-410,-23,3750,803,864,771,877,1038,1071,1000,1071,2239,635
241.809375,294905934,1353,-1,-10,0,-3,-10,0,-1,-2,-4,-516,-53,3741,801,857,781,883,1031,1071,984,1083,2239,635
241.810361,294906920,1354,-1,-10,0,-3,-10,0,-6,-4,-5,-491,-64,3741,801,853,787,885,1034,1079,990,1071,2239,625
241.811348,294907907,1354,-1,-10,0,-4,-11,0,-4,-17,7,-410,-44,3770,805,839,803,883,1042,1071,984,1087,2239,625
241.812334,294908893,1354,-1,-10,0,-4,-11,0,-1,-16,3,-365,-57,3777,806,842,799,883,1042,1095,1000,1079,2239,625
241.813321,294909880,1355,-1,-10,0,-3,-11,0,-3,-8,-5,-476,-63,3781,813,854,787,877,1024,1060,1000,1099,2239,625
241.814307,294910866,1355,-1,-10,0,-3,-11,0,-4,-3,-4,-476,-63,3781,815,850,791,876,1031,1087,1003,1087,2239,625
241.815294,294911853,1355,-1,-10,0,-3,-10,0,-2,-11,5,-491,-34,3790,812,859,782,878,1031,1091,1017,1099,2239,625
241.81628,294912839,1355,-1,-10,0,-3,-10,0,-3,-17,3,-402,-21,3825,809,870,771,880,1027,1068,993,1091,2239,625
241.817267,294913826,1355,-1,-10,0,-3,-10,0,-1,-10,-5,-360,-32,3833,808,863,777,880,1038,1087,1017,1091,2239,625
241.818253,294914812,1355,-1,-10,0,-2,-10,0,-1,-1,-3,-427,-47,3813,810,865,775,879,1042,1071,1014,1091,2239,625
241.81924,294915799,1356,-1,-10,0,-3,-10,0,-6,-10,7,-421,-46,3841,810,863,779,880,1042,1099,1000,1087,2239,625
241.820227,294916786,1357,-1,-11,0,-3,-10,0,-3,-17,3,-284,-81,3898,807,855,791,890,1045,1091,1003,1087,2239,625
241.821213,294917772,1358,-1,-11,0,-3,-9,1,-3,-13,-6,-289,-71,3892,802,863,786,901,1042,1091,1000,1099,2239,625
241.8222,294918759,1358,-1,-11,0,-3,-10,1,1,-1,-1,-432,-52,3838,811,857,795,897,1024,1103,1007,1091,2239,625
241.823186,294919745,1359,-1,-11,0,-3,-11,1,-2,-8,8,-432,-65,3854,829,848,807,884,1042,1103,1010,1091,2199,625
241.824173,294920732,1360,-1,-11,0,-2,-11,1,-3,-17,1,-309,-110,3921,843,864,793,873,1038,1103,1010,1095,2199,625
241.82516,294921719,1360,-1,-11,0,-1,-10,0,-2,-16,-7,-344,-96,3937,842,880,779,875,1045,1079,1020,1071,2199,625
241.826146,294922705,1360,-1,-11,0,-1,-10,1,2,-4,1,-344,-96,3937,833,886,772,884,1049,1091,1020,1099,2199,625
241.827133,294923692,1361,-1,-11,0,-2,-10,1,-3,-3,10,-447,-30,3893,830,876,783,888,1053,1095,1007,1095,2199,625
241.828119,294924678,1361,0,-11,0,-2,-11,1,-3,-15,0,-364,-61,3928,829,862,796,889,1049,1115,1027,1091,2199,625
241.829106,294925665,1361,0,-11,0,-2,-11,1,-2,-22,-9,-243,-95,3979,827,857,800,892,1064,1095,1014,1111,2199,625
241.830092,294926651,1361,0,-11,0,-2,-10,1,2,-6,3,-376,-75,3955,825,860,796,892,1038,1107,1014,1095,2199,715
241.831079,294927638,1361,0,-10,0,-1,-10,1,-2,-1,11,-501,-12,3903,825,867,789,892,1049,1099,1027,1103,2199,715
241.832065,294928624,1361,0,-10,0,-2,-11,1,-2,-13,-1,-397,-45,3925,833,853,803,884,1064,1095,1024,1103,2199,715
241.833052,294929611,1361,0,-10,0,-1,-11,1,1,-19,-10,-291,-78,3965,840,855,801,880,1053,1091,1020,1099,2199,715
241.834039,294930598,1362,0,-10,0,0,-10,1,3,-10,5,-436,-56,3938,838,877,779,885,1056,1103,1020,1119,2199,715
241.835025,294931584,1362,0,-10,0,-1,-11,1,-3,-1,11,-534,-3,3891,838,875,782,886,1060,1107,1038,1099,2199,715
241.836012,294932571,1362,0,-10,0,0,-10,1,0,-7,-4,-463,-55,3918,836,876,783,889,1064,1099,1020,1111,2199,715
241.836998,294933557,1363,0,-10,0,0,-10,1,0,-19,-9,-439,-74,3949,829,882,777,896,1060,1083,1014,1103,2199,715
241.837985,294934544,1363,0,-10,0,-1,-10,1,1,-14,7,-578,-30,3939,825,876,782,901,1045,1103,1014,1075,2199,715
241.838971,294935530,1363,0,-10,0,0,-10,1,2,-4,12,-578,-30,3939,833,873,784,895,1056,1091,1017,1115,2199,715
241.839958,294936517,1363,0,-10,0,1,-11,1,-1,-9,-7,-541,-33,3952,849,870,787,878,1056,1107,1020,1115,2199,715
241.840945,294937504,1363,0,-10,0,1,-12,1,-1,-19,-9,-437,-89,3993,862,855,802,865,1045,1099,1031,1091,2199,715
241.841931,294938490,1363,0,-10,0,1,-11,1,2,-13,7,-471,-84,4018,856,857,800,870,1056,1083,1027,1124,2199,715
241.842918,294939477,1363,0,-10,0,0,-11,0,2,-3,10,-556,-38,3991,840,867,791,885,1060,1124,1020,1103,2275,715
241.843904,294940463,1363,0,-10,0,0,-11,1,-1,-7,-7,-492,-70,3992,835,865,792,890,1053,1128,1031,1095,2275,715
241.844891,294941450,1363,0,-10,0,1,-11,1,-1,-19,-8,-405,-97,4023,835,865,792,890,1045,1103,1020,1124,2275,715
241.845877,294942436,1363,0,-10,0,1,-11,1,0,-17,9,-497,-48,4034,836,868,789,890,1064,1091,1024,1107,2275,715
241.846864,294943423,1364,1,-10,0,1,-11,1,5,-6,9,-533,-20,4025,838,868,790,889,1056,1119,1020,1115,2275,715
241.847851,294944410,1364,1,-10,0,1,-12,1,-1,-7,-8,-464,-47,4028,848,863,797,881,1064,1107,1014,1111,2275,715
241.848838,294945397,1364,1,-10,0,1,-13,1,2,-17,-7,-422,-57,4044,862,856,805,868,1064,1095,1024,1119,2275,715
241.849824,294946383,1364,1,-10,0,2,-12,0,3,-15,7,-487,-24,4046,866,865,798,865,1075,1095,1020,1119,2275,737
241.85081,294947369,1365,1,-10,0,3,-11,0,7,-7,7,-513,-24,4047,857,889,775,875,1068,1119,1034,1103,2275,737
241.851797,294948356,1365,1,-10,0,3,-11,0,-2,-8,-8,-451,-76,4072,846,897,768,885,1064,1103,1031,1099,2275,737
241.852784,294949343,1365,1,-10,0,3,-11,0,4,-13,-5,-451,-76,4072,846,888,778,886,1060,1124,1020,1111,2275,737
241.85377,294950329,1365,1,-10,0,3,-11,0,3,-14,6,-423,-34,4115,847,888,780,885,1071,1119,1020,1103,2275,737
241.854757,294951316,1365,1,-10,0,3,-11,0,6,-8,6,-410,3,4144,847,882,787,885,1068,1103,1034,1107,2275,737
241.855743,294952302,1366,1,-10,0,3,-10,0,-2,-7,-7,-424,16,4130,840,883,788,892,1071,1119,1017,1128,2275,737
241.85673,294953289,1366,1,-10,0,3,-10,0,1,-10,-2,-441,-50,4108,834,891,780,898,1075,1115,1031,1103,2275,737
241.857716,294954275,1366,1,-10,0,2,-10,0,5,-12,3,-468,-36,4121,827,882,789,905,1064,1128,1017,1115,2275,737
241.858703,294955262,1366,1,-10,0,2,-9,0,7,-8,3,-452,-3,4141,824,885,787,909,1079,1103,1034,1111,2275,737
241.85969,294956249,1366,1,-10,0,3,-9,0,0,-10,-6,-419,-3,4142,833,893,781,902,1064,1103,1024,1124,2275,737
241.860676,294957235,1367,1,-10,0,3,-10,-1,2,-10,-1,-454,-49,4130,850,887,789,885,1075,1103,1027,1115,2275,737
241.861663,294958222,1367,1,-10,0,3,-11,-1,7,-12,0,-454,-60,4158,865,884,794,871,1079,1119,1042,1128,2275,737
241.862649,294959208,1367,1,-10,0,4,-11,-1,5,-10,1,-459,-33,4164,867,886,794,870,1064,1119,1014,1115,2275,737
241.863637,294960196,1368,1,-10,0,3,-11,-1,0,-10,-2,-485,-24,4136,860,887,795,877,1083,1124,1034,1107,2197,737
241.864622,294961181,1368,1,-10,0,4,-11,-1,2,-7,0,-505,-40,4115,858,889,793,878,1071,1115,1020,1115,2197,737
241.865609,294962168,1368,1,-10,0,4,-10,-1,5,-12,-2,-462,-38,4153,858,894,789,879,1079,1115,1031,1128,2197,737
241.866595,294963154,1368,1,-10,0,4,-10,-1,3,-13,0,-462,-38,4153,852,895,787,885,1091,1111,1020,1124,2197,737
241.867582,294964141,1368,1,-10,0,3,-10,-1,0,-11,2,-456,-57,4158,842,895,787,895,1068,1119,1034,1124,2197,737
241.868568,294965127,1368,1,-10,0,3,-10,-1,1,-7,-1,-504,-67,4133,838,886,796,899,1083,1103,1031,1115,2197,737
241.869599,294966158,1368,1,-10,0,2,-11,-1,6,-11,-6,-502,-101,4136,846,867,816,890,1091,1115,1031,1136,2197,737
241.870542,294967101,1368,1,-10,0,3,-11,-1,6,-12,-3,-483,-74,4146,851,875,808,885,1068,1115,1027,1141,2197,692
241.871528,294968087,1368,1,-10,0,4,-10,-2,1,-12,5,-540,-57,4129,850,894,790,885,1079,1115,1034,1124,2197,692
241.872515,294969074,1368,1,-10,0,3,-10,-2,0,-8,-1,-568,-106,4123,847,898,789,887,1071,1128,1038,1128,2197,692
241.873501,294970060,1369,1,-10,0,3,-11,-1,3,-10,-9,-531,-120,4154,846,891,799,890,1079,1115,1031,1128,2197,692
241.874488,294971047,1369,1,-10,0,2,-11,-2,4,-13,-3,-523,-97,4170,844,882,811,894,1071,1132,1024,1128,2197,692
241.875474,294972033,1370,1,-10,0,2,-10,-2,0,-9,9,-583,-70,4158,836,884,812,903,1091,1124,1031,1119,2197,692
241.876461,294973020,1370,1,-10,0,2,-9,-2,-1,-5,-2,-558,-113,4183,828,902,796,912,1087,1119,1038,1103,2197,692
241.87745,294974009,1370,1,-10,0,2,-9,-1,2,-9,-10,-506,-110,4207,826,907,792,915,1064,1111,1031,1128,2197,692
241.878434,294974993,1371,1,-10,0,1,-10,-1,2,-17,0,-524,-56,4193,831,885,813,913,1091,1128,1020,1124,2197,692
241.879421,294975980,1371,1,-10,0,1,-10,-1,3,-9,11,-579,-44,4156,840,874,825,906,1079,1128,1045,1128,2197,692
241.880407,294976966,1371,1,-10,0,2,-10,-1,1,-5,-3,-579,-44,4156,847,887,813,902,1060,1115,1042,1119,2197,692
241.881394,294977953,1372,1,-10,0,3,-9,-1,4,-8,-12,-566,-114,4172,857,908,793,895,1083,1128,1031,1111,2197,692
241.88238,294978939,1372,1,-10,0,4,-9,-1,5,-16,1,-501,-91,4207,867,920,782,887,1079,1128,1027,1124,2197,692
241.883367,294979926,1372,1,-10,0,3,-10,-1,2,-10,13,-529,-14,4212,868,914,789,887,1064,1132,1053,1141,2204,692
241.884354,294980913,1373,1,-10,0,3,-10,-1,-1,-5,-3,-557,-18,4205,864,894,809,892,1071,1103,1034,1128,2204,692
241.88534,294981899,1373,1,-10,0,2,-10,0,5,-5,-12,-569,-93,4208,854,891,812,904,1071,1128,1038,1124,2204,692
241.886327,294982886,1373,1,-10,0,2,-9,0,5,-15,4,-612,-80,4184,841,905,799,919,1060,1115,1042,1115,2204,692
241.887313,294983872,1374,1,-10,0,2,-8,0,0,-9,14,-675,-45,4144,833,911,794,929,1071,1119,1038,1124,2204,692
241.8883,294984859,1374,1,-10,0,2,-9,0,-1,-7,-5,-667,-96,4140,835,904,801,930,1091,1141,1053,1124,2204,692
241.889286,294985845,1374,2,-10,0,1,-10,0,4,-7,-12,-638,-126,4142,847,886,820,920,1079,1103,1053,1145,2204,692
241.890273,294986832,1375,2,-10,0,1,-10,1,3,-17,9,-674,-57,4136,860,876,828,909,1079,1136,1034,1128,2204,862
241.89126,294987819,1375,2,-10,0,2,-10,1,4,-8,12,-675,-48,4122,867,884,820,904,1068,1115,1045,1136,2204,862
241.892246,294988805,1375,2,-10,0,2,-9,1,0,-4,-9,-664,-125,4120,864,901,803,908,1091,1128,1045,1128,2204,862
241.893233,294989792,1375,2,-10,0,3,-9,1,0,-6,-10,-664,-125,4120,857,913,791,916,1091,1141,1064,1107,2204,862
241.894219,294990778,1375,2,-10,0,2,-9,1,3,-17,12,-657,-107,4108,851,902,802,923,1079,1132,1049,1128,2204,862
241.895206,294991765,1376,2,-10,0,1,-9,1,2,-8,11,-671,-23,4096,844,895,809,932,1083,1128,1042,1145,2204,862
241.896193,294992752,1376,2,-10,0,1,-8,1,-1,-2,-10,-643,-74,4103,841,897,806,937,1087,1128,1042,1128,2204,862
241.897179,294993738,1376,2,-10,0,2,-8,1,5,-4,-8,-623,-139,4129,842,900,802,937,1068,1128,1049,1154,2204,862
241.898166,294994725,1376,2,-10,0,2,-7,1,3,-12,13,-614,-103,4159,843,910,793,935,1075,1128,1053,1128,2204,862
241.899152,294995711,1376,2,-10,0,2,-7,1,1,-8,6,-564,-116,4190,844,921,783,935,1079,1141,1049,1132,2204,862
241.900139,294996698,1376,2,-10,0,2,-7,1,0,-3,-11,-557,-163,4211,846,914,791,934,1091,1128,1053,1141,2204,862
241.901125,294997684,1377,2,-10,0,2,-7,1,4,-5,-3,-588,-179,4200,852,911,797,929,1091,1128,1049,1154,2204,862
241.902112,294998671,1377,2,-10,0,3,-7,1,3,-11,12,-542,-120,4208,857,916,793,925,1079,1141,1031,1128,2204,862
241.903098,294999657,1377,2,-10,0,3,-7,0,4,-9,1,-516,-151,4213,858,919,792,925,1087,1115,1031,1149,2199,862
241.904085,295000644,1378,2,-10,0,3,-7,0,0,-7,-12,-559,-186,4216,860,913,798,923,1091,1128,1031,1128,2199,862
241.905072,295001631,1378,2,-10,0,3,-8,0,2,-8,2,-559,-186,4216,867,901,812,917,1071,1136,1042,1136,2199,862
241.906058,295002617,1378,2,-10,0,2,-9,0,3,-12,10,-583,-150,4214,876,888,828,909,1079,1115,1042,1145,2199,862
241.907045,295003604,1379,3,-10,0,2,-9,0,5,-9,-4,-486,-133,4256,878,887,832,909,1083,1124,1031,1115,2199,862
241.908031,295004590,1379,3,-9,0,3,-8,0,1,-7,-10,-473,-137,4266,871,902,819,918,1071,1119,1034,1141,2199,862
241.909018,295005577,1380,3,-9,0,3,-8,0,1,-7,6,-563,-127,4226,865,913,812,925,1091,1141,1049,1132,2199,862
241.910004,295006563,1380,3,-9,0,3,-9,0,2,-15,7,-534,-99,4207,868,904,823,923,1091,1154,1053,1128,2199,795
241.910991,295007550,1380,3,-9,0,2,-10,0,1,-15,-8,-472,-119,4217,877,885,842,915,1079,1124,1034,1136,2199,795
241.911977,295008536,1381,3,-9,0,2,-11,0,2,-7,-7,-507,-138,4217,884,871,857,909,1091,1124,1031,1128,2199,795
241.912964,295009523,1381,3,-9,0,2,-11,-1,3,-3,8,-570,-109,4194,879,869,859,912,1095,1145,1031,1136,2199,795
241.913951,295010510,1381,3,-9,0,1,-10,-1,0,-11,3,-453,-119,4215,867,882,848,924,1087,1124,1053,1136,2199,795
241.914937,295011496,1381,4,-9,0,1,-9,0,-1,-13,-10,-409,-139,4227,847,900,829,944,1099,1136,1042,1149,2199,795
241.915924,295012483,1381,4,-8,0,1,-8,0,2,-8,-1,-530,-129,4198,832,912,817,959,1103,1128,1053,1132,2199,795
241.91691,295013469,1381,4,-8,0,1,-8,-1,-2,-6,10,-556,-98,4189,832,906,823,959,1083,1141,1049,1132,2199,795
241.917897,295014456,1381,4,-8,0,0,-9,0,-1,-14,-1,-450,-118,4223,847,886,843,943,1087,1145,1053,1141,2199,795
241.918883,295015442,1381,4,-8,0,0,-10,0,1,-15,-11,-480,-105,4231,862,866,861,927,1083,1154,1053,1115,2199,795
241.91987,295016429,1380,4,-8,0,0,-10,0,5,-3,4,-480,-105,4231,867,864,860,920,1079,1136,1038,1154,2199,795
241.920857,295017416,1380,4,-8,0,1,-9,-1,0,0,8,-561,-38,4204,862,884,837,920,1099,1119,1049,1141,2199,795
241.921843,295018402,1379,4,-8,0,2,-7,-1,0,-11,-7,-464,-88,4219,849,920,799,930,1091,1128,1056,1167,2199,795
241.92283,295019389,1379,4,-8,0,2,-6,-1,0,-16,-9,-421,-110,4241,839,938,779,938,1087,1145,1064,1158,2199,795
241.923816,295020375,1379,4,-8,0,2,-7,0,3,-6,10,-557,-72,4231,839,921,794,938,1095,1132,1060,1154,2163,795
241.924803,295021362,1378,4,-8,0,1,-9,0,0,-5,6,-534,-92,4241,849,878,835,926,1083,1128,1053,1149,2163,795
241.925789,295022348,1378,4,-8,0,0,-10,0,-1,-10,-10,-425,-142,4274,862,849,863,914,1091,1154,1056,1172,2163,795
241.926776,295023335,1378,4,-8,0,1,-10,0,3,-12,-7,-465,-129,4286,865,853,857,910,1107,1128,1068,1163,2163,795
241.927763,295024322,1378,4,-8,0,2,-8,0,6,-3,11,-579,-75,4278,855,886,824,921,1075,1136,1056,1167,2163,795
241.928749,295025308,1378,4,-8,0,3,-7,0,1,-5,2,-515,-131,4292,845,923,788,930,1091,1115,1060,1141,2163,795
241.929736,295026295,1378,4,-8,0,3,-7,-1,0,-13,-13,-445,-162,4310,849,928,783,925,1095,1132,1056,1167,2163,795
241.930722,295027281,1378,4,-8,0,3,-8,-1,5,-14,-2,-561,-100,4304,858,912,800,915,1099,1141,1064,1163,2163,872
241.931709,295028268,1378,4,-8,0,3,-9,-1,3,-3,12,-619,-43,4305,864,891,822,908,1111,1128,1064,1158,2163,872
241.932696,295029255,1378,4,-8,0,3,-9,-1,3,-2,-2,-619,-43,4305,862,882,831,906,1071,1149,1053,1154,2163,872
241.933682,295030241,1377,4,-8,0,3,-8,-1,4,-8,-13,-561,-82,4321,854,893,817,912,1079,1141,1060,1145,2163,872
241.934669,295031228,1377,4,-8,0,4,-7,-1,7,-8,2,-565,-71,4327,841,914,792,923,1091,1136,1049,1167,2163,872
241.935655,295032214,1376,4,-8,0,4,-5,-1,4,-2,11,-655,5,4320,829,939,765,934,1087,1145,1049,1167,2163,872
241.936642,295033201,1376,4,-8,0,4,-5,-1,2,-7,-4,-630,-20,4317,825,936,767,935,1103,1154,1049,1145,2163,872
241.937628,295034187,1376,4,-8,0,4,-6,-1,4,-12,-11,-601,-71,4306,836,911,792,923,1095,1154,1053,1136,2163,872
241.938615,295035174,1375,4,-8,0,4,-7,-1,7,-8,2,-658,-31,4295,853,887,814,905,1087,1132,1045,1145,2163,872
241.939601,295036160,1375,4,-8,0,4,-8,-1,6,-2,8,-666,-2,4299,861,877,823,894,1095,1149,1053,1149,2163,872
241.940588,295037147,1374,4,-8,0,4,-8,-1,0,-6,-6,-602,-28,4279,861,883,815,892,1099,1136,1053,1158,2163,872
241.941575,295038134,1374,4,-8,0,5,-7,-1,7,-8,-8,-616,-84,4247,854,892,805,896,1099,1149,1060,1154,2163,872
241.942561,295039120,1374,4,-8,0,5,-7,-1,3,-9,2,-661,-20,4236,844,901,796,904,1071,1128,1053,1154,2163,872
241.943548,295040107,1373,4,-8,0,4,-6,-1,5,-5,6,-639,-8,4255,834,902,794,913,1103,1141,1053,1163,2327,872
241.944534,295041093,1373,4,-8,0,4,-6,-1,1,-9,-5,-566,-47,4262,827,901,795,920,1079,1149,1042,1149,2327,872
241.945521,295042080,1373,4,-8,0,4,-6,-1,3,-6,-5,-572,-43,4252,826,894,798,918,1095,1128,1064,1167,2327,872
241.946508,295043067,1372,4,-8,0,4,-7,-1,7,-6,0,-579,-10,4262,831,876,812,909,1095,1154,1042,1163,2327,872
241.947494,295044053,1371,4,-8,0,4,-7,0,8,-4,5,-578,-12,4258,833,874,808,904,1079,1132,1064,1158,2327,872
241.948481,295045040,1370,4,-8,0,4,-7,-1,0,-10,-1,-605,-68,4248,837,878,799,897,1091,1132,1053,1154,2327,872
241.949467,295046026,1369,4,-8,0,5,-7,0,4,-8,-2,-605,-68,4248,844,883,791,888,1083,1145,1053,1149,2327,872
241.950454,295047013,1369,4,-8,0,5,-8,0,7,-10,-2,-582,-27,4264,848,877,794,884,1083,1128,1060,1163,2327,715
241.95144,295047999,1369,4,-8,0,4,-8,0,7,-6,6,-547,-7,4298,850,865,804,881,1091,1128,1053,1167,2327,715
241.952427,295048986,1368,4,-8,0,5,-8,0,2,-5,2,-538,0,4289,843,868,798,886,1083,1141,1049,1158,2327,715
241.953413,295049972,1368,4,-7,0,5,-7,0,6,-2,-4,-549,-51,4279,833,879,784,894,1099,1132,1053,1158,2327,715
241.9544,295050959,1367,4,-7,0,5,-7,0,9,-9,-5,-511,-54,4297,831,891,769,894,1095,1145,1053,1158,2327,715
241.955386,295051945,1366,4,-7,0,6,-6,0,7,-7,7,-513,-22,4304,828,894,763,895,1075,1141,1053,1141,2327,715
241.956373,295052932,1366,4,-7,0,5,-6,0,4,-6,4,-549,-13,4261,829,885,770,894,1095,1128,1045,1145,2327,715
241.95736,295053919,1366,4,-7,0,6,-6,0,4,-4,-4,-535,-53,4244,831,882,773,891,1091,1136,1042,1154,2327,715
241.958346,295054905,1365,4,-7,0,6,-6,1,8,-10,-6,-479,-58,4279,830,881,772,892,1091,1119,1053,1141,2327,715
241.959333,295055892,1365,4,-7,0,6,-6,1,10,-8,10,-497,-24,4272,833,879,772,891,1075,1128,1053,1136,2327,715
241.960319,295056878,1365,4,-7,0,6,-7,1,3,-3,5,-496,-35,4254,840,876,774,885,1079,1141,1042,1154,2327,715
241.961306,295057865,1365,4,-7,0,6,-7,1,4,-4,-7,-452,-88,4265,849,869,781,877,1091,1115,1053,1128,2327,715
241.962292,295058851,1365,4,-7,0,6,-7,1,8,-13,-6,-433,-69,4276,850,870,781,877,1083,1128,1042,1141,2327,715
241.963279,295059838,1365,4,-7,0,6,-7,1,9,-10,11,-433,-69,4276,846,871,780,882,1075,1128,1042,1154,2255,715
241.964266,295060825,1365,4,-7,0,6,-7,0,1,-2,4,-483,-40,4230,840,874,778,887,1087,1145,1034,1145,2255,715
241.965252,295061811,1364,4,-7,0,7,-6,0,6,0,-11,-464,-108,4213,833,881,770,888,1075,1132,1053,1149,2255,715
241.966239,295062798,1363,5,-6,0,6,-6,0,8,-12,-5,-391,-144,4238,828,877,767,884,1064,1128,1042,1154,2255,715
241.967225,295063784,1361,5,-6,0,6,-6,0,7,-9,12,-425,-86,4239,822,860,777,881,1068,1128,1042,1145,2255,715
241.968212,295064771,1360,5,-6,0,5,-7,0,-2,-4,1,-449,-52,4207,819,833,795,876,1083,1115,1045,1128,2255,715
241.969198,295065757,1358,5,-5,0,4,-7,-1,4,-1,-13,-417,-152,4218,810,821,802,878,1083,1136,1042,1145,2255,715
241.970185,295066744,1357,5,-5,0,4,-7,0,6,-11,-4,-378,-154,4240,801,827,792,882,1091,1128,1034,1132,2255,727
241.971172,295067731,1356,5,-5,0,4,-5,-1,7,-7,11,-433,-89,4221,791,848,769,888,1071,1115,1042,1145,2255,727
241.972158,295068717,1355,5,-5,0,4,-5,-1,0,-1,-1,-465,-86,4195,783,858,757,890,1087,1128,1031,1141,2255,727
241.973145,295069704,1354,5,-4,0,4,-5,-1,0,-3,-14,-423,-171,4216,786,841,771,880,1068,1111,1034,1119,2255,727
241.974131,295070690,1353,5,-4,0,3,-6,-2,3,-14,1,-398,-125,4232,788,816,793,873,1091,1115,1027,1141,2255,727
241.975118,295071677,1352,6,-4,0,2,-6,-1,6,-8,8,-432,-44,4190,788,804,800,868,1071,1111,1020,1141,2255,727
241.976105,295072664,1352,6,-4,0,2,-6,-2,1,0,-2,-465,-78,4158,785,813,790,869,1079,1119,1014,1145,2255,727
241.977094,295073653,1351,6,-4,0,3,-5,-2,0,0,-13,-497,-139,4139,785,827,775,866,1079,1099,1049,1115,2255,727
241.978078,295074637,1351,6,-4,0,3,-4,-2,4,-8,3,-522,-75,4125,781,838,764,868,1064,1115,1031,1124,2255,727
241.979064,295075623,1350,6,-3,0,3,-4,-1,5,-5,6,-501,-27,4101,773,844,755,874,1068,1095,1038,1119,2255,727
241.980051,295076610,1349,6,-3,0,2,-3,-1,0,-2,-1,-501,-27,4101,770,835,759,874,1064,1107,1034,1128,2255,727
241.981037,295077596,1348,6,-2,0,3,-4,-1,2,-1,-11,-463,-77,4113,777,824,766,864,1079,1107,1038,1132,2255,727
241.982024,295078583,1347,6,-2,0,3,-4,-1,7,-4,4,-498,-101,4094,790,825,761,849,1064,1103,1038,1115,2255,727
241.983011,295079570,1347,6,-2,0,3,-3,-1,2,-7,4,-518,-30,4064,790,826,757,847,1079,1107,1027,1119,2255,727
241.983999,295080558,1346,6,-2,0,3,-3,-1,0,-2,-1,-510,-21,4048,785,816,764,850,1064,1079,1024,1103,2196,727
241.984984,295081543,1346,6,-1,0,2,-3,0,2,1,-7,-514,-65,4048,781,805,773,854,1068,1111,1024,1124,2196,727
241.98597,295082529,1344,6,-1,0,2,-4,0,5,0,3,-509,-39,4008,781,792,780,851,1064,1091,1034,1136,2196,727
241.986957,295083516,1343,6,-1,0,2,-3,0,3,-4,2,-473,9,3974,777,791,775,849,1068,1087,1024,1111,2196,727
241.987943,295084502,1342,6,-1,0,3,-2,0,1,-4,1,-438,-35,3962,766,812,749,855,1053,1083,1020,1124,2196,727
241.98893,295085489,1341,6,0,0,3,-1,0,2,0,-3,-504,-69,3927,758,817,737,860,1060,1099,1020,1119,2196,727
241.989917,295086476,1340,6,0,0,3,-2,0,7,2,2,-512,-24,3886,764,809,742,851,1068,1107,1020,1124,2196,727
241.990903,295087462,1339,6,0,0,3,-2,0,3,-5,0,-512,-24,3886,779,799,748,835,1053,1075,1020,1111,2196,592
241.99189,295088449,1338,7,0,0,4,-2,0,4,-5,2,-473,9,3890,786,795,748,825,1064,1083,1010,1115,2196,592
241.992876,295089435,1337,7,0,0,4,-2,0,3,1,1,-477,-18,3898,784,801,736,822,1042,1079,1031,1107,2196,592
241.993863,295090422,1336,7,0,0,5,-2,0,8,4,-2,-523,-58,3877,778,799,731,822,1053,1068,1003,1103,2196,592
241.994849,295091408,1334,7,1,0,5,-2,0,5,-4,0,-511,-24,3857,775,794,731,821,1064,1079,1010,1107,2196,592
241.995836,295092395,1333,7,1,0,5,-1,1,6,-4,4,-456,-23,3870,766,803,717,826,1049,1079,1010,1115,2196,592
241.996825,295093384,1333,8,1,0,6,0,1,3,2,2,-519,-35,3857,760,808,708,830,1042,1091,1007,1099,2196,592
241.997809,295094368,1332,8,1,0,6,0,1,7,7,-3,-536,-36,3817,757,800,715,833,1045,1075,1003,1103,2196,592
241.998795,295095354,1332,8,1,0,6,0,1,4,-2,-1,-457,-30,3831,755,797,717,835,1042,1075,1000,1103,2196,592
241.999782,295096341,1331,8,1,0,6,0,1,7,-5,5,-435,-44,3837,753,792,720,838,1049,1091,1014,1103,2196,592
242.000769,295097328,1331,8,1,0,6,1,1,8,3,2,-513,-48,3801,748,797,716,844,1053,1068,1003,1091,2196,592
242.001755,295098314,1331,8,1,0,7,1,1,8,7,-6,-513,-48,3801,751,811,703,841,1049,1068,993,1115,2196,592
242.002742,295099301,1331,8,1,0,7,1,0,6,0,-1,-529,-40,3771,760,812,704,832,1031,1064,993,1099,2196,592
242.003728,295100287,1331,8,1,0,7,1,1,6,-8,7,-439,-55,3789,768,802,715,825,1042,1064,997,1091,2328,592
242.004715,295101274,1331,8,1,0,7,1,0,11,5,1,-454,-58,3780,768,794,723,825,1034,1060,990,1111,2328,592
242.005745,295102304,1329,8,1,0,8,2,0,7,9,-5,-530,-44,3724,756,798,710,828,1031,1060,987,1087,2328,592
242.006688,295103247,1326,8,1,0,7,2,0,7,0,-1,-519,-42,3702,743,793,700,825,1049,1075,990,1099,2328,592
242.007675,295104234,1323,8,1,0,7,1,0,7,-8,6,-425,-36,3716,738,772,705,814,1020,1075,984,1083,2328,592
242.008661,295105220,1320,8,1,0,8,1,0,10,1,1,-445,-43,3689,736,769,693,801,1024,1064,974,1103,2328,592
242.009648,295106207,1318,9,2,0,8,1,0,8,11,-6,-544,-24,3628,733,760,691,794,1031,1056,984,1083,2328,592
242.010634,295107193,1316,9,2,0,8,1,0,9,3,0,-518,-24,3617,733,760,683,786,1020,1068,984,1071,2328,625
242.011621,295108180,1314,9,2,0,9,2,0,7,-11,7,-441,-18,3634,734,769,668,778,1017,1060,980,1087,2328,625
242.012607,295109166,1312,9,2,0,9,1,0,13,0,-1,-473,-17,3606,734,753,674,769,1014,1060,987,1075,2328,625
242.013594,295110153,1309,9,2,0,9,1,0,11,11,-6,-531,-16,3566,732,742,673,760,1010,1060,980,1083,2328,625
242.014581,295111140,1307,9,2,0,9,1,0,8,4,2,-468,-35,3567,727,738,667,755,1010,1064,971,1075,2328,625
242.015567,295112126,1305,9,2,0,10,1,0,9,-10,6,-394,-55,3575,719,735,661,753,1000,1064,958,1075,2328,625
242.016554,295113113,1303,9,2,0,10,1,0,12,-2,-2,-394,-55,3575,713,744,647,754,1010,1042,968,1083,2328,625
242.01754,295114099,1302,9,2,0,10,1,0,12,10,-7,-449,-41,3530,709,738,650,754,1010,1064,955,1060,2328,625
242.018527,295115086,1301,9,2,0,10,1,0,7,5,2,-513,-32,3489,707,726,657,750,1000,1042,952,1068,2328,625
242.019514,295116073,1299,9,2,0,10,1,-1,8,-9,6,-431,-61,3472,700,721,654,746,1003,1042,965,1060,2328,625
242.0205,295117059,1296,9,2,0,10,1,0,14,-4,-4,-375,-83,3432,695,717,649,741,1007,1024,946,1064,2328,625
242.021487,295118046,1294,9,2,0,10,1,0,12,7,-7,-442,-49,3358,692,719,639,736,1007,1045,938,1064,2328,625
242.022473,295119032,1293,9,2,0,10,1,-1,6,5,3,-517,-29,3313,688,719,634,735,1000,1042,949,1060,2328,625
242.023462,295120021,1292,9,2,0,10,1,-1,9,-6,6,-451,-84,3304,687,715,635,731,1000,1031,949,1053,2211,625
242.024446,295121005,1291,9,2,0,10,1,0,11,-7,-2,-459,-104,3267,688,707,641,728,990,1024,935,1045,2211,625
242.025433,295121992,1289,9,2,0,10,0,0,9,3,-9,-567,-87,3218,681,691,650,730,977,1020,932,1056,2211,625
242.026419,295122978,1287,10,2,0,10,0,0,13,8,3,-567,-87,3218,674,680,652,727,984,1010,935,1038,2211,625
242.027406,295123965,1284,10,2,0,10,0,0,7,-2,6,-553,-12,3229,668,677,643,724,974,1014,923,1042,2211,625
242.028392,295124951,1282,11,3,0,10,0,0,8,-7,0,-429,-65,3273,658,670,641,724,987,1007,917,1027,2211,625
242.029379,295125938,1280,11,3,0,10,0,0,10,1,-11,-412,-84,3254,652,661,643,722,968,1010,935,1038,2211,625
242.030366,295126925,1279,12,3,0,10,0,0,15,8,0,-499,-72,3223,646,658,641,724,974,1010,920,1031,2211,365
242.031352,295127911,1278,12,3,0,9,1,-1,6,4,7,-475,-26,3214,640,656,641,727,962,993,917,1042,2211,365
242.032339,295128898,1276,12,3,0,10,1,-1,9,-6,1,-372,-67,3218,640,653,639,720,971,987,909,1017,2211,365
242.033325,295129884,1274,12,4,0,10,1,-1,9,-2,-11,-387,-66,3145,642,652,633,709,962,980,906,1020,2211,365
242.034312,295130871,1272,12,4,0,10,1,-1,13,6,-4,-486,-54,3091,644,645,632,698,962,990,909,1024,2211,365
242.035299,295131858,1270,12,5,0,10,1,-1,10,5,5,-468,6,3082,649,641,630,686,958,974,901,1014,2211,365
242.036285,295132844,1269,13,5,0,10,0,-2,11,-4,3,-381,-30,3079,653,637,631,675,952,980,901,1007,2211,365
242.037272,295133831,1268,13,5,0,11,0,-2,8,-1,-7,-411,-37,2985,658,638,629,667,949,977,909,1010,2211,365
242.038258,295134817,1267,13,5,0,11,1,-1,12,3,-7,-487,-24,2918,659,643,622,663,940,962,906,1010,2211,365
242.039245,295135804,1266,13,6,0,11,1,-1,16,5,3,-487,-24,2918,656,636,624,661,952,968,893,1000,2211,365
242.040231,295136790,1264,13,7,0,12,1,-1,15,0,5,-454,28,2912,655,630,623,655,935,952,904,990,2211,365
242.041218,295137777,1262,14,7,0,12,2,-1,10,-3,-1,-375,-6,2922,653,629,616,650,932,943,893,1000,2211,365
242.042204,295138763,1261,14,8,0,13,2,-1,10,4,-8,-399,-35,2842,654,629,612,643,929,949,893,980,2211,365
242.043191,295139750,1260,14,8,0,13,3,-1,17,9,0,-462,-42,2776,655,631,606,639,935,938,893,984,2211,365
242.044178,295140737,1259,14,9,0,14,3,-1,18,4,3,-420,29,2764,650,634,599,643,926,935,893,974,2215,365
242.045164,295141723,1257,14,9,0,14,4,-1,15,0,3,-364,14,2792,644,631,599,644,926,929,882,958,2215,365
242.046151,295142710,1256,15,10,0,14,5,-1,9,7,-6,-391,-27,2724,635,623,598,646,909,920,877,968,2215,365
242.047137,295143696,1254,15,10,0,14,5,-1,11,9,-1,-454,-54,2644,630,616,597,643,909,923,885,952,2215,365
242.048124,295144683,1252,15,11,0,14,5,-1,19,9,-1,-437,3,2619,628,605,600,639,912,915,880,958,2215,365
242.04911,295145669,1250,15,12,0,14,6,0,22,3,3,-361,23,2658,626,605,594,636,906,909,870,949,2215,365
242.050097,295146656,1249,15,12,0,15,7,0,12,5,-1,-352,9,2628,625,609,586,634,909,901,870,943,2215,365
242.051084,295147643,1248,16,12,0,15,7,-1,9,13,-4,-407,-57,2551,624,611,582,633,906,906,865,935,2215,192
242.05207,295148629,1247,16,13,0,16,8,-1,14,16,1,-414,-36,2523,616,616,572,635,909,898,870,946,2215,192
242.053057,295149616,1245,16,13,0,16,9,-1,21,9,-1,-343,36,2556,605,616,563,637,906,906,855,935,2215,192
242.054043,295150602,1243,16,14,0,16,10,-1,22,5,2,-315,38,2564,596,612,558,637,896,893,862,926,2215,192
242.05503,295151589,1241,16,15,0,16,11,0,9,15,-3,-315,38,2564,586,608,554,639,896,904,850,923,2215,192
242.056017,295152576,1239,16,15,0,16,12,-1,8,20,0,-398,-54,2478,581,604,552,639,901,888,847,926,2215,192
242.057003,295153562,1238,16,15,0,16,13,-1,17,17,0,-445,-78,2418,580,602,551,637,898,888,845,917,2215,192
242.05799,295154549,1237,16,16,0,16,14,-1,26,10,-2,-413,-36,2421,579,604,548,636,893,885,847,912,2215,192
242.058976,295155535,1237,16,16,0,16,15,-1,22,11,-1,-423,-54,2396,577,611,541,638,877,877,838,909,2215,192
242.059963,295156522,1237,16,16,0,16,16,-1,9,24,-2,-520,-152,2297,573,621,532,641,877,882,833,912,2215,192
242.060949,295157508,1236,16,16,0,17,16,-1,10,26,2,-560,-169,2243,574,630,525,641,882,882,826,909,2215,192
242.061936,295158495,1236,16,16,0,17,17,-1,21,19,-2,-492,-86,2254,575,638,518,641,872,865,836,909,2215,192
242.062923,295159482,1236,16,16,0,18,18,-1,27,12,-3,-421,-4,2272,571,646,512,646,865,865,826,906,2215,192
242.063911,295160470,1236,16,16,0,18,20,-1,21,17,-3,-421,-4,2272,564,651,509,654,867,857,829,904,2256,192
242.064896,295161455,1236,16,16,0,18,20,-1,8,27,2,-466,-37,2215,561,647,512,656,855,862,817,898,2256,192
242.065882,295162441,1234,16,17,0,18,20,-1,9,27,4,-500,-116,2170,565,630,519,643,850,867,815,901,2256,192
242.066869,295163428,1231,16,18,0,18,20,-1,25,18,-4,-448,-51,2187,568,614,520,626,845,867,802,893,2256,192
242.067855,295164414,1228,17,20,0,18,21,-1,31,16,-5,-377,59,2219,567,607,511,613,840,870,804,885,2256,192
242.068842,295165401,1225,17,21,0,18,21,-1,19,18,-2,-357,68,2197,564,597,509,603,843,860,813,893,2256,192
242.069829,295166388,1223,17,21,0,18,22,0,9,29,6,-414,-63,2142,564,582,515,594,838,862,798,885,2256,192
242.070815,295167374,1221,17,22,0,19,22,0,10,29,4,-438,-79,2121,565,576,514,588,831,857,796,890,2256,335
242.071802,295168361,1219,17,23,0,19,23,0,27,22,-4,-400,33,2132,562,579,504,583,833,870,798,890,2256,335
242.072788,295169347,1217,17,23,0,19,23,0,32,18,-6,-361,102,2131,557,576,497,579,836,860,779,882,2256,335
242.073775,295170334,1215,17,24,0,19,23,0,18,19,-2,-365,13,2088,553,564,499,574,824,850,785,872,2256,335
242.074761,295171320,1213,18,25,0,19,24,0,6,27,7,-414,-116,2039,551,551,504,568,822,852,796,862,2256,335
242.075748,295172307,1212,18,26,0,19,24,0,11,30,5,-442,-86,2029,547,543,508,566,820,852,789,870,2256,335
242.076785,295173344,1210,18,26,0,19,24,0,28,28,-6,-442,-86,2029,544,542,506,565,820,840,769,862,2256,335
242.077721,295174280,1210,18,26,0,19,25,-1,32,20,-8,-394,-11,2045,544,541,505,563,809,840,773,870,2256,335
242.078707,295175266,1209,18,27,0,19,25,-1,18,19,-3,-356,-41,2018,546,535,510,557,813,838,759,857,2256,335
242.079694,295176253,1208,18,27,0,19,25,-1,5,26,7,-350,-194,1969,544,531,512,555,809,826,759,855,2256,335
242.080681,295177240,1206,18,28,0,19,26,-1,9,35,7,-430,-231,1929,536,536,503,560,806,826,748,852,2256,335
242.081667,295178226,1206,18,29,0,19,27,-1,27,35,-7,-470,-91,1949,528,540,496,565,804,813,758,833,2256,335
242.082654,295179213,1205,18,29,0,19,27,-1,32,23,-7,-412,-6,1969,528,536,498,564,800,813,754,843,2256,335
242.083641,295180200,1204,18,30,0,18,27,-1,18,19,-3,-372,-77,1909,530,525,507,562,809,813,744,833,2174,335
242.084627,295181186,1204,18,30,0,18,27,0,6,23,6,-427,-189,1832,530,523,508,561,802,809,748,831,2174,335
242.085614,295182173,1203,18,30,0,18,28,-1,12,38,8,-427,-189,1832,529,530,499,560,811,800,735,833,2174,335
242.0866,295183159,1202,19,31,0,19,29,-1,24,41,-6,-500,-87,1815,531,533,493,554,802,806,732,826,2174,335
242.087587,295184146,1201,19,32,0,18,29,-1,32,31,-7,-508,49,1853,533,521,501,547,796,813,752,826,2174,335
242.088573,295185132,1200,19,33,0,18,29,-1,16,20,-4,-412,92,1850,530,508,511,546,802,796,737,826,2174,335
242.08956,295186119,1199,19,34,0,18,30,-1,6,21,6,-356,-37,1746,524,510,506,549,796,796,735,813,2174,335
242.090547,295187106,1198,19,34,0,19,31,-1,11,36,5,-396,-101,1648,527,517,497,545,800,796,726,813,2174,197
242.091533,295188092,1198,19,34,0,19,31,-1,25,44,-4,-448,0,1672,533,511,502,538,796,798,730,806,2174,197
242.092519,295189078,1197,19,35,0,18,31,-1,29,40,-7,-449,59,1740,530,501,509,539,767,798,721,806,2174,197
242.093506,295190065,1196,19,36,0,18,32,-1,18,27,-2,-352,9,1744,516,501,506,548,777,773,737,811,2174,197
242.094493,295191052,1195,19,36,0,18,34,-1,9,21,3,-269,-129,1659,508,513,491,552,771,781,723,806,2174,197
242.095479,295192038,1194,20,37,0,19,34,-1,12,30,5,-283,-97,1596,513,522,480,543,767,759,732,806,2174,197
242.096466,295193025,1193,20,37,0,19,34,-1,26,43,-7,-362,-3,1646,524,520,481,529,779,769,719,798,2174,197
242.097452,295194011,1193,20,38,0,19,34,-1,26,48,-4,-362,-3,1646,522,509,493,529,744,758,713,798,2174,197
242.098439,295194998,1192,20,38,0,18,35,-1,18,38,-3,-395,16,1715,510,504,497,539,756,744,714,798,2174,197
242.099426,295195985,1192,20,39,0,19,36,-1,11,28,5,-326,-63,1701,505,509,490,543,756,754,718,806,2174,197
242.100412,295196971,1191,20,40,0,19,37,-1,17,28,2,-233,-138,1588,511,514,482,535,750,754,711,798,2174,197
242.101399,295197958,1191,20,41,0,20,37,-1,26,40,-5,-229,-76,1510,521,517,478,523,746,756,716,798,2174,197
242.102385,295198944,1190,20,42,0,20,38,-1,29,52,-4,-312,-29,1562,519,512,481,524,748,750,703,813,2174,197
242.103374,295199933,1190,20,42,0,19,39,0,18,50,0,-381,-39,1659,511,503,489,534,754,752,708,796,2174,197
242.104358,295200917,1189,20,42,0,20,39,0,13,38,5,-341,-125,1687,511,500,489,534,761,739,698,796,2227,197
242.105345,295201904,1189,21,43,0,21,40,-1,18,29,1,-258,-117,1567,520,511,479,524,750,743,703,789,2227,197
242.106332,295202891,1189,21,43,0,21,40,-1,28,36,-4,-241,-55,1468,523,518,472,518,732,733,704,787,2227,197
242.107318,295203877,1188,21,44,0,21,41,-1,27,46,-7,-309,-25,1480,515,515,474,526,739,759,693,767,2227,197
242.108305,295204864,1188,21,45,0,20,41,0,18,55,2,-415,-94,1600,502,505,481,540,735,735,706,759,2227,197
242.109291,295205850,1188,21,45,0,20,42,0,12,49,5,-440,-146,1666,499,505,478,545,733,739,704,769,2227,197
242.110278,295206837,1187,21,45,0,21,43,-1,20,41,4,-366,-103,1579,503,516,468,540,739,726,704,773,2227,197
242.111264,295207823,1187,21,45,0,22,43,-1,28,34,-3,-295,-24,1440,505,525,460,537,739,728,693,761,2227,172
242.112251,295208810,1187,21,46,0,21,44,0,28,41,-5,-339,-22,1378,497,518,465,543,714,746,698,763,2227,172
242.113237,295209796,1186,21,46,0,20,44,1,18,50,-1,-432,-107,1473,488,504,475,552,728,719,679,763,2227,172
242.114224,295210783,1186,21,47,0,21,45,1,14,57,6,-432,-107,1473,489,507,467,553,728,732,699,767,2227,172
242.115211,295211770,1185,21,47,0,22,46,0,19,52,2,-458,-114,1552,495,523,449,544,718,723,682,765,2227,172
242.116197,295212756,1185,21,47,0,22,47,0,29,43,-1,-393,-40,1495,499,534,439,538,728,721,698,765,2227,172
242.117186,295213745,1185,21,48,0,22,47,0,28,40,-4,-316,51,1330,493,526,445,543,709,725,676,759,2227,172
242.11817,295214729,1184,21,48,0,21,47,1,20,43,-1,-326,27,1258,486,513,457,551,718,719,683,752,2227,172
242.119157,295215716,1184,21,48,0,21,48,1,14,53,4,-384,-64,1362,488,509,458,549,706,728,683,750,2227,172
242.120186,295216745,1184,21,48,0,22,48,0,19,58,2,-409,-45,1482,496,517,449,539,718,728,668,761,2227,172
242.12113,295217689,1183,21,49,0,23,48,0,29,56,-1,-389,9,1464,499,524,443,532,699,723,668,759,2227,172
242.122116,295218675,1183,21,49,0,22,49,0,27,47,-1,-338,78,1301,496,521,445,535,708,737,670,761,2227,172
242.123103,295219662,1183,21,49,0,22,49,0,23,42,-1,-330,-3,1190,490,512,451,541,708,725,673,739,2227,172
242.12409,295220649,1182,21,49,0,22,49,0,16,43,2,-356,-72,1224,490,510,453,541,703,718,676,743,2244,172
242.125076,295221635,1182,21,49,0,23,49,0,22,53,-2,-392,-86,1357,495,513,448,532,709,708,652,752,2244,172
242.126063,295222622,1181,21,50,0,23,50,-1,25,57,-3,-386,-19,1380,503,515,442,518,701,719,662,756,2244,172
242.127049,295223608,1179,21,50,0,23,50,-1,30,58,-3,-354,-30,1274,499,510,442,514,704,719,659,756,2244,172
242.128036,295224595,1178,21,51,0,23,50,0,21,50,3,-347,-46,1134,492,503,444,516,709,708,665,756,2244,172
242.129022,295225581,1177,21,51,0,23,50,0,21,43,3,-349,-91,1145,488,496,446,516,693,703,658,754,2244,172
242.130012,295226571,1177,21,51,0,23,50,-1,19,42,-1,-349,-91,1145,490,494,446,510,708,726,642,728,2244,172
242.130996,295227555,1176,21,51,0,23,50,-1,28,52,-6,-350,-67,1260,498,492,446,500,698,704,655,746,2244,257
242.131982,295228541,1175,21,52,0,23,50,-1,24,58,-4,-340,-33,1339,498,488,446,493,708,708,644,739,2244,257
242.132969,295229528,1173,21,52,0,23,51,-1,24,61,0,-329,-45,1285,492,481,447,492,696,703,654,739,2244,257
242.133955,295230514,1172,21,53,0,23,51,-1,19,53,6,-336,-60,1197,484,474,446,493,709,708,642,741,2244,257
242.134942,295231501,1171,21,53,0,23,52,-1,24,45,-1,-351,-59,1203,479,472,442,492,693,703,645,743,2244,257
242.135928,295232487,1169,21,54,0,23,52,-1,25,44,-3,-354,-22,1287,479,474,437,487,694,706,648,732,2244,257
242.136915,295233474,1169,21,54,0,23,52,-1,24,50,-8,-331,-12,1361,481,477,433,480,685,686,637,733,2244,257
242.137902,295234461,1168,21,54,0,23,52,-1,22,59,0,-337,-18,1322,482,474,435,476,682,694,644,723,2244,257
242.138888,295235447,1167,21,55,0,23,52,-1,20,63,0,-366,-64,1245,478,462,442,477,696,708,644,725,2244,257
242.139875,295236434,1166,21,55,0,23,52,-1,24,58,5,-383,-32,1220,472,454,443,478,688,693,638,726,2244,257
242.140861,295237420,1164,21,55,0,23,53,-1,25,48,-3,-389,-2,1266,470,459,432,474,706,696,645,726,2244,257
242.141848,295238407,1163,21,56,0,23,53,-1,25,45,-1,-357,-1,1301,469,463,423,470,696,679,641,719,2244,257
242.142835,295239394,1162,21,56,0,23,54,-1,19,50,-5,-331,-34,1264,466,464,419,468,677,674,637,723,2244,257
242.143821,295240380,1161,21,56,0,23,54,-1,22,61,1,-337,-24,1194,460,461,420,472,691,693,642,714,2228,257
242.144808,295241367,1161,22,57,0,22,55,0,23,65,-2,-368,-32,1178,454,452,425,478,674,679,638,718,2228,257
242.145794,295242353,1159,22,57,0,22,55,0,26,61,2,-368,-32,1178,454,446,424,472,683,683,630,703,2228,257
242.146781,295243340,1158,22,58,0,23,55,-1,24,53,-2,-372,-17,1217,462,443,421,456,683,673,632,699,2228,257
242.147767,295244326,1156,22,59,0,23,56,-1,20,48,3,-366,-48,1234,466,437,420,444,685,674,634,699,2228,257
242.148755,295245314,1155,22,60,0,22,56,-1,20,53,-3,-333,-49,1181,459,428,423,445,683,674,632,706,2228,257
242.149741,295246300,1153,22,60,0,22,57,0,22,60,-1,-342,-40,1110,449,417,428,453,674,658,625,703,2228,257
242.150727,295247286,1153,22,61,0,22,57,0,25,66,-6,-367,-24,1108,449,410,431,451,674,671,628,686,2228,257
242.151714,295248273,1152,22,61,0,22,57,-1,23,62,1,-377,-40,1164,461,408,431,436,674,652,616,674,2228,105
242.1527,295249259,1151,22,62,0,23,58,-1,19,57,2,-385,-64,1194,470,407,429,421,658,659,626,690,2228,105
242.153687,295250246,1150,22,63,0,22,58,-1,21,54,4,-350,-48,1143,469,402,430,417,665,652,621,683,2228,105
242.154673,295251232,1149,22,64,0,22,59,0,21,57,-3,-353,-4,1069,458,395,433,426,661,658,620,685,2228,105
242.15566,295252219,1148,22,65,0,21,59,0,26,63,-2,-362,35,1051,455,386,438,428,674,648,625,671,2228,105
242.156647,295253206,1147,22,66,0,22,59,0,19,63,-6,-381,-1,1102,463,382,440,418,664,645,617,674,2228,105
242.157633,295254192,1147,22,66,0,22,60,-1,22,67,2,-348,-61,1142,469,387,436,411,661,637,622,656,2228,105
242.158619,295255178,1147,22,66,0,22,61,-1,16,61,1,-347,-69,1111,466,397,427,414,658,640,619,655,2228,105
242.159606,295256165,1146,22,67,0,22,62,-1,27,65,3,-347,-69,1111,451,406,419,429,656,634,610,662,2228,105
242.160593,295257152,1146,22,67,0,21,63,0,21,62,-2,-334,-20,1042,439,409,416,442,661,625,619,648,2228,105
242.161579,295258138,1146,22,67,0,21,63,0,24,67,-2,-358,30,1019,440,408,417,443,649,626,622,652,2228,105
242.162566,295259125,1146,22,67,0,22,64,-1,18,65,-2,-350,-18,1062,445,408,418,438,661,612,611,655,2228,105
242.163553,295260112,1146,22,67,0,22,64,-1,18,69,-3,-351,-29,1088,445,416,413,439,645,621,615,637,2228,105
242.164539,295261098,1146,22,67,0,21,66,-1,23,69,1,-322,3,1052,431,429,400,452,655,612,621,644,2242,105
242.165526,295262085,1145,22,68,0,21,68,-1,22,69,-2,-340,49,985,417,434,391,462,658,625,619,652,2242,105
242.166512,295263071,1143,21,69,0,21,68,0,26,71,4,-346,55,964,415,431,386,457,637,611,613,642,2242,105
242.1675,295264059,1142,21,70,0,21,68,-1,17,68,-2,-366,64,993,424,417,392,440,655,613,609,656,2242,105
242.168489,295265048,1140,21,72,0,21,69,-1,21,73,1,-341,41,1015,430,406,395,426,652,622,607,647,2242,105
242.169472,295266031,1139,20,73,0,21,70,-1,18,71,-4,-339,72,978,426,404,392,425,644,613,604,648,2242,105
242.170466,295267025,1138,20,74,0,21,71,-1,25,75,-3,-339,72,978,415,411,381,432,641,607,604,641,2242,105
242.171445,295268004,1137,20,74,0,21,72,0,21,73,0,-318,108,935,411,416,373,434,638,611,607,637,2242,175
242.172431,295268990,1137,20,75,0,21,72,0,21,73,2,-333,112,944,419,418,370,426,628,613,593,638,2242,175
242.173418,295269977,1137,19,76,0,21,73,-1,21,76,3,-332,108,989,426,414,374,418,638,604,589,634,2242,175
242.174405,295270964,1136,19,76,0,21,73,-1,20,77,-1,-332,144,1014,421,415,373,423,630,611,589,630,2242,175
242.175391,295271950,1136,19,77,0,21,75,0,22,79,-3,-323,143,977,410,428,361,435,634,600,592,626,2242,175
242.176378,295272937,1136,19,77,0,21,76,0,20,77,-1,-340,122,919,404,438,351,443,634,598,593,630,2242,175
242.177364,295273923,1136,19,77,0,21,76,0,19,74,-2,-325,75,898,408,440,350,440,626,602,577,629,2242,175
242.178351,295274910,1136,18,77,0,21,76,0,20,77,3,-321,49,922,417,438,354,434,615,601,587,629,2242,175
242.179338,295275897,1137,18,77,0,21,77,0,22,77,1,-307,75,938,417,439,358,438,626,604,579,630,2242,175
242.180324,295276883,1138,18,77,0,20,78,0,23,85,1,-309,63,907,404,452,351,456,622,593,577,626,2242,175
242.181311,295277870,1139,18,77,0,20,79,0,21,84,0,-328,63,865,394,464,343,472,616,598,575,622,2242,175
242.182297,295278856,1139,18,77,0,20,80,0,17,81,-3,-328,63,865,393,476,335,478,611,601,568,636,2242,175
242.183284,295279843,1140,17,77,0,21,80,0,19,78,3,-343,-1,842,401,477,336,472,615,593,560,626,2242,175
242.18427,295280829,1140,17,76,0,20,80,0,17,73,-6,-326,8,852,406,474,342,470,606,601,562,630,2263,175
242.185257,295281816,1141,17,76,0,20,81,0,23,82,4,-315,-16,857,402,477,344,479,607,598,554,630,2263,175
242.186244,295282803,1143,17,76,0,20,81,0,20,83,-2,-294,6,851,400,484,345,490,609,604,549,632,2263,175
242.18723,295283789,1144,16,75,0,19,82,0,20,90,3,-300,-13,835,398,495,342,499,605,604,554,634,2263,175
242.188217,295284776,1146,16,75,0,19,82,0,18,87,1,-320,-41,846,404,505,339,500,607,622,542,626,2263,175
242.189203,295285762,1147,16,74,0,19,82,0,16,80,-5,-329,-47,858,407,511,338,501,599,637,547,642,2263,175
242.19019,295286749,1147,15,74,0,19,82,0,20,78,4,-335,-72,854,405,511,342,507,592,619,536,628,2263,175
242.191176,295287735,1148,15,74,0,19,83,0,16,74,-7,-300,-37,820,406,513,343,510,593,622,538,642,2263,27
242.192163,295288722,1150,15,73,0,18,82,0,20,83,5,-283,-86,795,409,521,342,515,593,621,536,638,2263,27
242.19315,295289709,1152,14,72,0,19,82,0,18,85,-2,-266,-35,820,417,538,338,520,586,642,536,641,2263,27
242.194136,295290695,1155,14,71,0,18,82,-1,18,89,0,-274,-52,854,418,556,333,530,587,638,532,640,2263,27
242.195123,295291682,1157,13,70,0,18,82,0,18,87,0,-299,-58,867,411,568,333,548,596,640,528,636,2263,27
242.196109,295292668,1159,13,69,0,17,82,0,15,80,-5,-298,-62,830,401,579,330,566,588,624,532,641,2263,27
242.197103,295293662,1160,13,68,0,17,82,-1,15,76,3,-307,-85,786,395,588,328,577,588,655,526,670,2263,27
242.198082,295294641,1161,13,68,0,17,82,0,17,75,-2,-307,-85,786,398,594,325,577,586,647,515,670,2263,27
242.199069,295295628,1162,12,67,0,17,81,-1,16,77,-1,-282,-51,783,405,591,330,571,589,659,526,665,2263,27
242.200055,295296614,1162,12,67,0,16,80,-1,18,82,0,-263,-61,836,413,580,342,564,584,649,515,667,2263,27
242.201042,295297601,1163,12,67,0,16,80,-1,14,86,-3,-266,-29,870,414,568,353,563,589,652,519,686,2263,27
242.202029,295298588,1163,12,67,0,15,79,-1,13,81,-1,-250,-31,880,415,555,366,560,588,652,515,656,2263,27
242.203015,295299574,1163,12,67,0,15,79,-1,14,78,1,-261,-42,861,418,556,366,556,588,665,510,674,2263,27
242.204002,295300561,1163,12,67,0,15,78,-2,12,70,-5,-257,16,851,418,553,369,554,579,679,505,693,2263,27
242.204988,295301547,1166,12,65,0,14,78,-1,17,70,6,-263,-43,882,422,568,372,566,586,674,515,667,2290,27
242.205975,295302534,1173,12,61,0,14,77,-1,10,75,-4,-254,18,901,425,598,376,600,573,670,514,677,2290,27
242.206961,295303520,1181,11,56,0,13,76,0,16,75,4,-245,-62,931,433,627,388,635,579,698,515,679,2290,27
242.207948,295304507,1189,11,51,0,13,75,0,8,79,-3,-260,12,912,442,659,393,666,588,686,521,713,2290,27
242.208934,295305493,1195,10,48,0,13,74,-1,14,76,0,-257,-40,934,450,682,400,689,586,693,510,682,2290,27
242.209923,295306482,1200,10,45,0,12,73,0,10,68,-1,-249,-5,959,450,701,403,710,586,693,515,688,2290,27
242.210908,295307467,1204,10,42,0,11,72,-1,10,70,-3,-270,-63,975,439,717,403,737,595,718,517,698,2290,27
242.211894,295308453,1209,9,39,0,11,72,0,13,63,4,-247,-34,985,429,753,392,772,593,701,514,716,2290,517
242.212881,295309440,1216,9,35,0,11,71,-1,9,70,-4,-247,-34,985,416,800,378,818,589,744,521,737,2290,517
242.213867,295310426,1223,9,30,0,11,70,0,12,69,5,-277,-78,970,410,848,363,857,599,779,526,741,2290,517
242.214854,295311413,1229,9,26,0,10,68,0,6,64,-4,-275,-76,1003,403,877,360,891,592,714,526,739,2290,517
242.21584,295312399,1234,9,23,0,10,67,0,7,62,3,-272,-68,1027,397,894,361,918,581,813,526,744,2290,517
242.216827,295313386,1238,9,21,0,9,65,0,10,60,0,-276,-119,1085,390,896,370,939,593,836,530,815,2290,517
242.217814,295314373,1241,9,19,0,9,63,1,7,58,-5,-239,-72,1099,392,908,366,947,581,800,519,820,2290,517
242.2188,295315359,1246,9,16,0,9,61,0,11,59,3,-276,-153,1110,406,923,375,956,584,800,528,845,2290,517
242.219787,295316346,1254,8,13,0,9,60,0,5,50,-2,-280,-106,1130,429,943,390,967,579,855,526,850,2290,517
242.220773,295317332,1262,8,9,0,8,57,0,7,47,6,-283,-112,1187,457,951,417,977,577,860,524,855,2290,517
242.22176,295318319,1269,8,6,0,8,54,1,8,41,4,-266,-68,1269,492,947,450,972,573,880,517,838,2290,517
242.222747,295319306,1274,7,3,0,8,50,1,7,40,-3,-231,-73,1309,535,932,486,954,579,888,517,898,2290,517
242.223737,295320296,1278,7,1,0,7,44,1,6,35,2,-237,-118,1348,579,898,533,925,586,901,528,882,2290,517
242.22472,295321279,1283,7,-1,0,7,40,1,2,37,-6,-254,-89,1374,611,877,567,908,577,909,526,901,2174,517
242.225706,295322265,1290,7,-4,0,6,36,1,7,25,6,-262,-108,1490,626,884,593,926,589,920,532,926,2174,517
242.226693,295323252,1299,7,-9,0,6,33,1,7,19,1,-230,-31,1586,637,917,602,957,579,946,558,935,2174,517
242.227679,295324238,1308,7,-13,0,6,28,0,8,17,-1,-241,-72,1651,657,935,626,978,612,952,564,946,2174,517
242.228666,295325225,1316,7,-16,0,6,24,1,6,10,1,-266,-45,1651,678,953,642,989,611,962,540,938,2174,517
242.229653,295326212,1322,7,-19,0,5,18,1,0,13,1,-304,-85,1682,714,933,684,978,612,943,584,971,2174,517
242.230639,295327198,1327,7,-21,0,5,14,1,4,1,9,-304,-85,1682,726,925,707,981,636,952,587,968,2174,517
242.231626,295328185,1334,8,-25,0,5,9,1,5,-8,-6,-238,-47,1800,746,928,730,991,661,997,616,980,2174,1227
242.232612,295329171,1344,8,-30,0,4,4,1,7,-4,-5,-232,-14,1894,760,947,756,1023,629,1000,600,990,2174,1227
242.233599,295330158,1355,8,-35,0,4,-2,1,-2,-16,0,-262,-53,1937,777,971,782,1055,658,1017,630,1010,2174,1227
242.234585,295331144,1365,9,-40,0,3,-7,0,0,-16,8,-306,-55,1951,784,989,808,1090,682,1003,604,1000,2174,1227
242.235572,295332131,1373,9,-44,0,2,-12,1,3,-31,10,-271,-79,2053,786,1004,825,1122,704,993,703,1053,2174,1227
242.236561,295333120,1379,10,-47,0,2,-17,1,2,-34,-10,-246,-57,2150,793,1006,842,1137,708,1027,622,1056,2174,1227
242.237545,295334104,1384,10,-49,0,2,-24,0,6,-32,-1,-327,-42,2196,823,990,872,1119,739,1010,648,1060,2174,1227
242.238532,295335091,1390,10,-53,-1,2,-29,0,-3,-36,-1,-354,-51,2244,842,1009,878,1125,750,1053,703,1083,2174,1227
242.239518,295336077,1400,11,-59,-1,2,-34,0,5,-45,8,-282,-62,2347,857,1034,895,1153,779,1064,693,1099,2174,1227
242.240505,295337064,1411,12,-65,-1,3,-38,1,1,-52,-5,-282,-62,2347,853,1075,899,1206,781,1064,728,1099,2174,1227
242.241491,295338050,1421,12,-71,-2,2,-44,1,5,-57,-1,-243,-105,2473,863,1092,919,1240,789,1079,750,1128,2174,1227
242.242478,295339037,1429,13,-75,-2,4,-49,-1,3,-53,1,-328,-64,2553,880,1111,931,1253,833,1087,777,1115,2174,1227
242.243465,295340024,1434,13,-79,-2,4,-52,-1,5,-61,2,-373,-67,2657,868,1143,920,1284,833,1103,792,1115,2174,1227
242.244451,295341010,1439,14,-82,-2,4,-57,-2,5,-76,-13,-305,-91,2772,866,1155,922,1299,847,1124,817,1158,2131,1227
242.245438,295341997,1447,15,-87,-3,5,-64,-1,9,-79,-4,-297,-139,2861,909,1156,944,1295,857,1124,820,1167,2131,1227
242.246425,295342984,1458,16,-94,-4,7,-72,-3,9,-80,4,-357,-118,2941,979,1149,985,1283,829,1141,813,1188,2131,1227
242.247411,295343970,1469,17,-101,-4,8,-77,-3,8,-83,4,-367,-103,3095,1006,1176,992,1316,860,1141,855,1193,2131,1227
242.248397,295344956,1478,17,-107,-5,9,-80,-3,11,-89,-15,-318,-107,3255,992,1215,978,1383,893,1154,855,1215,2131,1227
242.249384,295345943,1486,18,-112,-6,11,-86,-3,21,-104,-11,-319,-107,3365,1003,1249,958,1412,906,1154,885,1230,2131,1227
242.250418,295346977,1491,19,-116,-6,14,-93,-5,17,-103,1,-319,-107,3365,1060,1255,963,1379,926,1167,880,1261,2131,1227
242.251357,295347916,1497,19,-119,-7,16,-99,-6,15,-112,-2,-236,-193,3504,1093,1257,974,1366,901,1179,872,1263,2131,2325
242.252343,295348902,1506,20,-125,-7,17,-104,-5,16,-118,-15,-197,-277,3681,1100,1274,993,1399,949,1188,926,1319,2131,2325
242.25333,295349889,1518,21,-133,-8,18,-111,-6,23,-121,-8,-256,-207,3841,1123,1280,1035,1429,949,1193,917,1345,2131,2325
242.254317,295350876,1529,23,-140,-9,21,-117,-8,34,-125,-9,-233,-158,3966,1158,1311,1054,1441,971,1230,943,1348,2131,2325
242.255303,295351862,1539,24,-146,-10,24,-122,-9,29,-136,-13,-212,-170,4053,1178,1366,1041,1458,990,1224,932,1373,2131,2325
242.25629,295352849,1546,25,-151,-11,26,-127,-10,26,-138,-10,-268,-193,4151,1198,1398,1038,1462,1020,1240,971,1357,2131,2325
242.257276,295353835,1552,25,-154,-11,29,-134,-11,25,-144,-8,-268,-193,4151,1231,1398,1058,1442,1038,1302,971,1386,2131,2325
242.258263,295354822,1559,26,-159,-12,30,-141,-12,40,-148,-17,-280,-207,4298,1265,1385,1102,1432,1049,1261,984,1382,2131,2325
242.259249,295355808,1570,27,-166,-13,33,-145,-12,43,-157,-19,-302,-167,4416,1264,1424,1104,1475,1075,1288,1007,1382,2131,2325
242.260236,295356795,1580,29,-174,-14,35,-151,-14,38,-166,-12,-326,-71,4496,1272,1469,1105,1512,1079,1296,1007,1442,2131,2325
242.261223,295357782,1590,30,-181,-15,38,-159,-16,32,-173,-10,-317,-104,4615,1321,1485,1133,1496,1091,1327,1024,1432,2131,2325
242.262209,295358768,1598,31,-186,-15,41,-166,-15,43,-176,-20,-354,-182,4764,1367,1485,1161,1478,1115,1339,1024,1442,2131,2325
242.263196,295359755,1604,32,-190,-16,42,-172,-14,51,-180,-18,-390,-73,4888,1380,1472,1188,1486,1141,1336,1064,1474,2131,2325
242.264226,295360785,1608,33,-193,-16,44,-177,-16,52,-186,-12,-383,-51,5076,1380,1487,1184,1497,1154,1348,1064,1474,2131,2325
242.265169,295361728,1615,34,-199,-17,47,-181,-16,43,-194,-15,-437,-66,5236,1388,1532,1170,1506,1167,1412,1087,1496,1937,2325
242.266156,295362715,1624,35,-205,-17,49,-187,-16,43,-200,-21,-408,-110,5388,1392,1561,1184,1527,1186,1405,1099,1496,1937,2325
242.267142,295363701,1633,37,-212,-18,48,-196,-16,48,-211,-12,-377,-102,5552,1402,1530,1259,1542,1207,1442,1103,1511,1937,2325
242.268129,295364688,1640,38,-219,-18,47,-203,-15,55,-205,-10,-528,-24,5686,1406,1494,1331,1559,1230,1453,1154,1519,1937,2325
242.269115,295365674,1646,40,-223,-18,49,-206,-14,49,-209,-19,-494,-22,5841,1384,1528,1319,1597,1263,1474,1154,1531,1937,2325
242.270102,295366661,1651,40,-227,-19,50,-208,-15,52,-224,-20,-414,-81,6044,1359,1582,1278,1632,1255,1496,1158,1531,1937,2325
242.271088,295367647,1654,41,-230,-19,51,-216,-16,48,-232,-8,-486,-66,6212,1381,1570,1302,1610,1271,1489,1179,1511,1937,2325
242.272075,295368634,1659,42,-235,-19,51,-224,-14,49,-226,-8,-486,-66,6212,1419,1522,1367,1586,1279,1496,1188,1571,1937,2085
242.273062,295369621,1666,44,-241,-18,50,-229,-12,56,-232,-16,-518,-58,6377,1417,1515,1398,1611,1322,1508,1217,1567,1937,2085
242.274048,295370607,1673,46,-247,-18,51,-230,-13,54,-239,-17,-499,-51,6561,1369,1569,1371,1681,1339,1519,1224,1579,1937,2085
242.275035,295371594,1678,48,-253,-18,51,-233,-13,50,-249,-9,-488,-53,6727,1348,1609,1355,1717,1336,1531,1215,1592,1937,2085
242.276065,295372624,1683,49,-257,-18,52,-241,-12,49,-247,-3,-537,-81,6881,1390,1588,1392,1685,1348,1523,1263,1579,1937,2085
242.277008,295373567,1686,50,-260,-17,53,-247,-11,51,-249,-17,-533,-92,7010,1426,1557,1429,1657,1339,1546,1302,1600,1937,2085
242.277994,295374553,1689,51,-263,-17,53,-250,-11,59,-261,-14,-502,-89,7186,1419,1557,1432,1671,1382,1583,1288,1604,1937,2085
242.278981,295375540,1693,52,-267,-17,53,-253,-13,58,-259,-6,-550,-22,7359,1399,1576,1426,1699,1382,1554,1293,1617,1937,2085
242.279968,295376527,1697,54,-272,-17,55,-258,-11,54,-264,-10,-486,-76,7487,1429,1573,1445,1680,1412,1587,1310,1639,1937,2085
242.280954,295377513,1701,56,-277,-16,58,-262,-8,59,-269,-12,-506,-121,7652,1470,1579,1445,1658,1402,1596,1339,1639,1937,2085
242.281941,295378500,1705,58,-281,-16,59,-264,-11,63,-266,-12,-589,-54,7785,1474,1597,1435,1664,1373,1596,1345,1644,1937,2085
242.282927,295379486,1707,59,-283,-15,61,-267,-12,65,-278,-3,-520,-97,7942,1473,1603,1439,1666,1442,1600,1395,1657,1937,2085
242.283914,295380473,1709,60,-286,-15,63,-272,-9,69,-278,-13,-520,-97,7942,1502,1582,1459,1641,1453,1592,1373,1681,1937,2085
242.2849,295381459,1711,61,-288,-15,66,-275,-8,71,-275,-17,-595,-77,8067,1535,1576,1460,1616,1442,1596,1395,1695,2103,2085
242.285887,295382446,1713,63,-290,-15,69,-277,-11,66,-287,4,-653,-136,8197,1555,1591,1449,1598,1456,1613,1412,1681,2103,2085
242.286873,295383432,1715,65,-292,-14,70,-281,-11,73,-285,-16,-643,-115,8390,1574,1564,1481,1581,1485,1630,1446,1700,2103,2085
242.28786,295384419,1717,67,-294,-14,71,-286,-8,82,-291,-14,-664,-121,8547,1608,1517,1526,1553,1474,1626,1435,1695,2103,2085
242.288846,295385405,1718,68,-296,-14,74,-288,-10,74,-289,-1,-712,-57,8659,1628,1502,1538,1537,1489,1644,1422,1695,2103,2085
242.289833,295386392,1719,69,-297,-13,77,-289,-12,83,-288,-21,-722,-30,8778,1628,1532,1512,1531,1496,1653,1453,1700,2103,2085
242.290864,295387423,1720,70,-298,-13,80,-291,-9,82,-296,2,-794,-108,8924,1637,1550,1490,1519,1523,1639,1467,1681,2103,2085
242.291806,295388365,1720,71,-298,-13,80,-293,-9,74,-294,-14,-793,0,9050,1642,1517,1512,1516,1531,1644,1485,1700,2103,2337
242.292793,295389352,1719,73,-298,-13,81,-295,-10,91,-296,-8,-891,-87,9143,1634,1483,1539,1518,1523,1644,1489,1695,2103,2337
242.293779,295390338,1719,75,-297,-13,81,-291,-5,77,-265,27,-1225,-92,9156,1590,1491,1516,1562,1583,1657,1535,1617,2103,2337
242.294766,295391325,1718,77,-296,-13,84,-281,5,77,-259,10,-1654,-405,9198,1510,1580,1392,1663,1579,1653,1531,1508,2103,2337
242.295752,295392311,1718,79,-296,-13,91,-275,12,105,-271,20,-2112,-933,9047,1515,1662,1263,1692,1592,1657,1511,1422,2103,2337
242.296739,295393298,1718,80,-296,-13,106,-287,17,71,-273,49,-2821,-827,8679,1751,1643,1242,1486,1587,1667,1523,1285,2103,2337
242.297726,295394285,1717,80,-295,-13,125,-313,30,102,-264,127,-4081,-608,8407,2047,1339,1235,974,1587,1657,1519,1136,2103,2337
242.298712,295395271,1716,82,-294,-13,129,-326,58,214,-382,165,-5690,-1260,9127,2047,954,1107,644,1613,1671,1519,1014,2103,2337
242.299699,295396258,1715,83,-292,-13,166,-332,165,213,-132,934,-7771,-413,8321,2047,673,508,158,1630,1695,1508,850,2103,2337
242.300685,295397244,1713,85,-289,-13,175,-235,576,2,343,1865,-7771,-413,8321,2047,1588,158,1706,1639,1667,1523,645,2103,2337
242.301672,295398231,1712,86,-287,0,107,19,1131,45,542,1830,-10077,1412,6219,2047,158,158,2047,1657,1671,1463,556,2103,2337
242.302659,295399218,1711,87,-286,0,137,278,1576,383,553,1802,-9918,1279,5700,2047,158,158,2047,1685,1571,1463,432,2103,2337
242.303645,295400204,1710,88,-284,0,199,507,1816,69,808,2000,-8463,1870,4591,2047,158,158,2047,1700,1587,1432,362,2103,2337
242.304632,295401191,1709,88,-283,0,231,680,1985,106,899,1970,-8458,1477,3265,2047,158,158,2047,1700,1583,1402,391,1838,2337
242.305618,295402177,1707,89,-280,0,143,824,1976,-34,1137,1976,-9190,68,2112,2047,158,158,2047,1729,1554,1357,411,1838,2337
242.306605,295403164,1704,90,-276,0,163,933,1937,127,1231,1978,-8239,-2107,2249,2047,158,158,2047,1754,1535,1313,399,1838,2337
242.307591,295404150,1701,91,-271,0,75,1110,1927,-65,1241,1907,-7774,-2502,3358,2047,158,158,2047,1754,1519,1302,434,1838,2337
242.308578,295405137,1699,91,-268,0,-12,1268,1942,-173,1410,1677,-6809,-3922,3291,2047,158,158,2047,1760,1435,1253,467,1838,2337
242.309565,295406124,1697,92,-265,0,-102,1358,1881,-152,1353,1621,-7184,-5273,3314,2047,158,158,2047,1802,1425,1224,503,1838,2337
242.310551,295407110,1696,92,-263,0,-118,1331,1668,-334,1238,1608,-6842,-4682,3058,2047,158,158,2047,1818,1373,1193,551,1838,2337
242.311538,295408097,1694,92,-260,0,-202,1300,1570,-409,1317,1650,-5843,-5325,2547,2047,158,158,2047,1807,1357,1167,619,1838,3982
242.312524,295409083,1691,92,-255,0,-330,1322,1579,-433,1404,1585,-5617,-5046,1720,2047,158,158,2047,1824,1327,1115,686,1838,3982
242.313511,295410070,1687,91,-251,0,-423,1377,1564,-523,1540,1019,-5024,-5662,191,2047,158,158,2047,1835,1268,1095,781,1838,3982
242.314497,295411056,1684,91,-246,0,-482,1454,1441,-776,1670,1076,-5708,-7104,-719,2047,158,158,2047,1887,1261,1075,771,1838,3982
242.315484,295412043,1682,91,-243,0,-637,1557,1282,-928,1752,1045,-5708,-7104,-719,2047,158,158,2047,1887,1202,1064,809,1838,3982
242.316471,295413030,1680,90,-240,0,-725,1667,1069,-757,1866,653,-4750,-8818,-1877,2047,158,158,2047,1887,1181,1038,806,1838,3982
242.317457,295414016,1678,90,-238,0,-817,1755,844,-1044,1732,650,-4672,-10124,-1296,2047,158,158,2047,1893,1149,987,845,1838,3982
242.318444,295415003,1676,89,-235,0,-932,1790,721,-1085,1826,696,-3742,-10818,-642,2047,158,158,2047,1911,1103,962,870,1838,3982
242.31943,295415989,1673,88,-230,0,-1001,1829,696,-1124,1873,801,-1808,-10363,-1141,2047,158,158,2047,1923,1107,926,904,1838,3982
242.320417,295416976,1670,87,-226,0,-1071,1842,708,-1123,1805,673,-24,-10386,-456,2047,158,158,2047,1942,1079,912,952,1838,3982
242.321404,295417963,1667,85,-222,0,-1139,1814,708,-1193,1824,554,-78,-10536,856,2047,158,158,2047,1948,1045,888,990,1838,3982
242.32239,295418949,1665,84,-219,0,-1161,1835,666,-1207,1900,633,-452,-10780,2001,2047,158,158,2047,1948,1027,852,1027,1838,3982
242.323377,295419936,1663,83,-217,0,-1178,1866,638,-1240,1954,686,-1336,-10501,2482,2047,158,158,2047,1961,984,829,1075,1838,3982
242.324363,295420922,1662,82,-215,0,-1224,1866,656,-1249,1908,546,-1551,-10443,2622,2047,158,158,2047,1961,949,811,1103,1838,3982
242.32535,295421909,1660,81,-212,0,-1236,1900,575,-1292,1826,484,-1814,-10267,2841,2047,158,158,2047,1967,917,813,1154,2065,3982
242.326336,295422895,1657,79,-208,0,-1263,1906,544,-1369,1824,569,-2228,-9690,3297,2047,158,158,2047,1980,901,796,1200,2065,3982
242.327323,295423882,1654,76,-204,0,-1331,1882,563,-1412,1882,577,-2731,-9373,4060,2047,158,158,2047,1980,877,773,1237,2065,3982
242.328309,295424868,1652,75,-200,0,-1369,1848,550,-1454,1901,499,-3122,-8985,4571,2047,158,158,2047,1987,870,703,1279,2065,3982
242.329296,295425855,1650,73,-198,0,-1408,1844,523,-1511,1890,476,-3483,-8578,4615,2047,158,158,2047,2027,838,693,1313,2065,3982
242.330283,295426842,1649,72,-196,0,-1457,1864,527,-1538,1866,535,-3929,-8180,4529,2047,158,158,2047,2041,813,685,1367,2065,3982
242.331269,295427828,1647,71,-194,0,-1506,1895,514,-1574,1852,490,-3929,-8180,4529,2047,158,158,2047,2041,798,647,1402,2065,3982
242.332256,295428815,1645,69,-191,0,-1535,1891,480,-1589,1864,427,-4183,-8185,4793,2047,158,158,2047,2041,798,622,1432,2065,3345
242.333242,295429801,1643,66,-187,0,-1577,1868,457,-1630,1857,404,-4270,-8041,5215,2047,158,158,2047,2027,723,612,1453,2065,3345
242.334229,295430788,1641,64,-183,0,-1614,1865,458,-1646,1861,445,-4568,-7892,5632,2047,158,158,2047,2027,713,610,1500,2065,3345
242.335215,295431774,1639,62,-180,0,-1631,1866,472,-1699,1884,420,-4989,-7722,5633,2047,158,158,2047,2041,661,586,1519,2065,3345
242.336202,295432761,1637,60,-177,0,-1654,1863,439,-1737,1858,347,-5133,-7617,5515,2047,158,158,2047,2027,652,579,1571,2065,3345
242.337188,295433747,1636,59,-175,-19,-1684,1858,381,-1794,1825,382,-5134,-7549,5586,158,347,347,2047,2041,638,564,1592,2065,3345
242.338218,295434777,1635,57,-173,-19,-1726,1848,351,-1830,1814,388,-5157,-7370,5928,158,347,347,2047,1961,625,549,1613,2065,3345
242.339162,295435721,1633,54,-169,-19,-1788,1835,364,-1868,1833,361,-5400,-7353,6130,158,347,347,2047,2027,620,536,1639,2065,3345
242.340148,295436707,1631,51,-166,-18,-1839,1834,372,-1884,1842,345,-5727,-7423,6125,158,347,347,2047,1967,600,532,1657,2065,3345
242.341135,295437694,1629,48,-163,-18,-1877,1834,370,-1922,1830,352,-5806,-7220,6108,158,347,347,2047,1961,600,528,1695,2065,3345
242.342121,295438680,1628,46,-160,-18,-1898,1824,368,-1921,1780,359,-5700,-7219,6385,158,347,347,2047,1887,584,528,1700,2065,3345
242.343108,295439667,1627,44,-158,-18,-1909,1808,368,-1953,1781,333,-5680,-7054,6700,158,347,347,2047,1840,586,524,1724,2065,3345
242.344094,295440653,1626,43,-157,-17,-1923,1794,353,-1962,1767,299,-5837,-7088,6972,158,347,347,2047,1802,584,514,1754,2065,3345
242.345081,295441640,1625,41,-155,-17,-1947,1787,321,-1998,1758,347,-5989,-6952,7137,158,347,347,2047,1791,573,515,1760,2155,3345
242.346068,295442627,1623,38,-153,-17,-1967,1771,306,-2000,1719,342,-5792,-6866,7234,158,347,347,2047,1739,573,514,1791,2155,3345
242.347054,295443613,1622,36,-151,-16,-1989,1746,315,-2000,1689,314,-5543,-6964,7389,158,347,347,2047,1709,568,514,1840,2155,3345
242.348041,295444600,1620,34,-149,-16,-1999,1710,333,-2000,1668,316,-5506,-6818,7550,158,347,347,2047,1667,566,512,1818,2155,3345
242.349027,295445586,1619,32,-148,-16,-2004,1688,345,-2000,1669,328,-5506,-6818,7550,158,347,347,2047,1626,554,515,1852,2155,3345
242.350014,295446573,1618,30,-147,-16,-2002,1683,341,-2000,1664,341,-5656,-6836,7901,158,347,347,2047,1592,554,514,1875,2155,3345
242.351,295447559,1617,29,-146,-15,-2001,1675,324,-2000,1612,296,-5512,-6693,8071,158,347,347,2047,1546,542,503,1875,2155,3345
242.352031,295448590,1616,28,-145,-15,-1998,1646,313,-2000,1568,313,-5345,-6761,8198,158,347,347,2047,1489,534,502,1887,2155,1545
242.352974,295449533,1614,26,-144,-15,-2000,1604,310,-2000,1535,316,-5252,-6607,8177,158,347,347,2047,1478,542,505,1905,2155,1545
242.35396,295450519,1612,24,-142,-15,-2001,1568,303,-2000,1521,295,-5096,-6553,8347,158,347,347,2047,1446,534,502,1929,2155,1545
242.354947,295451506,1611,22,-141,-14,-2000,1545,301,-2000,1506,303,-4997,-6597,8566,158,347,347,2047,1425,534,507,1948,2155,1545
242.355933,295452492,1610,20,-140,-14,-1999,1529,306,-2000,1485,293,-4892,-6476,8767,158,347,347,2047,1354,528,500,1967,2155,1545
242.356921,295453480,1609,19,-139,-14,-2000,1508,315,-2000,1449,327,-4835,-6362,8830,158,347,347,2047,1354,530,503,1961,2155,1545
242.357907,295454466,1608,18,-139,-14,-2001,1475,313,-2000,1402,303,-4649,-6275,8883,158,347,347,2047,1304,528,498,1967,2155,1545
242.358893,295455452,1606,17,-138,-13,-2001,1436,302,-2000,1375,289,-4449,-6113,8986,158,347,347,2047,1268,526,498,1980,2155,1545
242.35988,295456439,1604,15,-137,-13,-1999,1403,299,-2000,1324,311,-4266,-6128,9181,158,347,347,2047,1232,524,498,2007,2155,1545
242.360866,295457425,1602,13,-136,-13,-1999,1375,300,-2000,1325,311,-4252,-6050,9328,158,347,347,2047,1200,519,492,2041,2155,1545
242.361853,295458412,1600,12,-135,-12,-2000,1351,302,-2000,1302,292,-4104,-6029,9444,158,347,347,2047,1174,519,493,2041,2155,1545
242.362839,295459398,1599,11,-134,-12,-2001,1321,299,-2000,1254,290,-3836,-5777,9516,158,347,347,2047,1167,514,493,2027,2155,1545
242.363826,295460385,1598,10,-134,-12,-2000,1287,301,-2000,1219,302,-3836,-5777,9516,158,347,347,2047,1128,508,489,2041,2155,1545
242.364813,295461372,1596,9,-133,-12,-2000,1249,300,-2000,1175,288,-3564,-5705,9682,158,347,347,2047,1079,510,490,2041,2218,1545
242.365799,295462358,1594,8,-132,-12,-2000,1216,293,-2000,1165,293,-3428,-5539,9695,158,347,347,2047,1056,514,485,2048,2218,1545
242.366786,295463345,1592,6,-130,-11,-2000,1188,298,-2000,1128,310,-3416,-5461,9735,158,347,347,2047,1034,498,490,2041,2218,1545
242.367772,295464331,1590,5,-129,-11,-2000,1160,297,-2000,1087,301,-3171,-5243,9714,158,347,347,2047,1000,508,482,2062,2218,1545
242.368759,295465318,1589,4,-128,-11,-1999,1126,296,-1985,1050,298,-2926,-5133,9749,158,347,347,2047,1000,503,479,2062,2218,1545
242.369747,295466306,1588,3,-127,-11,-1995,1087,297,-1970,1027,290,-2789,-4927,9681,158,347,347,2047,946,500,487,2083,2218,1545
242.370732,295467291,1587,3,-127,-11,-1983,1051,299,-1941,986,300,-2645,-4799,9736,158,347,347,2047,932,500,485,2113,2218,1545
242.371719,295468278,1585,2,-126,-10,-1971,1019,300,-1938,962,308,-2561,-4602,9692,158,347,347,2047,898,502,484,2128,2218,1372
242.372705,295469264,1582,2,-125,-10,-1951,992,297,-1894,921,282,-2337,-4482,9756,158,347,347,2047,877,495,475,2128,2218,1372
242.373692,295470251,1580,2,-123,-10,-1931,959,298,-1887,873,282,-2107,-4242,9714,158,347,347,2047,843,495,484,2113,2218,1372
242.374678,295471237,1577,1,-122,-10,-1909,921,298,-1859,856,309,-2032,-4041,9669,158,347,347,2047,822,493,482,2128,2218,1372
242.375665,295472224,1575,1,-121,-10,-1891,882,294,-1867,817,299,-1861,-3932,9652,158,347,347,2047,796,492,482,2128,2218,1372
242.376654,295473213,1573,1,-120,-10,-1871,850,292,-1829,791,294,-1732,-3749,9686,158,347,347,2047,806,497,472,2113,2218,1372
242.37768,295474239,1572,1,-119,-9,-1851,818,295,-1822,749,308,-1732,-3749,9686,158,347,347,2047,802,487,481,2128,2218,1372
242.378624,295475183,1569,1,-118,-9,-1831,788,301,-1768,720,300,-1593,-3708,9710,158,347,347,2047,763,497,481,2113,2218,1372
242.379611,295476170,1565,1,-116,-9,-1811,753,303,-1764,674,294,-1339,-3443,9737,158,347,347,2047,714,487,472,2128,2218,1372
242.380597,295477156,1562,1,-114,-8,-1785,717,298,-1719,653,294,-1196,-3406,9721,158,347,347,2047,679,490,475,2113,2218,1372
242.381584,295478143,1559,1,-113,-8,-1759,682,298,-1704,615,292,-1035,-3287,9697,158,347,347,2047,668,489,479,2128,2218,1372
242.382571,295479130,1556,1,-111,-8,-1735,651,299,-1668,590,294,-899,-3160,9678,158,344,347,2047,648,481,478,2113,2218,1372
242.383557,295480116,1555,1,-110,-8,-1706,622,294,-1654,562,292,-893,-2924,9604,158,314,351,2047,626,490,475,2113,2218,1372
242.384544,295481103,1552,1,-109,-7,-1677,590,290,-1609,530,282,-746,-2772,9563,158,222,361,2047,615,489,476,2113,2218,1372
242.38553,295482089,1547,1,-107,-7,-1650,559,293,-1610,478,296,-601,-2556,9448,198,158,408,2047,600,476,479,2135,2316,1372
242.386517,295483076,1542,1,-104,-6,-1626,527,295,-1571,462,305,-572,-2512,9352,325,158,535,2047,575,482,475,2128,2316,1372
242.387503,295484062,1537,1,-101,-6,-1603,494,292,-1555,429,290,-450,-2313,9253,459,158,669,2047,573,470,479,2128,2316,1372
242.38849,295485049,1533,1,-98,-6,-1577,463,291,-1506,398,290,-371,-2141,9245,583,158,793,2047,551,462,489,2128,2316,1372
242.389477,295486036,1529,1,-97,-5,-1548,431,293,-1483,373,287,-297,-1995,9197,705,158,915,2047,558,455,459,2128,2316,1372
242.390463,295487022,1527,1,-95,-5,-1517,400,291,-1435,340,281,-110,-1853,9241,810,158,1020,2047,595,448,472,2128,2316,1372
242.39145,295488009,1522,1,-93,-5,-1486,370,289,-1420,300,283,-110,-1853,9241,907,158,1117,2047,586,440,514,2128,2316,1372
242.392436,295488995,1515,1,-90,-4,-1455,343,287,-1376,291,280,-124,-1776,9185,959,158,1169,2047,577,426,547,2128,2316,1840
242.393423,295489982,1508,1,-87,-4,-1421,313,284,-1347,249,284,-100,-1626,9226,1042,158,1251,2047,564,421,575,2128,2316,1840
242.394409,295490968,1501,1,-84,-3,-1388,284,282,-1320,233,279,11,-1447,9255,1152,158,1362,2047,622,412,688,2128,2316,1840
242.395396,295491955,1495,1,-82,-3,-1353,259,280,-1290,210,284,38,-1239,9216,1206,158,1416,2047,659,408,683,2128,2316,1840
242.396383,295492942,1491,1,-80,-2,-1322,233,278,-1260,184,282,160,-1132,9176,1254,158,1464,2047,688,400,682,2128,2316,1840
242.397369,295493928,1488,1,-79,-2,-1294,211,279,-1221,168,276,169,-967,9070,1281,158,1491,2047,723,398,693,2128,2316,1840
242.398356,295494915,1486,1,-78,-2,-1260,192,280,-1175,143,276,174,-893,9073,1242,158,1453,2047,750,379,756,2113,2316,1840
242.399342,295495901,1484,1,-77,-2,-1226,166,278,-1135,126,260,222,-834,9036,1310,158,1522,2047,769,378,792,2128,2316,1840
242.400329,295496888,1484,1,-77,-2,-1188,148,276,-1105,100,278,194,-750,9049,1325,158,1541,2047,792,372,815,2128,2316,1840
242.401316,295497875,1483,1,-77,-2,-1150,124,274,-1077,75,272,249,-668,9000,1385,158,1605,2047,855,359,833,2113,2316,1840
242.402302,295498861,1483,1,-77,-2,-1111,103,268,-1038,65,264,301,-456,8973,1460,158,1689,2047,877,363,840,2113,2316,1840
242.403291,295499850,1482,1,-77,-2,-1074,84,266,-996,59,263,291,-374,8959,1489,158,1728,2047,882,355,901,2113,2316,1840
242.404275,295500834,1480,1,-76,-2,-1040,67,267,-972,46,260,230,-193,8993,1485,158,1730,2047,932,349,932,2128,2316,1840
242.405262,295501821,1470,1,-73,-2,-1007,54,268,-940,35,277,214,-215,9004,1460,158,1706,2047,926,347,968,2128,1993,1840
242.406248,295502807,1456,1,-68,-1,-973,41,266,-913,5,272,214,-215,9004,1433,158,1680,2047,955,344,1003,2113,1993,1840
242.407235,295503794,1441,1,-63,-1,-937,27,266,-862,-9,252,297,-66,8947,1457,158,1705,2047,1031,337,1034,2128,1993,1840
242.408222,295504781,1428,1,-58,-1,-901,14,262,-814,-8,259,293,-41,8906,1491,158,1745,2047,1056,335,1075,2113,1993,1840
242.409208,295505767,1417,1,-55,-1,-862,4,263,-784,-13,260,249,180,8903,1477,158,1734,2047,1068,321,1107,2113,1993,1840
242.410195,295506754,1410,1,-52,-1,-825,-8,258,-759,-17,261,224,158,8945,1503,158,1766,2047,1095,325,1141,2113,1993,1840
242.411181,295507740,1402,1,-50,-1,-791,-17,260,-727,-40,253,296,143,8868,1492,158,1760,2047,1115,316,1188,2113,1993,1840
242.412168,295508727,1393,1,-47,-1,-757,-28,261,-686,-42,252,321,220,8842,1527,158,1795,2047,1174,315,1215,2128,1993,2257
242.413154,295509713,1384,1,-43,0,-719,-34,256,-645,-40,261,206,371,8743,1520,158,1794,2047,1179,304,1247,2113,1993,2257
242.414141,295510700,1375,1,-40,0,-682,-33,255,-621,-24,255,180,425,8708,1445,158,1632,2047,1215,309,1302,2113,1993,2257
242.415128,295511687,1368,1,-38,0,-646,-32,252,-586,-34,241,242,348,8607,1385,158,1446,2047,1224,298,1313,2113,1993,2257
242.416114,295512673,1363,1,-36,0,-617,-35,253,-562,-36,262,73,438,8549,1347,158,1376,2047,1288,301,1322,2113,1993,2257
242.417101,295513660,1359,1,-35,0,-587,-36,254,-521,-48,258,55,397,8532,1331,158,1334,2047,1296,291,1376,2113,1993,2257
242.418087,295514646,1354,1,-33,0,-552,-39,252,-475,-32,240,55,397,8532,1473,158,1321,2047,1271,292,1405,2128,1993,2257
242.419074,295515633,1347,1,-30,0,-517,-37,250,-452,-43,236,26,475,8476,1566,158,1180,2047,1304,290,1412,2113,1993,2257
242.420061,295516620,1339,1,-27,0,-487,-39,245,-431,-37,251,-131,432,8370,1650,158,1139,2047,1330,285,1402,2128,1993,2257
242.421047,295517606,1332,1,-24,0,-453,-39,245,-397,-40,242,-138,434,8246,1808,158,1063,2047,1367,287,1405,2113,1993,2257
242.422034,295518593,1326,1,-22,0,-421,-37,245,-361,-36,231,-135,373,8190,1796,158,854,1916,1376,278,1412,2113,1993,2257
242.423021,295519580,1322,1,-20,0,-388,-37,237,-329,-33,222,-159,480,8086,1798,158,661,1749,1402,276,1402,2113,1993,2257
242.424007,295520566,1319,1,-18,0,-359,-35,229,-306,-27,221,-93,478,8087,1776,158,561,1691,1432,274,1402,2105,1993,2257
242.424993,295521552,1313,1,-16,0,-330,-32,225,-283,-25,211,-104,417,8039,1758,158,507,1679,1442,278,1412,2105,1996,2257
242.42598,295522539,1307,1,-13,0,-302,-26,220,-256,-20,210,-79,406,8064,1647,158,330,1640,1489,268,1386,2091,1996,2257
242.426967,295523526,1300,1,-10,0,-275,-22,209,-224,-23,185,-6,329,8077,1578,158,218,1604,1508,268,1322,2069,1996,2257
242.427953,295524512,1294,1,-7,0,-251,-21,199,-192,-13,185,-35,331,8096,1610,158,256,1589,1531,266,1310,2041,1996,2257
242.42894,295525499,1289,1,-5,0,-226,-18,195,-182,-7,187,-25,266,8037,1628,158,245,1549,1554,261,1288,2027,1996,2257
242.429977,295526536,1285,1,-3,0,-203,-15,190,-157,-6,173,-25,266,8037,1618,158,225,1546,1546,264,1263,2041,1996,2257
242.430913,295527472,1282,1,-2,0,-177,-9,179,-137,2,159,-18,233,7914,1676,305,158,1557,1587,262,1247,2007,1996,2257
242.431899,295528458,1276,1,0,0,-152,-3,167,-113,6,166,-119,260,7804,1811,590,158,1666,1600,254,1202,2027,1996,1507
242.432886,295529445,1269,1,1,0,-133,4,164,-100,9,153,-87,297,7707,1824,757,158,1783,1604,274,1179,2020,1996,1507
242.433873,295530432,1262,1,2,0,-114,8,159,-68,19,135,-12,184,7609,1801,817,158,1849,1630,318,1141,1987,1996,1507
242.434859,295531418,1257,1,3,0,-95,13,149,-69,38,138,-2,233,7417,1785,881,158,1885,1639,331,1115,1967,1996,1507
242.435845,295532404,1252,1,4,0,-77,22,144,-36,35,142,-38,119,7315,1808,1091,158,2016,1639,317,1103,1967,1996,1507
242.436833,295533392,1249,1,5,0,-61,31,140,-36,54,125,18,194,7112,1735,1240,158,2047,1667,342,1064,1961,1996,1507
242.437819,295534378,1246,1,5,0,-45,42,131,3,51,107,97,78,7048,1618,1348,158,2047,1695,409,1064,1961,1996,1507
242.438805,295535364,1240,1,7,0,-28,49,125,-4,68,120,108,206,6881,1638,1471,158,2047,1695,434,1010,1961,1996,1507
242.439792,295536351,1234,1,9,0,-11,57,120,13,80,115,45,84,6801,1732,1616,158,2047,1709,453,1007,1961,1996,1507
242.440778,295537337,1227,1,11,0,3,71,114,22,93,104,113,68,6652,1659,1709,158,2047,1714,478,962,1967,1996,1507
242.441765,295538324,1222,1,13,0,15,79,109,46,90,89,111,80,6533,1612,1751,158,2047,1714,508,935,1967,1996,1507
242.442752,295539311,1217,1,14,0,28,86,104,46,106,102,33,109,6436,1630,1800,158,2047,1729,540,904,1967,1996,1507
242.443738,295540297,1214,1,15,0,41,94,101,59,107,101,44,93,6383,1676,1871,158,2047,1724,589,885,1987,1996,1507
242.444725,295541284,1210,1,17,0,51,103,97,68,125,88,44,93,6383,1634,1884,158,2047,1744,626,860,1987,1996,1507
242.445711,295542270,1204,1,19,0,63,111,91,85,134,82,36,60,6277,1660,1958,158,2047,1744,658,833,2007,2309,1507
242.446698,295543257,1197,1,22,0,72,122,91,93,130,92,47,59,6190,1606,1990,158,2047,1744,685,815,2027,2309,1507
242.447684,295544243,1192,1,24,0,79,131,92,100,150,84,50,135,6107,1536,1981,158,2047,1754,713,800,2027,2309,1507
242.448671,295545230,1187,1,27,0,90,139,88,117,152,84,3,57,6092,1561,2041,158,2047,1739,773,792,2041,2309,1507
242.449657,295546216,1183,1,28,0,101,147,80,107,160,73,27,154,6048,1553,2047,158,1960,1744,800,733,2027,2309,1507
242.450644,295547203,1181,1,29,0,111,153,79,146,165,92,-19,24,6047,1566,2047,158,1892,1739,833,716,2027,2309,1507
242.451631,295548190,1176,0,31,0,120,159,84,131,173,74,92,187,5992,1581,2047,158,1849,1744,865,698,2027,2309,1507
242.452617,295549176,1171,0,34,0,129,168,83,161,178,76,52,70,6063,1559,2047,158,1815,1729,901,674,2027,2309,3752
242.453604,295550163,1165,-1,37,0,137,176,77,142,195,79,50,153,6107,1532,2047,158,1786,1714,940,662,2020,2309,3752
242.45459,295551149,1160,-1,40,0,144,183,77,161,197,83,24,63,6239,1516,2047,158,1764,1700,984,640,2007,2309,3752
242.455577,295552136,1156,-1,42,0,151,189,81,156,202,91,49,133,6261,1514,2047,158,1743,1709,1017,616,1980,2309,3752
242.456563,295553122,1153,-2,44,0,157,193,82,175,196,71,75,71,6304,1532,2047,158,1746,1700,1064,607,1967,2309,3752
242.45755,295554109,1151,-2,45,0,161,197,80,160,197,86,39,77,6278,1546,2047,158,1756,1695,1111,586,1948,2309,3752
242.458537,295555096,1150,-2,45,0,162,200,83,167,214,84,27,21,6363,1562,2047,158,1802,1685,1154,570,1961,2309,3752
242.459523,295556082,1149,-2,46,0,163,205,86,151,217,96,54,-29,6483,1538,2047,158,1868,1681,1200,564,1948,2309,3752
242.46051,295557069,1148,-2,46,0,163,210,89,166,223,91,54,-29,6483,1503,2047,158,1941,1700,1245,547,1948,2309,3752
242.461496,295558055,1148,-2,46,0,162,215,89,156,227,85,-9,24,6575,1467,2047,158,2006,1685,1279,534,1961,2309,3752
242.462483,295559042,1147,-2,47,0,162,218,89,149,210,93,-27,72,6592,1445,2047,158,2042,1695,1319,521,1948,2309,3752
242.46347,295560029,1147,-2,47,0,158,219,89,147,217,95,35,-11,6703,1393,1963,158,2047,1685,1364,510,1948,2309,3752
242.464456,295561015,1145,-2,48,0,151,220,90,134,224,84,73,-26,6766,1295,1820,158,2047,1685,1395,503,1961,2309,3752
242.465443,295562002,1139,-3,52,0,144,222,90,139,217,96,0,-146,6901,1205,1684,158,2047,1685,1425,484,1948,2041,3752
242.466429,295562988,1131,-5,58,0,139,224,91,124,236,86,-6,-20,6947,1196,1613,158,2047,1685,1435,473,1948,2041,3752
242.467416,295563975,1123,-6,63,0,134,225,92,134,218,88,-42,-107,7087,1211,1554,158,2047,1667,1508,462,1961,2041,3752
242.468402,295564961,1117,-7,67,0,130,223,89,102,209,88,43,-15,7133,1258,1497,158,2047,1644,1500,457,1948,2041,3752
242.469389,295565948,1111,-8,71,0,121,218,87,112,205,87,45,-177,7265,1281,1354,158,2047,1630,1508,444,1961,2041,3752
242.470376,295566935,1108,-9,74,0,111,211,87,93,193,86,22,-118,7360,1163,1012,158,1876,1630,1508,442,1987,2041,3752
242.471362,295567921,1104,-9,76,0,103,203,87,93,192,78,40,-152,7509,1087,732,158,1692,1639,1523,430,2000,2041,3752
242.472349,295568908,1100,-10,79,0,97,195,84,80,183,78,105,-150,7661,1073,539,158,1532,1626,1542,425,2007,2041,2220
242.473335,295569894,1095,-11,82,0,90,184,79,80,166,67,132,-203,7796,1048,285,158,1305,1617,1500,417,2020,2041,2220
242.474322,295570881,1091,-11,86,0,84,176,75,60,170,76,152,-236,7860,1075,158,202,1185,1592,1453,411,2000,2041,2220
242.475308,295571867,1087,-12,88,0,76,171,71,72,159,63,141,-333,7930,1101,158,280,1227,1583,1432,403,1980,2041,2220
242.476295,295572854,1084,-12,90,0,70,165,68,58,143,63,141,-333,7930,1115,158,308,1227,1596,1402,397,1948,2041,2220
242.477282,295573841,1082,-13,92,0,65,156,65,56,137,57,213,-244,7916,1210,158,404,1217,1583,1386,390,1948,2041,2220
242.478268,295574827,1078,-13,95,0,61,147,62,59,131,64,192,-386,7931,1342,158,523,1192,1592,1357,389,1923,2041,2220
242.479255,295575814,1074,-14,98,0,57,139,61,44,134,52,200,-343,7836,1455,158,603,1153,1583,1327,413,1893,2041,2220
242.480241,295576800,1069,-14,101,0,54,134,56,56,125,52,178,-384,7817,1490,158,619,1125,1592,1296,424,1869,2041,2220
242.481228,295577787,1065,-14,104,0,52,130,55,45,128,56,183,-358,7742,1479,158,573,1079,1579,1261,413,1869,2041,2220
242.482215,295578774,1062,-15,106,0,49,126,53,47,119,41,196,-378,7681,1456,158,522,1049,1579,1237,418,1835,2041,2220
242.483201,295579760,1060,-15,108,0,47,124,49,41,119,42,181,-349,7549,1398,158,441,1016,1596,1186,453,1818,2041,2220
242.484188,295580747,1058,-15,109,0,45,122,46,42,114,46,172,-391,7485,1333,158,344,968,1592,1154,457,1807,2041,2220
242.485174,295581733,1054,-15,112,0,42,118,44,32,121,40,122,-331,7343,1351,158,364,958,1592,1128,467,1786,2224,2220
242.486161,295582720,1050,-16,115,0,40,116,41,43,127,28,80,-374,7232,1358,158,362,934,1600,1095,469,1744,2224,2220
242.487147,295583706,1046,-16,118,0,37,119,39,29,125,38,80,-374,7232,1259,158,274,931,1587,1068,469,1714,2224,2220
242.488134,295584693,1043,-16,120,0,36,123,36,25,125,34,101,-336,7083,1142,184,158,943,1592,1049,476,1700,2224,2220
242.48912,295585679,1040,-16,122,0,31,123,34,26,120,27,138,-429,6958,1100,211,158,996,1596,1014,470,1681,2224,2220
242.490107,295586666,1038,-17,124,0,27,124,31,18,130,24,119,-408,6773,1040,178,158,1009,1583,990,473,1667,2224,2220
242.491093,295587652,1036,-17,125,0,24,127,28,22,129,20,116,-416,6651,1013,192,158,1031,1592,980,456,1644,2224,2220
242.49208,295588639,1033,-17,128,0,21,130,25,15,141,26,90,-456,6501,976,202,158,1059,1579,968,453,1626,2224,547
242.493066,295589625,1029,-17,131,0,19,133,22,8,141,8,126,-396,6354,966,245,158,1087,1571,938,444,1617,2224,547
242.494053,295590612,1026,-17,134,0,16,137,17,13,144,10,127,-508,6202,947,275,158,1105,1558,893,439,1592,2224,547
242.49504,295591599,1023,-17,137,0,13,141,15,3,153,19,95,-435,6078,914,288,158,1122,1546,880,431,1587,2224,547
242.496069,295592628,1020,-17,139,0,10,144,14,4,145,5,169,-445,6006,892,295,158,1130,1531,870,427,1583,2224,547
242.497013,295593572,1019,-17,140,0,7,148,11,7,153,11,128,-480,5838,855,292,158,1143,1519,838,420,1571,2224,547
242.497999,295594558,1016,-17,143,0,6,152,9,0,161,2,144,-422,5679,867,343,158,1159,1500,822,408,1579,2224,547
242.498986,295595545,1014,-17,146,0,5,155,8,4,156,1,118,-524,5577,882,361,158,1142,1489,811,407,1583,2224,547
242.499973,295596532,1011,-17,149,0,3,156,6,2,165,10,75,-408,5508,872,321,158,1098,1463,794,399,1542,2224,547
242.500959,295597518,1009,-17,152,0,2,157,4,-2,163,0,75,-408,5508,883,294,158,1041,1463,777,395,1535,2224,547
242.501946,295598505,1007,-17,155,0,2,160,3,9,163,0,121,-460,5417,911,305,158,1007,1435,773,380,1546,2224,547
242.502932,295599491,1006,-17,157,0,2,164,2,2,173,-1,21,-458,5231,935,364,158,1028,1442,737,374,1531,2224,547
242.503919,295600478,1005,-17,159,0,2,168,1,-5,170,0,27,-388,5077,945,424,158,1066,1422,733,371,1531,2224,547
242.504905,295601464,1004,-17,161,0,1,169,0,2,169,0,37,-481,4992,939,411,158,1050,1405,728,371,1500,2224,547
242.505892,295602451,1003,-17,165,0,1,169,-1,3,174,-6,-19,-383,4929,940,351,158,975,1386,728,364,1511,2188,547
242.506879,295603438,1002,-17,169,0,2,170,-2,3,173,-2,20,-299,4823,961,312,158,902,1376,709,358,1496,2188,547
242.507865,295604424,1002,-17,172,0,2,173,-3,6,182,-2,-42,-311,4693,984,322,158,878,1373,693,348,1489,2188,547
242.508852,295605411,1001,-16,175,0,2,176,-3,3,179,-10,-18,-237,4596,993,347,158,885,1376,701,351,1456,2188,547
242.50984,295606399,1001,-16,177,0,2,176,-4,0,175,-5,67,-269,4520,995,337,158,863,1345,688,342,1463,2188,547
242.510825,295607384,1000,-16,179,0,4,178,-5,2,184,-3,-11,-236,4470,1014,341,158,837,1348,673,340,1435,2188,547
242.511811,295608370,1000,-16,182,0,4,181,-5,5,193,-10,-13,-144,4371,1023,351,158,832,1364,665,336,1415,2188,547
242.512798,295609357,1000,-15,187,0,4,185,-6,-4,192,-7,34,-175,4242,1011,359,158,844,1357,670,339,1405,2188,137
242.513785,295610344,1000,-15,191,0,2,186,-8,-2,189,-6,7,-199,4146,965,299,158,816,1330,664,332,1376,2188,137
242.514771,295611330,1000,-15,195,0,-1,187,-7,-4,195,-10,15,-157,4034,901,190,158,761,1348,641,329,1376,2188,137
242.515758,295612317,1000,-14,198,0,-2,191,-8,-7,199,-11,21,-188,3966,869,158,173,770,1345,641,320,1376,2188,137
242.516744,295613303,1000,-14,200,0,-3,194,-9,-6,199,-9,21,-188,3966,841,162,158,776,1345,632,316,1345,2188,137
242.517731,295614290,1000,-14,202,0,-4,199,-9,-2,211,-15,16,-193,3900,825,197,158,817,1313,622,316,1345,2188,137
242.518718,295615277,1000,-14,206,0,-6,202,-10,-11,209,-12,70,-168,3812,795,191,158,828,1327,602,313,1330,2188,137
242.519704,295616263,1001,-13,211,0,-7,203,-12,-12,209,-9,70,-210,3720,793,158,197,820,1302,584,312,1327,2188,137
242.520691,295617250,1001,-13,216,0,-9,207,-12,-9,219,-11,16,-235,3648,807,158,240,838,1304,575,307,1293,2188,137
242.521677,295618236,1001,-12,219,0,-10,210,-12,-15,218,-19,65,-172,3623,796,158,238,836,1277,566,304,1302,2188,137
242.522664,295619223,1002,-12,222,0,-11,214,-12,-15,218,-11,60,-206,3599,765,158,215,835,1261,554,308,1288,2188,137
242.52365,295620209,1002,-12,224,0,-13,219,-13,-18,231,-13,4,-213,3526,717,158,201,861,1277,536,304,1263,2188,137
242.524637,295621196,1002,-11,227,0,-15,223,-14,-20,233,-17,30,-182,3458,688,158,220,896,1263,526,305,1261,2188,137
242.525623,295622182,1003,-10,232,0,-18,225,-14,-21,229,-14,64,-190,3415,710,158,298,941,1237,519,306,1240,2221,137
242.52661,295623169,1003,-10,237,0,-19,229,-14,-19,233,-15,64,-190,3415,716,158,331,958,1237,507,301,1222,2221,137
242.527597,295624156,1004,-9,241,0,-19,232,-14,-15,240,-17,51,-212,3384,724,158,333,945,1222,498,311,1240,2221,137
242.528583,295625142,1004,-8,245,0,-19,235,-15,-23,244,-18,78,-164,3332,718,158,320,929,1215,487,311,1245,2221,137
242.529572,295626131,1004,-8,247,0,-19,239,-16,-23,245,-11,91,-189,3269,700,158,305,918,1210,478,319,1240,2221,137
242.530556,295627115,1005,-7,249,0,-20,241,-16,-18,252,-15,86,-206,3222,697,158,322,928,1186,467,322,1230,2221,137
242.531543,295628102,1005,-7,252,0,-21,245,-17,-21,253,-22,74,-137,3182,681,158,322,934,1172,460,326,1217,2221,137
242.532529,295629088,1005,-6,256,0,-20,248,-16,-19,248,-15,83,-157,3143,667,158,297,917,1172,453,331,1232,2221,157
242.533516,295630075,1005,-6,260,0,-20,250,-16,-19,254,-13,64,-163,3096,668,158,277,893,1149,444,324,1210,2221,157
242.534502,295631061,1005,-5,264,0,-19,253,-16,-18,262,-19,29,-152,3038,666,158,263,872,1145,435,333,1230,2221,157
242.535489,295632048,1005,-4,266,0,-19,255,-16,-16,259,-18,53,-126,2983,669,158,264,863,1132,429,337,1207,2221,157
242.536476,295633035,1005,-4,268,0,-18,257,-16,-12,259,-11,47,-86,2929,656,158,242,848,1111,418,337,1215,2221,157
242.537462,295634021,1005,-4,270,0,-16,259,-16,-10,265,-13,-2,-76,2887,652,158,211,815,1111,417,339,1222,2221,157
242.538449,295635008,1005,-3,272,0,-14,261,-15,-13,269,-21,-21,-76,2826,654,158,176,777,1111,410,341,1202,2221,157
242.539435,295635994,1005,-3,275,0,-12,264,-15,-9,266,-15,-14,-74,2770,662,192,158,781,1083,399,338,1181,2221,157
242.540422,295636981,1005,-2,277,0,-11,265,-15,-8,266,-9,-27,-51,2720,679,223,158,793,1083,399,337,1181,2221,157
242.541408,295637967,1005,-2,279,0,-10,268,-15,-6,278,-19,-27,-51,2720,687,250,158,806,1071,395,331,1188,2221,157
242.542395,295638954,1005,-1,281,0,-8,270,-16,-3,278,-24,-50,-52,2677,696,286,158,826,1068,386,333,1181,2221,157
242.543382,295639941,1005,-1,282,0,-6,272,-16,-4,272,-14,-48,-35,2650,709,309,158,828,1064,383,326,1163,2221,157
242.544368,295640927,1005,-1,283,0,-5,274,-16,0,275,-7,-51,-37,2613,716,347,158,850,1064,382,319,1154,2221,157
242.545355,295641914,1005,-1,284,0,-3,276,-16,1,283,-22,-32,-44,2570,728,382,158,866,1056,387,322,1163,2220,157
242.546341,295642900,1005,-1,285,0,-2,277,-17,5,280,-25,-36,-47,2523,736,393,158,858,1053,384,315,1154,2220,157
242.547328,295643887,1005,0,286,0,1,279,-16,8,280,-9,-74,-11,2486,755,433,158,872,1045,408,309,1141,2220,157
242.548314,295644873,1005,0,287,0,3,280,-16,4,283,-8,-63,12,2487,780,471,158,881,1053,384,314,1154,2220,157
242.549301,295645860,1005,0,287,0,4,281,-16,5,289,-25,-42,-38,2451,788,486,158,884,1031,404,313,1115,2220,157
242.550288,295646847,1005,0,288,0,5,283,-16,8,287,-22,-80,-24,2411,790,506,158,898,1031,401,301,1145,2220,157
242.551274,295647833,1005,0,288,0,7,284,-16,12,285,-5,-111,29,2373,792,511,158,896,1031,429,309,1136,2220,157
242.552261,295648820,1005,0,288,0,7,285,-15,6,285,-11,-75,44,2370,782,498,158,890,1020,425,298,1119,2220,307
242.553247,295649806,1004,0,288,0,8,287,-16,8,289,-29,-38,-36,2358,764,480,158,885,1042,426,296,1128,2220,307
242.554234,295650793,1004,0,287,0,8,287,-16,10,289,-17,-90,-5,2342,751,459,158,871,1027,440,292,1158,2220,307
242.55522,295651779,1004,0,287,0,9,289,-16,14,293,-4,-93,55,2334,751,455,158,862,1042,452,290,1128,2220,307
242.556207,295652766,1003,0,287,0,10,290,-16,10,292,-15,-93,55,2334,762,470,158,859,1031,462,293,1141,2220,307
242.557194,295653753,1003,0,287,0,11,290,-17,10,291,-28,-27,4,2319,764,472,158,852,1014,457,283,1141,2220,307
242.55818,295654739,1003,0,287,0,11,291,-16,14,293,-13,-66,-24,2307,754,456,158,837,1034,466,279,1132,2220,307
242.559167,295655726,1003,0,287,0,12,292,-15,13,294,-6,-118,10,2300,760,469,158,843,1017,479,276,1128,2220,307
242.560153,295656712,1003,0,287,0,12,293,-15,12,297,-19,-70,-2,2315,752,470,158,849,1031,475,278,1128,2220,307
242.56114,295657699,1003,0,287,0,12,294,-16,10,291,-26,-27,-47,2319,741,463,158,847,1020,482,278,1128,2220,307
242.562127,295658686,1003,0,287,0,13,295,-16,18,299,-12,-96,-78,2306,738,460,158,841,1010,485,270,1115,2220,307
242.563116,295659675,1003,0,287,0,13,296,-16,16,300,-10,-148,-16,2293,747,480,158,847,1031,489,268,1103,2220,307
242.5641,295660659,1003,0,287,0,14,297,-16,16,300,-20,-87,-34,2284,759,507,158,853,1007,490,272,1103,2220,307
242.565086,295661645,1003,0,285,0,15,297,-16,12,293,-20,-68,-59,2277,757,522,158,862,1003,503,266,1119,2220,307
242.566073,295662632,1002,-1,284,0,15,298,-16,18,301,-12,-125,-52,2253,755,539,158,876,1000,495,263,1091,2249,307
242.567059,295663618,1002,-1,282,0,15,299,-16,16,304,-12,-135,-5,2243,760,575,158,900,1020,502,261,1115,2249,307
242.568046,295664605,1001,-1,280,0,16,300,-16,16,304,-22,-76,-37,2234,758,605,158,924,1007,536,264,1124,2249,307
242.569032,295665591,1001,-1,279,0,15,301,-16,10,296,-17,-80,-73,2232,750,621,158,941,1003,543,264,1115,2249,307
242.570019,295666578,1001,-2,278,0,15,302,-16,15,305,-13,-149,-34,2226,737,623,158,949,1014,534,260,1115,2249,307
242.571006,295667565,1000,-2,277,0,15,303,-17,15,309,-17,-146,-16,2219,722,632,158,963,1010,540,260,1115,2249,307
242.571992,295668551,1000,-2,275,0,14,303,-16,14,302,-19,-81,-9,2213,711,640,158,970,1020,556,252,1115,2249,307
242.572979,295669538,1000,-2,274,1,14,303,-16,10,297,-13,-81,-9,2213,700,638,158,963,1000,545,253,1119,2249,560
242.573965,295670524,1000,-2,272,1,13,303,-16,13,304,-11,-86,-35,2200,688,639,158,961,1007,596,252,1115,2249,560
242.574952,295671511,1000,-3,271,1,13,303,-15,12,309,-18,-128,-10,2204,677,638,158,959,984,593,254,1119,2249,560
242.575939,295672498,1000,-3,271,2,12,303,-15,11,302,-18,-115,-3,2200,669,635,158,954,984,595,247,1115,2249,560
242.576925,295673484,1000,-3,270,2,12,303,-15,10,297,-7,-79,-6,2213,664,637,158,951,987,607,251,1145,2249,560
242.577912,295674471,1000,-3,269,2,11,303,-14,7,303,-13,-107,-4,2216,655,641,158,958,990,641,249,1128,2249,560
242.578898,295675457,1000,-3,268,3,10,303,-13,9,307,-18,-139,-28,2238,639,643,158,970,971,634,248,1141,2249,560
242.579885,295676444,1000,-3,266,3,9,302,-13,7,300,-15,-119,3,2257,623,640,158,977,977,638,244,1141,2249,560
242.580871,295677430,1000,-3,264,3,9,302,-13,11,299,-2,-86,-5,2270,611,638,158,980,971,656,241,1128,2249,560
242.581858,295678417,1000,-3,263,4,8,301,-12,4,299,-10,-81,9,2282,612,653,158,986,962,652,244,1154,2249,560
242.582847,295679406,1000,-3,262,4,7,301,-12,5,306,-22,-110,-47,2291,607,657,158,991,968,661,245,1145,2249,560
242.583831,295680390,1000,-3,261,4,6,301,-12,4,297,-8,-127,-3,2319,594,662,158,1004,962,703,243,1167,2249,560
242.584817,295681376,1000,-3,260,4,6,300,-11,7,296,-3,-105,41,2342,586,661,158,1006,952,679,244,1163,2249,560
242.585804,295682363,1000,-2,258,5,5,299,-11,1,293,-7,-105,41,2342,580,659,158,1008,938,698,241,1141,2220,560
242.586791,295683350,1000,-2,256,5,5,298,-10,2,298,-19,-58,-6,2346,581,661,158,1007,943,699,236,1167,2220,560
242.587777,295684336,1000,-2,254,6,4,297,-10,6,297,-8,-95,-19,2352,572,651,158,1003,923,713,243,1172,2220,560
242.588764,295685323,1000,-2,253,6,4,296,-10,6,292,-2,-130,-4,2376,571,655,158,999,917,714,236,1141,2220,560
242.58975,295686309,1000,-2,252,6,4,294,-9,1,291,-11,-97,18,2412,579,656,158,992,923,716,239,1158,2220,560
242.590737,295687296,1000,-1,251,6,3,293,-9,-1,283,-13,-61,-38,2448,579,663,158,995,909,719,234,1158,2220,560
242.591723,295688282,1000,-1,249,7,3,290,-9,4,285,-6,-111,-22,2463,570,641,158,976,898,711,239,1167,2220,560
242.59271,295689269,1000,-1,247,7,3,288,-8,6,284,-3,-112,31,2498,564,614,158,951,906,733,231,1172,2220,617
242.593697,295690256,1000,-1,245,7,3,285,-7,5,280,-10,-43,-6,2511,570,600,158,932,898,737,235,1179,2220,617
242.594683,295691242,1000,0,243,8,3,282,-8,-1,271,-9,-46,-51,2515,569,580,158,910,898,748,237,1172,2220,617
242.59567,295692229,1000,0,242,8,3,279,-8,4,273,-1,-99,-64,2526,564,559,158,886,877,748,233,1186,2220,617
242.596656,295693215,1000,0,241,8,3,276,-6,4,275,-6,-93,-41,2568,573,546,158,864,880,748,237,1172,2220,617
242.597643,295694202,1000,0,239,8,4,274,-6,7,268,-10,-46,-39,2593,591,563,158,866,880,752,233,1154,2220,617
242.598673,295695232,1000,0,237,8,4,272,-7,6,260,-3,-46,-39,2593,598,583,158,876,870,744,230,1158,2220,617
242.599616,295696175,1000,0,234,8,4,268,-7,2,259,-2,-39,-43,2572,599,588,158,873,860,752,230,1149,2220,617
242.600603,295697162,1000,-1,231,8,4,265,-5,2,262,-7,-32,-89,2577,603,594,158,875,860,733,234,1179,2220,617
242.601589,295698148,1000,-1,229,8,4,262,-4,3,255,-10,-22,-79,2635,610,594,158,873,847,748,233,1167,2220,617
242.602576,295699135,1000,-1,227,8,5,259,-6,12,251,-2,-28,-43,2661,614,596,158,867,855,756,230,1154,2220,617
242.603562,295700121,1000,-1,226,8,5,255,-6,7,247,-2,-2,-29,2636,621,598,158,853,845,750,231,1154,2220,617
242.604549,295701108,1000,-1,224,8,5,252,-5,2,247,-8,12,-97,2580,623,597,158,849,855,733,227,1167,2220,617
242.605536,295702095,1000,-1,221,8,5,250,-4,2,242,-5,-7,-107,2576,625,611,158,865,847,779,231,1128,2201,617
242.606522,295703081,1000,-2,218,8,6,247,-5,12,244,-7,-37,-46,2608,629,622,158,873,843,754,227,1141,2201,617
242.607509,295704068,1000,-2,215,7,6,244,-6,7,238,-7,-30,-1,2633,641,642,158,876,850,771,229,1158,2201,617
242.608495,295705054,1000,-2,212,7,6,241,-6,5,234,-6,-30,-1,2633,643,654,158,884,857,750,231,1119,2201,617
242.609482,295706041,1000,-3,211,7,6,239,-5,1,227,0,-22,4,2597,628,647,158,892,845,773,225,1149,2201,617
242.610468,295707027,1000,-3,209,7,5,235,-6,6,227,-4,-6,-18,2555,618,619,158,872,860,761,229,1141,2201,617
242.611455,295708014,1000,-3,207,7,6,232,-6,9,230,-14,0,42,2578,630,607,158,847,847,779,229,1149,2201,617
242.612442,295709001,1000,-3,204,6,6,229,-6,6,223,-9,-23,53,2621,641,609,158,840,850,785,223,1172,2201,467
242.613428,295709987,1000,-4,201,6,5,227,-6,4,218,0,-62,32,2637,633,613,158,853,843,773,229,1149,2201,467
242.614415,295710974,1000,-4,198,6,4,223,-6,-2,212,-1,-46,37,2616,617,582,158,840,845,796,223,1128,2201,467
242.615401,295711960,1000,-5,196,6,4,219,-6,3,211,-9,19,19,2595,616,546,158,806,845,777,227,1141,2201,467
242.616388,295712947,1000,-5,194,5,4,215,-6,8,211,-12,12,40,2586,626,529,158,782,845,792,228,1132,2201,467
242.617374,295713933,1000,-5,193,5,4,213,-6,9,210,-6,-47,58,2588,634,545,158,788,840,773,226,1119,2201,467
242.618361,295714920,1000,-6,190,5,3,211,-7,-2,204,-4,-29,25,2618,625,554,158,804,847,771,226,1132,2201,467
242.619347,295715906,1000,-6,187,5,2,207,-6,-7,196,-6,33,-38,2632,615,543,158,806,843,785,225,1132,2201,467
242.620334,295716893,1000,-6,183,4,2,203,-6,0,191,-5,46,-38,2605,614,530,158,800,840,779,226,1115,2201,467
242.621321,295717880,1000,-7,180,4,2,201,-7,9,201,-12,0,25,2557,621,547,158,811,840,777,223,1111,2201,467
242.622307,295718866,1000,-7,178,3,1,199,-8,2,197,-12,-6,-1,2554,621,571,158,832,850,767,222,1115,2201,467
242.623294,295719853,1000,-7,176,3,0,196,-8,-8,188,-9,40,-76,2573,605,564,158,839,840,773,221,1103,2201,467
242.62428,295720839,1000,-8,175,3,-1,193,-8,-12,179,-2,40,-76,2573,586,525,158,817,843,759,221,1115,2201,467
242.625267,295721826,1000,-8,172,2,-2,190,-9,0,183,-7,54,-83,2539,586,507,158,800,840,765,223,1103,2201,467
242.626253,295722812,1000,-8,169,2,-2,188,-9,4,191,-18,33,20,2493,598,529,158,812,838,767,224,1103,2232,467
242.62724,295723799,1000,-9,167,1,-2,187,-10,0,182,-15,1,26,2426,604,548,158,824,838,773,224,1091,2232,467
242.628226,295724785,1000,-9,165,1,-3,183,-11,-10,173,-7,-15,-44,2407,597,526,158,809,833,756,224,1079,2232,467
242.629213,295725772,1000,-10,163,0,-4,180,-10,-14,167,-3,-17,-78,2406,587,482,158,774,833,748,223,1091,2232,467
242.6302,295726759,1000,-10,162,0,-4,178,-11,-7,171,-16,22,-30,2423,590,464,158,755,826,752,221,1091,2232,467
242.631186,295727745,1000,-10,160,0,-5,175,-12,1,172,-19,32,37,2407,589,460,158,745,833,750,222,1091,2232,467
242.632173,295728732,1001,-10,158,0,-6,173,-12,1,171,-12,-21,42,2349,577,448,158,734,826,750,225,1075,2232,467
242.633159,295729718,1003,-11,156,0,-7,170,-12,-13,167,-7,-59,-20,2305,556,416,158,711,826,744,226,1068,2232,287
242.634146,295730705,1004,-11,154,0,-8,168,-12,-18,158,-12,-11,-92,2318,547,402,158,698,820,732,217,1083,2232,287
242.635132,295731691,1005,-11,152,0,-8,165,-13,-9,152,-16,23,-39,2352,546,398,158,684,820,735,223,1079,2232,287
242.636122,295732681,1005,-11,151,0,-8,163,-13,2,162,-17,-19,85,2329,549,403,158,672,820,728,221,1068,2232,287
242.637106,295733665,1006,-11,150,0,-8,161,-14,-3,164,-16,-48,74,2262,542,402,158,666,813,713,223,1049,2232,287
242.638092,295734651,1007,-12,149,0,-9,159,-14,-17,159,-15,-10,-54,2203,525,394,158,660,806,698,221,1064,2232,287
242.639079,295735638,1009,-12,148,0,-10,157,-14,-23,142,-9,16,-92,2199,507,373,158,640,806,703,222,1053,2232,287
242.640065,295736624,1010,-12,146,0,-11,154,-14,-12,143,-8,16,-92,2199,497,349,158,613,800,688,223,1042,2232,287
242.641052,295737611,1011,-12,145,0,-11,152,-14,-3,153,-22,-4,38,2205,487,337,158,599,802,683,221,1042,2232,287
242.642039,295738598,1013,-12,144,0,-12,151,-15,-6,157,-23,-26,103,2184,475,337,158,595,798,674,220,1034,2232,287
242.643025,295739584,1013,-12,143,0,-13,150,-15,-21,147,-11,-17,39,2129,461,333,158,593,789,679,218,1024,2232,287
242.644012,295740571,1014,-12,142,0,-14,148,-13,-23,141,1,-31,-28,2048,449,325,158,592,798,649,217,1007,2232,287
242.644998,295741557,1015,-13,141,0,-14,147,-13,-16,141,-13,1,29,2050,453,341,158,603,787,667,223,997,2232,287
242.645985,295742544,1017,-13,140,0,-14,145,-14,-7,142,-27,34,124,2049,464,364,158,607,771,638,219,1000,2220,287
242.646971,295743530,1018,-13,138,0,-14,144,-14,-11,144,-20,-3,109,2012,464,374,158,609,763,638,219,997,2220,287
242.647958,295744517,1020,-13,137,0,-16,143,-13,-22,145,-1,-63,27,1906,450,372,158,618,769,630,221,968,2220,287
242.648945,295745504,1021,-13,136,0,-17,142,-12,-26,142,-2,-29,-11,1842,437,375,158,636,746,633,221,974,2220,287
242.649931,295746490,1022,-14,136,0,-17,141,-12,-19,131,-16,64,49,1834,437,382,158,644,743,634,220,962,2220,287
242.650918,295747477,1022,-14,135,0,-17,139,-12,-13,129,-18,64,49,1834,444,377,158,628,741,622,223,965,2220,287
242.651904,295748463,1023,-14,134,0,-17,138,-11,-14,140,-10,36,88,1829,447,377,158,626,726,626,221,952,2220,287
242.652891,295749450,1023,-14,133,0,-19,138,-11,-21,146,-6,-84,39,1757,433,381,158,646,728,609,221,952,2220,82
242.653877,295750436,1023,-14,132,0,-20,137,-11,-26,137,-9,-114,-50,1693,419,382,158,662,718,616,220,952,2220,82
242.654864,295751423,1023,-15,131,0,-20,135,-10,-21,122,-9,-25,-45,1668,419,373,158,654,711,596,222,946,2220,82
242.655851,295752410,1024,-15,130,0,-20,134,-9,-17,122,-9,21,29,1657,437,376,158,642,706,615,217,938,2220,82
242.656837,295753396,1024,-15,129,0,-19,134,-10,-15,136,-11,-49,39,1604,457,408,158,655,708,596,219,943,2220,82
242.657824,295754383,1024,-15,129,0,-20,133,-10,-23,142,-12,-119,-8,1577,458,423,158,663,699,599,219,926,2220,82
242.65881,295755369,1024,-15,129,0,-21,131,-9,-27,130,-8,-83,-74,1596,435,386,158,647,691,596,219,932,2220,82
242.659797,295756356,1024,-15,129,0,-22,129,-7,-27,119,-4,-4,-22,1581,415,340,158,628,688,593,223,926,2220,82
242.660783,295757342,1024,-15,129,0,-22,128,-8,-17,120,-9,-13,21,1521,417,331,158,620,679,594,223,929,2220,82
242.66177,295758329,1024,-15,129,0,-21,128,-10,-17,126,-11,-54,70,1469,437,366,158,627,683,587,220,917,2220,82
242.662757,295759316,1024,-15,128,0,-21,127,-10,-22,130,-13,-55,32,1496,451,381,158,618,686,589,222,926,2220,82
242.663743,295760302,1024,-15,128,0,-22,125,-8,-27,123,-6,-19,-22,1525,435,345,158,596,670,579,221,920,2220,82
242.66473,295761289,1023,-15,127,0,-23,124,-8,-24,123,-8,-51,-21,1474,411,315,158,595,674,577,219,904,2220,82
242.665716,295762275,1022,-16,126,0,-23,123,-9,-17,120,-9,-71,39,1406,413,332,158,608,661,573,219,901,2238,82
242.666703,295763262,1020,-16,124,0,-21,122,-10,-16,114,-11,-34,57,1411,447,380,158,613,667,575,221,915,2238,82
242.667689,295764248,1019,-17,122,0,-20,120,-10,-24,113,-10,-34,57,1411,479,404,158,596,665,554,218,898,2238,82
242.668676,295765235,1018,-17,120,0,-21,119,-9,-28,117,-6,-5,-6,1442,477,407,158,598,661,560,223,898,2238,82
242.669663,295766222,1017,-18,119,0,-22,119,-9,-23,124,-8,-49,-32,1418,445,399,158,619,652,560,220,890,2238,82
242.670649,295767208,1016,-18,119,0,-23,118,-9,-17,122,-10,-70,17,1370,425,397,158,638,647,554,221,893,2238,82
242.671636,295768195,1015,-18,118,0,-22,116,-9,-14,107,-11,5,30,1379,440,397,158,622,658,549,218,882,2238,82
242.672622,295769181,1014,-19,116,0,-20,114,-9,-24,102,-11,79,1,1404,476,401,158,588,645,560,220,885,2238,32
242.673609,295770168,1013,-19,115,0,-20,113,-10,-27,109,-4,33,-45,1383,494,415,158,577,644,564,223,885,2238,32
242.674595,295771154,1012,-19,115,0,-21,113,-9,-22,119,-5,-48,-5,1333,483,428,158,594,651,560,222,877,2238,32
242.675582,295772141,1011,-20,114,0,-22,112,-8,-17,115,-11,-12,55,1350,463,415,158,603,651,551,221,875,2238,32
242.676569,295773128,1011,-20,114,0,-21,110,-8,-16,104,-15,82,80,1386,460,389,158,584,656,566,217,877,2238,32
242.677555,295774114,1010,-20,113,0,-21,109,-9,-23,101,-12,54,-2,1366,473,381,158,560,651,570,222,872,2238,32
242.678542,295775101,1010,-21,112,0,-20,108,-10,-26,108,0,-41,-35,1289,485,406,158,565,644,558,220,865,2238,32
242.679528,295776087,1009,-21,112,0,-21,108,-9,-22,108,-3,-60,24,1268,478,419,158,579,655,564,218,867,2238,32
242.680515,295777074,1008,-21,111,0,-21,106,-8,-15,100,-11,23,68,1314,464,392,158,567,638,551,218,857,2238,32
242.681501,295778060,1007,-22,110,0,-22,104,-8,-19,96,-14,23,68,1314,450,349,158,538,648,564,222,855,2238,32
242.682488,295779047,1006,-22,110,0,-21,104,-8,-24,103,-11,41,49,1346,456,353,158,534,651,554,221,847,2238,32
242.683474,295780033,1006,-22,109,0,-21,103,-9,-29,110,-4,-46,-32,1298,467,382,158,547,649,564,221,847,2238,32
242.684461,295781020,1005,-22,109,0,-21,103,-9,-21,105,-7,-120,-56,1238,472,398,158,551,656,551,219,836,2238,32
242.685448,295782007,1004,-23,108,0,-21,100,-9,-17,90,-10,-69,1,1228,463,368,158,525,656,560,221,836,2238,32
242.686434,295782993,1003,-23,108,0,-22,99,-9,-16,85,-12,24,25,1258,446,338,158,507,651,551,220,840,2249,32
242.687421,295783980,1002,-23,107,0,-23,99,-9,-27,95,-8,21,4,1253,434,337,158,518,648,558,220,833,2249,32
242.688407,295784966,1002,-24,106,0,-23,99,-9,-30,108,-5,-60,-69,1235,439,354,158,528,642,545,217,829,2249,32
242.689394,295785953,1001,-24,106,0,-22,97,-9,-25,105,-7,-95,-58,1229,452,351,158,507,637,547,222,817,2249,32
242.69038,295786939,1001,-24,106,0,-22,95,-10,-19,93,-15,-66,-17,1246,461,338,158,480,637,542,217,813,2249,32
242.691367,295787926,1000,-24,106,0,-23,95,-9,-19,82,-10,-13,-13,1231,448,333,158,484,648,534,218,809,2249,32
242.692354,295788913,1000,-24,106,0,-24,96,-8,-27,84,-9,6,-44,1190,424,340,158,517,648,532,220,798,2249,32
242.69334,295789899,1000,-24,105,0,-25,95,-8,-29,93,-2,-12,-91,1157,409,329,158,521,637,532,217,800,2249,87
242.694327,295790886,1000,-24,105,0,-24,92,-9,-25,98,-6,-36,-30,1157,418,298,158,476,626,532,221,806,2249,87
242.695313,295791872,1000,-24,105,0,-23,90,-9,-20,99,-11,-53,-6,1168,439,287,158,438,640,530,217,779,2249,87
242.6963,295792859,1000,-24,105,0,-24,91,-9,-23,89,-13,-23,-31,1182,444,305,158,448,632,528,223,800,2249,87
242.697287,295793846,1000,-24,105,0,-25,92,-8,-30,82,-10,16,-94,1155,424,320,158,484,628,521,222,800,2249,87
242.698273,295794832,1000,-25,105,0,-26,91,-8,-33,80,-4,16,-94,1155,402,303,158,490,629,514,220,777,2249,87
242.69926,295795819,1000,-25,104,0,-26,89,-8,-26,88,-6,21,-85,1107,400,281,158,468,625,517,220,765,2249,87
242.700246,295796805,1000,-26,103,0,-26,88,-9,-21,94,-10,-12,-8,1073,413,282,158,450,624,510,219,761,2249,87
242.701233,295797792,1000,-26,102,0,-26,88,-9,-23,90,-11,-22,44,1087,415,299,158,459,621,512,218,761,2249,87
242.702219,295798778,1000,-27,101,0,-27,88,-8,-31,85,-7,26,-8,1139,404,306,158,475,624,500,221,735,2249,87
242.703206,295799765,1000,-27,100,0,-28,87,-8,-33,84,-7,61,-49,1139,396,303,158,479,621,495,220,739,2249,87
242.704193,295800752,1000,-27,100,0,-27,87,-8,-28,87,-7,27,-42,1076,408,318,158,483,621,490,218,741,2249,87
242.705179,295801738,1000,-27,99,0,-27,86,-8,-24,85,-12,-3,35,1009,424,349,158,493,609,495,221,748,2249,87
242.706166,295802725,1000,-28,98,0,-27,86,-8,-26,81,-9,10,47,1015,420,353,158,497,612,492,221,723,2270,87
242.707152,295803711,1000,-28,97,0,-29,85,-8,-32,79,-6,58,-7,1068,396,327,158,493,601,489,222,726,2270,87
242.708139,295804698,1000,-28,96,0,-30,84,-8,-34,87,-5,51,-36,1066,378,316,158,500,611,490,221,735,2270,87
242.709127,295805686,1000,-28,95,0,-30,85,-8,-29,92,-9,10,4,1014,382,346,158,524,602,484,221,725,2270,87
242.710112,295806671,1000,-29,95,0,-29,85,-8,-25,89,-10,4,67,948,404,393,158,545,600,481,221,713,2270,87
242.711099,295807658,1000,-29,94,0,-29,84,-8,-26,76,-9,34,53,940,413,399,158,539,607,485,222,723,2270,87
242.712085,295808644,1000,-29,93,0,-30,83,-7,-35,72,-5,55,-17,949,400,363,158,517,600,484,218,718,2270,87
242.713072,295809631,1000,-29,92,0,-31,82,-7,-35,75,-5,40,-34,979,383,328,158,500,592,490,221,713,2270,172
242.714058,295810617,1000,-29,92,0,-31,82,-7,-32,89,-7,17,19,970,379,338,158,514,600,490,216,709,2270,172
242.715087,295811646,1000,-29,91,0,-30,82,-7,-27,89,-10,17,19,970,389,363,158,526,586,490,217,708,2270,172
242.716031,295812590,1000,-29,90,0,-30,82,-8,-29,85,-10,20,59,947,389,373,158,531,584,489,217,728,2270,172
242.717018,295813577,1000,-29,90,0,-31,81,-7,-34,74,-6,20,28,932,375,344,158,512,577,487,219,713,2270,172
242.718004,295814563,1000,-29,89,0,-32,80,-7,-35,69,-4,34,-3,911,361,311,158,493,588,487,224,719,2270,172
242.718991,295815550,1000,-29,89,0,-32,79,-7,-30,72,-6,53,14,929,364,309,158,487,591,485,219,709,2270,172
242.719977,295816536,1000,-29,88,0,-31,79,-7,-28,79,-8,59,62,917,378,328,158,490,581,487,222,716,2270,172
242.720964,295817523,1000,-29,87,0,-31,79,-7,-30,85,-8,36,61,911,388,347,158,495,573,489,222,718,2270,172
242.721951,295818510,1000,-29,87,0,-31,78,-7,-35,82,-5,15,25,877,384,340,158,492,575,484,219,708,2270,172
242.722937,295819496,1000,-29,86,0,-32,77,-6,-35,73,-5,20,13,903,375,315,158,478,575,484,221,708,2270,172
242.723924,295820483,1000,-29,86,0,-32,76,-7,-30,67,-9,34,35,909,366,294,158,465,566,476,217,703,2270,172
242.72491,295821469,1000,-29,85,0,-32,76,-8,-27,69,-9,23,65,920,367,297,158,461,566,485,224,704,2270,172
242.725897,295822456,1000,-29,84,0,-31,76,-8,-30,74,-9,8,69,876,372,314,158,466,566,485,217,701,2249,172
242.726883,295823442,1000,-28,84,0,-31,74,-7,-35,74,-1,13,36,886,379,315,158,459,566,470,218,709,2249,172
242.72787,295824429,1000,-28,83,0,-31,73,-6,-36,72,-3,37,38,918,380,293,158,439,556,478,219,696,2249,172
242.728857,295825416,1000,-28,83,0,-31,71,-6,-30,70,-5,28,54,952,376,262,158,414,560,479,223,683,2249,172
242.729843,295826402,1000,-28,82,0,-32,72,-7,-28,73,-11,4,59,950,366,266,158,425,560,469,220,685,2249,172
242.73083,295827389,1000,-28,82,0,-32,73,-7,-29,70,-9,4,59,950,360,293,158,454,554,466,220,685,2249,172
242.731816,295828375,1000,-28,82,0,-32,73,-6,-35,67,-5,-4,23,912,357,306,158,471,549,464,221,679,2249,172
242.732803,295829362,1000,-27,81,0,-31,70,-6,-34,63,-6,26,0,901,358,272,158,435,558,462,223,682,2249,167
242.733789,295830348,1000,-27,81,0,-31,68,-7,-32,67,-4,36,19,881,353,217,158,381,554,456,222,677,2249,167
242.734776,295831335,1000,-27,81,0,-32,67,-8,-28,69,-9,30,59,891,338,183,158,355,551,460,217,686,2249,167
242.735763,295832322,1000,-26,81,0,-32,68,-7,-32,73,-5,16,62,861,324,200,158,380,551,456,217,671,2249,167
242.736749,295833308,1000,-26,80,0,-32,69,-7,-32,64,-8,44,25,880,318,231,158,417,545,452,221,661,2249,167
242.737736,295834295,1000,-26,80,0,-32,69,-6,-34,67,-5,53,34,842,328,255,158,432,542,446,217,658,2249,167
242.738722,295835281,1000,-25,80,0,-31,67,-6,-30,61,-9,54,50,834,333,236,158,409,534,435,222,665,2249,167
242.739709,295836268,1000,-25,80,0,-32,65,-7,-31,68,-7,20,91,776,328,198,158,371,534,436,216,647,2249,167
242.740696,295837255,1000,-25,79,0,-32,65,-7,-31,63,-8,18,64,788,310,169,158,354,526,429,221,642,2249,167
242.741682,295838241,1000,-25,79,0,-32,64,-7,-35,66,-3,12,61,751,303,167,158,357,530,424,222,645,2249,167
242.742669,295839228,1000,-24,79,0,-32,65,-7,-33,63,-7,26,64,756,305,198,158,384,519,421,220,634,2249,167
242.743655,295840214,1000,-24,79,0,-32,65,-7,-29,65,-4,28,100,722,312,217,158,395,524,417,221,634,2249,167
242.744642,295841201,1000,-24,79,0,-32,65,-7,-29,63,-10,45,131,731,309,216,158,395,512,411,220,633,2249,167
242.745628,295842187,1000,-23,79,0,-32,64,-6,-32,64,-3,19,108,693,296,189,158,379,515,405,221,633,2249,167
242.746615,295843174,1000,-23,78,0,-32,63,-5,-35,63,-2,19,108,693,293,175,158,373,507,400,220,621,2230,167
242.747602,295844161,1000,-23,78,0,-32,63,-5,-33,61,-6,22,104,687,297,179,158,374,510,395,220,620,2230,167
242.748588,295845147,1000,-22,78,0,-31,63,-5,-31,62,-2,1,88,646,311,187,158,371,497,399,223,612,2230,167
242.749576,295846135,1000,-22,78,0,-31,62,-5,-29,57,-10,35,114,665,307,176,158,362,490,384,216,611,2230,167
242.750561,295847120,1000,-22,78,0,-32,61,-4,-31,64,0,15,78,649,297,158,161,359,495,394,218,602,2230,167
242.751548,295848107,1000,-22,77,0,-32,61,-4,-34,61,-8,17,77,662,291,158,167,372,490,383,217,604,2230,167
242.752534,295849093,1000,-21,77,0,-31,62,-4,-32,65,0,-12,44,627,286,177,158,388,489,374,221,600,2230,167
242.753521,295850080,1000,-21,76,0,-31,62,-5,-32,60,-6,14,97,624,297,199,158,399,484,374,221,596,2230,20
242.754508,295851067,1000,-20,76,0,-31,61,-5,-29,56,-6,31,65,615,297,198,158,394,481,363,221,598,2230,20
242.755494,295852053,1000,-20,76,0,-31,60,-4,-32,60,-3,17,78,603,287,174,158,379,479,363,223,586,2230,20
242.756481,295853040,1000,-20,75,0,-32,60,-4,-31,59,-7,14,42,610,279,158,163,375,470,352,223,579,2230,20
242.757467,295854026,1000,-20,75,0,-31,59,-4,-29,62,1,10,65,608,277,160,158,375,467,355,218,591,2230,20
242.758454,295855013,1000,-19,74,0,-30,60,-5,-29,58,-10,49,66,618,287,194,158,396,472,347,219,581,2230,20
242.759441,295856000,1000,-19,73,0,-29,59,-4,-27,57,0,33,42,586,297,222,158,413,467,347,222,579,2230,20
242.760427,295856986,1000,-18,72,0,-29,59,-5,-31,59,-6,30,42,563,291,233,158,428,463,345,218,577,2230,20
242.761414,295857973,1000,-18,71,0,-30,59,-4,-30,58,-3,30,42,563,280,234,158,440,456,342,218,579,2230,20
242.7624,295858959,1000,-18,71,0,-29,58,-4,-29,59,-2,10,22,548,276,225,158,437,457,341,217,581,2230,20
242.763387,295859946,1000,-17,70,0,-29,58,-4,-26,56,-11,31,99,561,277,230,158,438,452,342,217,577,2230,20
242.764373,295860932,1000,-17,69,0,-28,57,-5,-25,57,-2,20,62,560,282,243,158,443,455,330,225,573,2230,20
242.76536,295861919,1000,-16,68,0,-28,57,-5,-29,56,-10,13,111,544,273,260,158,462,450,342,223,575,2230,20
242.766347,295862906,1000,-16,66,0,-28,57,-5,-27,55,0,14,48,533,262,282,158,492,444,331,220,586,2228,20
242.767333,295863892,1000,-15,64,0,-27,57,-5,-27,56,-5,10,89,522,254,293,158,508,446,336,223,586,2228,20
242.76832,295864879,1000,-15,63,0,-27,56,-5,-24,54,-8,44,112,528,255,305,158,516,442,340,220,591,2228,20
242.769308,295865867,1000,-14,62,0,-26,55,-5,-23,56,0,23,91,521,263,314,158,515,440,340,222,581,2228,20
242.770293,295866852,1000,-14,61,0,-25,55,-5,-25,55,-10,44,83,529,265,324,158,522,437,336,220,586,2228,20
242.771279,295867838,1000,-13,59,0,-25,55,-4,-23,52,2,26,5,521,263,338,158,538,436,346,224,592,2228,20
242.772266,295868825,1000,-13,57,0,-24,55,-4,-24,54,-7,31,58,520,261,358,158,563,426,347,216,592,2228,20
242.773252,295869811,1000,-12,55,0,-24,54,-4,-21,50,-6,25,0,513,257,368,158,579,423,351,216,599,2228,62
242.774239,295870798,1000,-11,53,0,-23,53,-4,-22,52,-3,24,46,511,260,374,158,581,424,349,222,606,2228,62
242.775226,295871785,1000,-11,51,0,-23,52,-5,-23,49,-11,49,-9,521,259,378,158,584,423,355,224,607,2228,62
242.776212,295872771,1000,-11,50,0,-22,51,-5,-21,50,1,25,-7,513,256,376,158,577,423,365,221,622,2228,62
242.777199,295873758,1000,-10,48,0,-22,51,-5,-19,50,-10,23,-2,537,255,392,158,591,417,366,219,620,2228,62
242.778185,295874744,1000,-10,46,0,-21,50,-6,-14,47,-2,23,-2,537,254,408,158,601,416,367,220,612,2228,62
242.779172,295875731,1000,-9,43,0,-20,49,-5,-17,48,-6,3,8,538,263,434,158,617,414,375,223,641,2228,62
242.780158,295876717,1000,-8,40,0,-19,48,-6,-16,41,-7,44,54,564,272,452,158,624,410,369,219,629,2228,62
242.781145,295877704,1000,-8,38,0,-17,47,-4,-17,46,1,48,3,559,287,478,158,633,405,387,219,641,2228,62
242.782131,295878690,1000,-7,36,0,-16,46,-5,-16,44,-9,45,54,564,296,501,158,650,404,398,217,658,2228,62
242.783118,295879677,1000,-7,34,0,-15,45,-4,-13,44,1,22,7,581,294,500,158,648,407,418,218,652,2228,62
242.784105,295880664,1000,-7,32,0,-15,44,-3,-13,39,-10,28,57,608,286,488,158,649,407,410,216,654,2228,62
242.785091,295881650,1000,-6,30,0,-14,42,-5,-10,36,0,36,9,649,276,469,158,637,403,426,221,671,2228,62
242.786078,295882637,1000,-5,26,0,-13,40,-3,-12,35,-6,43,56,653,283,477,158,641,407,440,219,680,2273,62
242.787064,295883623,1000,-5,23,0,-12,39,-5,-8,36,-5,24,32,663,294,498,158,647,402,444,220,673,2273,62
242.788051,295884610,1000,-4,21,0,-10,37,-4,-9,36,-2,15,62,650,306,507,158,641,404,455,220,711,2273,62
242.789037,295885596,1000,-4,19,0,-10,35,-5,-6,31,-7,18,58,692,310,499,158,629,404,456,217,706,2273,62
242.790024,295886583,1000,-3,18,0,-8,34,-3,-7,31,2,30,79,714,315,500,158,625,404,467,224,699,2273,62
242.791011,295887570,1000,-3,16,0,-7,32,-3,-4,26,-6,30,79,714,319,494,158,621,407,475,223,726,2273,62
242.791997,295888556,1000,-2,13,0,-6,31,-3,-5,28,1,21,79,694,321,490,158,614,404,484,219,714,2273,62
242.792984,295889543,1000,-2,11,0,-6,29,-2,-4,23,-6,32,98,705,318,465,158,598,407,484,223,703,2273,390
242.79397,295890529,1000,-1,8,0,-5,27,-3,-5,25,-2,13,92,685,308,436,158,577,405,500,217,723,2273,390
242.794957,295891516,1000,0,7,0,-5,25,-2,-2,17,-4,8,84,719,301,414,158,567,409,500,220,735,2273,390
242.795944,295892503,1000,0,5,0,-4,23,-4,0,18,-5,-2,78,724,300,391,158,543,411,508,219,716,2273,390
242.79693,295893489,1000,0,4,0,-2,21,-3,4,14,-4,3,73,768,309,384,158,524,411,515,221,718,2273,390
242.797917,295894476,1000,1,4,0,-1,18,-5,3,16,-6,7,98,755,321,374,158,496,411,514,221,743,2273,390
242.798903,295895462,1000,1,3,0,0,17,-4,3,12,-1,15,94,768,331,383,158,487,419,512,221,733,2273,390
242.79989,295896449,1000,1,3,0,2,14,-4,2,10,-2,28,102,758,341,381,158,474,416,515,221,728,2273,390
242.800876,295897435,1000,1,3,0,3,13,-4,3,6,-3,32,95,791,348,388,158,472,413,517,221,721,2273,390
242.801863,295898422,1000,1,2,0,3,11,-3,4,5,-4,23,89,816,351,381,158,464,420,523,222,732,2273,390
242.80285,295899409,1000,1,2,0,4,9,-3,5,4,-5,22,88,858,345,370,158,459,421,524,221,713,2273,390
242.803836,295900395,1000,1,2,0,4,7,-3,5,2,-3,23,89,860,338,349,158,446,426,519,219,713,2273,390
242.804823,295901382,1000,1,-1,0,4,5,-4,7,0,-4,23,89,860,336,351,158,449,424,526,220,704,2273,390
242.805809,295902368,1000,1,-5,0,5,3,-4,9,-3,-4,24,108,842,345,375,158,461,429,510,219,699,2273,390
242.806796,295903355,1000,1,-9,0,7,1,-4,10,-5,-4,16,109,840,362,408,158,476,430,521,218,693,2197,390
242.807782,295904341,1000,1,-12,0,8,-1,-4,10,-8,-3,16,104,839,376,431,158,480,425,519,217,693,2197,390
242.808769,295905328,1000,1,-15,0,8,-3,-4,9,-8,-2,27,87,858,384,437,158,477,437,521,223,698,2197,390
242.809756,295906315,1000,1,-17,0,9,-5,-3,8,-8,-4,24,93,834,391,445,158,478,431,530,223,704,2197,390
242.810742,295907301,1000,1,-19,0,10,-7,-3,9,-9,-2,19,96,815,394,460,158,492,439,519,219,691,2197,390
242.811729,295908288,1000,1,-22,0,10,-8,-3,9,-12,-3,8,119,791,390,478,158,514,444,532,221,677,2197,390
242.812715,295909274,1000,1,-25,0,10,-10,-3,9,-16,-3,2,104,806,375,487,158,538,445,536,221,699,2197,390
242.813702,295910261,1000,1,-27,0,9,-12,-3,11,-18,-5,1,95,818,361,490,158,555,444,530,223,693,2197,322
242.814689,295911248,1000,1,-30,0,9,-13,-3,12,-19,-5,3,95,833,353,498,158,568,452,538,219,698,2197,322
242.815676,295912235,1000,1,-31,0,10,-15,-4,13,-19,-4,13,100,830,359,509,158,569,450,543,219,703,2197,322
242.816662,295913221,1000,1,-33,0,11,-17,-4,13,-21,-5,19,104,836,368,520,158,566,452,536,221,703,2197,322
242.817648,295914207,1000,1,-35,0,11,-19,-4,11,-23,-5,8,81,848,376,528,158,561,453,545,219,708,2197,322
242.818635,295915194,1000,1,-37,0,12,-21,-5,9,-26,-4,7,65,870,378,537,158,563,459,560,218,683,2197,322
242.819621,295916180,1000,1,-40,0,12,-22,-5,9,-29,-4,10,54,900,372,539,158,567,463,549,221,688,2197,322
242.820608,295917167,1000,1,-42,0,11,-24,-5,11,-29,-5,27,66,915,363,537,158,571,463,560,220,725,2197,322
242.821637,295918196,1000,1,-44,0,11,-26,-5,12,-31,-6,27,66,915,355,530,158,570,460,564,221,691,2197,322
242.822582,295919141,1000,1,-46,0,11,-28,-5,11,-31,-4,23,73,910,347,523,158,569,470,586,219,698,2197,322
242.823568,295920127,1000,1,-47,0,11,-29,-5,11,-35,-3,18,69,903,339,514,158,566,467,577,223,718,2197,322
242.824554,295921113,1000,1,-49,0,10,-31,-5,10,-39,-5,17,66,909,334,505,158,561,472,584,223,703,2197,322
242.825541,295922100,1000,1,-52,0,10,-34,-5,12,-42,-7,14,56,926,333,495,158,549,467,592,219,737,2197,322
242.826527,295923086,1000,1,-54,0,11,-36,-5,11,-42,-6,14,66,942,339,490,158,536,469,589,217,726,2213,322
242.827514,295924073,1000,1,-57,0,11,-38,-5,10,-43,-5,15,64,948,343,489,158,527,467,604,217,718,2213,322
242.8285,295925059,1000,1,-58,0,11,-40,-5,8,-43,-3,18,76,945,342,485,158,521,472,598,222,713,2213,322
242.829489,295926048,1000,1,-60,0,10,-42,-5,9,-47,-5,17,95,947,336,473,158,514,472,599,218,723,2213,322
242.830473,295927032,1000,1,-61,0,10,-44,-5,9,-50,-2,16,102,949,330,459,158,507,476,604,217,709,2213,322
242.83146,295928019,1000,1,-63,0,10,-46,-4,10,-55,-5,17,95,970,329,454,158,504,475,604,219,708,2213,322
242.832448,295929007,1000,1,-65,0,10,-48,-4,8,-55,-6,18,80,982,327,444,158,497,475,606,223,718,2213,322
242.833433,295929992,1000,1,-67,0,9,-50,-5,8,-56,-6,17,80,1003,320,431,158,490,472,616,221,718,2213,187
242.83442,295930979,1000,1,-69,0,8,-53,-5,7,-56,-4,17,80,1003,310,411,158,478,467,617,221,723,2213,187
242.835408,295931967,1000,1,-70,0,8,-55,-5,10,-60,-3,5,88,985,307,399,158,466,472,607,222,701,2213,187
242.836395,295932954,1000,1,-71,0,8,-57,-5,8,-64,-4,5,96,978,314,394,158,453,467,611,220,718,2213,187
242.837379,295933938,1000,1,-73,0,8,-59,-5,9,-68,-4,10,85,965,321,386,158,437,470,612,222,719,2213,187
242.838366,295934925,1000,1,-74,0,8,-62,-4,7,-69,-3,23,76,975,323,375,158,422,466,602,218,701,2213,187
242.839353,295935912,1000,1,-76,0,8,-64,-4,6,-67,-6,17,93,964,321,364,158,414,464,599,219,690,2213,187
242.840339,295936898,1000,1,-77,0,8,-66,-3,5,-68,-3,-1,96,953,322,356,158,409,463,602,217,694,2213,187
242.841326,295937885,1000,1,-78,0,8,-68,-4,5,-73,-5,-17,115,934,320,345,158,401,466,598,217,693,2213,187
242.842312,295938871,1000,1,-79,0,7,-70,-4,5,-77,-2,-20,99,928,313,326,158,387,460,581,223,690,2213,187
242.843299,295939858,1000,1,-80,0,6,-72,-4,6,-81,-4,-20,94,937,301,302,158,374,462,584,222,688,2213,187
242.844285,295940844,1000,1,-81,0,6,-74,-4,8,-79,-3,-9,80,937,292,282,158,364,464,586,221,665,2213,187
242.845272,295941831,1000,1,-82,0,6,-76,-4,8,-80,-4,1,92,937,295,273,158,351,463,579,217,668,2213,187
242.846259,295942818,1000,1,-83,0,6,-78,-4,6,-79,-4,-6,93,915,306,272,158,338,457,575,219,661,2248,187
242.847245,295943804,1000,1,-83,0,6,-80,-4,3,-82,-3,-17,85,902,313,267,158,324,459,564,223,665,2248,187
242.848232,295944791,1000,1,-84,0,6,-81,-3,2,-86,-3,-17,85,902,312,258,158,316,456,558,220,644,2248,187
242.849221,295945780,1000,1,-85,0,5,-83,-3,2,-89,-3,-24,84,879,302,240,158,309,455,556,221,654,2248,187
242.850206,295946765,1000,1,-85,0,4,-84,-3,3,-90,-4,-20,71,867,292,227,158,305,455,547,219,636,2248,187
242.851234,295947793,1000,1,-85,0,4,-85,-3,3,-88,-5,-15,82,840,287,224,158,306,456,540,222,622,2248,187
242.852178,295948737,1000,1,-86,0,3,-87,-4,4,-89,-3,-5,79,824,283,221,158,305,449,530,220,624,2248,187
242.853165,295949724,1000,1,-86,0,3,-88,-4,3,-89,-4,-10,80,798,279,220,158,305,445,523,220,615,2248,115
242.854151,295950710,1000,1,-87,0,2,-90,-4,2,-93,-4,-19,66,777,273,211,158,299,448,517,218,615,2248,115
242.855138,295951697,1000,1,-87,0,2,-91,-4,1,-95,-3,-30,56,748,272,209,158,297,444,503,221,611,2248,115
242.856124,295952683,1000,1,-88,0,2,-92,-4,1,-97,-5,-20,56,732,273,211,158,295,442,505,224,591,2248,115
242.857111,295953670,1000,1,-88,0,2,-93,-4,2,-95,-3,-22,62,707,276,217,158,297,444,492,219,596,2248,115
242.858098,295954657,1000,1,-88,0,1,-94,-4,0,-95,-5,-12,78,692,273,214,158,294,436,492,222,589,2248,115
242.859084,295955643,1000,1,-87,0,1,-95,-4,-1,-95,-2,-26,73,669,268,205,158,289,437,489,221,581,2248,115
242.860071,295956630,1000,1,-87,0,0,-96,-4,-2,-97,-3,-23,86,651,263,192,158,283,436,472,222,575,2248,115
242.861057,295957616,1000,1,-87,0,0,-97,-3,-2,-101,-3,-30,66,620,258,179,158,273,432,472,219,570,2248,115
242.862044,295958603,1000,1,-87,0,0,-98,-3,-1,-101,-3,-41,67,593,260,170,158,263,431,467,219,564,2248,115
242.86303,295959589,1000,1,-86,0,-1,-99,-4,-1,-102,-6,-41,67,593,258,160,158,255,431,457,223,551,2248,115
242.864017,295960576,1000,1,-86,0,-1,-100,-3,0,-101,-1,-45,43,582,263,158,164,253,425,446,220,542,2248,115
242.865004,295961563,1000,1,-86,0,-1,-100,-3,-1,-99,-4,-55,55,583,267,158,171,256,425,440,221,543,2248,115
242.86599,295962549,1000,1,-85,0,-2,-101,-3,-2,-101,-4,-46,64,579,268,158,173,256,423,440,221,538,2248,115
242.866977,295963536,1000,1,-84,0,-2,-101,-3,-3,-102,-3,-56,71,548,271,158,174,253,417,429,223,524,2250,115
242.867963,295964522,1000,1,-84,0,-2,-102,-3,-5,-104,-3,-46,61,515,274,158,177,251,416,421,224,521,2250,115
242.86895,295965509,1000,1,-84,0,-2,-103,-3,-5,-106,0,-38,43,494,284,158,191,256,414,418,226,519,2250,115
242.869937,295966496,1000,1,-83,0,-3,-103,-3,-4,-104,-5,-31,53,491,290,158,203,263,413,413,224,517,2250,115
242.870923,295967482,1000,1,-83,0,-3,-103,-3,-3,-103,-4,-40,29,484,291,158,211,270,410,407,220,507,2250,115
242.87191,295968469,1000,1,-82,0,-4,-103,-3,-1,-102,-4,-62,28,469,292,158,213,270,413,398,224,498,2250,115
242.872896,295969455,1000,1,-82,0,-4,-104,-3,-3,-104,-5,-46,13,452,292,158,209,264,409,392,223,493,2250,115
242.873883,295970442,1000,1,-81,0,-4,-104,-3,-4,-108,-3,-42,9,430,301,158,214,259,412,374,229,490,2250,62
242.874869,295971428,1000,1,-80,0,-4,-105,-4,-4,-107,-4,-42,9,430,313,158,224,252,411,380,228,487,2250,62
242.875858,295972417,1000,1,-80,0,-4,-105,-4,-5,-105,-4,-41,28,409,323,158,237,251,410,369,231,490,2250,62
242.876843,295973402,1000,1,-80,0,-4,-105,-4,-6,-103,-4,-36,31,392,326,158,244,252,410,363,234,478,2250,62
242.877829,295974388,1000,1,-79,0,-5,-105,-4,-7,-103,-2,-47,40,385,325,158,249,257,412,359,232,476,2250,62
242.878816,295975375,1000,1,-78,0,-5,-105,-3,-7,-105,-3,-34,41,380,324,158,253,262,416,354,240,470,2250,62
242.879802,295976361,1000,1,-77,0,-5,-105,-4,-4,-106,-4,-45,43,369,316,158,247,262,416,358,240,459,2250,62
242.880789,295977348,1000,1,-76,0,-5,-104,-3,-3,-106,-3,-62,61,357,317,158,248,263,414,351,246,462,2250,62
242.881819,295978378,1000,1,-76,0,-5,-105,-3,-4,-106,-5,-49,59,350,331,158,260,261,418,344,244,455,2250,62
242.882762,295979321,1000,1,-75,0,-5,-105,-3,-4,-106,-4,-44,40,346,349,158,279,261,419,345,248,457,2250,62
242.883749,295980308,1000,1,-75,0,-6,-106,-3,-6,-103,-3,-47,44,333,364,158,297,264,421,340,248,450,2250,62
242.884735,295981294,1000,1,-74,0,-6,-106,-4,-7,-103,-3,-47,43,320,361,158,297,264,425,331,256,441,2250,62
242.885722,295982281,1000,1,-73,0,-6,-105,-4,-7,-104,-4,-52,54,311,342,158,279,263,429,336,258,442,2250,62
242.886708,295983267,1000,1,-73,0,-6,-104,-4,-8,-104,-4,-53,71,303,321,158,263,264,425,328,263,444,2245,62
242.887695,295984254,1000,1,-72,0,-6,-104,-4,-9,-104,-3,-55,58,295,308,158,252,265,432,316,271,441,2245,62
242.888681,295985240,1000,1,-72,0,-6,-104,-4,-8,-103,-4,-63,67,291,307,158,254,268,430,322,273,439,2245,62
242.889668,295986227,1000,1,-72,0,-7,-104,-4,-7,-101,-4,-63,67,291,310,158,265,275,429,320,272,435,2245,62
242.890655,295987214,1000,1,-71,0,-7,-104,-4,-6,-102,-6,-64,71,293,313,158,272,278,432,314,274,429,2245,62
242.891641,295988200,1000,1,-71,0,-8,-103,-4,-5,-103,-5,-56,69,297,302,158,267,281,435,311,278,429,2245,62
242.892628,295989187,1000,1,-70,0,-8,-102,-4,-6,-102,-4,-57,58,288,290,158,257,280,435,314,284,420,2245,62
242.893614,295990173,1000,1,-70,0,-7,-102,-5,-7,-102,-4,-51,56,270,291,158,253,270,432,302,282,423,2245,170
242.894601,295991160,1000,2,-69,0,-7,-102,-5,-8,-101,-3,-40,58,262,298,158,254,260,437,302,284,425,2245,170
242.895587,295992146,1000,2,-69,0,-7,-102,-5,-8,-99,-4,-37,66,265,306,158,258,255,435,299,287,423,2245,170
242.896574,295993133,1000,2,-69,0,-7,-101,-4,-9,-98,-3,-49,65,270,307,158,258,253,431,299,287,421,2245,170
242.89756,295994119,1000,2,-68,0,-7,-100,-4,-10,-97,-3,-63,64,265,292,158,249,262,429,294,294,420,2245,170
242.898547,295995106,1000,2,-68,0,-8,-99,-4,-9,-99,-4,-61,61,256,278,158,249,276,430,292,294,414,2245,170
242.899534,295996093,1000,2,-68,0,-8,-99,-3,-7,-100,-5,-62,65,246,278,158,260,289,429,288,297,416,2245,170
242.90052,295997079,1000,2,-68,0,-9,-98,-4,-6,-98,-6,-68,72,241,279,158,267,294,432,285,297,417,2245,170
242.901507,295998066,1000,2,-68,0,-9,-98,-4,-7,-96,-5,-75,63,243,286,158,274,291,430,284,297,408,2245,170
242.902496,295999055,1000,2,-68,0,-8,-98,-5,-8,-95,-5,-75,65,241,287,158,269,280,426,280,298,414,2245,170
242.90348,296000039,1000,2,-68,0,-8,-97,-5,-9,-95,-4,-58,73,235,280,158,258,269,426,285,303,414,2245,170
242.904467,296001026,1000,2,-68,0,-8,-96,-5,-9,-95,-4,-49,79,221,269,158,242,261,429,276,302,413,2245,170
242.905453,296002012,1000,2,-69,0,-8,-96,-5,-9,-94,-4,-58,81,210,257,158,231,259,425,275,305,408,2245,170
242.90644,296002999,1000,1,-69,0,-8,-95,-4,-9,-93,-3,-58,81,210,249,158,225,262,420,269,309,407,2244,170
242.907426,296003985,1000,1,-69,0,-8,-94,-4,-9,-92,-4,-59,84,210,241,158,221,266,418,270,309,405,2244,170
242.908413,296004972,1000,1,-70,0,-8,-94,-3,-7,-93,-4,-51,77,219,233,158,212,268,421,267,305,405,2244,170
242.909399,296005958,1000,1,-70,0,-8,-93,-3,-6,-92,-4,-50,80,224,228,158,205,269,413,268,313,411,2244,170
242.910386,296006945,1000,1,-70,0,-8,-92,-3,-6,-91,-4,-61,78,219,227,158,202,267,413,262,313,405,2244,170
242.911372,296007931,1000,1,-70,0,-8,-92,-3,-7,-91,-4,-68,65,217,235,158,209,266,404,266,313,404,2244,170
242.912359,296008918,1000,1,-70,0,-8,-92,-4,-8,-91,-3,-72,60,218,241,158,212,262,401,256,309,410,2244,170
242.913346,296009905,1000,1,-70,0,-8,-91,-4,-8,-90,-2,-69,67,213,240,158,210,259,400,265,305,405,2244,42
242.914332,296010891,1000,1,-70,0,-8,-91,-3,-9,-90,-2,-60,75,206,240,158,209,257,400,258,305,403,2244,42
242.915319,296011878,1000,1,-70,0,-8,-90,-3,-9,-88,-2,-59,77,198,231,158,201,259,392,260,312,396,2244,42
242.916305,296012864,1000,1,-70,0,-8,-90,-3,-8,-87,-3,-55,80,202,227,158,197,261,396,253,305,400,2244,42
242.917292,296013851,1000,0,-70,0,-8,-89,-3,-8,-87,-3,-56,86,208,222,158,189,259,397,255,308,399,2244,42
242.918282,296014841,1000,-1,-71,0,-8,-88,-2,-6,-87,-3,-57,88,209,211,158,171,253,392,254,307,393,2244,42
242.919265,296015824,1000,-2,-71,0,-8,-88,-3,-5,-87,-4,-56,89,205,209,160,158,245,387,253,304,380,2244,42
242.920252,296016811,1000,-3,-72,0,-7,-87,-3,-5,-86,-4,-57,91,200,221,180,158,251,375,247,303,389,2244,42
242.921238,296017797,1000,-4,-72,0,-7,-87,-3,-5,-86,-3,-57,91,204,235,198,158,254,380,248,299,388,2244,42
242.922227,296018786,1000,-5,-73,0,-7,-86,-3,-6,-85,-3,-65,85,204,247,210,158,251,364,244,298,393,2244,42
242.923211,296019770,1000,-5,-73,0,-6,-86,-3,-6,-84,-1,-69,85,198,257,217,158,247,369,249,296,384,2244,42
242.924198,296020757,1000,-6,-73,0,-6,-86,-3,-7,-85,-1,-57,88,190,274,237,158,250,371,245,286,379,2244,42
242.925184,296021743,1000,-8,-74,0,-6,-85,-3,-7,-85,-1,-49,86,185,297,269,158,259,371,244,294,385,2244,42
242.926171,296022730,1000,-9,-75,0,-5,-85,-2,-6,-84,-2,-49,86,185,322,309,158,276,366,251,286,375,2244,42
242.927158,296023717,1000,-10,-76,0,-5,-84,-2,-5,-82,-2,-55,88,186,341,341,158,292,361,249,282,375,2249,42
242.928186,296024745,1000,-11,-76,0,-5,-84,-2,-5,-82,-2,-67,84,184,355,370,158,309,378,257,285,375,2249,42
242.929131,296025690,1000,-12,-77,0,-6,-84,-2,-5,-84,-3,-63,80,186,364,385,158,317,376,265,281,386,2249,42
242.930117,296026676,1000,-13,-77,0,-6,-83,-2,-5,-84,-3,-62,77,184,368,394,158,322,376,276,281,386,2249,42
242.931104,296027663,1000,-13,-77,0,-6,-83,-2,-5,-82,-4,-69,86,182,368,399,158,324,380,270,275,393,2249,42
242.932091,296028650,1000,-13,-77,0,-6,-83,-3,-6,-81,-4,-78,87,181,366,395,158,318,392,293,274,395,2249,42
242.933077,296029636,1000,-14,-77,0,-6,-82,-3,-7,-80,-3,-80,80,186,363,391,158,312,387,303,276,389,2249,42
242.934064,296030623,1000,-14,-77,0,-6,-82,-4,-8,-81,-2,-75,78,186,359,389,158,308,401,321,269,389,2249,210
242.93505,296031609,1000,-14,-77,0,-6,-82,-3,-7,-82,-2,-67,88,184,355,385,158,306,408,319,268,401,2249,210
242.936039,296032598,1000,-14,-77,0,-6,-81,-3,-6,-81,-2,-67,88,184,349,384,158,308,403,327,263,398,2249,210
242.937023,296033582,1000,-14,-78,0,-6,-81,-3,-6,-81,-2,-60,92,189,346,379,158,306,399,345,266,408,2249,210
242.93801,296034569,1000,-16,-78,0,-7,-81,-3,-7,-79,-2,-57,92,199,350,385,158,310,408,345,267,403,2249,210
242.938997,296035556,1000,-19,-80,0,-7,-81,-2,-9,-80,-1,-53,89,212,360,401,158,318,408,336,257,399,2249,210
242.939983,296036542,1000,-22,-81,0,-8,-80,-2,-10,-80,-2,-57,88,210,369,418,158,329,411,348,258,403,2249,210
242.94097,296037529,1000,-25,-82,0,-8,-80,-2,-10,-80,-2,-67,90,206,377,434,158,339,412,363,259,402,2249,210
242.941956,296038515,1000,-27,-83,0,-9,-80,-2,-11,-80,-3,-72,89,207,382,439,158,342,414,387,255,400,2249,210
242.942943,296039502,1000,-28,-83,0,-10,-80,-2,-13,-81,-2,-72,89,207,384,441,158,342,427,372,253,404,2249,210
242.94393,296040489,1000,-30,-84,0,-10,-80,-2,-13,-79,-2,-80,79,217,392,448,158,340,423,384,253,404,2249,210
242.944916,296041475,1000,-32,-84,0,-11,-80,-2,-13,-78,-2,-91,74,223,407,462,158,337,423,403,252,409,2249,210
242.945903,296042462,1000,-35,-85,0,-11,-79,-3,-13,-79,-3,-85,78,226,422,477,158,333,421,414,250,410,2249,210
242.946889,296043448,1000,-37,-85,0,-12,-79,-3,-14,-80,-3,-66,84,233,434,486,158,327,432,421,248,411,2186,210
242.947876,296044435,1000,-39,-85,0,-13,-79,-3,-15,-80,-2,-61,84,242,438,484,158,319,439,413,246,411,2186,210
242.948862,296045421,1000,-40,-86,0,-14,-79,-3,-16,-78,-1,-70,85,252,439,486,158,319,440,429,250,414,2186,210
242.949849,296046408,1000,-41,-86,0,-15,-79,-2,-19,-78,-1,-69,85,261,436,484,158,320,453,431,246,421,2186,210
242.950836,296047395,1000,-41,-86,0,-17,-79,-2,-20,-80,-2,-70,81,269,429,473,158,318,457,449,243,420,2186,210
242.951822,296048381,1000,-42,-86,0,-18,-79,-2,-21,-79,-3,-75,75,271,420,459,158,314,463,448,240,421,2186,210
242.952809,296049368,1000,-42,-86,0,-19,-79,-2,-22,-80,-3,-78,66,281,414,452,158,312,463,467,244,421,2186,210
242.953795,296050354,1000,-42,-86,0,-20,-79,-2,-24,-79,-3,-78,66,281,410,450,158,313,464,460,246,420,2186,322
242.954782,296051341,1000,-42,-86,0,-21,-80,-3,-24,-80,-2,-80,57,294,402,439,158,306,464,467,242,419,2186,322
242.955769,296052328,1000,-42,-86,0,-22,-80,-3,-25,-79,-2,-74,56,307,390,422,158,300,469,479,239,425,2186,322
242.956755,296053314,1000,-42,-86,0,-24,-80,-3,-27,-79,-3,-63,58,316,376,413,158,303,470,485,237,423,2186,322
242.957742,296054301,1000,-44,-86,0,-25,-79,-3,-29,-79,-3,-63,63,319,362,411,158,313,482,489,240,426,2186,322
242.958728,296055287,1000,-45,-87,0,-27,-79,-3,-31,-80,-2,-65,65,330,350,406,158,320,482,490,236,425,2186,322
242.959715,296056274,1000,-47,-88,0,-29,-79,-3,-34,-80,-3,-67,57,336,339,398,158,323,481,495,240,425,2186,322
242.960701,296057260,1000,-49,-88,0,-31,-79,-3,-36,-80,-4,-79,50,338,332,396,158,326,482,485,238,429,2186,322
242.961688,296058247,1000,-51,-89,0,-32,-79,-3,-37,-80,-3,-93,46,336,325,393,158,329,479,492,234,429,2186,322
242.962674,296059233,1000,-52,-89,0,-34,-80,-3,-38,-81,-3,-82,43,346,319,386,158,325,489,493,235,430,2186,322
242.963661,296060220,1000,-54,-89,0,-35,-80,-3,-39,-81,-5,-67,42,354,328,396,158,324,481,498,234,427,2186,322
242.964648,296061207,1000,-58,-90,0,-37,-80,-3,-40,-80,-4,-66,46,362,390,475,158,338,481,500,235,430,2186,322
242.965634,296062193,1000,-63,-92,0,-39,-80,-4,-42,-78,-4,-70,48,363,486,606,158,370,482,503,237,431,2186,322
242.96662,296063179,1000,-69,-93,0,-40,-80,-4,-44,-79,-4,-58,51,365,586,740,158,402,479,519,237,435,2206,322
242.967607,296064166,1000,-74,-94,0,-42,-80,-4,-46,-82,-3,-58,51,365,675,858,158,428,497,543,232,436,2206,322
242.968594,296065153,1000,-78,-95,0,-44,-80,-4,-49,-82,-3,-58,51,363,743,945,158,444,473,481,234,435,2206,322
242.969581,296066140,1000,-81,-96,0,-45,-81,-4,-52,-82,-4,-77,44,352,790,1003,158,453,472,543,233,439,2206,322
242.970567,296067126,1000,-85,-97,0,-47,-81,-4,-53,-80,-6,-95,44,364,805,1028,158,462,534,570,234,452,2206,322
242.971554,296068113,1000,-89,-98,0,-49,-81,-4,-55,-80,-2,-109,40,385,786,1022,158,474,564,607,232,450,2206,322
242.972583,296069142,1000,-93,-100,0,-51,-81,-4,-58,-81,-4,-89,42,417,750,999,158,486,586,673,235,457,2206,322
242.973527,296070086,1000,-97,-101,0,-54,-81,-3,-62,-83,-3,-76,40,434,695,952,158,493,586,670,233,453,2206,1100
242.974513,296071072,1000,-100,-102,0,-57,-82,-3,-66,-85,-3,-65,34,461,638,890,158,489,575,673,234,475,2206,1100
242.9755,296072059,1000,-102,-103,0,-61,-83,-4,-71,-84,-6,-64,53,489,581,829,158,484,602,733,229,492,2206,1100
242.976486,296073045,1000,-104,-104,0,-64,-83,-4,-77,-84,-6,-73,29,524,525,783,158,489,647,737,229,503,2206,1100
242.977473,296074032,1000,-107,-105,0,-69,-83,-4,-83,-86,-7,-88,43,559,478,746,158,496,626,806,228,498,2206,1100
242.978459,296075018,1000,-111,-108,0,-74,-84,-5,-88,-87,-1,-89,30,587,432,722,158,512,652,817,228,500,2206,1100
242.979446,296076005,1000,-115,-110,0,-79,-86,-4,-94,-91,-1,-51,46,618,391,689,158,519,649,817,230,508,2206,1100
242.980433,296076992,1000,-118,-113,0,-84,-87,-5,-95,-88,-6,-50,26,645,355,665,158,530,640,800,229,528,2206,1100
242.98142,296077979,1000,-122,-115,0,-89,-88,-5,-101,-88,-5,-54,31,689,324,655,158,547,644,813,223,519,2206,1100
242.982407,296078966,1000,-124,-116,0,-94,-88,-5,-107,-87,-10,-76,19,736,290,648,158,571,636,806,224,519,2206,1100
242.983393,296079952,1000,-126,-117,0,-99,-88,-5,-111,-92,-2,-63,9,784,257,635,158,587,628,806,226,562,2206,1100
242.984379,296080938,1000,-129,-120,0,-104,-90,-5,-117,-97,-7,-41,25,785,237,629,158,600,626,824,226,532,2206,1100
242.985366,296081925,1000,-133,-124,0,-109,-92,-5,-120,-100,-3,-41,25,785,225,637,158,617,607,820,229,560,2206,1100
242.986352,296082911,1000,-137,-128,0,-113,-93,-6,-125,-97,-5,-47,2,776,222,667,158,645,600,806,229,573,2206,1100
242.987339,296083898,1000,-140,-131,0,-118,-94,-6,-131,-96,-7,-66,27,781,217,696,158,674,598,824,226,562,2206,1100
242.988325,296084884,1000,-143,-134,0,-122,-96,-5,-134,-98,-2,-85,-11,847,207,699,158,685,592,815,228,577,2206,1100
242.989312,296085871,1000,-145,-136,0,-127,-98,-5,-138,-102,-8,-72,36,908,193,677,158,677,575,824,225,575,2206,1100
242.990298,296086857,1000,-147,-138,0,-131,-100,-5,-138,-107,-4,-68,10,920,190,674,158,676,570,820,223,612,2206,1100
242.991285,296087844,1000,-150,-142,0,-135,-102,-6,-144,-109,-8,-83,34,881,189,691,158,690,547,809,224,609,2206,1100
242.992271,296088830,1000,-153,-147,0,-139,-104,-5,-149,-114,-6,-89,11,869,186,704,158,704,547,811,222,607,2206,1100
242.993258,296089817,1000,-157,-151,0,-143,-107,-5,-153,-117,-1,-88,19,922,174,694,158,705,534,817,225,622,2206,1100
242.994245,296090804,1000,-160,-155,0,-147,-110,-5,-156,-116,-7,-63,72,1001,169,679,158,695,530,824,227,640,2206,505
242.995231,296091790,1000,-162,-159,0,-150,-113,-5,-155,-118,0,-69,71,1042,176,678,158,687,517,824,225,671,2206,505
242.996218,296092777,1000,-164,-161,0,-152,-115,-5,-159,-118,-9,-75,109,1025,183,687,158,687,505,824,225,670,2206,505
242.997204,296093763,1000,-166,-165,0,-155,-118,-5,-165,-128,-5,-90,53,1014,190,690,158,684,495,831,227,703,2206,505
242.998191,296094750,1000,-169,-170,0,-159,-122,-5,-170,-135,-2,-87,92,1040,184,683,158,682,489,822,227,714,2206,505
242.999178,296095737,1000,-172,-175,0,-162,-126,-5,-171,-141,-6,-74,98,1104,179,672,158,673,481,817,226,680,2206,505
243.000164,296096723,1000,-175,-180,0,-165,-130,-4,-170,-140,1,-62,137,1135,186,670,158,667,475,840,225,718,2206,505
243.001153,296097712,1000,-177,-184,0,-168,-133,-5,-170,-140,-10,-62,137,1135,189,668,158,661,463,836,225,685,2206,505
243.002137,296098696,1000,-179,-187,0,-170,-137,-4,-176,-140,-2,-71,99,1142,194,661,158,648,457,833,225,723,2206,505
243.003124,296099683,1000,-180,-190,0,-173,-140,-4,-182,-150,-4,-85,71,1135,182,643,158,645,446,838,229,746,2206,505
243.00411,296100669,1000,-182,-194,0,-176,-144,-4,-183,-157,-3,-62,71,1204,175,624,158,630,442,836,225,723,2206,505
243.005097,296101656,1000,-185,-199,0,-178,-148,-4,-182,-164,-2,-48,110,1231,173,610,158,621,439,833,225,737,2206,505
243.006084,296102643,1000,-187,-204,0,-180,-153,-4,-185,-165,-5,-39,134,1243,171,579,158,590,435,836,225,726,2206,505
243.00707,296103629,1000,-189,-208,0,-183,-157,-3,-188,-164,-4,-77,94,1196,165,549,158,566,427,843,227,739,2261,505
243.008057,296104616,1000,-190,-212,0,-185,-162,-4,-194,-169,-4,-89,66,1221,158,508,165,539,424,840,222,761,2261,505
243.009043,296105602,1000,-191,-214,0,-188,-166,-3,-194,-178,0,-64,66,1274,158,479,179,524,411,826,224,754,2261,505
243.01003,296106589,1000,-192,-216,0,-190,-171,-4,-192,-183,-3,-59,110,1307,158,457,185,509,407,829,226,735,2261,505
243.011016,296107575,1000,-194,-220,0,-191,-174,-3,-192,-185,-6,-74,127,1264,158,465,182,512,404,820,227,756,2261,505
243.012003,296108562,1000,-195,-225,0,-193,-179,-3,-197,-188,-2,-105,101,1209,158,476,176,518,399,820,226,737,2261,505
243.01299,296109549,1000,-197,-230,0,-195,-183,-4,-200,-193,-3,-110,65,1213,158,484,178,525,395,806,227,726,2261,505
243.013976,296110535,1000,-198,-235,0,-197,-188,-3,-203,-201,-2,-73,83,1270,158,476,178,519,370,809,228,739,2261,212
243.014963,296111522,1000,-199,-239,0,-198,-192,-4,-201,-202,-3,-81,141,1294,158,473,178,514,377,806,230,743,2261,212
243.015949,296112508,1000,-200,-242,0,-199,-195,-3,-201,-203,-4,-106,154,1238,158,483,174,519,369,796,226,739,2261,212
243.016978,296113537,1000,-201,-244,0,-201,-199,-3,-204,-206,-5,-106,154,1238,158,482,175,517,366,781,233,741,2261,212
243.017923,296114482,1000,-202,-248,0,-202,-204,-4,-208,-214,-4,-125,141,1200,158,465,178,501,367,773,232,739,2261,212
243.018909,296115468,1000,-203,-252,0,-204,-208,-3,-206,-223,-4,-110,119,1241,158,426,183,466,357,779,231,733,2261,212
243.019896,296116455,1000,-204,-256,0,-205,-212,-4,-204,-223,-5,-87,159,1298,158,406,180,439,355,761,232,735,2261,212
243.020882,296117441,1000,-205,-259,0,-206,-215,-5,-204,-223,-5,-86,195,1314,158,396,178,422,350,767,234,723,2261,212
243.021869,296118428,1000,-206,-262,0,-206,-219,-4,-207,-223,-3,-105,190,1250,158,379,177,400,342,737,234,733,2261,212
243.022855,296119414,1000,-206,-264,0,-207,-223,-4,-211,-231,-1,-121,156,1188,158,351,171,366,342,744,237,703,2261,212
243.023842,296120401,1000,-207,-266,0,-207,-227,-4,-212,-240,-2,-113,144,1182,158,325,159,327,338,718,232,718,2261,212
243.024829,296121388,1000,-207,-269,0,-208,-231,-4,-210,-245,-4,-94,170,1235,163,317,158,311,328,719,234,711,2261,212
243.025815,296122374,1000,-208,-272,0,-208,-234,-3,-208,-243,-4,-92,205,1241,166,311,158,305,328,704,237,685,2261,212
243.026802,296123361,1000,-208,-275,0,-210,-237,-2,-212,-243,-1,-98,202,1191,158,290,158,297,328,703,235,693,2276,212
243.027788,296124347,1000,-209,-277,0,-211,-241,-2,-214,-243,0,-114,173,1120,158,265,171,289,319,699,237,677,2276,212
243.028775,296125334,1000,-209,-278,0,-212,-245,-2,-214,-253,-1,-127,179,1110,158,243,173,273,318,674,229,661,2276,212
243.029761,296126320,1000,-209,-280,0,-212,-248,-2,-212,-260,-4,-125,201,1152,158,235,166,260,319,683,234,651,2276,212
243.030748,296127307,1000,-210,-281,0,-212,-250,-2,-211,-263,-3,-117,211,1185,159,236,158,251,311,655,231,647,2276,212
243.031735,296128294,1000,-210,-283,0,-213,-253,-2,-213,-260,-2,-118,205,1132,162,229,158,242,307,644,235,640,2276,212
243.032721,296129280,1000,-210,-285,0,-214,-256,-1,-216,-259,0,-118,205,1132,164,217,158,230,305,641,231,634,2276,212
243.033708,296130267,1000,-211,-286,0,-213,-259,-1,-217,-262,2,-132,194,1038,177,206,158,209,305,625,235,630,2276,82
243.034694,296131253,1000,-211,-287,0,-213,-263,-2,-215,-271,-2,-128,201,1001,186,194,158,186,302,619,234,615,2276,82
243.035681,296132240,1000,-211,-288,0,-214,-265,-2,-216,-274,-1,-131,207,1020,188,192,158,182,296,610,234,592,2276,82
243.036711,296133270,1000,-211,-289,0,-215,-267,-2,-217,-276,-3,-129,186,1026,175,186,158,188,296,596,231,591,2276,82
243.037655,296134214,1000,-211,-290,0,-216,-269,-1,-217,-270,2,-147,176,950,158,178,159,200,297,577,229,579,2276,82
243.038641,296135200,1000,-211,-290,0,-217,-271,0,-216,-272,-2,-128,196,889,158,183,163,213,294,573,231,573,2276,82
243.039627,296136186,1000,-211,-291,0,-216,-273,0,-214,-277,-1,-125,203,860,163,182,158,205,293,556,227,560,2276,82
243.040614,296137173,1000,-211,-292,0,-216,-275,-1,-217,-282,-2,-115,212,878,178,188,158,195,292,545,230,545,2276,82
243.0416,296138159,1000,-211,-292,0,-216,-277,-1,-218,-284,-1,-132,172,861,182,197,158,196,287,534,231,538,2276,82
243.042587,296139146,1000,-211,-293,0,-217,-278,-1,-219,-282,2,-132,172,861,175,197,158,202,284,530,229,530,2276,82
243.043573,296140132,1000,-211,-293,0,-217,-280,-1,-219,-282,-3,-121,179,808,170,203,158,214,282,519,231,530,2276,82
243.04456,296141119,1000,-211,-293,0,-217,-281,-1,-216,-284,0,-117,168,766,171,207,158,216,283,510,227,514,2276,82
243.045547,296142106,1000,-211,-293,0,-217,-283,-1,-217,-287,-2,-110,197,769,174,203,158,207,281,508,229,512,2276,82
243.046577,296143136,1000,-211,-293,0,-218,-285,-1,-219,-290,0,-118,159,774,172,196,158,199,278,493,229,503,2276,82
243.04752,296144079,1000,-211,-293,0,-218,-286,-1,-219,-288,2,-138,151,748,162,192,158,203,273,490,231,489,2230,82
243.048506,296145065,1000,-211,-293,0,-219,-287,0,-219,-288,-1,-125,169,692,158,200,160,220,276,485,231,484,2230,82
243.049493,296146052,1000,-211,-293,0,-219,-288,0,-218,-292,2,-123,171,637,159,208,158,227,274,475,231,478,2230,82
243.050479,296147038,1000,-211,-293,1,-218,-289,0,-217,-292,0,-129,193,630,166,213,158,224,272,467,226,479,2230,82
243.051466,296148025,1000,-211,-292,1,-218,-290,0,-221,-294,0,-129,154,646,165,195,158,207,269,466,225,470,2230,82
243.052453,296149012,1000,-211,-291,1,-219,-292,0,-221,-294,1,-151,157,643,160,170,158,185,267,453,226,467,2230,82
243.053439,296149998,1000,-210,-289,1,-220,-293,1,-220,-293,2,-151,192,600,158,159,172,189,267,440,225,462,2230,82
243.054426,296150985,1000,-210,-288,1,-220,-293,1,-219,-295,1,-141,205,541,164,158,185,198,267,439,229,455,2230,62
243.055413,296151972,1000,-210,-287,1,-220,-294,1,-218,-298,-1,-153,212,505,170,158,191,196,260,436,227,450,2230,62
243.056399,296152958,1000,-209,-287,1,-220,-295,1,-220,-298,2,-153,212,505,175,158,196,193,263,430,230,439,2230,62
243.057386,296153945,1000,-209,-286,2,-220,-296,1,-222,-299,1,-133,202,510,185,158,206,194,259,421,229,431,2230,62
243.058372,296154931,1000,-209,-286,2,-220,-297,1,-220,-297,1,-132,204,517,185,158,212,196,264,416,228,427,2230,62
243.059359,296155918,1000,-209,-286,2,-220,-297,1,-218,-296,1,-150,219,489,186,158,213,198,260,409,227,426,2230,62
243.060345,296156904,1000,-209,-285,2,-220,-298,1,-219,-300,-2,-149,230,442,186,158,214,197,260,403,231,424,2230,62
243.061332,296157891,1000,-209,-285,2,-220,-299,1,-221,-304,1,-159,202,423,195,158,215,189,258,397,235,412,2230,62
243.062318,296158877,1000,-209,-285,2,-220,-300,0,-223,-303,2,-171,195,426,199,158,219,188,258,394,235,410,2230,62
243.063305,296159864,1000,-209,-285,2,-220,-300,0,-221,-301,2,-173,189,436,206,158,230,189,260,389,240,407,2230,62
243.064291,296160850,1000,-207,-281,2,-220,-301,1,-219,-299,-1,-183,209,419,230,158,275,208,257,380,237,399,2230,62
243.065278,296161837,1000,-203,-275,2,-221,-301,1,-219,-298,0,-189,210,385,276,158,364,248,261,374,234,401,2230,62
243.066264,296162823,1000,-200,-269,3,-221,-302,1,-222,-303,3,-181,188,369,343,158,471,285,261,369,236,386,2230,62
243.067251,296163810,1000,-196,-263,3,-221,-302,1,-221,-307,3,-177,188,380,402,158,560,309,261,370,240,382,2243,62
243.068238,296164797,1000,-194,-258,4,-220,-302,2,-220,-305,3,-177,204,386,439,158,619,327,282,352,278,389,2243,62
243.069227,296165786,1000,-192,-254,4,-220,-302,2,-219,-301,3,-187,218,369,470,158,663,337,281,357,309,392,2243,62
243.070211,296166770,1000,-190,-251,4,-220,-302,2,-220,-300,4,-191,210,349,504,158,719,358,259,350,337,392,2243,62
243.071197,296167756,1000,-186,-245,4,-220,-303,3,-221,-300,4,-177,200,352,582,158,850,414,313,342,342,393,2243,62
243.072184,296168743,1000,-182,-238,4,-220,-303,3,-223,-303,3,-177,200,352,683,158,1020,484,345,338,342,394,2243,62
243.07317,296169729,1000,-178,-232,4,-220,-303,4,-221,-305,3,-178,193,372,786,158,1193,558,325,341,380,402,2243,62
243.074157,296170716,1000,-174,-226,4,-220,-301,3,-216,-299,1,-185,213,386,839,158,1300,613,389,335,388,445,2243,465
243.075144,296171703,1000,-172,-222,4,-220,-301,3,-217,-298,2,-186,212,398,900,158,1408,657,413,332,456,397,2243,465
243.07613,296172689,1000,-170,-219,4,-219,-300,2,-215,-293,2,-196,205,398,936,158,1462,672,407,323,512,462,2243,465
243.077117,296173676,1000,-167,-214,4,-218,-299,2,-216,-293,3,-216,187,414,961,158,1506,687,432,325,521,440,2243,465
243.078103,296174662,1000,-162,-207,4,-217,-297,2,-214,-290,-1,-222,204,452,981,158,1539,698,457,314,554,453,2243,465
243.07909,296175649,1000,-158,-200,4,-215,-294,1,-210,-287,-1,-218,198,478,983,158,1542,696,460,311,579,459,2243,465
243.080077,296176636,1000,-154,-193,4,-214,-292,1,-210,-287,-3,-200,201,493,978,158,1539,694,455,309,619,470,2243,465
243.081063,296177622,1000,-151,-188,4,-213,-290,-1,-212,-287,-5,-205,170,499,984,158,1553,693,512,308,654,482,2243,465
243.08205,296178609,1000,-148,-184,4,-211,-287,-2,-206,-279,-4,-201,171,539,977,158,1548,685,558,302,703,523,2243,465
243.083036,296179595,1000,-146,-180,4,-210,-285,-3,-205,-275,-8,-211,171,620,966,158,1548,681,622,297,723,556,2243,465
243.084023,296180582,1000,-143,-175,4,-208,-281,-4,-197,-265,-4,-211,171,620,954,158,1548,677,621,293,763,547,2243,465
243.085009,296181568,1000,-138,-167,4,-206,-277,-6,-202,-265,-9,-249,183,675,942,158,1558,685,619,293,826,532,2243,465
243.085996,296182555,1000,-133,-159,4,-204,-273,-7,-196,-260,-6,-264,180,694,932,158,1563,686,671,290,833,568,2243,465
243.086983,296183542,1000,-128,-152,4,-202,-269,-7,-198,-259,-8,-259,189,681,913,158,1559,690,652,291,870,570,2058,465
243.087969,296184528,1000,-125,-146,4,-198,-264,-8,-185,-246,-13,-228,184,743,885,158,1529,674,706,282,893,570,2058,465
243.088956,296185515,1000,-122,-142,4,-195,-257,-9,-184,-234,-6,-264,203,823,816,158,1442,643,733,282,935,586,2058,465
243.089942,296186501,1000,-120,-139,4,-191,-248,-9,-182,-214,-9,-346,202,895,706,158,1309,610,806,280,955,584,2058,465
243.090971,296187530,1000,-116,-134,4,-188,-240,-8,-177,-219,-1,-383,161,932,606,158,1206,600,771,273,962,611,2058,465
243.091916,296188475,1000,-111,-127,4,-183,-231,-8,-172,-217,-11,-292,231,942,520,158,1099,571,800,275,1000,606,2058,465
243.092902,296189461,1000,-106,-119,5,-178,-224,-7,-163,-212,-2,-277,257,978,466,158,1014,531,796,271,1020,642,2058,465
243.093889,296190448,1000,-102,-113,5,-174,-216,-6,-162,-191,-1,-354,303,1040,400,158,924,503,813,269,1060,637,2058,1687
243.094875,296191434,1000,-98,-108,5,-169,-205,-5,-156,-166,-4,-418,240,1120,307,158,800,474,796,268,1064,633,2058,1687
243.095864,296192423,1000,-96,-105,5,-164,-195,-4,-149,-162,-2,-388,278,1183,192,158,645,435,777,268,1091,634,2058,1687
243.096848,296193407,1000,-94,-102,5,-157,-184,-3,-138,-164,-1,-383,330,1223,158,229,553,452,761,261,1091,640,2058,1687
243.097835,296194394,1000,-92,-100,5,-151,-175,-1,-136,-156,12,-383,330,1223,158,302,493,475,725,258,1079,634,2058,1687
243.098822,296195381,1000,-92,-99,5,-146,-165,1,-132,-149,1,-379,356,1241,158,359,449,504,741,265,1068,629,2058,1687
243.099808,296196367,1000,-91,-98,5,-140,-156,1,-127,-134,0,-370,332,1284,158,422,402,530,704,264,1064,637,2058,1687
243.100795,296197354,1000,-91,-98,6,-134,-147,3,-120,-120,6,-408,374,1324,158,464,354,534,688,245,1053,638,2058,1687
243.101781,296198340,1000,-90,-97,6,-128,-139,5,-116,-111,16,-476,384,1369,158,487,309,527,670,264,1020,638,2058,1687
243.102768,296199327,1000,-90,-97,6,-124,-130,7,-112,-113,6,-428,381,1364,158,502,280,532,654,291,1017,654,2058,1687
243.103754,296200313,1000,-83,-89,7,-119,-123,7,-103,-117,5,-352,340,1373,158,461,308,527,640,330,993,636,2058,1687
243.104741,296201300,1000,-68,-74,8,-114,-118,7,-101,-107,14,-343,412,1374,158,345,405,492,626,362,1000,638,2058,1687
243.105728,296202287,1000,-50,-55,11,-109,-111,10,-92,-93,17,-401,402,1408,158,214,523,462,594,333,971,644,2058,1687
243.106714,296203273,1000,-33,-37,13,-104,-105,11,-95,-79,13,-407,438,1394,201,158,667,490,596,342,946,651,2058,1687
243.107701,296204260,1000,-19,-23,15,-99,-98,11,-88,-89,3,-339,394,1411,271,158,826,555,584,351,943,661,2260,1687
243.108687,296205246,1000,-8,-11,16,-95,-94,12,-83,-89,22,-305,406,1389,355,158,982,607,566,340,935,648,2260,1687
243.109674,296206233,1000,-1,-3,17,-90,-92,14,-79,-87,17,-284,398,1399,454,158,1108,617,558,334,935,637,2260,1687
243.110661,296207220,1000,2,2,20,-86,-88,15,-75,-72,23,-321,391,1356,414,158,995,498,551,339,958,661,2260,1687
243.111647,296208206,1000,3,5,23,-82,-83,15,-72,-68,11,-295,399,1398,215,158,636,256,554,334,926,659,2260,1687
243.112634,296209193,1000,1,6,26,-78,-77,17,-62,-66,23,-261,373,1427,158,370,385,184,551,330,962,656,2260,1687
243.11362,296210179,1000,0,7,29,-73,-73,18,-57,-62,23,-241,405,1456,163,618,200,158,538,327,958,652,2260,1687
243.114607,296211166,1000,-2,7,31,-68,-68,19,-54,-52,21,-241,405,1456,291,938,158,235,530,336,946,647,2260,650
243.115593,296212152,1000,-4,7,32,-63,-63,21,-51,-47,28,-284,375,1407,425,1231,158,337,517,386,926,638,2260,650
243.11658,296213139,1000,-4,7,34,-57,-57,23,-41,-42,24,-296,384,1429,518,1475,158,435,521,410,926,625,2260,650
243.117567,296214126,1000,-4,5,40,-51,-52,25,-37,-45,33,-267,400,1427,462,1609,158,454,528,420,926,610,2260,650
243.118553,296215112,1000,-3,1,50,-46,-48,27,-37,-46,26,-210,438,1441,249,1617,158,387,515,418,877,609,2260,650
243.11954,296216099,1000,-2,-3,60,-42,-45,27,-39,-27,31,-264,433,1384,158,1732,354,449,517,435,860,612,2260,650
243.120526,296217085,1000,-1,-6,69,-39,-40,29,-39,-33,28,-273,387,1364,158,1947,650,634,523,440,850,607,2260,650
243.121513,296218072,1000,0,-9,77,-37,-36,29,-32,-30,30,-246,370,1331,158,2047,890,790,515,462,815,593,2260,650
243.122499,296219058,1000,1,-11,83,-36,-33,30,-31,-32,32,-253,419,1299,158,2047,1047,876,512,459,815,632,2260,650
243.123486,296220045,1000,2,-12,88,-34,-32,32,-24,-31,44,-293,373,1286,158,2047,1170,893,503,493,822,640,2260,650
243.124473,296221032,1000,1,-10,96,-33,-31,34,-35,-27,50,-282,428,1275,158,2047,1315,809,487,542,796,652,2260,650
243.125459,296222018,1000,0,-6,106,-32,-29,39,-33,-25,56,-271,403,1313,158,1849,1354,583,473,591,809,652,2260,650
243.126446,296223005,1000,-1,-2,115,-31,-29,44,-28,-28,62,-260,470,1343,158,1579,1339,318,466,656,880,665,2260,650
243.127432,296223991,1000,-2,2,123,-29,-27,50,-18,-18,57,-311,510,1360,235,1436,1377,158,456,728,896,659,2153,650
243.128419,296224978,1000,-3,5,130,-27,-24,58,-19,-12,83,-280,520,1412,422,1469,1505,158,446,741,896,654,2153,650
243.129405,296225964,1000,-3,7,134,-25,-21,65,-20,-20,88,-280,520,1412,555,1500,1573,158,441,773,952,656,2153,650
243.130392,296226951,1000,-3,8,138,-22,-20,72,-14,-10,101,-286,546,1466,581,1443,1505,158,452,794,949,634,2153,650
243.131379,296227938,1000,-3,7,141,-19,-17,83,-15,-16,104,-322,600,1481,463,1280,1246,158,432,806,1003,626,2153,650
243.132365,296228924,1000,-2,5,144,-17,-15,92,-9,-7,112,-392,691,1504,260,1051,911,158,452,800,1017,615,2153,650
243.133352,296229911,1000,-1,2,146,-15,-11,103,-14,-4,134,-468,715,1543,158,962,685,300,456,862,1031,586,2153,650
243.134338,296230897,1000,0,1,148,-13,-9,113,-14,-4,131,-412,704,1633,158,939,571,479,460,877,1064,577,2153,1992
243.135325,296231884,1000,1,-1,149,-12,-7,121,-11,4,137,-415,639,1662,158,902,478,606,462,875,1068,575,2153,1992
243.136311,296232870,1000,1,-2,150,-10,-3,129,2,11,129,-457,634,1704,158,899,403,732,450,920,1053,562,2153,1992
243.137298,296233857,1000,2,-2,151,-9,1,134,-3,14,148,-439,608,1766,158,880,351,794,446,917,1064,605,2153,1992
243.138285,296234844,1000,2,-1,153,-7,4,137,-5,7,138,-296,463,1874,158,818,318,767,436,935,1042,595,2153,1992
243.139271,296235830,1000,2,-1,154,-5,7,137,-4,7,127,-283,400,1879,158,756,298,698,432,955,1042,600,2153,1992
243.140258,296236817,1000,2,0,155,-5,10,136,-5,17,130,-283,400,1879,158,703,315,644,426,952,990,615,2153,1992
243.141244,296237803,1000,2,1,156,-5,12,135,-3,21,135,-366,383,1866,158,654,366,615,414,955,990,611,2153,1992
243.142231,296238790,1000,2,2,157,-4,14,133,-4,16,127,-369,322,1896,158,622,390,568,410,955,980,638,2153,1992
243.143217,296239776,1000,2,2,158,-4,14,130,-5,3,115,-233,273,1976,158,577,419,501,403,958,962,651,2153,1992
243.144204,296240763,1000,2,2,159,-3,13,127,0,8,124,-244,196,1980,158,547,445,425,394,943,952,667,2153,1992
243.145191,296241750,1000,1,2,160,-3,13,124,-2,23,121,-354,207,1911,158,565,482,391,386,946,926,647,2153,1992
243.146177,296242736,1000,1,2,161,-4,12,122,-5,20,122,-391,166,1889,158,601,530,381,384,940,920,656,2153,1992
243.147164,296243723,1000,0,1,162,-3,12,120,-6,5,119,-293,145,1942,158,645,565,373,381,923,901,642,2253,1992
243.14815,296244709,1000,0,1,163,-3,12,120,-3,-3,115,-259,117,1965,158,704,592,384,361,932,904,634,2253,1992
243.149139,296245698,1000,-1,1,163,-4,12,120,-5,15,118,-354,162,1876,158,749,634,413,366,915,885,638,2253,1992
243.150123,296246682,1000,-1,1,164,-5,12,119,-6,15,121,-411,158,1864,158,774,665,418,361,912,885,632,2253,1992
243.15111,296247669,1000,0,1,165,-5,11,118,-11,12,128,-349,170,1887,158,788,702,402,357,901,877,630,2253,1992
243.152097,296248656,1000,0,1,167,-6,8,120,-10,-3,117,-271,164,1906,158,779,755,375,350,932,896,630,2253,1992
243.153083,296249642,1000,0,1,168,-7,7,121,-4,5,121,-369,203,1804,158,778,812,367,347,929,885,622,2253,1992
243.15407,296250629,1000,1,2,170,-8,7,121,-7,11,123,-431,235,1771,158,792,863,374,343,923,893,626,2253,485
243.155056,296251615,1000,1,2,171,-8,6,122,-12,8,133,-371,224,1792,158,808,905,380,342,926,893,624,2253,485
243.156043,296252602,1000,1,2,171,-9,5,124,-16,-3,136,-371,224,1792,158,814,934,378,335,940,901,613,2253,485
243.157029,296253588,1000,1,2,172,-10,5,127,-11,0,129,-299,249,1843,158,835,949,396,330,932,898,610,2253,485
243.158016,296254575,1000,2,2,172,-11,4,130,-8,9,135,-364,275,1793,158,835,956,401,329,940,920,604,2253,485
243.159002,296255561,1000,2,2,173,-12,3,133,-11,5,141,-399,348,1750,158,824,955,394,321,920,932,600,2253,485
243.159989,296256548,1000,2,2,173,-12,2,135,-20,1,153,-337,334,1797,158,800,947,371,316,952,920,599,2253,485
243.160976,296257535,1000,2,2,173,-13,2,138,-21,-3,146,-282,337,1853,158,807,947,387,318,935,923,593,2253,485
243.161962,296258521,1000,2,2,173,-14,3,143,-11,5,148,-330,336,1840,158,819,946,420,316,935,971,594,2253,485
243.162949,296259508,1000,2,2,173,-15,4,147,-11,12,151,-381,422,1793,158,832,940,457,314,943,974,593,2253,485
243.163935,296260494,1000,1,2,174,-15,3,149,-13,1,158,-346,416,1862,158,829,922,456,307,946,974,581,2253,485
243.164922,296261481,1000,1,2,177,-15,3,151,-20,-4,161,-252,422,1946,158,817,898,423,304,958,965,588,2253,485
243.165909,296262468,1000,0,2,179,-15,2,154,-16,2,157,-249,393,1960,158,809,879,391,298,946,1000,584,2253,485
243.166895,296263454,1000,0,2,181,-15,3,157,-9,15,161,-401,436,1874,158,832,869,399,294,971,1003,579,2253,485
243.167882,296264441,1000,-1,1,183,-14,6,160,-12,13,163,-407,474,1893,158,887,853,435,295,977,1010,584,2207,485
243.168871,296265430,1000,-1,1,185,-13,7,161,-17,-1,173,-306,436,1969,158,930,835,458,293,974,1000,579,2207,485
243.169855,296266414,1000,-2,1,185,-13,6,163,-18,-4,168,-238,418,2014,158,917,819,428,286,984,1010,577,2207,485
243.170841,296267400,1000,-2,1,186,-13,4,165,-11,5,164,-382,418,1960,158,858,817,386,286,993,1017,587,2207,485
243.171828,296268387,1000,-1,1,187,-14,4,167,-8,23,177,-382,418,1960,158,814,824,386,283,1000,1003,587,2207,485
243.172815,296269374,1000,-1,1,188,-14,7,170,-14,13,179,-443,496,1971,158,835,821,453,283,993,1020,577,2207,485
243.173801,296270360,1000,-1,1,188,-14,10,172,-13,-1,179,-296,432,2057,158,875,800,518,282,990,1014,568,2207,485
243.174788,296271347,1000,0,1,188,-13,9,174,-16,2,171,-205,428,2090,158,859,779,520,274,993,1020,577,2207,625
243.175774,296272333,1000,0,1,188,-13,8,176,-10,17,179,-322,431,2029,158,808,764,488,276,1003,1020,592,2207,625
243.176761,296273320,1000,0,1,189,-13,8,178,-13,21,189,-459,460,1983,158,781,749,469,269,1000,1031,584,2207,625
243.177747,296274306,1000,0,1,189,-13,11,179,-18,7,179,-326,438,2057,158,806,739,496,270,1003,1031,586,2207,625
243.178734,296275293,1000,0,1,189,-12,11,180,-10,0,179,-226,380,2100,158,827,738,515,269,1020,1020,584,2207,625
243.179721,296276280,1000,0,1,190,-13,11,181,-15,14,175,-339,467,2047,158,819,743,507,266,1000,1042,596,2207,625
243.180707,296277266,1000,0,1,190,-13,11,181,-8,23,188,-486,445,1983,158,812,754,502,260,1007,1024,595,2207,625
243.181694,296278253,1000,0,1,190,-13,12,182,-18,17,187,-389,457,2007,158,825,756,508,262,1007,1017,594,2207,625
243.18268,296279239,1000,0,1,191,-13,13,182,-12,-2,176,-288,376,2037,158,839,751,511,260,1024,1014,615,2207,625
243.183667,296280226,1000,0,1,191,-14,12,182,-14,6,183,-413,427,1963,158,819,765,500,260,1038,1003,606,2207,625
243.184654,296281213,1000,0,1,191,-14,11,183,-13,24,185,-554,438,1916,158,789,773,475,253,1031,1024,613,2207,625
243.18564,296282199,1000,1,1,191,-14,12,184,-15,18,194,-483,402,1968,158,806,779,499,251,1020,1007,615,2207,625
243.18668,296283239,1000,1,1,191,-14,13,184,-15,6,179,-483,402,1968,158,832,768,515,254,1031,1010,619,2207,625
243.187613,296284172,1000,1,1,191,-13,12,185,-13,0,182,-407,346,1995,158,826,754,499,253,1027,1020,606,2248,625
243.1886,296285159,1000,1,1,191,-14,11,186,-16,20,192,-546,375,1906,158,787,767,477,247,1034,1017,624,2248,625
243.189587,296286146,1000,1,1,191,-15,10,186,-20,18,193,-629,377,1866,158,765,780,474,246,1042,1031,625,2248,625
243.190573,296287132,1000,1,1,191,-16,12,187,-17,3,188,-495,302,1961,158,789,792,515,249,1034,1007,628,2248,625
243.19156,296288119,1000,1,1,191,-16,12,188,-14,-2,177,-342,340,2045,158,807,788,532,248,1038,1010,632,2248,625
243.192546,296289105,1000,1,1,192,-15,10,187,-13,15,193,-445,339,2007,158,781,777,498,248,1020,1027,620,2248,625
243.193533,296290092,1000,1,1,192,-16,9,188,-22,26,197,-514,372,1944,158,743,781,464,243,1024,1031,632,2248,625
243.194519,296291078,1000,1,1,192,-17,10,189,-16,5,187,-347,277,2031,158,750,797,490,240,1031,1014,616,2248,460
243.195506,296292065,1000,1,1,192,-17,11,189,-15,-5,183,-188,301,2106,158,778,796,519,242,1020,1027,638,2248,460
243.196492,296293051,1000,1,1,192,-16,10,189,-14,6,186,-265,353,2099,158,784,785,515,241,1024,1020,637,2248,460
243.197479,296294038,1000,1,1,192,-16,9,189,-17,26,202,-394,352,2030,158,765,774,483,240,1031,1017,624,2248,460
243.198466,296295025,1000,1,1,192,-16,9,190,-18,13,191,-270,301,2114,158,755,766,467,239,1031,1031,636,2248,460
243.199452,296296011,1000,1,1,193,-17,10,190,-12,-2,184,-127,293,2185,158,780,782,513,241,1017,1010,634,2248,460
243.200439,296296998,1000,1,1,193,-16,10,191,-18,1,190,-174,405,2195,158,790,778,521,234,1003,1031,638,2248,460
243.201425,296297984,1000,1,1,193,-16,9,191,-19,19,203,-374,499,2165,158,771,770,498,237,984,1020,629,2248,460
243.202413,296298972,1000,1,1,193,-15,11,192,-23,24,209,-374,499,2165,158,795,752,510,232,971,1014,638,2248,460
243.203399,296299958,1000,1,1,192,-14,14,198,-7,13,219,-302,677,2192,158,841,722,550,232,938,1031,638,2248,460
243.204385,296300944,1000,1,1,192,-15,14,204,-16,-8,216,-182,982,2176,158,832,701,571,231,917,1010,634,2248,460
243.205372,296301931,1000,1,1,192,-12,16,211,-2,30,243,-261,1108,2079,158,813,648,562,231,896,1020,640,2248,460
243.206358,296302917,1000,1,1,192,-13,15,220,-29,28,234,-470,1371,2057,158,763,597,548,235,850,1007,662,2248,460
243.207345,296303904,1000,1,1,191,-11,19,229,-9,31,258,-121,1241,2040,158,750,550,586,227,829,1007,652,2258,460
243.208331,296304890,1000,1,1,191,-13,21,240,-37,-1,266,-72,1497,1901,158,719,516,636,231,817,1000,652,2258,460
243.209318,296305877,1000,1,1,191,-14,22,252,-13,-3,283,-138,1729,1702,158,695,478,709,225,792,987,674,2258,460
243.210305,296306864,1000,1,1,190,-13,23,259,7,70,268,-357,1692,1447,158,610,409,690,222,744,971,641,2258,460
243.211291,296307850,1000,1,1,190,-12,27,265,6,37,281,-407,1606,1385,158,608,324,729,220,683,968,673,2258,460
243.212278,296308837,1000,1,1,189,-9,24,272,26,31,279,-164,1510,1462,158,476,220,619,216,624,955,696,2258,460
243.213264,296309823,1000,1,1,188,-4,22,282,-3,4,325,-9,1865,1536,265,468,158,577,213,517,952,693,2258,460
243.214251,296310810,1000,1,1,188,6,27,293,30,46,302,-126,2238,1731,508,704,158,727,200,457,917,703,2258,527
243.215239,296311798,1000,1,1,187,25,43,303,70,156,379,59,3500,1719,861,1210,158,1029,200,380,906,701,2258,527
243.216268,296312827,1000,1,1,187,49,65,335,156,68,493,59,3500,1719,1341,2009,158,1577,174,435,888,728,2258,527
243.217211,296313770,1000,0,1,186,82,81,375,204,139,446,-829,5442,1714,1462,2047,158,1490,196,421,852,771,2258,527
243.218197,296314756,1000,0,1,185,124,110,398,250,217,400,-2631,7748,1447,1482,2047,158,1436,217,399,826,756,2258,527
243.219184,296315743,1000,0,1,184,176,155,420,277,310,426,-4955,10201,1309,1527,2047,158,1527,182,457,820,767,2258,527
243.22017,296316729,1000,0,1,182,224,205,442,311,367,424,-7527,12654,1211,1601,2047,158,1601,212,296,824,813,2258,527
243.221157,296317716,1000,0,1,182,282,270,443,441,466,392,-10160,15013,1596,1657,2047,158,1657,182,349,806,826,2258,527
243.222146,296318705,1000,0,1,181,349,345,426,567,490,412,-12731,17220,2359,1674,2047,158,1674,222,388,792,862,2258,527
243.22313,296319689,1000,0,1,180,432,418,414,738,561,390,-15163,19245,3233,1667,2047,158,1667,280,424,779,877,2258,527
243.224117,296320676,1000,0,1,179,529,487,400,846,637,332,-17412,21073,3691,1649,2047,158,1649,285,418,708,915,2258,527
243.225103,296321662,1000,0,1,178,637,552,374,834,683,256,-19455,22704,4019,1610,2047,158,1610,203,429,685,955,2258,527
243.22609,296322649,1000,0,1,177,730,601,342,709,664,212,-21288,24145,4741,1554,2047,158,1554,242,490,655,987,2258,527
243.227076,296323635,1000,0,1,176,772,640,289,578,638,120,-22914,25408,6285,1467,2047,158,1467,236,519,636,1020,2258,527
243.228063,296324622,1000,0,1,175,759,657,237,510,641,55,-24117,26507,8190,1354,2047,158,1354,288,463,619,1045,2093,527
243.229049,296325608,1000,0,1,175,690,655,176,400,573,31,-24535,27457,9779,1223,2047,158,1223,355,431,611,1060,2093,527
243.230036,296326595,1000,0,1,174,587,641,111,334,512,22,-24031,27853,10400,1072,2047,158,1072,456,440,586,1079,2093,527
243.231022,296327581,1000,0,1,174,478,600,70,312,413,36,-24031,27853,10400,158,2047,483,1778,476,399,566,1087,2093,527
243.232009,296328568,1000,1,1,174,386,530,47,283,362,37,-22816,27852,10436,158,1391,1391,2047,431,355,562,1128,2093,527
243.232996,296329555,1000,1,1,174,322,461,25,236,313,66,-21225,27616,10204,158,879,2047,1684,298,384,589,1136,2093,527
243.233984,296330543,1000,1,1,174,274,393,23,199,313,94,-19421,27010,9949,441,158,2047,740,337,439,586,1132,2093,527
243.234969,296331528,1000,1,1,174,241,342,52,137,299,170,-17377,26046,9460,649,158,2047,649,181,439,564,1163,2093,2297
243.235958,296332517,1000,1,1,174,215,313,92,108,330,201,-15646,24796,8557,688,158,2047,688,197,450,617,1163,2093,2297
243.236942,296333501,1000,1,1,173,194,306,140,128,304,241,-13941,23384,7461,711,158,2047,792,240,285,701,1145,2093,2297
243.237929,296334488,1000,1,1,170,171,296,186,160,259,264,-12266,21912,6427,542,158,2047,1075,239,285,767,1145,2093,2297
243.238915,296335474,1000,1,1,166,155,287,209,212,202,244,-10583,20323,5556,337,158,2047,1434,171,285,781,1154,2093,2297
243.239902,296336461,1000,1,1,162,157,271,223,266,197,215,-9123,18502,4992,243,158,1449,1210,203,285,817,1158,2093,2297
243.240888,296337447,1000,1,1,159,177,246,237,328,192,221,-7867,16443,4615,470,158,619,458,203,285,833,1163,2093,2297
243.241875,296338434,1000,1,1,157,230,224,243,383,219,218,-6819,14522,4273,1791,1194,356,158,203,285,838,1149,2093,2297
243.242861,296339420,1000,1,1,155,287,210,236,420,219,217,-5877,12782,3840,2047,1486,289,158,88,285,862,1141,2093,2297
243.243848,296340407,1000,1,1,152,350,199,230,433,190,210,-4804,11188,3354,2047,1530,171,158,110,285,872,1128,2093,2297
243.244834,296341393,1000,1,1,149,410,193,223,455,164,219,-4003,9753,2808,2047,1688,158,342,120,285,870,1091,2093,2297
243.245821,296342380,1000,1,1,145,447,187,221,473,158,253,-3459,8501,2307,2047,1860,158,551,136,285,855,1111,2093,2297
243.246808,296343367,1000,1,1,142,470,178,225,500,155,250,-2847,7308,1894,2047,1922,158,662,156,285,840,1075,2093,2297
243.247794,296344353,1000,1,1,139,481,167,225,552,179,229,-2847,7308,1894,2047,1856,158,648,189,285,813,1064,2033,2297
243.248781,296345340,1000,1,1,137,506,172,226,631,193,223,-2401,6165,1557,2047,2036,158,867,203,285,800,1042,2033,2297
243.249767,296346326,1000,1,1,136,546,176,235,695,174,231,-2010,5297,1337,1845,2047,158,1049,174,285,798,1045,2033,2297
243.250796,296347355,1000,1,1,131,598,173,239,747,176,218,-1665,4461,1143,1818,2047,158,1143,188,285,781,1045,2033,2297
243.251741,296348300,1000,1,1,125,658,174,234,768,171,199,-1396,3718,942,1807,2047,158,1228,195,285,728,1007,2033,2297
243.252727,296349286,1000,1,1,119,712,171,230,785,152,225,-1202,3056,883,1846,2047,158,1279,202,285,716,1020,2033,2297
243.253714,296350273,1000,1,1,113,755,167,226,797,159,228,-1041,2628,846,1919,2047,158,1307,199,285,682,1071,2033,2297
243.2547,296351259,1000,1,1,109,786,169,215,804,170,209,-840,2296,797,1922,2047,158,1341,244,285,673,1091,2033,1742
243.255687,296352246,1000,1,1,105,804,167,210,812,153,226,-473,1941,777,1915,2047,158,1360,292,285,645,1095,2033,1742
243.256673,296353232,1000,1,1,103,814,158,211,835,131,225,-274,1499,804,2017,2047,158,1340,320,285,638,1124,2033,1742
243.25766,296354219,1000,1,1,101,822,152,212,863,134,228,-262,1160,812,2047,1974,158,1273,320,285,619,1136,2033,1742
243.258647,296355206,1000,1,1,100,834,145,219,905,122,222,-208,803,968,2047,1890,158,1215,320,285,607,1172,2033,1742
243.259633,296356192,1000,1,1,100,854,137,221,939,121,203,-128,607,1106,2047,1790,158,1141,96,285,588,1145,2033,1742
243.26062,296357179,1000,1,1,99,882,127,220,962,108,217,14,315,1286,2047,1693,158,1060,123,285,584,1193,2033,1742
243.261606,296358165,1000,1,1,99,913,118,222,990,99,208,69,147,1342,2047,1610,158,989,134,285,568,1188,2033,1742
243.262593,296359152,1000,1,1,98,943,115,216,986,118,210,69,147,1342,2047,1619,158,997,134,285,545,1195,2033,1742
243.263579,296360138,1000,1,1,93,969,109,219,988,93,241,199,-79,1453,2047,1622,158,999,134,285,532,1188,2033,1742
243.264566,296361125,1000,1,1,82,984,99,222,997,94,235,352,-163,1612,2047,1543,158,944,134,285,524,1174,2033,1742
243.265553,296362112,1000,1,1,68,994,100,225,1004,103,253,311,-181,1683,2047,1575,158,1013,59,285,508,1193,2033,1742
243.266539,296363098,1000,1,1,56,1008,101,231,1036,90,247,418,-261,1833,2047,1632,158,1124,70,285,490,1186,2033,1742
243.267526,296364085,1000,1,1,45,1021,95,236,1050,84,247,333,-343,1868,2047,1606,158,1153,74,285,482,1186,2229,1742
243.268512,296365071,1000,1,1,37,1033,88,247,1072,69,268,317,-484,1934,2047,1520,158,1128,80,285,479,1167,2229,1742
243.269499,296366058,1000,1,1,31,1044,80,251,1095,67,238,434,-595,1977,2047,1419,158,1078,80,285,470,1158,2229,1742
243.270485,296367044,1000,1,1,25,1060,80,251,1116,88,227,358,-644,2059,2047,1428,158,1102,80,285,456,1188,2229,1742
243.271472,296368031,1000,1,1,20,1081,81,247,1137,84,228,338,-629,2267,2047,1504,158,1163,80,285,452,1181,2229,1742
243.272459,296369018,1000,1,1,14,1101,80,242,1130,73,237,348,-706,2365,2047,1565,158,1190,80,285,442,1186,2229,1742
243.273446,296370005,1000,1,1,10,1120,76,242,1118,69,239,453,-835,2361,2047,1581,158,1174,80,285,434,1217,2229,1742
243.274432,296370991,1000,1,1,7,1131,68,232,1124,49,234,453,-835,2361,2047,1521,158,1079,80,285,434,1202,2229,1270
243.275418,296371977,1000,1,1,5,1137,68,228,1147,69,235,414,-956,2370,2047,1540,158,1062,36,285,423,1207,2229,1270
243.276405,296372964,1000,1,1,3,1141,69,230,1165,79,223,293,-901,2427,2047,1608,158,1106,36,285,419,1245,2229,1270
243.277392,296373951,1000,0,1,2,1150,68,228,1184,79,211,318,-945,2568,2047,1649,158,1111,37,285,411,1230,2229,1270
243.278378,296374937,1000,0,1,1,1161,75,223,1196,72,218,306,-1058,2603,2047,1803,158,1206,37,285,403,1237,2229,1270
243.279365,296375924,1000,0,1,1,1173,71,222,1206,53,222,264,-1133,2623,2047,1851,158,1191,40,285,402,1240,2229,1270
243.280351,296376910,1000,0,1,0,1187,68,220,1223,69,198,244,-1173,2608,2047,1828,158,1110,40,285,389,1237,2229,1270
243.281338,296377897,1000,0,1,0,1200,67,215,1235,61,191,281,-1196,2649,2047,1845,158,1071,44,285,389,1253,2229,1270
243.282324,296378883,1000,0,1,0,1213,61,210,1235,53,217,232,-1227,2709,2047,1812,158,985,44,285,380,1240,2229,1270
243.283311,296379870,1000,0,1,0,1227,63,207,1234,71,220,174,-1342,2641,2047,1852,158,987,47,285,371,1271,2229,1270
243.284298,296380857,1000,0,1,0,1239,64,203,1240,66,199,228,-1398,2569,2047,1894,158,1022,47,285,372,1277,2229,1270
243.285284,296381843,1000,0,1,0,1248,63,200,1264,63,197,180,-1344,2578,2047,1899,158,1040,51,285,364,1255,2229,1270
243.286271,296382830,1000,0,1,0,1255,66,203,1277,68,208,128,-1313,2684,2047,1926,158,1098,51,285,355,1247,2229,1270
243.287257,296383816,1000,0,1,0,1259,62,205,1281,62,199,210,-1474,2752,2047,1876,158,1086,52,285,356,1237,2229,1270
243.288244,296384803,1000,0,1,0,1266,62,206,1298,62,197,167,-1618,2735,2047,1841,158,1083,52,285,346,1255,2264,1270
243.289231,296385790,1000,0,1,0,1278,65,202,1316,56,195,167,-1618,2735,2047,1871,158,1132,52,285,350,1277,2264,1270
243.290217,296386776,1000,0,1,0,1292,61,196,1325,56,186,120,-1542,2730,2047,1843,158,1103,52,285,343,1277,2264,1270
243.291204,296387763,1000,0,1,0,1305,62,195,1327,62,191,124,-1537,2750,2047,1832,158,1088,50,285,341,1279,2264,1270
243.29219,296388749,1000,0,1,0,1314,60,194,1326,59,200,171,-1626,2834,2047,1823,158,1077,51,285,336,1271,2264,1270
243.293177,296389736,1000,0,1,0,1324,59,194,1335,67,200,181,-1685,2879,2047,1805,158,1058,51,285,333,1261,2264,1270
243.294163,296390722,1000,0,1,0,1334,63,193,1350,71,184,167,-1623,2820,2047,1852,158,1105,51,285,328,1268,2264,1270
243.295152,296391711,1000,0,1,0,1345,62,189,1368,62,184,128,-1528,2809,2047,1880,158,1126,51,285,326,1268,2264,577
243.296137,296392696,1000,0,1,0,1355,62,188,1379,58,188,104,-1497,2870,2047,1880,158,1116,51,285,323,1277,2264,577
243.297123,296393682,1000,0,1,0,1364,62,189,1386,58,187,172,-1573,2938,2047,1887,158,1118,58,285,319,1255,2264,577
243.29811,296394669,1000,0,1,0,1374,63,189,1406,63,182,161,-1585,2945,2047,1888,158,1118,62,285,319,1285,2264,577
243.299096,296395655,1000,0,1,0,1384,66,186,1423,71,179,86,-1433,2929,2047,1933,158,1158,62,285,314,1255,2264,577
243.300083,296396642,1000,0,1,0,1395,66,184,1426,72,173,106,-1307,2942,2047,1949,158,1165,66,285,305,1271,2264,577
243.301069,296397628,1000,0,1,0,1408,66,182,1428,69,177,125,-1356,2965,2047,1937,158,1143,70,285,309,1288,2264,577
243.302056,296398615,1000,0,1,0,1420,68,180,1433,74,184,83,-1366,2946,2047,1955,158,1151,75,285,308,1285,2264,577
243.303043,296399602,1000,0,1,0,1432,69,176,1441,77,179,86,-1280,2887,2047,1987,158,1169,80,285,297,1288,2264,577
243.304029,296400588,1000,0,1,0,1441,72,176,1453,79,173,114,-1224,2864,2047,2026,158,1196,87,285,300,1285,2264,577
243.305016,296401575,1000,0,1,0,1450,77,176,1469,77,171,145,-1212,2910,2013,2047,158,1227,99,285,298,1288,2264,577
243.306002,296402561,1000,0,1,0,1458,79,174,1483,81,169,145,-1212,2910,1982,2047,158,1234,106,285,295,1296,2264,577
243.306989,296403548,1000,0,1,0,1467,82,173,1495,87,163,174,-1210,2893,1958,2047,158,1237,111,285,288,1336,2264,577
243.307976,296404535,1000,0,1,0,1476,81,169,1511,84,158,173,-1194,2841,1971,2047,158,1220,124,285,286,1354,2269,577
243.308962,296405521,1000,0,1,0,1487,81,166,1521,85,153,122,-1140,2806,1994,2047,158,1194,134,285,287,1322,2269,577
243.309949,296406508,1000,0,1,0,1500,84,161,1527,85,146,165,-1131,2777,1975,2047,158,1184,148,285,285,1322,2269,577
243.310935,296407494,1000,0,1,0,1513,86,157,1534,86,154,182,-1190,2731,1946,2047,158,1177,153,285,280,1322,2269,577
243.311922,296408481,1000,0,1,0,1525,89,154,1541,94,156,134,-1188,2663,1907,2047,158,1176,174,285,278,1339,2269,577
243.312908,296409467,1000,0,1,0,1536,91,148,1550,100,135,152,-1148,2611,1874,2047,158,1170,177,285,277,1364,2269,577
243.313895,296410454,1000,0,1,0,1547,93,141,1565,100,119,160,-1146,2618,1847,2047,158,1152,241,285,274,1339,2269,577
243.314882,296411441,1000,0,1,0,1557,95,136,1580,101,121,76,-1165,2671,1811,2047,158,1140,250,285,269,1336,2269,865
