file,group,start,end,th_mean,th_std,speed,voltage,sp_max,acc_max,current,rpm_mean,rpm_min,motor_top_pct,motor_bottom_pct,shake_err_roll,shake_err_pitch,shake_err_yaw,shake_gyro_roll,shake_gyro_pitch,shake_gyro_yaw,shake_sp_roll,shake_sp_pitch,shake_sp_yaw,high_gyro_roll,high_gyro_pitch,high_gyro_yaw,high_raw_roll,high_raw_pitch,high_raw_yaw,high_D_roll,high_D_pitch,D_roll,D_pitch,shake_combined,shake_peak,shake_peak_t,shake_time_gt8,peak,score
LOG00001,Default,234.25456200000002,234.654562,25.078518518518518,7.04972166705824,22.478120596340247,22.351061728395063,175.0,3.412452929385221,4.67795061728395,12452.751322751323,8985.714285714286,0.0,0.0,11.988156780430858,1.3148375386440636,1.098012535706968,12.994202737696792,1.128655884532297,1.085896611836512,5.361654198044364,0.5518497962765935,0.9015354807457431,0.3289367124797616,0.7220599713936319,0.33210312948531856,3.5232136890708743,6.716891190630101,4.752984913065472,1.1206658592843182,3.764970849012907,24.469482126836187,6.659069745583328,8.527740050717362,17.673937632237013,234.454562,0.7308641975308642,234.454562,17.673937632237013
LOG00001,Default,216.629734,217.029734,36.09481481481482,4.334358599825271,30.287165043011107,22.34367901234568,86.0,2.493281539856732,8.596444444444444,15080.21164021164,7785.714285714285,0.0,0.0,6.011127195194121,12.942975037153726,2.438362544917992,6.249722612273266,13.118306245711382,2.438489514029451,0.6991556755551479,1.4746968796638222,0.019843009989182803,0.7664558514726962,0.9934837681048824,0.5714841703982916,3.9199175234265518,5.915876803966558,6.665277649241995,3.781137447976557,5.803537963725058,16.025134578892153,26.185237571323782,10.090942794634872,16.531180291975392,216.829734,0.8493827160493828,216.829734,16.531180291975392
LOG00001,Default,81.806264,82.206264,56.09950617283951,18.519847205008887,14.416192943456581,22.8921975308642,72.0,6.608126078174142,16.925703703703707,20363.165784832454,9357.142857142857,0.0,0.0,8.606034547291213,10.711974981987458,1.8979823156617197,8.66409230152636,10.730597635904507,1.9938305839288115,0.358487279847912,0.4043478551565092,0.6991321787601634,0.9442665485824658,1.222262526470415,0.6546935652769111,4.759229809484392,7.076107713451037,6.3887233837747255,4.54447356265528,6.576161311633213,19.128803180311913,22.019968491023757,9.716229686557824,15.764612079142827,82.006264,0.5407407407407407,82.006264,15.764612079142827
LOG00001,Default,22.814595,23.214595,28.610123456790124,4.354724550495053,46.90737473254782,24.250370370370373,158.0,3.0924148761255763,6.571333333333333,14154.294532627866,9985.714285714286,0.0,0.0,10.353665004580133,6.464824337402251,1.9387910313019345,10.288412285079179,6.5904383895040795,1.7215372182839646,0.612809219896593,0.4734416827255956,0.871395363510117,1.044931203045453,1.0074976918516838,0.6978012751746197,7.159075184899433,7.591416110741949,6.467586681049788,5.518801895491078,5.8199324098757,25.934675772166642,18.70901281451876,8.631116171751362,14.80867174440632,23.014595,0.8098765432098766,23.014595,14.80867174440632
LOG00001,Default,30.761956,31.161956,42.11703703703704,3.520638425705512,33.44974551605841,23.99424691358025,103.0,3.776014028864598,10.936271604938268,18199.858906525576,13428.57142857143,0.0,0.0,9.896479422286408,8.624383659010997,1.8084496807661024,9.858294416129839,8.693433313221506,1.7716024443990879,0.23357852096148637,1.1918840638184802,0.3738748478200118,0.8505656431780785,0.9882379727827649,0.668456150899917,2.871453310248325,3.3822594914536595,8.83960872394611,4.42467164784745,5.818756814454149,22.422816862503755,21.916170252088264,9.282249146988953,14.147020096245678,30.961956,0.7012345679012346,30.961956,14.147020096245678
LOG00001,Default,225.023368,225.42336799999998,22.58888888888889,3.93207764011613,29.041757191361263,22.415876543209876,127.0,1.5435056114576708,3.896641975308642,11527.380952380952,7571.428571428572,0.0,0.0,8.837964140679771,1.2305082373784717,1.1204884030479734,9.387710715239514,1.1909720269894872,1.0816517490930118,5.294719118045928,0.5903891884590485,0.963357061532576,0.4707116639184256,0.5525197093004933,0.38112485553679804,4.9078535480591885,7.369399208745268,4.054862059704312,2.069474802681754,2.8452491489607725,18.31999514798577,3.8809442659051068,6.30966562799479,13.719747319952653,225.223368,0.4271604938271605,225.223368,13.719747319952653
LOG00001,Default,80.536577,80.936577,16.803456790123455,2.2061055348393817,34.79917537618763,23.536074074074076,169.0,1.3082064382807868,2.976839506172839,10009.082892416225,5500.0,0.0,2.7160493827160495,8.116007894093796,2.1037033790367468,0.9462597271457648,9.235823197673128,1.8585654716016369,0.941499103347206,3.4965966080319895,0.9172848866090316,0.6687296397894258,0.3492635572645039,0.549323548079617,0.35119907656883576,3.9980338164597753,7.0429112538157295,3.3690977985096655,1.3017346336078162,2.646342623550387,17.39391123779089,5.1732932415399535,5.928539113641886,13.182152189780446,80.736577,0.41728395061728396,80.736577,13.182152189780446
LOG00001,Default,50.214197,50.614197000000004,35.531851851851854,6.196259148457417,38.49069326217808,23.845061728395066,124.0,3.1070417918601216,8.926962962962964,15837.954144620813,9500.0,0.0,0.0,9.409824563055324,7.572505505067168,2.3523088713073226,9.285839039247808,7.254549900108357,2.3520042256504547,1.3715058179104083,1.622308214037069,0.010179568888122516,0.7765222913420187,1.053917966031303,0.6178254704831355,3.770524892062561,6.3931114391168204,8.869818696277484,4.010113735866413,6.03110128917135,23.60037664482874,18.136383185787853,8.540715366166696,12.941942067804911,50.414197,0.6790123456790124,50.414197,12.941942067804911
LOG00001,Default,206.941857,207.34185699999998,27.140493827160498,5.590630588173277,9.73933951936687,22.482691358024695,148.0,1.9531600338654804,5.396345679012346,12828.509700176368,9114.285714285714,0.0,0.0,8.788673548191989,2.874246842920769,0.6632959256447849,10.153637976798098,3.922394871056964,1.1764264842335506,4.755524339980813,2.500094686484879,1.0020808899324984,0.3574472197884014,0.5792286989551306,0.3526411241340604,4.924696861928391,7.216281006190329,4.669291611547167,1.4450723246720847,2.9631013705518994,22.93555114168481,8.950481054731702,6.538427855789552,13.873088312655328,207.050109,0.3925925925925926,207.141857,12.765827740241445
LOG00001,Default,135.059729,135.45972899999998,39.05283950617283,6.565331549659756,66.37982059628082,22.8899012345679,106.0,2.014693052137182,9.364666666666666,16574.894179894178,10828.57142857143,0.0,0.0,7.1835742485435246,1.7330746702677355,1.0127322145794488,8.374920183867152,1.7220274272422174,1.3393032865979848,3.012035665413563,1.0070887681707754,0.9037955846671596,0.42109893589000297,0.49839936136628,0.3778999120204186,4.311745401041478,4.756947243129807,8.442415390568364,1.807966347723993,2.5974612712404173,16.457052223932283,5.53730335046417,5.225288833981396,11.583405432078685,135.259729,0.37777777777777777,135.259729,11.583405432078685
LOG00001,Default,199.419658,199.81965799999998,32.87802469135803,5.659366631174994,21.770098153937187,22.31518518518519,51.0,2.747204616937218,7.265802469135801,14383.835978835978,9142.857142857143,0.0,0.0,7.4270120838405616,8.25464273301757,1.2423272716803484,7.982255297928984,8.154472744312669,1.2092239723870792,2.0174947356720123,0.440447366173571,0.15997601475789683,0.7738910132327035,1.2144887359269037,0.5756834375941053,4.19468042328519,7.718857674255784,5.388046755768316,3.9329175306066233,7.076603600678922,19.835994219263792,19.11214467489387,7.8517397799237285,11.435243082954793,199.619658,0.47160493827160493,199.619658,11.435243082954793
LOG00001,Default,93.644825,94.044825,30.88074074074074,4.172458131450879,20.797055122163627,23.49318518518519,80.0,2.52181364076979,6.657679012345678,14226.913580246914,10042.857142857143,0.0,0.0,8.73840417064374,6.7875809701202,2.511883624741719,8.816449125432149,6.6869545392118175,2.5118833028302747,0.9364991432140662,1.069714549859498,6.302376754041252e-06,0.8691653507994055,0.8399733987201845,0.5663254610198463,5.559796815119657,5.8135235611755265,6.469621366192724,4.469785481412903,4.578055524187242,22.003142312063936,17.924602032533144,7.824032300401814,11.120762062976377,93.844825,0.6617283950617284,93.844825,11.120762062976377
LOG00001,Default,48.284504,48.684504000000004,35.273086419753085,7.428150766331176,28.583167329005935,23.730049382716047,107.0,3.5713308872760225,8.75948148148148,15701.728395061727,11771.42857142857,0.0,0.0,5.369748137790071,7.389295891736836,1.442582669577944,5.320820045232506,7.312804158124727,1.4678389742488855,0.3310123505408838,0.5313792109791264,0.3762878552216567,0.7517302298323056,0.8275179076851501,0.49335556642403144,4.4026691586121975,5.6160244424462356,8.521636549586947,3.8180667516120916,4.639537668825132,12.78318726074252,16.894005073025383,6.458942980044754,9.484417187817828,48.484504,0.37530864197530867,48.484504,9.484417187817828
LOG00001,Default,35.973167999999994,36.373168,25.215802469135802,0.7460825496271181,40.74771967959497,24.229999999999993,94.0,1.8230322955561893,5.3880740740740745,13029.955908289241,6600.0,0.0,0.0,5.652670280702922,1.4826391993910786,0.8572057523316818,6.006208277851417,1.4074394637253986,0.8294377492666042,1.9423620309529903,0.3366757687865285,0.4002212208734794,0.43527536056622496,0.7433051500980781,0.4059737749192937,4.846365208940921,9.653551197656842,10.347458991851843,1.657604131654297,3.344782159378084,11.534489344762708,5.354587279919117,4.132245170480153,8.930643615560488,36.173168,0.3160493827160494,36.173168,8.930643615560488
LOG00001,Default,72.827727,73.227727,36.1520987654321,18.64366775736565,46.61123456904864,23.19916049382716,108.0,4.066236802087633,9.275975308641975,15630.35273368607,8885.714285714286,0.0,0.0,3.2298032055107684,5.638458760926844,0.9820489279565393,3.3528713285435594,7.446935537281444,0.967898545131403,1.9472533111789168,4.879841192877781,0.2802099745002061,0.4956831739734135,0.8268494412791187,0.5267181701683709,4.289304866464826,7.495686539125074,5.631589270552099,1.9576604282466818,4.31103636612191,8.639701640939023,17.160103024238204,4.594771264437454,8.477241666377065,73.027727,0.23950617283950618,73.027727,8.477241666377065
LOG00001,Default,99.934029,100.334029,45.884938271604945,13.422886124443203,31.168944460070158,22.837481481481483,74.0,5.335244755158158,13.11943209876543,17974.929453262786,11400.0,0.0,0.0,5.690200537692202,5.605396619467588,1.4321192717332665,5.6916961621960445,5.412902366272914,1.4321592589568157,0.06905460289505705,0.5091590312975818,0.5640341296520356,0.649345804111403,0.979082094301446,0.5248164161137668,3.234417482146059,6.814278260822101,7.5585339403317775,3.0897263829197743,5.525045780404285,10.82041965366785,13.833400267575682,5.647957746862633,8.40353476768813,100.134029,0.17530864197530865,100.134029,8.40353476768813
LOG00001,Default,214.416906,214.816906,31.190123456790122,4.658278305863861,41.618235975271524,22.33283950617284,110.0,1.928163923121076,6.2284197530864205,14136.499118165784,11400.0,0.0,0.0,5.289808027588345,2.905563319613046,0.8777431706036027,6.0248847499158895,3.6524418632503055,1.089520613990837,3.180257653060037,2.2703349407941884,1.087293947231367,0.3276791640746041,0.39608716614089645,0.31706369613908014,6.676914843184403,6.230715992593489,7.401981224519216,1.18727883414957,1.8838054208314252,15.671157748717393,10.531199971489771,4.2675735010084415,8.340338804161703,214.616906,0.24938271604938272,214.616906,8.340338804161703
LOG00001,Default,74.81956,75.21956,30.11481481481481,1.661570810498018,70.72763138787386,23.27303703703703,123.0,2.852760084366235,6.543012345679013,14089.435626102291,8000.0,0.0,0.0,5.428542721028996,3.786739991568393,1.7616323871576114,5.4705465187474385,3.8654407754288633,1.5673723564116637,0.7700121342855925,0.5730174832387873,0.4877965658079151,0.6042229702836754,0.8325816020127172,0.5162295346408405,3.892519087551169,6.129022434694188,10.252564784207854,2.7324468071551906,4.6419167760470765,12.294935221413954,10.958845573156704,4.680196354736641,7.638654610150391,75.01956,0.0,75.01956,7.638654610150391
LOG00001,Default,89.87328099999999,90.273281,41.062469135802466,5.5601380058510355,33.9420536237841,23.274691358024686,143.0,3.7854629565557674,9.96664197530864,17600.95238095238,12000.0,0.0,0.0,5.20626152784024,3.226873478070767,1.5335862117133594,5.176791934804918,3.392489510060778,1.5354102702035064,1.0552550299811125,1.2013357849368502,0.28723988821430396,0.769282458371936,0.8871719887393379,0.6061725817669229,3.3342964264396096,4.1985859834003625,6.471394632556788,3.843628417795896,5.12165798409391,12.732383133055398,14.509851910654906,4.33115870984578,7.201478691557639,90.073281,0.0,90.073281,7.201478691557639
LOG00001,Default,38.190003999999995,38.590004,29.85925925925926,14.187723590691744,33.46706802842028,24.22644444444445,75.0,3.171458325007138,7.218666666666666,14560.0,6100.0,0.0,0.0,4.892691993993251,3.2928280443839983,0.8988146326124397,5.645357473048629,4.144907649542045,1.1459586957760983,2.16877084324364,1.9614527739582317,0.7637489305072716,0.42486749525132256,0.733007741262078,0.41756556793359806,2.851498706744536,5.438976919678585,5.32656314029782,1.8589754297744934,3.656442681061536,11.712291738928712,10.862212220399105,4.170200923095157,7.107091549150468,38.390004,0.0,38.390004,7.107091549150468
LOG00001,Default,32.171820999999994,32.571821,17.651604938271603,4.5767505473120655,25.06973600910709,24.204024691358025,135.0,1.5972769363909596,3.345061728395062,10112.336860670193,6100.0,0.0,0.0,4.953410701577535,2.391108217433465,0.7706694490854609,4.050163757466741,2.2097721117773044,1.0205188429518077,2.9889749519194218,0.8021847931595015,0.8664211202748856,0.3949980947355479,0.6420896529062523,0.33223795460454264,3.2596304191164496,5.698471838496277,3.977523558189779,1.6400220077295713,3.431429361996079,7.963962038961806,7.788246922347595,3.8893235971040445,7.049503964328749,32.371821,0.0,32.371821,7.049503964328749
LOG00001,Default,20.881725,21.281724999999998,34.44296296296296,6.240064190166131,10.437876363278814,24.292024691358026,115.0,3.1637694423263523,8.081901234567901,16003.068783068784,11400.0,0.0,0.0,4.754173104305377,3.4602598398610565,1.0396510833653927,5.970502185726417,4.025611254235474,1.0396882678761998,3.4641025826384664,2.2251980383053644,0.00015750801096658238,0.7277790265768866,0.848217807270712,0.46525134630825027,3.735408603879946,6.063583538793779,5.694097751179278,3.789395831209751,4.822296051847352,16.441366078234452,13.882932055914406,4.157857625331579,6.033047270972508,21.059032,0.0,21.081725,5.852646530596212
LOG00001,Default,155.22539700000002,155.625397,30.920000000000005,0.4895651887890661,62.932757132291535,22.67022222222222,137.0,1.5842114907788887,5.732938271604938,14300.63492063492,10257.142857142857,0.0,0.0,3.6174715008837546,1.0527862675517778,0.8014491422509199,3.3743653058901772,1.0088181824249634,0.7465846677016242,2.37787999320113,0.5063283131623247,0.5314372487379386,0.3188280654260042,0.5095583142750807,0.2739403859362902,4.181128283629482,7.336120175617201,6.278696753828362,1.2230787254975954,2.4857643233606836,6.721441644303533,4.260354126589786,2.6640625916869656,5.7803949217041675,155.425397,0.0,155.425397,5.7803949217041675
LOG00001,Default,212.845325,213.24532499999998,29.525432098765435,9.265409993311405,12.125750894795344,22.468814814814817,92.0,2.6054121980720812,5.952518518518517,13565.273368606702,8942.857142857143,0.0,0.0,3.6281670357899367,2.0665733383536415,0.6551416182324334,4.532234571099984,2.078137289907609,0.6526763421787353,2.6559362094503576,1.5620491939131755,0.01899142487118019,0.3675429565478245,0.49964561536038865,0.29118632579567727,3.869791464177427,6.239175709700122,5.614108397509708,1.4141948563139979,2.5771868897061756,10.01603652421061,6.541604741391258,2.9524838189553924,5.6471280996864595,213.045325,0.0,213.045325,5.6471280996864595
LOG00001,Default,127.322198,127.722198,28.832592592592594,4.573625349109742,58.760535499939444,22.955679012345676,81.0,1.7277025972359508,5.106123456790123,13981.596119929454,10014.285714285714,0.0,0.0,3.646785761654242,1.3308463032440947,0.6846141135083392,4.158013314626261,1.4566381345395922,0.7106812172916118,1.943480077306692,0.6296663852644725,0.18723089373339283,0.39813976647504473,0.46363885292237034,0.3389151958312214,4.918880260763564,5.803414805819374,5.729728079851358,1.7615953293752928,2.2815676501059836,8.978575322110675,5.199240210399218,2.745013503997983,5.583864249405216,127.522198,0.0,127.522198,5.583864249405216
LOG00001,Default,221.35139700000002,221.751397,21.645185185185188,0.6513103811701663,26.644935051025612,22.519629629629627,32.0,0.9972666099773583,3.803604938271605,11027.760141093473,9700.0,0.0,0.0,3.647554284769747,0.5849515689179908,0.5981189679697032,2.8303999577493517,0.505756966087698,0.5981186748804438,1.5031358777795787,0.24440778635640723,1.497060735762019e-06,0.24787792293830035,0.2605172784591411,0.1947080947972858,2.141183815408754,7.102031477771241,2.295499907020747,0.576425043473841,1.0137001877770562,5.562662121371674,1.7840168299045602,2.6121658253565916,5.176687315520288,221.551397,0.0,221.551397,5.176687315520288
LOG00001,Default,16.965587,17.365586999999998,27.5525925925926,2.470252537586249,47.9826183611659,24.520962962962965,147.0,2.3928360531412354,5.946765432098766,13862.813051146384,8700.0,0.0,0.0,3.940361226420403,2.829458336345842,1.3351039236565545,3.8826932539736063,2.838028669803479,1.12552866274297,0.6700826664036365,0.4047605897259698,0.5157023018737842,0.4870133105451886,1.005400102048804,0.456618086533765,2.798664943467299,7.773244501272837,8.715252719739382,2.222013530437445,5.657973032380711,8.605051631468978,9.314663867416954,3.4301808313698494,5.09144060609391,17.165587,0.0,17.165587,5.09144060609391
LOG00001,Default,208.99977600000003,209.399776,28.45925925925926,3.7255930931527668,16.39123700316309,22.22920987654321,143.0,1.8400850886905247,5.322938271604938,13276.358024691359,7414.285714285715,0.0,0.0,4.129391319097851,3.1795277214150834,1.2529498908000625,4.838078156594438,3.4916821855213303,1.1059038302994382,2.482920345213925,1.5844797163395687,0.9427770744563927,0.49894475801306765,0.7880523702604386,0.4552129250166917,5.451268490924594,7.968907711909247,6.43753242951277,2.395114814825784,4.408312898756863,11.832263905770631,8.075569008733368,3.6851912567387655,5.028472770360833,209.199776,0.0,209.199776,5.028472770360833
LOG00002,Default,88.392721,88.792721,11.358271604938272,0.3740495448910835,36.45683684772036,21.82476543209876,150.0,0.9190669855853381,2.3159012345679013,7248.280423280422,4085.714285714286,0.0,3.45679012345679,8.15271003208196,2.8800633327074974,0.5773666524237296,8.597853677890624,2.355717212490931,0.5773681429576395,3.589433388531817,1.2391788570796154,2.8073012130663333e-05,0.4251141678237818,0.47433711198494466,0.4317057324933542,6.961201850333277,8.669250494660874,12.090881762507028,1.301228311820961,1.7895631649601182,15.560475412458592,10.88798182163013,6.1139776605584695,13.092983856619286,88.592721,0.4222222222222222,88.592721,13.092983856619286
LOG00002,Default,104.43030999999999,104.83031,30.92962962962963,2.4356429649990257,22.165231507882375,21.047777777777778,83.0,1.7616203602046465,6.120469135802468,13192.186948853616,10114.285714285714,0.0,0.0,8.143499137713494,8.503871678328425,1.6617201815661564,8.03236874080211,8.322169903137734,1.7754238654446763,0.5424698162609595,0.6859010948014816,0.4417557918559589,0.668515599613711,0.821589352930961,0.5770221960442652,7.287234931618639,8.525244372779143,6.894446062000531,3.2607453678151375,4.782842487503885,14.762648897441672,17.792355134567426,8.325635463056763,11.79010237334028,104.63031,0.7135802469135802,104.63031,11.79010237334028
LOG00002,Default,78.23103499999999,78.631035,31.6479012345679,2.641160760552999,19.095106834903028,21.86923456790123,109.0,2.199153269035155,6.278740740740741,13724.276895943565,9828.57142857143,0.0,0.0,7.25408508433986,6.732229316589674,1.6893101463705245,7.058403906119785,6.685770543123412,1.5787912953108354,0.6506064887140733,0.47261386731792304,0.5865151011691659,0.736299132996092,0.9351951697879591,0.5191308489101324,5.663294028811704,6.890500948742747,6.287058601275767,3.8221202884636996,5.441127366376271,16.296557236968113,16.49676361825383,6.998023363135887,10.511775240679137,78.431035,0.38765432098765434,78.431035,10.511775240679137
LOG00002,Default,9.66159,10.061589999999999,38.66716049382716,4.50414712458649,15.9902828711811,22.24987654320988,162.0,2.8508263878922175,8.85572839506173,15979.885361552027,11400.0,0.0,0.0,7.772565010974478,5.901975160322047,1.1751732413451206,8.064141694881478,7.214830693199649,1.1751714960660697,2.982382133245322,2.8747294507209418,1.2875880148515818e-05,0.7265136223787957,1.1231779433547553,0.6190517180921901,3.8193296245061163,8.049553415477629,8.930389886775698,3.625819074515498,6.426338586734217,19.222800248213474,17.485726101136052,6.900944777451967,10.467458784383709,9.86159,0.39753086419753086,9.86159,10.467458784383709
LOG00002,Default,89.668357,90.068357,39.285432098765426,7.7400296757307006,12.029805298693413,21.641209876543208,104.0,3.0591810108438406,9.297234567901235,15662.936507936507,10428.57142857143,0.0,0.0,7.193245108177201,5.820465991452752,1.168511433589489,7.139991236248754,6.036581130663479,1.1685112231792332,1.6323261812661878,0.7348880969902782,3.4425764008687846e-06,0.5019238856170649,0.9432770752799075,0.4632166926080213,4.0253646473945,6.613002606384274,10.000921745621172,2.4177817183544397,5.091257894335715,14.668350071741555,12.548965822324824,6.5429580292087035,10.109930905144603,89.868357,0.4444444444444444,89.868357,10.109930905144603
LOG00002,Default,20.418083,20.818082999999998,31.310617283950616,3.2535505185850755,30.289521881407627,22.170567901234573,119.0,2.2685971988893745,6.585037037037036,13619.426807760141,8185.714285714285,0.0,0.0,7.729164476139738,6.166075797973261,1.5724269377147682,7.65444202227238,6.355248468794587,1.7394077969477517,1.1758957808331878,0.7849228671140762,0.6396868901037285,0.802549291057376,1.1458687432523977,0.6878723845085553,4.829885425009652,10.516980008336416,7.237901309907465,4.1803780821527345,6.63985279319395,19.39332964108797,16.158245229259546,6.99144027527848,9.54770562079524,20.618083,0.4765432098765432,20.618083,9.54770562079524
LOG00002,Default,56.308595,56.708595,45.980987654321,27.045482660841394,33.621537409527484,21.416518518518515,175.0,6.392633267126069,11.401703703703706,17936.984126984127,7485.714285714285,2.4691358024691357,0.0,2.6300882006476054,5.678266622691568,1.090639525195761,5.309954156390482,6.305970245252531,1.1010813829627621,4.230583534230237,4.298213883336123,1.2118981547464667,0.45823524254957465,0.7457514765702807,0.5471396302767619,5.5599882555376565,5.884689303238873,6.5223296235951524,1.4145633695197632,3.0658089067253376,16.183134033940824,19.137643081530427,4.424933659477781,8.671109457879584,56.508595,0.17037037037037037,56.508595,8.671109457879584
LOG00002,Default,14.126287000000001,14.526287,38.85283950617284,7.1970174265760445,24.077799067339733,22.05261728395062,86.0,3.260012608720232,9.08246913580247,15978.456790123457,11514.285714285714,0.0,0.0,4.028920643893873,6.216416497756742,1.1723186850976925,4.030922713730637,6.934621242475172,1.266471449290182,0.5853534393195204,2.1435850827737855,1.384556395290006,0.6830927846404891,0.8185658403426813,0.5124130375028259,3.66304236830121,5.327642362736259,6.4894834493302875,3.2329378662406714,4.60173500588883,10.71470663488296,15.279292854168899,5.2381311375516555,8.654152148229487,14.326287,0.25925925925925924,14.326287,8.654152148229487
LOG00002,Default,75.034566,75.434566,27.741234567901238,12.507045064827258,24.93245722186044,21.766617283950616,94.0,2.4036472660830532,6.356962962962962,11961.031746031746,2885.714285714286,0.0,10.37037037037037,5.190464116141076,5.040628192431749,1.2271868377039827,5.310209401042957,5.330466422495892,1.227189653140456,1.2039490917661568,1.572798031044376,3.3081727189087935e-05,0.6271187659267975,0.9616962240575001,0.4791484352244613,3.1448571545863397,6.325545929206727,5.344496530798054,3.020090564087622,5.4498501768048255,12.273327499143603,13.805438184164606,5.1160947174229445,8.167162614448744,75.234566,0.09876543209876543,75.234566,8.167162614448744
LOG00002,Default,42.413506,42.813506000000004,31.730864197530863,0.7533369346535754,13.926249299964244,21.91177777777778,92.0,1.9072441260432011,5.8373333333333335,14033.924162257495,11585.714285714286,0.0,0.0,5.4769716610033985,5.778299230989221,1.3491452727189182,6.3214628197392315,5.459476401327066,1.487699394065044,2.694423614266341,0.9473002345205154,1.0041225221667636,0.5081413623158707,0.6821478305559531,0.44092340034345845,5.383328666454757,8.009550479772399,6.8350282383266086,2.3879162646540917,3.7421613349380762,14.09447838650492,12.624295604356421,5.629651879924945,8.155045328821812,42.613506,0.04197530864197531,42.613506,8.155045328821812
LOG00002,Default,102.651536,103.051536,29.655061728395065,5.214595405503977,36.67202872351508,21.22135802469136,177.0,1.5477278699098411,5.98088888888889,12861.252204585538,8642.857142857143,0.0,0.0,5.010811478476373,1.817298930640536,0.7212429218672424,6.007422393475258,2.0305140364958576,0.855327519636533,4.193543494451167,1.5487936134082227,1.0103468547034018,0.3903272615319909,0.787385755718823,0.32752756860048576,5.378504414486615,7.7027691289243325,5.894169727068118,1.6020107777435424,4.444748498786905,18.21314136876224,9.835059484402136,3.7690056431463335,7.921310961341094,102.851536,0.0,102.851536,7.921310961341094
LOG00002,Default,94.09903299999999,94.499033,23.802962962962965,1.3853701599607735,27.71158242254848,21.585604938271604,47.0,1.7888827171113912,4.088864197530865,11275.282186948853,7814.285714285715,0.0,0.0,6.270389497546018,3.546346022895674,1.2107225096821503,6.590704839757938,3.4966010304458535,1.1049381136197247,2.2581809790617187,0.7011278005767116,0.5618576105916321,0.5569264456019087,0.8409495164173174,0.4977161884821093,3.2422847544874736,7.972826020321314,4.467667338528677,2.532536014639615,4.572057519546842,14.544270434405977,9.890886190308208,5.093837186495234,7.665661007909457,94.299033,0.0,94.299033,7.665661007909457
LOG00002,Default,11.960567000000001,12.360567,19.38493827160494,3.4529494007429125,32.5959676702496,22.26170370370371,100.0,1.4161436667594691,3.461827160493827,9892.275132275132,5271.428571428572,0.0,0.0,5.105242188757096,2.312337929154876,0.727926565423788,5.385838545932286,3.194288202911788,0.7218638860626715,2.9045511146924037,2.186696874227334,0.14038201472438513,0.4619177162780707,0.8281001297480551,0.546994941808708,5.306357122016114,8.343727737961741,7.185402828129515,1.9277329194245143,4.312036900436993,13.194836251492616,7.976044379930272,3.9629789618715865,6.975193579557231,12.160567,0.0,12.160567,6.975193579557231
LOG00002,Default,34.213924999999996,34.613925,39.018518518518526,5.7783869574392455,25.089834769995413,22.09906172839506,111.0,3.0362610444786373,9.042469135802468,15817.936507936507,11514.285714285714,0.0,0.0,4.7147646163263,4.652945819677988,1.310788356240886,4.263606424507177,4.518707189825449,1.3267727691663047,1.1250275505314735,1.0950815491430712,0.9915406290084444,0.6072391835411648,0.6885999275590584,0.4529286468700822,4.00590917610753,5.962411428409086,9.677089421219891,3.0387483595133173,3.919931747093166,9.033135162511272,9.792791503554989,4.683957204555852,6.870816084165428,34.413925,0.0,34.413925,6.870816084165428
LOG00002,Default,5.391049,5.791049,42.92024691358024,5.214309365702797,12.682551402367338,22.003061728395064,179.0,3.4662935993081447,10.115012345679013,17476.94003527337,13357.142857142857,0.0,0.0,8.698421889711327,9.89219420565522,1.8084610084425654,8.707921704235012,10.303043047935294,1.8084376720750297,0.17424531105290472,2.109025187354372,0.0006048661656172773,0.4560606530880169,0.5807748979935816,0.49295896155127905,2.866220365829337,5.03942285786964,5.0289090055439365,2.0129522179181527,3.040349227263704,18.999805067226152,26.382513849840713,9.314452468444072,15.575677007444948,5.442054,0.4617283950617284,5.591049,6.803931070854032
LOG00002,Default,46.789066,47.189066000000004,34.71185185185185,4.706009583529803,45.6088952049761,22.08664197530864,92.0,2.4613329857222923,7.16674074074074,14710.37918871252,11371.42857142857,0.0,0.0,4.195645290795467,1.4829386174459178,0.8577901389141227,5.2858672340668855,2.0816257330737513,0.9649447526025106,3.0350823855929403,1.6210241208720035,0.7595324522532978,0.4603252773714202,0.5036921894286415,0.38887967537246043,5.451020623968571,7.022843747962163,9.453969128974737,2.0866533020833735,2.5246320340159767,11.976932561396799,7.904366663160244,3.1466288587380777,6.24888939908217,46.989066,0.0,46.989066,6.24888939908217
LOG00002,Default,92.42878,92.82878000000001,44.66098765432099,23.436768812229047,42.03222591500581,21.129679012345672,95.0,5.169579356584976,10.817950617283952,17424.047619047622,7142.857142857143,0.0,0.0,4.110422841904181,2.7200043458991274,0.6841441371974954,5.023483209638329,3.5848834330211052,0.6318382058837911,2.2449786055837175,2.432471443087719,0.18355180290815173,0.5103298324943869,0.6678151737414075,0.4661576027667114,4.778295129462137,6.384368514764072,6.305857909641829,2.031914596343752,2.9732471628675197,10.538465697588965,10.875615492728631,3.4852546234785904,5.946559657877937,92.62878,0.0,92.62878,5.946559657877937
LOG00002,Default,50.818267999999996,51.218268,35.120987654320984,8.23236785536339,31.21873938808615,22.075234567901237,125.0,2.641881925755653,6.846370370370369,15130.599647266314,8985.714285714286,0.0,0.0,4.310605140755826,2.683319522895548,0.9932019167671781,4.7302606126899445,3.2596883269100583,1.1532235341096078,2.185663259923682,1.804633341853444,0.6356029582728654,0.4953384630852761,0.6689149856418334,0.507612934236016,3.461743726361786,6.726824279311394,8.402532294318243,2.3820630261399276,3.4558947299173854,13.446648120591702,9.632122184533259,3.5903704782001937,5.257520600183098,51.018268,0.0,51.018268,5.257520600183098
LOG00004,Default,150.479835,150.87983499999999,39.654074074074074,6.704471656442728,23.31343307986237,22.59886419753086,179.0,3.2278351571466652,11.050691358024691,16110.617283950618,9271.42857142857,0.0,0.0,10.340432285741429,13.911467579328928,3.235517531704752,10.929509904220778,14.144015817774587,3.6604931851395803,2.4426199113421982,1.6209989580583892,1.693996508411252,0.9278218276881539,1.3164954949179177,0.6895645264997675,4.793955672211513,5.563588324832412,7.598356241614966,4.691018436288868,7.464760889807767,26.6292329852498,34.74261623303647,12.25670163760878,21.313455449023685,150.673916,0.6444444444444445,150.679835,21.2443288056194
LOG00004,Default,106.98164799999999,107.381648,38.55901234567901,0.6478446791034452,49.82481451705414,23.143975308641977,115.0,3.304073989229062,9.630543209876542,16529.532627865963,12242.857142857143,0.0,0.0,13.161772906017713,11.451205955479532,2.8353978679302565,13.11543626655142,11.564892936804174,2.911354106448361,1.066135534601541,0.4629405087385021,0.5334074609137979,0.8665214609333375,0.8299593254208709,0.7264777060939515,3.4860741540406646,4.384184784199174,7.455383697425234,4.639095660144196,4.853910169976172,26.484656634305022,26.295519028679664,12.336174120536558,18.111332148620306,107.181648,0.9111111111111111,107.181648,18.111332148620306
LOG00004,Default,157.10245700000002,157.502457,30.13827160493827,4.770960715458992,19.08708194888608,22.736074074074075,123.0,2.0773418356207682,6.343777777777779,13690.47619047619,9114.285714285714,0.0,0.0,11.944730395862546,9.557934071315907,2.9098405919551555,11.720902995761879,9.611752779200817,2.9098876788168724,1.6313861698880763,0.5936419596179239,0.0002354027112028209,1.1522672143861001,0.8392995689226563,0.7202394941187591,9.647776224231679,6.456386872194985,7.728178942396538,5.938325854829902,4.672042826178346,26.193392814992368,20.55351341207257,10.817363078437003,17.13351147400068,157.302457,0.8839506172839506,157.302457,17.13351147400068
LOG00004,Default,45.564623,45.964623,30.984444444444446,3.1272565186331187,46.8135961020237,23.809901234567896,140.0,3.0712158582541775,6.500987654320987,14921.278659611991,10271.42857142857,0.0,0.0,11.570439377297191,7.42698006492812,2.138058113005423,11.71467209738473,7.571207245328716,2.2085075349264818,1.1475989659573753,0.8673315620897295,0.5192617614294928,0.777074320399842,0.8745831234196095,0.6669713922872139,4.154732509201838,6.403907126359051,8.264014777574461,3.9777466119887923,5.069155178177876,27.45469893892775,20.60887978338284,9.722013687208765,15.744547923797805,45.764623,0.8395061728395061,45.764623,15.744547923797805
LOG00004,Default,301.149935,301.549935,31.320246913580245,37.380134486917264,124.7758331106371,21.741283950617287,134.0,3.341751999054875,10.144271604938272,18040.83774250441,3714.285714285714,14.074074074074074,48.39506172839506,1.7704409391100313,11.481938797515811,0.6729980227012875,1.724688519125485,11.057720132335763,0.572562583668364,0.6807764767397848,2.6527530077225574,0.401497071204448,0.43586040292304973,0.8003701790600543,0.5992919684858786,2.6824199707574787,4.510888868748443,5.934410309805361,1.366125576712942,3.4380988158826913,4.194058113187051,20.867128145411794,8.214906562730206,17.362135349335492,301.415046,0.5111111111111111,301.349935,15.432268809728482
LOG00004,Default,307.455732,307.855732,34.65950617283951,6.8506313850198275,34.046605192648876,21.74125925925926,70.0,2.9818574762319177,8.150567901234568,14249.056437389774,6528.571428571428,0.0,0.0,7.558199414389693,10.212434907434583,1.9980669210819415,7.449739574122439,10.266495702050713,1.9980669846504149,0.9965737386366071,0.4404150443425071,9.07962839670932e-07,0.8341898273551219,1.0130878828315601,0.6810391402262685,5.183702183824712,5.615121462808363,5.202021033409426,4.346819626818101,5.866417398965911,19.506567428420258,24.36360369865643,8.983880150755269,14.931319793980137,307.655732,0.6567901234567901,307.655732,14.931319793980137
LOG00004,Default,332.473943,332.873943,30.64024691358025,2.0138250413226992,41.008721801820904,21.633580246913578,147.0,2.8748150226960045,6.4856790123456785,13317.433862433863,7871.428571428572,0.0,0.0,10.178478049109902,4.5185069121406665,1.8069409377847259,10.099761077887667,4.542932770312263,1.9804576008044337,0.74281491789519,0.44602063548105075,0.6016469257076407,0.8972812798125192,1.2063059675425953,0.6663622748879642,4.998468128839184,8.497936994357772,6.125409956864292,4.479900297661778,6.97220910837337,16.764527512460628,12.286397175557836,7.87458951664387,13.850650503766522,332.673943,0.7679012345679013,332.673943,13.850650503766522
LOG00004,Default,30.094825,30.494825,30.210864197530864,2.9624198473423817,30.78826786354132,24.08130864197531,154.0,2.3651589744639376,6.954567901234569,14569.83245149912,9257.142857142857,0.0,0.0,11.032190702634974,7.039709903799203,2.1541707606995706,11.03238050974736,7.213836880508929,1.9592457184432317,1.8860480175286702,0.9827382700408623,0.4272075150820782,0.7644917354556675,0.966825180546722,0.5675812786576597,3.277420399604649,5.522913832930531,8.109064601877883,3.76074551935754,5.581748554174738,23.753310360588053,21.038999647626774,9.253830213186166,13.694540505492997,30.294825,1.0,30.294825,13.694540505492997
LOG00004,Default,197.245334,197.645334,37.52024691358025,4.924294516196565,10.127155480775468,22.408469135802466,95.0,2.7026429380433186,8.622592592592591,15702.380952380954,9800.0,0.0,0.0,7.894720789925965,9.720052160711072,2.8112005780129325,7.97668676765748,9.581629941816814,2.727317700126858,0.8200429564202152,0.6938836725345188,0.6915466904867051,0.7986089737418842,0.9980189570560343,0.6699687234485069,5.746670591047041,5.581962270346967,7.954168334151359,3.9527238236397078,5.820785924836119,17.42454633024386,22.610169240552352,8.85454771170818,13.680286202686082,197.445334,0.6148148148148148,197.445334,13.680286202686082
LOG00004,Default,79.588784,79.98878400000001,25.8558024691358,1.6266141948105999,95.23262926067657,23.7712098765432,136.0,2.4399021245524644,5.543604938271605,12805.643738977073,6314.285714285715,0.0,1.4814814814814816,8.406439990392776,2.246997942126608,0.9978750317091476,9.057446024795484,2.1888674333437685,0.9921210964232183,2.743893962909372,0.7416796473675686,0.2839045387961136,0.456614440586514,1.236296155631025,0.7225605192378849,4.607795710188948,15.168107182695048,11.019386592757446,2.0885854619871704,5.545786551612905,17.94050524358391,9.247088297151091,6.152935602783283,13.633194109594731,79.788784,0.3925925925925926,79.788784,13.633194109594731
LOG00004,Default,97.307658,97.70765800000001,35.19555555555556,1.7442476888332115,45.99363051502654,23.14483950617284,144.0,3.6856243082957647,8.470691358024691,15649.303350970016,10157.142857142857,0.0,0.0,10.349219850516768,11.730325073203076,1.912916434207346,10.929878956873884,11.870476959794347,2.0817873594621785,1.9286621845357512,1.0980976475022606,0.5566893611168111,1.2365326991954353,0.9821499376026896,0.8449815105128257,5.207085571115276,5.7108341090890296,6.746895630941117,6.437270673688251,5.887592320255114,28.457462298909,27.385045932784934,11.06134887428624,13.567072778367939,97.507658,1.0,97.507658,13.567072778367939
LOG00004,Default,303.612275,304.012275,46.181728395061725,1.7138828850054808,31.4124583979004,21.83817283950617,57.0,3.690440864071624,11.06224691358025,18006.20811287478,15142.857142857143,0.0,0.0,9.317825094408528,5.685384072279455,2.1943972276884125,9.260062321749164,5.725340316894727,2.469354341327195,0.7712473170097564,0.603714892455381,0.865606160711138,0.7635304615767077,0.8468118348762186,0.5575804320742379,3.132368843766599,2.827037609813392,7.682881362036633,3.882476864518963,4.6809000854302365,18.00946253336675,13.96521251158847,7.718337144078321,12.114655651533594,303.812275,0.7975308641975308,303.812275,12.114655651533594
LOG00004,Default,200.66769000000002,201.06769,37.773086419753085,3.867029562145463,12.31420214115595,22.53720987654322,108.0,2.670663882596753,8.42562962962963,15909.012345679012,10742.857142857143,0.0,0.0,8.108141348915002,8.428284642355564,1.921374880420189,8.200750849372696,8.434777641820332,1.9260521525466554,0.40148163413535126,0.6482598884256557,0.05508545556924684,0.7562585467965778,0.8596695479216316,0.5356950699176257,4.611043460650092,5.736874980398706,10.233305631103432,3.803792327507483,4.8631487388445,17.364501891097422,21.108537854867407,8.269762334751576,12.093816056497559,200.86769,0.5679012345679012,200.86769,12.093816056497559
LOG00004,Default,160.38667500000003,160.786675,30.346172839506174,3.6488681038456714,13.241299563541556,22.726839506172837,109.0,2.128704096444244,6.761629629629629,13736.41093474427,9657.142857142857,0.0,0.0,7.221617723026032,7.79361487221552,1.3376265080413356,7.444989936891405,7.6982549178221795,1.4725284989260188,0.9464619812600826,0.544666144242732,0.7325266018787131,0.9367878864973711,0.7772061251151376,0.5994105549198863,7.300198647581207,6.2535631587131295,7.931145301454201,4.612744927600081,4.437110139000399,17.931694817064717,16.513219545354758,7.513061803084766,11.553029073619635,160.586675,0.4123456790123457,160.586675,11.553029073619635
LOG00004,Default,12.911465000000002,13.311465,37.17135802469136,1.6685972175116008,33.45896683738261,24.16259259259259,130.0,3.4274453239615257,9.58883950617284,16871.014109347445,12571.42857142857,0.0,0.0,8.393740125163296,6.0289484733819645,2.2374350128276,9.096622930243685,6.3284055734709295,2.520590416234906,2.3668709433767945,1.0425695828296977,0.7090206127905925,0.6656410230570492,0.9624648193887281,0.7422720372114797,3.7621863898671815,6.157208292089544,8.36002868887922,3.459448502874236,5.438437419536544,22.85418080454676,19.37479589697354,7.3076361767493285,11.20855676242082,13.111465,0.44938271604938274,13.111465,11.20855676242082
LOG00004,Default,6.550964,6.950964,24.42962962962963,4.678135231643249,25.113428427889456,24.6356049382716,115.0,2.1317995900975513,5.062567901234568,12779.955908289241,6742.857142857143,0.0,0.0,8.063233927801532,5.629625808654025,1.2060728719654834,8.091258615601573,5.580251858385108,1.2060728719654834,0.7808012359517067,0.8678253680894172,1.3484147189564483e-16,0.6480759948720439,0.8389640445047892,0.4865027866474761,5.972725380865758,6.206307402863676,7.164464039227842,3.085851246088389,4.76402556395984,18.356752718560283,15.40674856141191,6.953719440699098,10.677187695809424,6.750964,0.5160493827160494,6.750964,10.677187695809424
LOG00004,Default,137.28395300000003,137.683953,32.27432098765432,6.215812758010487,26.80720446851967,22.85427160493827,36.0,2.6311599117994655,7.252395061728396,14397.31922398589,8085.714285714285,0.0,0.0,8.229657783317975,6.260978825915931,1.8085295436029005,8.339037609068145,6.209475409879031,2.0237313636719487,0.3867985876507874,0.5188797171314564,0.9429025354835309,0.6742320560709681,1.105255623963218,0.6017306628456669,4.804586695655874,7.032096633648098,7.06276108077946,3.333583126110494,6.2145700419206396,17.50647146657134,15.679821112610208,7.311878113354113,10.650547929807605,137.483953,0.6172839506172839,137.483953,10.650547929807605
LOG00004,Default,249.14425200000002,249.544252,23.934814814814814,6.1949439980153125,24.717900420620715,22.236888888888885,114.0,1.688720826660081,4.648419753086419,11112.513227513227,2814.285714285714,0.0,1.728395061728395,7.721811192235871,3.836429194659559,1.999918977452899,7.991396254790463,3.7882343611982727,2.087895209423803,1.0139193337319576,0.3793959084734256,1.224643581701083,0.6021329812930489,0.9627379525807896,0.44915610615208285,3.6190532114138687,6.5172818511865245,5.173256241273276,2.8289606304847363,5.4481587832330876,14.752108030990849,10.037337702207102,6.096907291987282,10.28510385523141,249.344252,0.39012345679012345,249.344252,10.28510385523141
LOG00004,Default,320.73721,321.13721,34.836049382716055,2.97805706775339,43.46362129228127,21.62977777777777,133.0,3.540388115873293,7.410666666666666,14539.779541446209,8671.42857142857,0.0,0.0,8.294155239251646,5.417987533320861,1.773694343582299,7.668526465144595,5.373070291448534,1.6965986848484518,1.9326538798922464,1.097274384261686,0.7118019267804884,0.8660605334221093,0.7886934626448245,0.5378780114265413,6.691548782318124,5.665151169504813,5.849537358628764,4.462284391786258,4.695444585014197,17.227884373886425,12.917305838426866,7.005269446781679,10.102171582618112,320.93721,0.5654320987654321,320.93721,10.102171582618112
LOG00004,Default,211.677682,212.07768199999998,30.97111111111111,0.061903947898596094,14.107873659098182,22.286123456790126,82.0,1.7381381886793572,5.900271604938272,14023.694885361554,11971.42857142857,0.0,0.0,5.5703286771168035,1.2035656760332427,0.6020327312222216,5.490665441060081,1.1675238432431816,0.6021698438246897,3.551076111405656,0.492372017418086,0.0012393744834503747,0.3793245778771665,0.32528368564975624,0.272072341133863,6.0653750031559985,5.630375843426648,4.628357670749881,1.4240411605120702,1.3642351329748115,10.23923704719458,2.7383873780199113,4.029710405701334,8.701499206415264,211.877682,0.17530864197530865,211.877682,8.701499206415264
LOG00004,Default,10.478206,10.878205999999999,34.24814814814815,6.35355273631327,26.50519519917409,24.487876543209875,131.0,3.1512549882461185,8.910074074074075,15559.038800705468,9057.142857142857,0.0,0.0,6.3515791590989314,5.924813626483575,1.7576902144229494,6.3043813210585755,5.948520025161787,2.081375919506266,1.5346575771678006,0.7159534806163356,0.6497031487186717,0.6524835655800203,0.69699172630195,0.485805660999856,5.109596126123617,6.313148438500913,7.712559874833783,3.1422247524599434,3.89085044883874,17.354616563018116,15.766036319714853,6.141904196699316,8.318920429648122,10.678206,0.1654320987654321,10.678206,8.318920429648122
LOG00004,Default,42.467755,42.867755,36.674814814814816,5.395586470511632,42.26742076966041,23.926024691358023,83.0,2.7088990916584255,9.016567901234566,16494.091710758377,12314.285714285714,0.0,0.0,5.197635118770311,2.6324672545615266,0.8329426422358296,6.165193763765462,3.400820071331684,0.7843027232107503,2.8967297085412653,1.6160276560082243,0.5386005527676135,0.4079201475516862,0.4381140452497068,0.3251783745533706,3.4075425781040822,5.982328705674103,7.833474206888841,1.4624546399420986,2.1682045117497726,13.486985038625155,7.48958124066318,4.119787292701723,8.056992138413047,42.667755,0.0691358024691358,42.667755,8.056992138413047
LOG00004,Default,271.818642,272.218642,24.688395061728393,0.06470172379491285,31.340597679213587,22.233259259259263,80.0,1.2203899989020583,4.359456790123456,11907.257495590828,9742.857142857143,0.0,0.0,4.861151887707431,1.0305919868907907,0.7456602038499051,5.21463407759342,0.885448510292182,0.7922950895656112,1.7649721723190364,0.3489335732671135,0.5275310390470108,0.2735608099426494,0.5198534709716026,0.2772251211507246,7.668155660748242,6.8693801994728405,6.304162335006418,0.715914329278013,2.6141388472207883,9.62032313822933,3.453393392871123,3.5137528028309744,7.877283601433727,272.018642,0.0,272.018642,7.877283601433727
LOG00004,Default,57.303812,57.703812000000006,20.086913580246915,0.5907531120910045,55.072296988930525,23.908938271604946,175.0,1.0592518692702366,3.7205185185185186,11111.296296296296,8600.0,0.0,0.0,5.408019334132454,3.2748815686526482,1.0893956129075442,8.25598632835175,4.691366136778,1.25549528705001,5.663060948405769,3.834877430410865,0.4599003030649149,0.3727716506871514,0.6216741608571451,0.32980227710786897,4.563918699801544,8.372369527834671,4.148840338870034,1.3908444282250487,3.2473080979813025,18.899343512016102,11.402728718259599,4.470543725714539,7.878316666680645,57.558073,0.0,57.503812,7.789356238973883
LOG00004,Default,234.219648,234.61964799999998,35.15851851851851,2.7608833400848902,34.526044483712994,22.304888888888886,125.0,1.8980401019571993,7.521827160493826,15201.975308641975,11371.42857142857,0.0,0.0,5.363447743106221,1.384084096631515,0.9417697407380743,5.9462679705762,1.5257595360780325,1.0394494557285197,3.5413892646460696,1.0229478770325666,0.9506856098788803,0.5024569221046062,0.5400782545319989,0.36162270184290723,4.8964468266856125,4.971033819761668,7.742257013592715,2.2343126257129584,2.7938094064557206,15.62729489319928,6.074435400273738,3.9167754900925535,7.683156879109165,234.419648,0.0,234.419648,7.683156879109165
LOG00004,Default,27.375732,27.775731999999998,35.330864197530865,18.297987759403657,33.83372380875777,24.05669135802469,140.0,5.372644329626392,9.136987654320988,15986.0405643739,9742.857142857143,0.0,0.0,4.7661522760180475,2.7310278312020557,1.2058354688671682,4.983471610034518,2.8791110182931625,1.3427616170512577,2.3738065538376523,1.470563235712385,1.2109027936797725,0.6404743412470978,0.8401479841093659,0.6295278270863388,4.229207567661791,6.694380336666166,6.992887940313403,2.753197719273048,3.7820993722411136,15.280343218949268,9.123162761095085,3.8842451347071396,7.570801353025769,27.575732,0.0,27.575732,7.570801353025769
LOG00004,Default,32.778440999999994,33.178441,20.950370370370376,1.1078534961801711,16.0460275097319,24.255950617283947,119.0,1.2894146987195578,4.063037037037037,11508.597883597886,8800.0,0.0,0.0,6.103072428352355,5.9515482334897225,1.5169867117306735,6.567487536115132,6.638361505622023,1.4454918042388165,1.684942098551529,1.6424487617483188,0.4512399494480796,0.5757468832858496,0.6871493489911347,0.4586607809128011,6.040940083928371,7.588510440042217,4.792633582924038,2.6217672532732883,3.6414306123827194,18.061827970325417,16.004320404345144,6.027786469396099,10.184174961194703,32.832379,0.19012345679012346,32.978441,7.4679347286301505
LOG00004,Default,17.969095,18.369094999999998,25.700740740740738,4.9888294423030315,25.888191022088517,24.569283950617287,179.0,2.1084760092405532,5.157753086419753,13071.446208112875,8842.857142857143,0.0,0.0,5.213066267066465,4.415481650764641,0.8513046631354715,5.750087859600766,5.018490080843424,0.9318932521107052,1.488996322455649,1.4782651996415013,0.49850706831957414,0.7191237128810661,0.7278398274901169,0.4979470191628349,8.306836092604364,8.430659480141433,6.803662980324501,3.497259615752821,3.7085853462999974,13.567663081071903,11.927559124425528,4.830762782059659,8.293469450164537,18.074375,0.16790123456790124,18.169095,7.166434317493284
LOG00004,Default,111.92715799999999,112.327158,40.99827160493828,0.9542481884934879,40.166059216706934,22.844049382716058,176.0,3.9384160868350073,9.781283950617285,17315.220458553795,13871.42857142857,0.0,0.0,6.088930872973989,6.483889632378993,1.7258342566453335,7.826585274241063,6.38580011368489,2.0599020813508266,3.3292625984619217,1.5039797644266049,0.8122375809034443,0.826082621689549,0.9064922336880777,0.5810615199832198,3.5395050403079673,4.273450774361242,9.843091750153784,4.402144347615248,5.269267356413849,19.359369441828036,18.160124544088074,6.289511266415207,7.935065630530645,112.09263,0.0,112.127158,7.11682932002132
LOG00004,Default,256.704278,257.10427799999997,22.979506172839507,2.2323103800049724,10.25760801227093,22.28148148148148,51.0,1.349197081815412,3.8103950617283946,11147.654320987655,7842.857142857143,0.0,0.0,4.515886479501719,4.904069024261359,0.9813639020523093,4.523780830156272,4.943581258172642,0.9814672070838898,0.3191888762670326,0.3741954733279231,0.38542767169171965,0.3571979441217468,0.5141260294822918,0.3134949395845295,5.036502445069327,6.806636087938006,4.8204100426989855,1.2740582089669226,2.7578765341715137,8.870258253370162,11.245739934155807,4.713975163832865,6.926545812419776,256.904278,0.0,256.904278,6.926545812419776
LOG00004,Default,170.14767,170.54766999999998,27.5362962962963,1.2551291748429079,26.300989720589325,22.720938271604936,78.0,1.784409782217645,5.622987654320986,12851.366843033511,6928.571428571428,0.0,0.0,4.694102554863162,4.181024272190177,1.2313100684848288,4.835056410365737,4.143912671036853,1.2221363640899496,0.9128717047416035,0.8283112215606275,0.6235941516241387,0.5230230658243346,0.6847601550053596,0.5091656182753469,6.335136302148836,7.863308734541272,6.694105212725839,2.380592842568134,3.65102596209038,10.77330949759006,11.619481299912332,4.444972596103168,6.66615710297017,170.34767,0.0,170.34767,6.66615710297017
LOG00004,Default,120.865087,121.26508700000001,24.89950617283951,10.722483577843446,14.077462796439795,23.015901234567902,133.0,2.1015561468886315,5.4206666666666665,11541.975308641975,3414.285714285714,0.0,0.0,3.1110029927585905,4.3628992423775275,0.8854432878126952,3.08158397939073,4.384000207040108,0.8898414474848372,1.3316143291652995,1.0113669647084993,0.19291929913990719,0.5621680680186594,0.49155276180766283,0.4299277727792294,4.332581937713619,5.169321429792932,6.298790793355079,2.772966330134694,2.562957545783038,10.202154214541356,12.465953633797938,3.7890123660454917,6.508024326045427,121.065087,0.0,121.065087,6.508024326045427
LOG00004,Default,94.675575,95.075575,59.74444444444445,14.297213749107001,23.59621370637664,22.809580246913583,135.0,6.884405014658367,17.198246913580245,22190.070546737214,15357.142857142857,2.2222222222222223,0.0,5.591271351064719,6.640923503021907,2.513202343745439,6.5689818608904265,11.6960575089635,2.3602339456337282,2.8858368830977605,7.1284937549805045,1.378601846212295,0.7226143701204637,0.8576965624935171,0.6340121464633832,3.3115464843468465,4.984123738349314,6.059295923885377,2.721098259178108,3.7058649593878026,14.319545478682254,23.16340238126824,6.1385739506104295,10.513367582186165,95.069922,0.3111111111111111,94.875575,6.4842356354755
LOG00004,Default,177.437307,177.83730699999998,32.009629629629636,10.157939477607012,29.599293570028234,22.41303703703704,106.0,3.1693111637572073,6.974839506172841,14464.4708994709,9242.857142857143,0.0,0.0,4.417029535752203,1.219096711593509,0.7330824642444322,5.070687732091042,1.4851224932280387,0.7207733715046838,2.7753897265139424,0.7281322060704957,0.23411903531788053,0.4180631532605063,0.614483406760134,0.5436302370225143,5.921088927351345,7.220215756574193,6.3405934622225955,1.6199755132750924,3.1263718891244254,10.899994336843019,5.366563145999495,3.24008847965032,6.32445427139906,177.637307,0.0,177.637307,6.32445427139906
LOG00004,Default,205.165389,205.56538899999998,27.090864197530863,13.706173809190169,17.338363398519068,22.436592592592596,119.0,3.025967468472607,5.4612592592592595,13012.663139329805,7042.857142857143,0.0,0.0,1.9013764904006563,4.081329316385166,0.4503917547687923,2.141404038038619,5.691952626594431,0.45039413328981515,1.1443918740032064,3.171906341107239,0.00016259726467221286,0.2990046938492978,0.5329213675736757,0.3012746523859573,3.127492753813367,4.648994010009057,5.644923357305111,1.1301762497887256,2.6609456377078122,6.478835438717001,17.662543194533605,3.1837463425211285,6.252241903291957,205.365389,0.0,205.365389,6.252241903291957
LOG00004,Default,63.894994999999994,64.294995,34.71975308641975,7.559296782126513,56.252167877823716,23.936691358024692,132.0,2.938375504880422,8.00316049382716,15928.544973544975,11342.857142857143,0.0,0.0,3.917187366909653,2.1720298251010592,1.213405153590784,4.1980339438105165,3.729371159595729,1.2750413851308804,1.5545524635312216,1.9589766795832833,1.0528583306708363,0.3783959944355871,0.45900084862282475,0.3359132369774846,4.152107392140099,4.851933179860402,7.323432895437046,1.7468800653723269,2.2745871115266754,13.402413639267545,8.69013915415159,3.1671809569872327,6.222595860974643,64.094995,0.0,64.094995,6.222595860974643
LOG00004,Default,262.986821,263.386821,36.95753086419753,12.139155047258976,18.509086259278966,22.289358024691364,135.0,3.231081737217611,9.388962962962964,14877.557319223986,8442.857142857143,0.0,0.0,3.925924346603643,1.9738255952654804,0.9730231035519067,4.593720178973834,2.337406634374497,1.0534416426645694,2.729389501183258,1.1279809804225795,0.5732829434944657,0.4354068431616272,0.6825702119717109,0.45964051565483116,6.125540852588288,5.756623065941502,6.45470028288953,1.88452574465048,3.46803804624007,10.4440898284953,7.120133165629439,3.1071586261229385,6.129229692636648,263.186821,0.0,263.186821,6.129229692636648
LOG00004,Default,315.749383,316.149383,27.21703703703704,6.367861521472726,27.394118513876805,21.841728395061722,115.0,2.0005840402430475,5.453432098765433,12126.41975308642,7042.857142857143,0.0,0.0,3.9481565717654328,4.078838329042717,0.9674328598818069,3.9442838248553813,4.085898963636391,0.9371471325081719,0.5351757297470178,0.4151508079102211,0.16366103817641203,0.577216847704277,0.6678739593013885,0.4763781517510556,6.597755509310782,6.206951451272343,5.198568972008543,2.778862027046728,3.6635598913114458,9.34007692886076,9.26162932629987,4.014029299198162,5.809477512360123,315.949383,0.0,315.949383,5.809477512360123
LOG00004,Default,329.950392,330.350392,25.022222222222222,12.538092083184736,40.267079610233154,21.845333333333336,114.0,1.4731636286361574,5.307654320987654,11318.73897707231,3185.714285714286,0.0,8.395061728395062,3.8219622020802277,1.5594082376480791,1.1794178005032938,4.067214566256542,2.0908196571027395,1.1871327640683218,2.327730001449913,1.2435311300106002,0.960543003916717,0.4640575802816096,0.814057564516536,0.33889065284789144,4.344445749169203,5.2418684043036095,5.544472029684157,2.1319853931043173,4.622915796806108,9.862887164004086,9.426911830852491,2.9188310267789253,5.685820735172526,330.150392,0.0,330.150392,5.685820735172526
LOG00004,Default,87.997804,88.39780400000001,26.545925925925932,0.5074890445275647,30.467198691285407,23.744765432098767,105.0,2.3407544129556266,5.117432098765432,13074.797178130511,10528.57142857143,0.0,0.0,4.080909900894542,3.5570045980639335,1.059725304377823,4.162732690216191,3.5251171555404714,1.0629321533867724,0.7500588451344884,0.30628593212257166,0.38066368601712663,0.727557129120152,0.7631650871484026,0.5332421190382678,9.906526271295585,8.865731188361229,8.15822178797788,3.5487497327079516,4.208147925456792,11.619268798311166,10.465581448812502,3.8279307288577655,5.636485906021465,88.197804,0.0,88.197804,5.636485906021465
LOG00004,Default,252.98789200000002,253.387892,21.893333333333334,5.39384468573458,11.923145033836938,22.32037037037037,27.0,1.4966766576426416,4.072864197530865,10717.971781305114,6914.285714285715,0.0,0.0,4.259066370541111,3.372338338188816,1.3391831933127605,4.34125025241934,3.319109493736346,1.5413262120047662,0.2247604145634168,0.5148122178386854,0.5906923672256169,0.39358804395775726,0.5476390499122181,0.4217506522749568,3.5108324292783104,5.88882231891046,5.502442649296379,1.5089592034731452,2.7307446107097997,9.090491572903911,7.535266877395933,3.841374247316469,5.594446862182029,253.187892,0.0,253.187892,5.594446862182029
LOG00004,Default,35.965115999999995,36.365116,34.83555555555555,6.787997395548653,26.219757976378354,23.940962962962963,63.0,2.9040498096119416,8.203506172839507,16042.433862433863,12357.142857142857,0.0,0.0,3.5216849793344815,2.1396358570161325,0.9585303844088872,4.0608457802322,2.4356599816512174,1.1029466672503727,1.9575453514349408,1.2051538916056241,0.9681948926409615,0.3462882997216274,0.45575031336934396,0.31180348419603726,2.8917938667595227,4.007276815655871,7.6780641762893325,1.348083287010749,2.3600524997226224,10.54923787546221,6.7819659191413715,2.913786771050625,5.517680153276299,36.165116,0.0,36.165116,5.517680153276299
LOG00004,Default,265.67030900000003,266.070309,34.47604938271605,6.374935037967217,19.191267549719985,22.153382716049386,81.0,2.3791510795799735,7.20925925925926,14955.643738977073,11371.42857142857,0.0,0.0,1.5004774469444975,3.4341085710913517,0.6419547193170709,1.7973056159381,4.660867299968603,0.6355007738860423,0.7073722525830183,2.9682268666821687,0.1992152853688222,0.3320762969167191,0.42014423632363257,0.2922362663942066,3.742682287969839,5.417304430123704,9.48627993297172,1.2271206426155548,2.070517577974001,3.788872596902086,12.831866198003189,2.649956060657627,5.480625967604775,265.870309,0.0,265.870309,5.480625967604775
LOG00004,Default,74.311858,74.711858,32.2041975308642,8.052543937304293,48.969422253148394,23.73385185185186,79.0,2.9327033630778456,7.0484691358024705,15132.169312169313,10228.57142857143,0.0,0.0,1.2504168971767142,3.4193901264635085,0.8026601824815733,1.1245486962087434,3.243345285984169,0.8222709502864237,0.48713989447063377,1.7237052526975694,0.5111885531719874,0.34612890695734455,0.5079948675062852,0.32750779412069003,3.117748063677313,6.06261639865976,6.4090181723710336,1.4306228931411147,2.421164580891158,3.234841190980509,12.775941897098026,2.5744680279332615,5.395614213206836,74.511858,0.0,74.511858,5.395614213206836
LOG00004,Default,100.960816,101.360816,37.12691358024691,12.381904024185319,45.95797408639745,23.01706172839506,125.0,3.3163249047393646,9.41641975308642,16261.684303350972,9371.42857142857,0.0,0.0,3.434185501768567,2.1252877089595517,1.0488442474614978,3.950320034997372,3.294293565213871,1.3120654505781804,2.1363491517863373,2.3012013165430893,0.8961183914568643,0.45155249915338475,0.6055053814768875,0.49844775405598685,6.090708558600316,6.567698754074211,6.746886480556435,1.88285001396785,3.2257282979254818,11.143729898439872,7.500288060311705,2.855737899949149,5.309800145091713,101.160816,0.0,101.160816,5.309800145091713
LOG00004,Default,245.894537,246.294537,33.45777777777777,4.583418315710461,10.212046965664136,22.196246913580246,1.0,2.2880537915708947,6.9792592592592575,14454.73544973545,11314.285714285714,0.0,0.0,3.7445465883251265,4.894338441890074,1.4304326005140064,3.76293265643519,4.894362388956892,1.443821657481946,0.14986755121745005,0.0003164710296171586,0.12495849017092683,0.5781113615117428,0.6755321245062339,0.3891343597665669,5.320360983329169,4.720451364266523,7.779760724857302,2.7848950988498626,3.649599237918982,9.810551135397384,12.01203100599099,4.35753244026366,6.521711961715086,246.014625,0.0,246.094537,5.289034969580923
LOG00004,Default,260.788715,261.188715,32.48222222222222,21.631926108428114,15.90197919220142,22.096098765432096,156.0,4.474567521364508,8.577975308641975,14068.835978835978,5871.428571428572,0.0,0.0,2.8842532960099545,3.7442036403407575,2.0661313794720186,3.3933830069992585,4.318281716659923,2.018046077323425,2.035441625579932,3.103336722932728,1.9213184300670088,0.48197971418705465,0.9132727947963954,0.5676816508845923,3.296196035039752,5.443017557833634,5.542872323854149,1.842589942911776,4.53360049138807,9.441175904999112,14.80782242391742,3.342003738469278,5.168210767681608,260.988715,0.0,260.988715,5.168210767681608
LOG00004,Default,143.911504,144.31150399999999,74.46049382716049,25.210290271208777,40.68992528064518,21.93575308641975,15.0,7.098201178635443,21.795185185185183,23807.41622574956,12357.142857142857,42.96296296296296,0.0,2.3914078379694788,3.9528361563939134,0.9857161570486508,2.4064750433947637,3.9834728458080617,0.9737172211808507,0.12493000358357566,0.5648260894141786,0.0675692959269612,0.7889520066508104,1.385702078206634,0.5435507193815774,3.885788004116567,5.889713574609169,5.453151714400553,2.259359192665078,4.351470986233533,4.270484403090244,7.982851991984188,3.2667832134071007,5.165782856903156,144.111504,0.0,144.111504,5.165782856903156
LOG00004,Default,102.83720699999999,103.237207,29.15851851851852,1.2294564804462924,24.877167319518506,23.346197530864195,64.0,2.182195990626634,5.819358024691358,13909.10052910053,11457.142857142857,0.0,0.0,3.960201122773776,3.137222586932769,0.9338032299673804,3.9099955126351524,3.5238865718604924,0.8630472814692067,1.4223967602646754,0.6371467543124805,0.498377117248218,0.7804303458047448,0.6845794567823373,0.4658560993908326,7.450993029459786,8.716232825158238,7.095671190376409,3.7964061362290447,3.910829147871881,10.31659337016983,9.074724088585317,3.5724892227115115,5.0913049917349635,103.037207,0.0,103.037207,5.0913049917349635
LOG00004,Default,40.323913,40.723913,48.7195061728395,24.211550957262833,37.53574039758438,23.801580246913574,176.0,6.284417373916514,14.217111111111112,20204.523809523813,4442.857142857143,0.0,12.592592592592592,2.580738339383324,3.612432695012105,1.1659961033539992,2.641041904384838,4.37901141226042,1.3280781437644975,0.7747807307685971,1.8347295803594879,0.4951969329335686,0.6360524972671036,1.0844318500651524,0.495945646240445,4.209931201351997,5.168274813306779,7.144664896480414,2.3817446798883575,4.866958583945717,15.67399355856937,11.914717530313528,3.139257902144661,5.08368662264097,40.523913,0.0,40.523913,5.08368662264097
LOG00006,D 1.10,31.990179,32.390179,42.33901234567901,24.955171838592392,55.62847415177168,23.363827160493834,136.0,6.59051242549539,11.239851851851853,16737.654320987655,3228.5714285714284,4.938271604938271,3.950617283950617,18.39591992252666,13.325962286311885,2.941123348373483,18.517823862068852,13.46035774165088,2.9536098563265214,1.8267451894592792,1.3611508986719516,0.1418329539789884,1.343745249478473,1.3053679102400593,0.900383223336533,4.961322579656856,4.931357971329636,5.968992077915237,5.880141150436562,6.783250084325125,35.33588390514697,24.76476987901349,16.06224051389189,29.72884145118096,32.190179,0.5679012345679012,32.190179,29.72884145118096
LOG00006,D 1.10,22.546058000000002,22.946058,31.656543209876542,7.572555248320982,30.862326121316393,24.33493827160494,93.0,2.3971269736209497,8.87817283950617,14318.1569664903,4000.0,0.0,0.0,14.841038841828023,9.259032432180383,3.5649231058739606,14.831130039298833,9.30748872889142,3.562430648302774,0.3338778108652439,0.6454265136514871,0.017515885473105914,0.6994374421851879,1.1411318857957629,0.7432032774303947,3.393624386078321,6.717614611539408,7.771370773047646,4.03238808567538,7.118266932060524,30.270916653806974,28.02639849045323,12.369036249538928,22.143362521049916,22.746058,0.7604938271604939,22.746058,22.143362521049916
LOG00006,D 1.10,193.298204,193.69820399999998,42.70098765432099,3.584148780579437,56.05829615747855,22.116,137.0,3.9228943795604088,11.545506172839508,17067.68077601411,9457.142857142857,0.0,0.0,17.01107752228181,9.19299478695064,4.075166398109514,17.170979148162814,9.248718739098182,3.9354766156477616,0.7173239222841058,0.3914326831443533,1.483054126815116,1.0507877092806022,1.0462814900828066,0.9357886573854121,4.076958498022371,4.562477050892166,6.603429009649422,5.895101925764965,6.615505351301024,41.560516637908584,25.212234929165973,13.672744999121118,21.68885920830705,193.498204,0.8444444444444444,193.498204,21.68885920830705
LOG00006,D 1.10,55.58598,55.985980000000005,45.845432098765436,15.017175684995877,20.38784032524954,23.238493827160493,159.0,5.6222706212891085,13.291135802469137,18214.10052910053,4014.285714285714,0.0,0.0,12.012630876641053,11.657339445382442,2.8929172477781857,12.034539126657453,11.791047857058958,2.885403533841336,0.28346356311882354,1.1053697721492424,0.12274513526604175,1.00360442601776,1.49311445332065,0.7067122411176721,4.228070788951051,5.772761757787511,6.409173357655659,4.916733193562321,8.839521751536923,25.686668493045275,29.29981249676658,11.83631833644439,17.15054432954696,55.78598,0.8765432098765432,55.78598,17.15054432954696
LOG00006,D 1.10,209.094065,209.49406499999998,44.95333333333334,4.796405032372464,35.38953918763121,22.01143209876543,52.0,3.2887529966021014,12.658691358024692,17305.21164021164,8800.0,0.0,0.0,11.903141563168498,10.755332559382193,2.7777434026661165,12.00641494421071,11.172928398343469,2.790147015753603,0.4947744040034805,1.7562483283931971,0.03750417184106543,0.7764435376424638,1.2211005004186006,0.6856825917011506,3.8470617883644875,5.29092212944508,7.023237334940727,4.197987451635094,7.543033538831965,24.44555553030418,25.999192769994956,11.34376387130251,16.753597283464554,209.294065,0.891358024691358,209.294065,16.753597283464554
LOG00006,D 1.10,156.405889,156.80588899999998,30.76395061728395,6.451041389567038,20.21825261589107,22.663259259259267,38.0,2.3303237875068694,7.334469135802469,13639.867724867727,8271.42857142857,0.0,0.0,10.720924340142007,8.286106021871946,2.483018154457872,10.75603711494462,8.209177015738383,2.639730441618321,0.54041872520231,0.48289715317538673,0.530625216811353,0.6480045840706584,1.15948681787714,0.6124632092952635,4.135971046900512,8.570163829876671,5.927118714650442,3.602329396320245,7.237482844301236,22.47676440841975,18.762057851280996,9.581173511442941,15.684962729846282,156.605889,0.7654320987654321,156.605889,15.684962729846282
LOG00006,D 1.10,215.66056400000002,216.060564,46.05604938271604,7.369707379656188,32.82082442213764,21.811679012345678,163.0,3.9859443117185953,12.874592592592593,17694.25044091711,9714.285714285714,0.0,0.0,9.002548407382092,10.387716064872107,2.027411924800999,8.996826080635831,10.708857348350662,2.023733828875409,0.14286233330483317,2.129516911313309,0.020044388918499818,0.5649298434801667,0.918590827680621,0.5826113244744873,3.1494118613960924,4.596945442088823,6.193504103577294,2.8955145412752326,5.814265103937786,19.576125545112973,27.97331179605851,9.719838549884969,15.406026715610574,215.860564,0.7111111111111111,215.860564,15.406026715610574
LOG00006,D 1.10,26.030908,26.430908,51.8362962962963,15.364227848925243,25.18285432636578,23.675777777777782,179.0,6.492090658298763,14.485604938271601,20460.335097001764,11371.42857142857,2.9629629629629632,0.0,12.890138488148171,11.197645928479204,2.695836204444378,13.071020159259247,11.082354149404546,2.699622001236926,0.7873970686388782,1.6114027362353798,0.1922651435804479,0.7771359870739745,1.2245953611672704,0.5719285975746509,3.2786429973437565,5.753157929050114,6.201418642630922,3.4777901201808925,6.690890470315327,25.328898247254124,24.332014170229453,12.073585726353741,20.779725668718072,26.157896,0.5234567901234568,26.230908,14.570712692970229
LOG00006,D 1.10,205.122185,205.52218499999998,30.75037037037037,3.9317487217488782,22.56941651212238,22.111950617283952,74.0,1.8548435161629955,6.201037037037036,13643.42151675485,8571.42857142857,0.0,0.0,9.587025045325854,6.392641446341227,1.796815788995152,9.304580552652252,6.3569913759105345,1.796815789013085,0.9162894133972042,0.2744312886055673,2.700713339060691e-10,0.765808246657222,0.7886465195134542,0.5832812170953489,6.237948325619322,6.206471450481348,7.354744770129466,4.356873810845658,4.99033424213587,21.183501616605806,16.944571948518455,8.14791120107432,14.058237334195919,205.322185,0.6419753086419753,205.322185,14.058237334195919
LOG00006,D 1.10,88.19285099999999,88.592851,36.06345679012346,1.9584821286222929,21.294183651673873,22.899950617283952,42.0,2.7092376128565894,8.178172839506173,15757.927689594357,12528.57142857143,0.0,0.0,9.122739291272994,9.665027769700606,2.4977847216474243,9.039017299403254,9.765841107809308,2.5002037780304103,0.37427105170804925,0.48583443464443626,0.02759214557755865,0.6847200751977628,0.9345885224057922,0.5490556785521322,3.1109810949018066,5.287291916901286,10.06196239310918,3.7416775648193275,5.961567283078772,22.701226376835805,23.33253966904176,9.397795857689715,13.939702491091607,88.392851,0.6345679012345679,88.392851,13.939702491091607
LOG00006,D 1.10,81.963736,82.363736,36.26098765432099,6.36951916028054,39.65588098618881,23.011407407407404,19.0,3.1999623385835765,9.67027160493827,15402.918871252205,7257.142857142857,0.0,0.0,7.5092729193717025,9.966159972416701,2.174835902354921,7.5931745839885,10.057747207370989,2.1195442126114346,0.36639496251764075,0.5937296550262497,0.5419906997377651,0.9556616395261489,1.0784710862223805,0.7320837264854068,4.431631941923039,6.154364655653706,7.0998862723071605,5.4376203609014295,6.888134738322593,22.680877897961143,26.795522013948524,8.823647895666793,13.667910760101456,82.163736,0.7753086419753087,82.163736,13.667910760101456
LOG00006,D 1.10,15.734990000000002,16.134990000000002,40.56197530864197,6.012746628960986,34.78457816541268,24.326246913580245,114.0,3.853006181331283,10.881308641975306,17859.294532627864,12100.0,0.0,0.0,9.266380204088382,9.24510913427624,2.3205235358499836,9.176650037002457,9.042278575885382,2.5593506545255376,1.4070416064983642,0.857925438704949,0.7563969748215226,0.8164582910710299,0.9297509408782528,0.7595993194090035,3.6480080420304817,4.904026340168141,7.764296817137168,4.620259909560075,5.871694745828549,28.594828160540924,23.887286767981887,9.25575077968824,13.14480616977189,15.93499,0.7061728395061728,15.93499,13.14480616977189
LOG00006,D 1.10,212.45525400000002,212.855254,36.32716049382716,10.386299289201087,22.36885977572179,22.03683950617284,28.0,3.369984432093944,9.799654320987653,14884.047619047618,3928.5714285714284,0.0,0.0,9.167238616811863,9.862807928769302,1.8477182460547914,9.196073635789672,9.845860341200341,1.8477182460547914,0.43744451727920014,0.7158262589344421,5.754277366484954e-18,0.5315417876241934,0.8198801841767227,0.6085004649153828,4.322914077651384,4.6926040672569,6.109711749960311,2.760523132770915,4.909588648232549,19.547283604027857,21.911099842232847,9.52137710883676,13.112582731980918,212.655254,0.7358024691358025,212.655254,13.112582731980918
LOG00006,D 1.10,34.959889,35.359889,43.09604938271605,14.19904654067406,26.79638546227095,23.45834567901235,171.0,5.295033610257974,11.571555555555554,18044.26807760141,11771.42857142857,0.0,0.0,5.292008993941974,7.952103765954403,1.559822743867334,5.021480716096343,8.732896217515842,1.4507526509541568,1.82591177056413,2.0898441007697666,0.49116668279071274,0.7471108982807533,0.8834591580668966,0.5762227738456964,5.224037447108373,6.066072876917886,6.7397219781404605,3.81148013561465,4.841591654305397,13.231276078544603,18.50071737014207,6.754306533481764,12.662411867238262,35.159889,0.3925925925925926,35.159889,12.662411867238262
LOG00006,D 1.10,188.89520900000002,189.295209,37.17382716049383,3.3338453561938644,31.412568014821055,22.329185185185185,158.0,2.580740278408073,8.20414814814815,15723.721340388009,12100.0,0.0,0.0,7.350823396529261,4.083412716874742,1.85175667398209,6.749833358110497,4.254896299715054,1.7876321849517298,1.378051069604782,0.6881979069405723,0.5688385533727355,0.5668725522463991,0.7005257751725554,0.4755911986202967,3.4465076213830774,5.760527843998869,8.40315541695715,3.0853072072506413,4.432347914420914,15.358192409071911,12.516852836806526,5.945959301210207,10.501814253438988,189.095209,0.4074074074074074,189.095209,10.501814253438988
LOG00006,D 1.10,104.590177,104.990177,24.821234567901232,3.7808410399895496,22.92665241639267,23.063037037037038,62.0,1.9434832816183873,5.100691358024691,11964.488536155202,6657.142857142857,0.0,0.0,6.06389138809068,7.705232756688581,1.8609992578392351,6.053277522033998,7.92943957337259,1.8764404583229235,0.41949612711449213,0.5889206385058522,0.4035115892291967,0.631392419658494,0.7270213981594108,0.5144804803774828,4.626495076001433,7.624569254062244,4.881050937384963,3.2692073559537556,4.493654847612409,14.722536684272622,16.779617264870957,6.933303346937413,10.365795625804337,104.790177,0.4839506172839506,104.790177,10.365795625804337
LOG00006,D 1.10,19.510080000000002,19.91008,31.572098765432095,2.204672208243427,27.407176811076486,23.88723456790123,24.0,2.2213045377803553,7.5430370370370365,14797.663139329807,10400.0,0.0,0.0,7.780032586575149,7.709658383030143,2.1581972613144047,7.707741520988698,7.6417038380883,2.1581972616928056,0.4436341349456367,0.38474308726702344,4.835975921869539e-08,0.9750183056965841,1.1236507943142224,0.6748231694889604,5.341951093303964,6.6607305835386255,7.045343375905745,5.4769973356326815,7.102539117126535,23.572478197997377,20.05344710369618,7.744925417045606,10.15677105562109,19.71008,0.8024691358024691,19.71008,10.15677105562109
LOG00006,D 1.10,29.866953000000002,30.266953,33.803703703703704,25.23675765426024,17.09068848022116,23.669901234567906,78.0,6.078614928595949,8.439654320987655,14407.548500881834,3242.8571428571427,0.0,16.049382716049383,4.7444602424126305,6.379481595898575,0.789427484640047,4.72385466005256,6.524609125656912,0.7894274846134512,0.266717232470993,0.8405419508297128,1.6966725493410608e-09,0.6928790109604652,1.096963151585173,0.7468395493647237,3.3590866896547396,5.464468670279787,5.630459964366575,3.117109996082709,5.952827303922023,10.675459339005766,14.220399188715476,5.621729645947178,10.134967254051523,30.066953,0.36049382716049383,30.066953,10.134967254051523
LOG00006,D 1.10,270.083239,270.48323899999997,33.120493827160495,2.5462050683246034,31.761263010040178,22.065283950617285,24.0,2.028528179891613,6.9343456790123446,14294.603174603173,10200.0,0.0,0.0,6.816236635372693,6.792798413877864,2.5548757481060798,6.96627876373955,6.683264384234705,2.806172790652849,0.3961932860457498,0.4332999909065029,0.5712674961206897,0.955122914171075,0.8051492439513253,0.6464251046219737,6.506051957873136,7.857432080920189,7.34559469337234,5.345350459840587,5.1572035207677756,16.78197151413488,16.10957847116176,6.804527616263252,9.820042455489025,270.283239,0.4246913580246914,270.283239,9.820042455489025
LOG00006,D 1.10,126.452261,126.852261,30.738271604938273,8.028614995193479,31.94832630541932,22.691901234567904,161.0,3.017381146862808,7.188987654320988,13766.084656084655,8185.714285714285,0.0,0.0,6.403389994975669,4.177306154753957,1.5322346075500466,6.694023410643354,4.162470834320677,1.2791278825778534,2.653714369541366,0.68677455002534,0.9646142012157929,0.5657510686613484,1.0051273665469431,0.6048464214942711,6.010723041301119,6.135602470664304,6.2314612337738495,3.1109798963991753,6.055691468241438,17.484949436304454,10.886394272067937,5.406167317901834,9.747917048243997,126.652261,0.34074074074074073,126.652261,9.747917048243997
LOG00006,D 1.10,118.80839,119.20839000000001,34.483209876543214,3.143351135867459,27.19293510049642,22.955679012345676,158.0,2.4767352504227507,7.627679012345678,15228.703703703704,12942.857142857143,0.0,0.0,7.391824259735732,7.657215972318011,2.0230539346710423,7.849566650791895,7.8916801010156625,2.026254519121716,2.244878167737796,1.8307966295790798,0.0947142700752277,0.5429011481491919,0.9368656923475186,0.5405763873915114,3.227759143863731,6.947793843908734,11.604727903398343,2.873005610202174,5.972260872681954,20.180787832264233,23.020709946041045,7.525690079107024,9.379565991955852,119.00839,0.5777777777777777,119.00839,9.379565991955852
LOG00006,D 1.10,131.888189,132.288189,35.7804938271605,6.135284693855147,24.53929350140341,22.792641975308637,119.0,3.1791146252040297,8.553481481481482,15148.280423280423,8728.57142857143,0.0,0.0,4.672542407874505,6.673351653230282,1.800240951958626,4.544050166929607,6.815928406333699,2.130786989061126,0.9373951905775668,0.5322006892302301,0.9099384069843275,0.7169427251363367,1.07453486288993,0.5952140454350158,6.063240080692221,7.883695557231077,7.435304855129892,4.028189923904405,6.778742669989038,14.591473918391902,15.839160721000308,5.7604806588103825,9.252291244080723,132.088189,0.362962962962963,132.088189,9.252291244080723
LOG00006,D 1.10,198.06529600000002,198.465296,36.75333333333333,10.171124462885418,23.601145651959573,22.323308641975306,116.0,3.411543171922136,9.61548148148148,15053.712522045855,9828.57142857143,0.0,0.0,6.61359565668416,6.420450607123852,1.9465764883077432,6.953948504452326,6.262086824224652,2.026079581566481,1.7312508060488931,0.9011899694848011,0.43491470467869386,0.7637678609347633,0.9673651916672653,0.6903044292351143,5.699931106126323,7.944900930866124,6.793555892088837,4.124245236387781,5.908718002622114,16.39165701669866,14.336261544130966,6.517738622736748,9.216726947921794,198.265296,0.3135802469135803,198.265296,9.216726947921794
LOG00006,D 1.10,182.537811,182.93781099999998,28.185185185185187,2.1412302400758048,40.302947709379715,22.47592592592593,137.0,1.9591718528848745,5.7797777777777775,12976.534391534393,8842.857142857143,0.0,0.0,5.432557383022437,6.916552743889247,1.7336190106767333,5.247164435284089,7.062434662383123,1.9772265504993844,1.8715295097545503,0.9345547322662837,1.1762855111634394,0.645629261257614,0.9872007275740258,0.6797885508617981,5.800783047579802,8.007627969572471,7.7861251495535795,3.3528443819910847,6.030812706027345,16.18382060524387,16.69693547693671,6.218978275361375,8.86267256712719,182.737811,0.26666666666666666,182.737811,8.86267256712719
LOG00006,D 1.10,109.700501,110.10050100000001,25.770123456790127,2.8917970378668025,35.800237859625064,22.975728395061733,136.0,2.304879752723506,4.865753086419753,12679.58553791887,8271.42857142857,0.0,0.0,6.2446789415312125,5.939058221170519,1.5317564820848317,6.375033407064309,5.8799116066181005,1.652943487517383,0.8340082402751073,0.4394011401745235,0.8225427469001737,0.6512072426717634,0.7476004935090776,0.590579458984614,5.592064070300056,8.17930375517563,7.149313036972618,3.441638531703528,4.471356090328205,16.058304262980858,15.339692723112355,6.093784851685221,8.415560645327181,109.900501,0.04938271604938271,109.900501,8.415560645327181
LOG00006,D 1.10,6.378115,6.778115000000001,30.081975308641976,3.34528908483538,37.50638987957492,24.656814814814815,121.0,2.524980527972688,6.6245925925925935,14860.0,9900.0,0.0,0.0,6.025447970665441,5.8196635034680435,1.5727824727665667,6.159721136088566,5.791007837072323,1.7215911679965448,0.8017753900274159,1.4602195658077401,0.6275223215198009,0.6496593061520909,0.9082861676511546,0.5624914627091753,4.569005182040656,7.026545424170361,9.873148582795405,3.561339772640678,5.831643418899002,19.40325796749315,17.871765441612084,5.923449440182394,8.350776936283616,6.578115,0.08888888888888889,6.578115,8.350776936283616
LOG00006,D 1.10,254.535691,254.935691,22.30197530864198,0.6771735371308717,20.439794743537572,22.244024691358028,93.0,1.6302064970775982,4.037234567901234,11067.213403880072,7742.857142857143,0.0,0.0,5.2419920845835115,6.001827530298975,1.4752297295765553,5.432191036919964,6.112711535371166,1.5076254956135837,1.506530105984463,0.5473666338676654,0.7969302506299818,0.5972254285038379,0.6179644106089357,0.480384675721617,6.320861175463213,6.244148048405758,5.621357843903763,2.9634469357222013,3.414280624698512,15.14057584892454,13.313967417530424,5.63473223491103,8.147216842549561,254.735691,0.11358024691358025,254.735691,8.147216842549561
LOG00006,D 1.10,145.09906600000002,145.499066,19.021728395061725,2.771000082478338,19.647687609013882,22.629901234567903,105.0,1.2460391232944477,3.342074074074074,10402.830687830688,7914.285714285715,0.0,0.0,5.024573865360344,1.517180206670368,0.6167767429960679,5.63821951013327,1.7636092200376086,0.7165253265205812,2.222047339215055,1.149291549429963,0.48060460153726275,0.38540976668562876,0.46733546369314954,0.35070548337591156,4.629261558120643,6.317232762741132,3.885972031330697,1.8452489268890717,2.4960863468146575,11.856966488988137,5.973397817112257,3.7113460030004304,8.137039235868846,145.299066,0.20493827160493827,145.299066,8.137039235868846
LOG00006,D 1.10,77.726463,78.126463,34.552592592592596,6.660102282567897,16.32805168188808,23.283358024691353,100.0,2.926945575626483,7.497037037037036,15686.728395061727,11214.285714285714,0.0,0.0,5.506125199448249,3.165852413311642,1.2842500679523732,6.458146256760958,3.2298249127418477,1.2830422532281593,3.664838423823074,1.1979272014629803,0.026416605091927992,0.6160600475317543,0.6284347127751281,0.7365023297521087,3.2653748972890657,4.95906642384009,10.17620253588109,3.2985605059767042,3.669477026257535,17.680777034486066,11.164538216166708,4.491104330499914,7.678547480429866,77.926463,0.0,77.926463,7.678547480429866
LOG00006,D 1.10,196.83603000000002,197.23603,57.725185185185175,24.641883601600796,29.788369372100266,21.69572839506172,179.0,6.140553287155303,16.223654320987656,20784.26807760141,11585.714285714286,18.765432098765434,0.0,3.194450986325119,4.936301120643493,1.2823689669834712,3.4464448698901444,5.553716880121645,1.7946910611680018,1.6681229390174124,2.0150873276505172,1.3068500558712646,0.45353547006508005,0.6462539255385474,0.5381828669926495,4.86378840242099,5.856321674519711,7.114361364443685,1.5524445725202218,2.819572155589917,14.217012934865167,11.296344869355194,4.157618660826156,8.139030357013455,197.235319,0.0049382716049382715,197.03603,7.506803372564406
LOG00006,D 1.10,74.479642,74.879642,33.25012345679013,5.426899734240459,15.156914513402992,23.24074074074074,20.0,2.6792784620565273,7.18525925925926,15146.78130511464,11400.0,0.0,0.0,5.268765565882757,4.555012911480363,1.0813936878478456,5.326493122390707,4.548196846867883,1.070367540603262,0.33869026269158337,0.21962298438718575,0.2018980738134516,0.6638736063707082,0.7076043632972434,0.47549509918171945,5.748053210796613,5.046629108872687,8.210924565808694,3.6403510373026777,4.194089418439365,14.52490411349324,13.016513727939198,4.924836708561243,7.462239395075678,74.679642,0.0,74.679642,7.462239395075678
LOG00006,D 1.10,79.59798099999999,79.997981,53.40345679012345,42.57758452636768,65.33001263899025,22.63575308641975,60.0,5.00844902004403,15.088172839506173,19142.31922398589,3571.4285714285716,39.25925925925926,30.37037037037037,3.2016256908627243,4.775018052136041,0.8057660125470956,3.3012616763822757,4.782468087317921,0.8301819736564693,0.4558105759463658,0.9624343416017533,0.6568345424170768,0.6961573624295079,1.0038826686778557,0.6851217345072351,2.403093745249368,4.644918715626847,4.528209658128513,2.4680207919017794,3.7127865209431867,5.906472699766454,8.828405333962682,4.065169397615384,7.3954285657468715,79.797981,0.0,79.797981,7.3954285657468715
LOG00006,D 1.10,168.59376500000002,168.993765,29.061234567901234,2.715407062095688,39.339679755295684,22.52407407407408,166.0,2.5931521726385833,5.970098765432098,13367.301587301588,7657.142857142857,0.0,0.0,5.914407485722266,4.849596941882994,1.570006449444204,5.890431605962016,4.729412216219108,1.5118175801683835,0.9806434618944494,0.43017103541253865,0.5708645895164447,0.8024228065523753,0.9582400605797526,0.5621033096386792,5.663777574569811,7.548015523461037,6.946294449911385,4.370978285100226,6.002673381563027,16.73231515273276,13.825455141750062,5.408271739007225,7.083092485004428,168.793765,0.0,168.793765,7.083092485004428
LOG00006,D 1.10,250.443387,250.84338699999998,22.382469135802467,0.7500543698221992,44.60560581715811,22.157481481481486,157.0,1.5707886386789771,4.043456790123456,11131.305114638446,5914.285714285715,0.0,0.0,4.396753590134233,1.0167331180706578,0.9214928596319416,2.919382425663826,0.9072036263644678,0.92804567706325,3.173905366652336,0.33701291468590566,0.7041169433981022,0.41623938865789306,0.6789777789898958,0.41958199548834674,7.752492073142112,9.660504106131413,8.351765327938509,1.8791941621062942,3.636254330621993,7.567147969681955,5.430367288580846,3.191017734653001,7.067121244609548,250.643387,0.0,250.643387,7.067121244609548
LOG00006,D 1.10,299.273778,299.67377799999997,29.838765432098768,1.4135336883809229,33.160848385060326,21.98520987654321,115.0,2.019077390218223,5.742024691358025,13296.393298059964,7714.285714285715,0.0,0.0,4.957891341543536,3.889047425782049,1.082984265366599,5.013804641337873,3.8764390187611757,1.2993236013687355,0.39456334247461006,0.3441682992359029,0.46238952203251454,0.7042310145196601,1.0624589257332577,0.5979068260372149,4.438099185981089,10.476678859772315,7.062309071161368,3.880881298175828,6.5339750002568024,12.68964776870608,11.154360272396609,4.455635557052121,7.049458095397591,299.473778,0.0,299.473778,7.049458095397591
LOG00006,D 1.10,86.039234,86.439234,35.20444444444444,41.25716733841677,122.5661533647453,22.82782716049383,97.0,3.253243991460186,12.003975308641976,21269.823633156964,4100.0,18.51851851851852,51.85185185185185,2.049473159711446,4.5348560774162525,1.0125892559240757,1.9849231772560243,5.396759963411657,0.9688177487087075,0.6819621211727243,1.4695389029908743,0.22772436345147024,0.3634124897095676,0.8184488565185241,0.4007435261743518,2.7129861778764544,4.525607490854493,4.944341143415408,1.0931867350866864,3.178067023448771,4.201410697831367,14.444444444444445,3.5188961248704644,7.088232120700035,86.250087,0.0,86.239234,7.0246553752703385
LOG00006,D 1.10,12.065206,12.465205999999998,38.226913580246915,1.1790314522399874,37.12801667776053,24.49743209876543,150.0,3.053211099275465,9.878,17201.85185185185,9828.57142857143,0.0,0.0,4.751064549960523,3.611726345048976,1.1468814054581802,4.613248211646505,3.6407909192884715,1.1235997993525324,1.166924475950415,0.838890514691142,0.5135676732432065,0.8574649976866515,0.8889180263843653,0.5777095165393781,4.347983947336845,5.882570277417772,6.3634663555320135,4.824733299787161,5.630333988360557,13.982263897656335,13.39034109229116,4.220022603577641,6.84693443534524,12.265206,0.0,12.265206,6.84693443534524
LOG00006,D 1.10,49.687411999999995,50.087412,69.31555555555555,25.838056533572697,57.099581769054765,22.66525925925926,102.0,7.381039248049074,19.33335802469136,24897.9188712522,7114.285714285715,24.938271604938272,3.2098765432098766,3.5654554539177807,5.180839115620433,1.0886424544448696,3.6180182443417603,5.370835688980984,1.1360749286563863,1.2954985241491723,0.739365057883729,0.49089982515826247,1.0239510698790069,1.8396002051558538,0.6850806215532206,4.417937234129799,5.781275459435844,6.48392922431843,3.4687444538182244,7.435688037931371,8.296808846601026,14.735025878983755,4.4471095408037105,7.836591408218808,50.085706,0.0,49.887412,6.827629877904248
LOG00006,D 1.10,92.853307,93.253307,35.22888888888889,3.0445141922261865,80.86745933729503,22.88925925925926,84.0,4.077820602106083,9.068197530864198,14884.708994708993,4385.714285714285,0.0,0.0,5.118322754048656,4.374334465086348,1.4438748804230832,5.3228081298664165,4.647863133542347,1.422889994011201,1.2648631354962294,0.8637400394471993,0.6654164818373219,0.6955962966886134,0.8167361095666672,0.5465262227422635,3.4969414015291918,4.557496982504619,6.99762922592149,3.7751723573221665,5.004800055886537,15.88826727610777,12.428660625275421,4.76088383743263,6.64769805932117,93.053307,0.0,93.053307,6.64769805932117
LOG00006,D 1.10,43.167311999999995,43.567312,42.364197530864196,10.499694394635238,57.338714676234126,23.515111111111114,177.0,4.388312983385406,12.353209876543211,17639.435626102295,7600.0,0.0,0.0,4.627127709576655,2.709714389082481,1.1645527237547206,5.425202873754908,2.6516584798234226,1.1834134445010598,2.39142479998366,1.7189071547598567,0.06464482223325133,0.6660001212927087,1.2288435869406822,0.7839792679815935,4.097318738770988,6.4231156909178315,8.145010950587912,3.2748397584707414,6.770724452995339,12.973953013254036,15.629743724350982,3.791626492096286,6.890761303792461,43.277536,0.0,43.367312,6.33421525995644
LOG00006,D 1.10,39.450934999999994,39.850935,37.17777777777778,1.1561750476207056,58.97677164769765,23.708814814814815,62.0,1.6003220383088514,8.510716049382717,16929.223985890654,12600.0,0.0,0.0,3.72260028820074,1.3060750506624865,0.7342076141606834,3.602411868640819,1.2473664153889932,0.7162704827377162,1.167375010375184,0.3107413914954064,0.11728763493209385,0.34677958907962747,0.4100068941001516,0.3031244543811991,2.9345605018287046,3.998788838836416,4.255669990226977,1.5113547134389878,2.216173528644727,8.253095191921245,4.18433291879466,2.789586433835241,5.95561649685828,39.650935,0.0,39.650935,5.95561649685828
LOG00006,D 1.10,202.555169,202.95516899999998,54.14716049382716,10.85563507699384,21.057423022223283,22.121876543209872,111.0,4.865909096246201,16.008814814814816,19830.634920634922,13742.857142857143,0.0,0.0,4.823469698063326,3.808974374254444,1.8567524788719119,4.872917959106536,3.6940058057834837,1.8884831361573207,0.6388935835735116,0.5263074154664025,0.40762616584445244,0.7374091306593505,0.859529839313627,0.5119444014522719,4.213960372071718,4.946006439258732,8.495931005450014,3.6211636016005584,4.8633209435923925,13.2983801111356,12.24644065195987,4.345926006725273,5.870217151192913,202.755169,0.0,202.755169,5.870217151192913
LOG00006,D 1.10,60.761455,61.161455000000004,31.415555555555553,1.1963442256193821,32.46323650431859,23.644395061728392,66.0,2.302666350080641,6.800518518518517,14508.730158730159,8028.571428571428,0.0,0.0,4.177328734594012,3.336018109016239,1.0659343934191017,4.068052093023811,3.2432779108517216,1.127018776661869,0.3689268982662326,0.333079499352175,0.4620272449993965,0.41222290726078337,0.7802098310563023,0.3869889398130836,2.6840774203830455,5.670119820458522,8.817949909321845,1.872864935186045,4.836522917147914,11.110888886666622,10.435102204803332,3.780151596202795,5.689956858934664,60.961455,0.0,60.961455,5.689956858934664
LOG00006,D 1.10,201.031915,201.43191499999998,40.09086419753087,5.928865608302382,29.543366777944243,22.28135802469135,170.0,2.8520743968778106,9.78441975308642,16247.821869488538,11428.57142857143,0.0,0.0,3.679737114039544,1.5295204861559597,0.9408988089384313,3.604737302336571,1.7503723460666758,0.8691180300625099,2.887724114839326,0.7853650492314644,0.6742881125331449,0.37834567927644275,0.6449326914738046,0.3470900254318223,3.1765815868214897,4.089262277019337,7.578097482281119,1.674386235062439,3.8111351874518125,9.00096016826079,8.332592559667855,2.8177915240495373,5.6559999954314835,201.281244,0.0,201.231915,5.650592223579043
LOG00006,D 1.10,14.464052,14.864052,32.93308641975309,32.07713683853289,57.29211480592869,24.000074074074075,116.0,5.682393432973971,9.55720987654321,15160.05291005291,3614.285714285714,0.0,39.25925925925926,2.162424173104623,3.646132187272874,1.0324299625204563,2.8979512119305086,5.395248185585647,1.0383039881864455,1.3405911249026108,2.9969542572383854,0.036710367431703854,0.779927039356342,1.0916904302030113,0.7037470288223561,3.2052585770550075,3.3924845220400104,5.328177982025932,3.4036336051020526,5.4637760077431965,6.9331908817274845,15.657049845885501,2.997528834848338,5.4548175940193655,14.664052,0.0,14.664052,5.4548175940193655
LOG00006,D 1.10,7.643218,8.043218,44.72296296296297,29.918382657665173,16.320977246249463,23.996296296296297,121.0,6.738675419432407,12.850444444444445,19575.079365079368,3842.8571428571427,0.0,23.950617283950617,2.1598132500725784,3.867964841949899,1.2152237487253477,1.9475615717302408,4.828734731186214,1.2167157537457063,1.0128445093433875,2.610967996670944,0.008386401054998079,0.4947492486469455,0.7611935140025164,0.4094178638822928,3.611470395129193,3.9122363088754732,5.642343130085412,1.8085125077369226,3.3792772534533886,5.665141406928323,17.412355482725193,3.132566463281312,5.339593427153826,7.843218,0.0,7.843218,5.339593427153826
LOG00006,D 1.10,236.965527,237.365527,37.30864197530864,4.718458566331667,18.500217326559138,22.296000000000003,179.0,2.678360101446979,8.630641975308642,15685.67019400353,8414.285714285714,0.0,0.0,5.30057527839403,5.785361962338329,1.3623662727085624,5.403156005958334,5.867530638853508,1.7423982855560998,2.653984765575694,1.1870142620909065,1.4069475904872695,0.7017911449563506,0.7666553188206774,0.5821462803720874,4.862925807473608,5.494426946783923,6.391696487417634,3.804111614824885,4.601520102048116,16.578135235943595,17.90620280141583,5.548266004671784,8.72687141215317,237.130998,0.31851851851851853,237.165527,5.273125412680215
LOG00006,D 1.10,258.821387,259.221387,27.867901234567903,2.0896114093527633,15.753186046511068,22.108938271604934,101.0,1.614793415143277,4.9895555555555555,12760.784832451498,8242.857142857143,0.0,0.0,4.007548206269022,2.789757536699114,0.963072636958052,4.067548466089724,2.8646796832864245,0.9810044661494468,0.8128474443611089,0.6353665165209779,0.6806046373338509,0.49321628579524845,0.46684834551969734,0.4529820982528787,6.78199339925248,6.959964049977181,7.408932488371096,2.5103165805079635,2.6331612605294716,10.67996855777496,8.668233476605154,3.4527662633850253,5.271890136142343,259.021387,0.0,259.021387,5.271890136142343
LOG00006,D 1.10,24.436491,24.836491,65.84172839506174,28.377302910414876,42.76661250120429,22.971703703703707,137.0,7.283667952869368,18.494345679012344,24124.62081128748,6528.571428571428,29.629629629629626,5.185185185185185,2.907665559235925,3.9497065549711343,1.0776011342876126,3.053410305270034,4.336156687332643,1.1772392333986899,1.810789618546348,2.0406563998783587,0.9257454857687855,0.79089041446857,1.3254440660657145,0.5657419613232858,3.702498597049776,3.941241512657059,6.354889602224012,2.6934568995416197,4.9610920046129054,9.935346552139544,14.006524053075507,3.4680470638926386,5.240733685157311,24.636491,0.0,24.636491,5.240733685157311
LOG00006,D 1.10,117.53474299999999,117.934743,41.681728395061725,23.487119916050204,44.7939003646303,23.00343209876543,111.0,5.180850535640267,11.474296296296297,17470.555555555555,4314.285714285715,0.0,2.9629629629629632,2.2081187202346966,3.805211407636827,0.9678854890929867,2.110516362630607,4.758536285032752,0.9691858602782473,0.41220619970482014,2.3319294622853817,0.05508444020739095,0.43965423514265917,1.0075555875096258,0.46984877064494623,3.586447668450962,5.196030950410173,6.734267925906802,1.774770330404862,5.176081006276471,5.6059932655888165,14.64341591397409,3.1109019704468635,5.236279210074251,117.734743,0.0,117.734743,5.236279210074251
LOG00006,D 1.10,68.349079,68.74907900000001,20.685185185185187,3.4491334073942026,10.066497733997663,23.572123456790127,52.0,1.4060266953236153,3.9605679012345685,10874.550264550266,6800.0,0.0,0.0,4.548550953585035,2.2379658664010136,1.0921902346366683,4.286876914738552,2.1973785716869147,1.2344617106295142,1.3116520451984746,0.4419190335181899,0.5000046394231826,0.4413104501960065,0.5304478749523808,0.3821387816276398,4.782637025015276,7.2194274579997595,4.441799501906987,1.9771377085075896,2.7825811409905734,10.461805901279634,7.2965406990463295,3.5845367201728706,5.2151162746463156,68.549079,0.0,68.549079,5.2151162746463156
LOG00006,D 1.10,124.797809,125.197809,41.732592592592596,16.20311277652643,22.74575310259395,22.574814814814818,166.0,4.367672205796119,10.946518518518518,17447.195767195768,8985.714285714286,0.0,0.0,3.1863958456358343,3.940695153081287,1.461485416280567,3.9851998393462638,4.561055857162695,1.5276321915446012,2.0696860204821608,2.5246139815387876,0.7846095478809227,0.447253658661629,0.5925632912932627,0.42931727906143724,3.9590392883575825,5.372432426172104,6.150716110282608,1.9178184385633452,3.037865907470389,11.834663462019495,20.736739031945508,3.583447835158455,5.158553980269969,124.997809,0.0,124.997809,5.158553980269969
LOG00006,D 1.10,281.511689,281.91168899999997,30.647160493827162,12.475109958650249,31.6895381922321,21.877975308641975,97.0,2.797332300063537,7.362172839506173,13016.984126984125,3900.0,0.0,0.0,3.571295385596706,1.6713760639781314,0.7087639880330704,4.468675435298394,1.6484393510664308,0.7248408752852905,3.1290064011086973,1.0483696723935925,0.13484755027409356,0.48707400047569627,0.8122764420424875,0.5206244274972072,3.1194275097585202,5.524958244727569,4.770213266289524,2.3830129673596026,4.762335502038467,10.46770459585925,8.372353091950691,2.788157875589487,5.15521209363267,281.711689,0.0,281.711689,5.15521209363267
LOG00006,D 1.10,45.452151,45.852151000000006,21.130123456790127,3.8962699775355456,21.47639945203118,23.861975308641973,71.0,1.501734842974863,4.253975308641975,11236.957671957673,6628.571428571428,0.0,0.0,3.612861537980364,3.30816764030604,0.9523907424698655,3.8327022960251362,3.209498175146839,0.8351832571847954,1.5543911655583271,1.242517318110701,0.45346243448832774,0.42162426590089985,0.5588899732036645,0.3675072292408831,5.09877995963849,6.86519561449849,4.464358588500152,1.856359763915225,3.049036721699153,11.01995944515403,9.442744945129325,3.4638664544830444,5.0779649530438995,45.652151,0.0,45.652151,5.0779649530438995
LOG00006,D 1.10,225.06346000000002,225.46346,19.861975308641977,7.794207158778771,29.831936916771852,22.30454320987655,45.0,1.6089262105120927,3.988938271604938,9887.857142857143,5428.571428571428,0.0,0.0,2.402398907268906,3.447961820558303,0.5077754830208974,2.2612055126705264,4.012240693287673,0.5077734114326198,0.6350978592731462,1.7405583588530698,3.404172049416326e-05,0.44973813658255246,0.5233558743982708,0.3857467412044734,5.256188820782524,5.381512751388634,4.902717779871103,2.0753314511379264,2.8724292255013,6.557626791439299,10.57682068499174,2.9715283294690753,5.07471956523025,225.26346,0.0,225.26346,5.07471956523025
LOG00006,D 1.10,251.737775,252.13777499999998,27.18148148148148,6.690883997605261,13.845108116718212,22.161703703703708,42.0,1.7980354873923148,5.63683950617284,12258.69488536155,6242.857142857143,0.0,0.0,4.158281670866697,3.9900566469043652,0.914202524031885,4.179309633991737,3.9107994349399386,0.9142011766096129,0.5916915573966629,0.4808742205361082,7.189218991580138e-06,0.455246221218781,0.5739813872751994,0.42847775135317906,4.414282055976978,6.042070701427844,4.7204829452658235,2.3092438307740784,3.3994696144533547,11.976829482147789,10.358273367723688,4.075037331103338,5.382294244875766,252.075893,0.0,251.937775,5.065766806309152
LOG00006,D 1.10,137.190933,137.59093299999998,45.05555555555556,1.155641022480383,70.51874921649697,22.44543209876543,120.0,3.682798621402788,12.79017283950617,17656.63139329806,8414.285714285714,0.0,0.0,4.189750988466322,3.9816336490316018,1.4745354769871197,4.3470117963673705,4.062006964600486,1.5975756218865436,0.7482787673675119,0.811487640462712,0.627840462206587,0.6911736243382228,0.8134135311071761,0.5441474987721044,3.5865080076642974,6.697855166400305,4.797850949871663,3.33779799381159,5.118648769992393,11.471058590434676,13.362283385857022,4.087017241244233,5.0447157351981415,137.390933,0.0,137.390933,5.0447157351981415
LOG00006,D 1.10,283.793611,284.193611,23.561234567901234,1.497983321468451,22.91902608526566,22.081012345679017,61.0,1.32417679891837,4.007308641975309,11460.114638447973,6514.285714285715,0.0,0.0,4.388305942303387,2.0360302846252134,1.2823971486891979,4.5311935044222045,1.9037334350372839,1.1015786323004368,1.4596099204491717,0.6749917189196426,0.6463544087973312,0.49399754836450027,0.7030771227043093,0.4295832328850125,6.585072724053441,7.829603014044505,6.710311315584574,2.523154509352446,4.030883629568963,12.952715526335504,7.651192112392731,3.4207198338336804,5.023195503110337,283.993611,0.0,283.993611,5.023195503110337
LOG00007,D 1.10,26.879951000000002,27.279951,38.39777777777777,3.8536908715325526,34.675820049351636,24.03496296296296,76.0,3.136180712777215,10.690765432098763,17081.85185185185,12285.714285714286,0.0,0.0,9.641216280076375,12.170844594834822,3.263354532145244,9.58834088704785,12.076707425723361,3.1741522804060818,0.6131218973122644,0.649538025339544,0.384348775388967,0.7671954134645903,0.7624939858232738,0.6677739014653189,3.2018549263047738,4.285438746031283,6.3025538240506584,4.499016495654181,4.6191013203666165,24.592681838303037,34.18136088716723,10.979128141861484,18.54666089452773,27.079951,0.7037037037037037,27.079951,18.54666089452773
LOG00007,D 1.10,167.35189,167.75188999999997,40.41382716049383,5.172200756108035,55.71170940407006,22.410617283950614,86.0,4.192128598271795,10.286716049382715,16825.017636684304,11242.857142857143,0.0,0.0,12.75805382840305,9.103802378957477,1.8113730190707247,12.845854444756588,9.026294696510012,1.9686317721674766,0.599089711071348,0.42046011321214855,0.4720328701472878,1.1478402610303935,0.8570985039974028,1.0812484961479722,6.964637688221336,4.720882366819815,8.889299552026992,6.799176535714878,5.307608056025906,37.87516858129781,24.711021182889926,11.082579917229138,16.156216765005805,167.55189,0.9358024691358025,167.55189,16.156216765005805
LOG00007,D 1.10,216.890523,217.29052299999998,32.68543209876543,4.235559067674514,25.72003550930099,22.615209876543208,38.0,1.9786998666761044,6.993333333333334,14313.58906525573,9785.714285714286,0.0,0.0,10.350250140276367,6.253102410527568,1.7491177698321327,10.3403286041297,6.49599232477693,1.6422802834672456,0.26917731224040947,0.6334919235726679,0.4472880630091537,0.6480391885951801,0.8711494980904493,0.5149157243567862,5.663387572995766,6.342566125437213,6.170910250893808,3.6047720766823357,5.358629401742452,24.257263135292384,16.470924625675735,8.55070078189024,15.76876146816625,217.090523,0.6148148148148148,217.090523,15.76876146816625
LOG00007,D 1.10,44.977917999999995,45.377918,33.81432098765432,1.7313784833254924,11.364467079413101,24.00083950617284,25.0,2.297590338972097,8.370617283950615,15553.236331569666,11742.857142857143,0.0,0.0,9.548835585670789,10.982993521136514,3.115367587114379,9.534701776623352,10.818210764749834,3.0791187358758183,0.31923474895471443,0.33882877601431693,0.25651093881455084,0.7611731154969335,0.858976039182536,0.6839187579734151,4.326842328315293,5.93925837854344,11.2903782034523,4.432003959735552,5.2744605487037175,26.134126972076043,24.18473143468625,10.290928231396315,15.245881608820238,45.177918,0.7901234567901234,45.177918,15.245881608820238
LOG00007,D 1.10,228.96404900000002,229.364049,37.522962962962964,2.1553129556748516,35.770749579712536,22.303185185185182,92.0,2.499244051128793,9.35762962962963,15698.104056437389,7757.142857142857,0.0,0.0,11.204185311137188,8.590766082447793,2.0281636284518396,11.548008467701761,8.412630961989585,2.0460203919129833,0.9285039437851242,0.6135725705464362,0.6333521028967466,0.9763724060974651,1.3239620760542197,0.7087055822820368,4.271832499137188,5.89577404634605,6.088754287294884,5.760979438371291,8.82497564422449,30.010080610881488,24.256397908720345,9.983361917952235,14.454131971260756,229.164049,0.854320987654321,229.164049,14.454131971260756
LOG00007,D 1.10,186.796725,187.196725,46.569135802469134,15.807318526753646,20.697222656877322,22.463283950617285,66.0,4.597102648027368,13.782716049382715,17953.492063492064,9171.42857142857,0.0,0.0,7.569675464356314,9.167278730693202,2.5310701611176296,7.807581553235325,9.389183077629943,3.536690062409959,1.8458795719554975,1.222999405791991,1.8480750360971834,0.68805646141738,0.760215619894868,0.6170955279871776,5.111565226949994,6.1056622148484845,5.823768859565182,3.398661011080264,4.321722088609361,19.162592159507152,20.259245717376476,8.40651491290826,14.411214034057252,186.996725,0.6641975308641975,186.996725,14.411214034057252
LOG00007,D 1.10,280.626925,281.026925,36.27629629629629,1.9243164214822583,39.687407116895024,22.280839506172843,174.0,2.7204566071633525,8.281555555555556,15293.306878306877,9971.42857142857,0.0,0.0,11.06889467603131,9.913998826893307,2.7833016786600187,11.300596310263801,9.973559597732667,2.64861829130012,3.5105359704551304,1.2728499770461228,1.4247538056153908,1.0603068634294674,1.3395511762371515,0.7519013190103084,4.499009596719622,7.110986067587698,5.856626643081714,6.236626202360067,8.555948401674922,32.29260512375879,26.4917876862777,10.507326065386858,13.69533262133648,280.75688,0.8444444444444444,280.826925,12.343746425915338
LOG00007,D 1.10,92.092674,92.49267400000001,28.808888888888895,1.0857414829973269,23.748566516410982,23.59466666666667,138.0,1.8838693019296562,6.287555555555556,13724.065255731924,9628.57142857143,0.0,0.0,9.402785803528813,6.4273745204132195,2.0567533460407685,9.511554450395494,6.169468136870261,2.1514635307967955,1.8646204822984693,0.7626801777836298,0.3184774642695388,0.8103589551609763,0.9013963101964071,0.7024765291489756,5.044603667589085,6.80274051067265,6.342288935200297,4.6047153866997395,5.588510068551584,23.590854055369178,19.30476816939468,8.053680031286943,11.939112939693157,92.292674,0.6172839506172839,92.292674,11.939112939693157
LOG00007,D 1.10,124.049379,124.44937900000001,34.284444444444446,4.777248549500404,20.25809360925612,23.282716049382717,106.0,2.512126551340872,7.773901234567901,15442.266313932982,10257.142857142857,0.0,0.0,8.396496364608813,8.230610505191779,1.688798664969677,8.493529066581482,8.118976371097478,1.6887986649659092,0.4716469655785609,0.49705913909789284,1.486172474800471e-11,0.667869333736239,0.7559087118546025,0.5836675783639471,3.4116086977220017,6.284377600703505,10.019383692967283,3.862656876358658,4.708980739496096,18.604393480845417,20.575005812818883,8.313967178461265,11.752175044608315,124.249379,0.7185185185185186,124.249379,11.752175044608315
LOG00007,D 1.10,243.065943,243.46594299999998,52.398518518518514,31.382550750892975,15.203123566166054,21.943530864197534,4.0,7.153031820787761,15.161777777777779,17843.403880070546,7000.0,20.246913580246915,0.0,6.187124043903853,7.406559509136665,1.410714594336674,6.16352148598352,7.423025034521995,1.384755191781095,0.3850859152155305,0.3005027236771329,0.6458396035315231,0.8638243954542962,1.4944186573202614,0.8103547854723931,3.3873222279673394,5.698222948952747,5.800697904504281,3.5432133160574093,7.367510945625273,12.402409164610711,15.788728594072543,6.824134659318936,11.683542840889366,243.265943,0.40987654320987654,243.265943,11.683542840889366
LOG00007,D 1.10,154.569117,154.96911699999998,36.11185185185185,7.897072924076084,19.38128829633059,22.8341975308642,177.0,3.088955101573565,9.287604938271604,15184.268077601411,4371.428571428572,0.0,0.0,5.330688445711639,8.475898103918727,1.4535112999027824,5.491106471059577,8.45799061647891,1.452691106833908,0.4024181748994771,0.7952075592952853,0.35137803878807544,0.7919689555371404,1.2460297475038944,0.7050998199886773,3.404222236942716,5.529651263838239,8.71502021093809,4.5087921563176625,7.3990438664167355,17.75387281693772,21.113567108600638,7.080151409866059,11.315926840875207,154.769117,0.6024691358024692,154.769117,11.315926840875207
LOG00007,D 1.10,323.70345000000003,324.10345,37.00592592592593,3.1206147612834547,20.015437820482745,21.72283950617284,177.0,2.7829134820504,8.551234567901234,15511.816578483245,9900.0,0.0,0.0,9.344327136382411,12.769565481432359,3.2558113689808876,9.094492122521755,12.916915759456462,3.2392359473349064,0.6955585479667165,1.3169129908943622,0.246537334762941,0.954636374026943,1.0004784707641066,0.8216059328124808,5.5707923732643065,5.170215597622198,10.622116318557572,5.460432638719365,6.489274130588786,25.871000018849458,34.45118213671751,11.188794667351832,20.26836488079419,323.722958,0.582716049382716,323.90345,11.208511509107959
LOG00007,D 1.10,250.25496600000002,250.654966,36.11851851851852,4.65290858485741,21.136269882386788,22.116123456790124,94.0,2.4507923577117436,8.11441975308642,15157.292768959434,11342.857142857143,0.0,0.0,7.359364293158045,6.911801480893008,1.5641257358211156,7.5436757090442565,6.964911028209291,1.5422345695200217,0.6630270562541261,0.43797011960722865,0.5373436687288063,0.5893116340924694,0.8321455254335061,0.5595341749307153,5.111626698876528,6.416205390057711,10.26150049717533,3.22349287036284,5.154148156873756,18.847470930971806,18.49130593175421,7.13909106646933,10.85583077891742,250.454966,0.3925925925925926,250.454966,10.85583077891742
LOG00007,D 1.10,366.034506,366.434506,27.690370370370367,0.44536694385376246,21.049286996465213,21.637432098765427,98.0,1.4128131721830806,5.17037037037037,12459.065255731924,8242.857142857143,0.0,0.0,8.151854543369847,5.376437372644747,1.6430597734539376,8.33787353699568,5.22460139403318,1.7023218057278235,2.2268398068710225,1.05991937606857,0.3505192079329609,0.5241898807071859,0.7003789036272514,0.4642921697859713,3.8080439106440656,8.12013211062094,4.638139523665469,2.630858541207172,4.154336212405975,19.24635607646866,13.87679473433132,6.905027563964927,10.79749195897961,366.234506,0.4148148148148148,366.234506,10.79749195897961
LOG00007,D 1.10,342.751817,343.151817,35.00864197530864,7.4156623961081785,9.362080524767421,21.750592592592596,136.0,2.5517092735558844,7.873061728395062,14421.772486772486,8142.857142857143,0.0,0.0,5.883217942339137,7.0729840679408404,1.368349909276364,5.791937593415755,6.860402696360952,1.3683499092762974,2.2074838888984543,0.7094601704345588,1.5622646908672335e-12,0.6990460806658746,0.5903855678295926,0.5569816697364451,6.491376453329212,4.713339671859867,8.946654580759672,3.773138497899198,3.384718661515221,15.83128641739608,17.960244162326145,6.505357675885551,10.772186658796347,342.995225,0.36790123456790125,342.951817,10.518878748040724
LOG00007,D 1.10,283.362637,283.762637,35.54,10.087255374364938,19.03533939324188,22.08982716049383,172.0,2.8655582965171944,8.558024691358025,14573.174603174604,7814.285714285715,0.0,0.0,4.612782972147271,6.895873258241319,1.532813953801942,4.434455435195913,6.461011934496319,1.5320880239530534,0.43042773939898094,1.6500049361894487,0.01751437661029861,0.6984853904534013,0.9347932955003231,0.605863301826084,3.3751707552239774,5.7697432730564495,9.71843853505027,3.6195454149744233,5.699992322766684,9.942923533602263,17.517680662760956,5.866465492179236,10.33436958967496,283.562637,0.37037037037037035,283.562637,10.33436958967496
LOG00007,D 1.10,20.703526,21.103526,29.51530864197531,5.271246271084205,16.063777231314642,24.573481481481487,94.0,2.422135074556531,6.828049382716048,14437.548500881836,10114.285714285714,0.0,0.0,6.802251326221253,6.861428649175576,1.7750489467580577,7.299697158041154,6.934361326367463,1.8026151770783188,1.2840948037981423,1.0877384379391992,0.7133255521875604,0.6446686656204416,0.5996925499350099,0.4823382333997748,4.988348767450138,5.912464818801638,6.876511782297711,3.469098429643589,3.504221879833774,19.136997971417166,19.523268801390767,6.831904061563148,10.255155247884426,20.903526,0.43950617283950616,20.903526,10.255155247884426
LOG00007,D 1.10,163.236026,163.636026,31.598024691358027,4.203431408305435,20.302618083405736,22.708,72.0,2.2756719980098725,6.730370370370371,14213.835978835978,11214.285714285714,0.0,0.0,7.827049653366494,6.441093023493769,2.3026969623516402,7.75419591499594,6.257716581987706,2.3663733517588303,0.9824292358743555,0.6683560533925362,0.6000030269698348,0.7050530718030168,0.9285720559473689,0.5702419294210552,7.064752070247107,6.891013309511629,7.1581279728909815,3.8022450326560473,5.668023967870812,18.94775142201885,16.494967433047087,7.167649043220681,10.101193553949114,163.436026,0.6641975308641975,163.436026,10.101193553949114
LOG00007,D 1.10,152.29710300000002,152.697103,44.980246913580245,0.7805695535457251,24.269350339784864,22.760543209876545,179.0,2.944318365800593,11.928938271604936,18273.456790123455,12985.714285714286,0.0,0.0,7.345632630950287,9.305156384023176,2.3191569197674182,8.999687394158869,10.070205754291715,2.3592465525119213,3.639435718110556,2.77003525358848,0.4488823021780341,0.58677528919701,0.7372482863867102,0.7524039790764477,2.9689234164336082,4.1761838662197555,9.52400797400271,3.032453121553264,4.463443730052066,21.22728270090634,25.346536520405444,8.3828471917365,14.706460338090316,152.365893,0.508641975308642,152.497103,9.640952360866438
LOG00007,D 1.10,207.32882600000002,207.728826,30.624444444444443,5.726216081958832,19.791317960648172,22.4398024691358,41.0,2.227980205865728,6.62688888888889,13739.382716049382,7914.285714285715,0.0,0.0,4.3143432275620635,6.31040917124784,1.4692316436643507,4.319920251622232,6.157063580527418,1.5745093295374883,0.5199119920850661,0.9238787500230411,0.7030007447847856,0.7287605307970766,0.9650602570962573,0.5511504063767039,3.9154593846357657,6.853013778471442,5.348749729050055,3.8348630346564363,5.8819676980637094,11.210665116115056,13.413002720319886,5.405313191378438,9.452136511375521,207.528826,0.3432098765432099,207.528826,9.452136511375521
LOG00007,D 1.10,174.606976,175.00697599999998,27.34320987654321,1.160048772027582,18.109804185764137,22.809975308641977,68.0,1.62420348673553,5.562024691358024,12966.772486772486,9157.142857142857,0.0,0.0,5.822355634190925,7.0069180956317405,1.6479426833175719,6.119032005199624,6.7508538949486425,1.681054683661133,0.556847716369371,0.6814068082021212,0.38388737836514164,0.8401033709616712,0.7361608096770687,0.5680429653248501,6.460233782910267,8.855048259145674,5.544918976415189,4.6970644477248245,4.591772958944037,15.456510075165859,16.371987518583136,6.441922319070852,9.411389716658965,174.806976,0.2740740740740741,174.806976,9.411389716658965
LOG00007,D 1.10,126.51469399999999,126.914694,22.761234567901234,1.851326773295603,17.53322891862398,23.12318518518519,92.0,1.5753800342373137,4.25237037037037,11491.552028218695,6457.142857142857,0.0,0.0,6.3655848632070535,5.372548631448518,1.3665908081482054,6.100550657160518,5.370946642218768,1.6505737704654249,0.8870276099118506,0.675861025537674,1.045748301553105,0.4553607319095975,0.72043733505866,0.4144882406947184,6.740398203843592,7.956708431256331,5.536713275212395,2.2002809044123213,4.188397414241724,14.04525314127407,12.186817407285567,5.89003181009959,9.281146371582862,126.714694,0.291358024691358,126.714694,9.281146371582862
LOG00007,D 1.10,339.97862100000003,340.378621,36.147654320987655,1.034456106396775,30.53739686204953,21.771308641975306,163.0,2.1155392470229852,7.666246913580247,15074.294532627866,11614.285714285714,0.0,0.0,6.943659037978761,5.740053955991665,1.4736090733121088,6.727458452945161,5.77877158535525,1.3973695689615595,0.5943879787992247,0.4827933862085942,0.42846828717432145,0.6705620112523298,0.7054058609030046,0.5664453830768099,4.646208210376805,6.138311205711198,6.778487724970144,3.483360868133913,4.623185228450109,17.333475782890442,17.13670524536927,6.370346154385948,9.023040672210543,340.178621,0.21728395061728395,340.178621,9.023040672210543
LOG00007,D 1.10,315.88599,316.28598999999997,28.564691358024692,1.4631144579580264,27.502283987362976,22.259876543209877,122.0,1.9160765347535262,5.710864197530864,12975.52028218695,7628.571428571428,0.0,0.0,6.530064401169229,3.4487988880908502,1.1939413082661514,6.25977629220452,3.2094418777668867,1.043582756854184,1.0747012098919897,0.8732012699166811,0.5252052461492231,0.43002825808097944,0.6145400823217835,0.44146426957238494,4.071051016180046,7.186916625370166,7.305334381581188,1.9889242000892406,3.360320832200368,14.768836058353363,10.805805481257075,5.221874895758912,9.00531542184243,316.08599,0.2740740740740741,316.08599,9.00531542184243
LOG00007,D 1.10,198.96187400000002,199.361874,39.62888888888889,5.846998174646627,17.730564867934,22.270123456790127,148.0,2.933775671386226,9.565382716049381,16382.522045855381,12242.857142857143,0.0,0.0,5.178208178060032,6.398757884665375,1.784079335646373,5.355099554412865,6.066099335250415,1.7857085683946023,1.0264673866475977,1.0475062091951108,0.12526901094855308,0.7171774473151922,1.087234519668207,0.6233413269532184,5.289392962441075,5.576129428183842,9.255366995867206,3.879593054928856,6.653091467892318,18.426497292462717,19.61506098088789,5.820564508786716,8.906451355771663,199.161874,0.16790123456790124,199.161874,8.906451355771663
LOG00007,D 1.10,121.876091,122.27609100000001,51.3079012345679,12.193462599404851,26.968808128866677,22.636444444444447,135.0,5.405315627128992,15.030419753086418,19733.31569664903,14185.714285714286,0.0,0.0,6.084209670371492,3.7760456327699603,1.1868468817555837,6.612686636502244,3.8830927681663967,1.4891615351504206,1.4109006274342026,0.777883187813001,0.7312506641213328,0.6015897584182979,0.8594574385429209,0.48938881596740735,3.2669395317328256,4.78209405958704,7.635984612844816,2.9311176272631165,4.897251352646192,13.447933431581482,12.42309676905615,5.063404385085347,8.79094767129441,122.076091,0.2765432098765432,122.076091,8.79094767129441
LOG00007,D 1.10,142.353678,142.75367799999998,40.96222222222222,8.104626327057563,24.822272862583844,23.006395061728405,176.0,3.4172447614926167,10.593506172839504,16918.16578483245,10128.57142857143,0.0,0.0,6.614960175297581,6.9934618992234405,1.8653580192949173,6.737679304347612,6.825012307182052,1.9370161901856213,0.6994317576893466,0.5303695646823903,0.4791963177391407,0.8018718877642336,0.9582344838620412,0.7010394052382354,4.070033817011094,7.179424651438121,7.802881794513063,4.482517092705887,5.880626843343105,18.844785112224706,18.817709022075622,6.80684241982518,8.75990724067323,142.512243,0.2074074074074074,142.553678,8.706738917471045
LOG00007,D 1.10,308.811438,309.211438,30.230123456790125,1.3359349561189882,28.176066886625886,21.922666666666668,105.0,2.0291181087232353,6.214888888888888,13438.342151675484,8385.714285714286,0.0,0.0,6.737956613626901,4.374566917730401,1.622578741146788,6.525212898909104,4.511830344677088,1.6320584575695025,2.4764210382283287,0.9409923202308415,0.7113531778295511,0.6412124265743916,0.82485725201092,0.56016434367574,3.28635603697272,6.747035502162673,7.1970123665030235,3.224575355532162,5.061762270416341,17.567014544310027,11.975798640859812,5.680532327380056,8.62828120644517,309.011438,0.11358024691358025,309.011438,8.62828120644517
LOG00007,D 1.10,278.127985,278.527985,43.1404938271605,12.31527766449728,17.63933679378956,22.03807407407408,163.0,3.986965309814984,11.355555555555556,16696.32275132275,11400.0,0.0,0.0,5.5053521324723045,1.9869347498224945,0.9252547726555865,4.856618919795648,2.5299098710293952,0.9252557629239114,4.202718108123026,1.8227581233483012,1.4263570987222173e-05,0.46355452487847404,0.715510572293701,0.6602730256048491,5.101129420855894,5.6798830856226505,8.42410861170524,2.1439715596510114,3.982924364909399,14.607287205575608,8.367190480872887,4.138647834895447,8.574128433592158,278.327985,0.30617283950617286,278.327985,8.574128433592158
LOG00007,D 1.10,370.25103,370.65103,23.309135802469136,4.9294920474380755,50.963738065842094,21.621530864197535,179.0,2.576052532078007,4.303802469135802,11126.331569664902,4000.0,0.0,0.0,7.112868348328448,4.3236129608297516,1.493131495227083,6.119171224107247,4.644403104561707,1.536257976127854,3.786668207832716,1.1599440691037766,1.105349735335339,0.5134690414356601,0.8502751182788801,0.47889384392701206,3.9054892184372685,6.570132132719949,5.082467355111611,2.6332255911514952,5.17103876004719,17.400723697168033,12.376800280572729,5.885852749419905,10.059150560178564,370.438205,0.3851851851851852,370.45103,8.458967755480577
LOG00007,D 1.10,313.830017,314.230017,36.44567901234568,6.849497582416891,17.495055239855194,21.914518518518516,156.0,2.986194315694956,7.801876543209876,15162.733686067022,10085.714285714286,0.0,0.0,5.071419312437715,6.093362859138676,1.347034873939353,8.658274238381168,5.991105838838654,2.452811030763387,6.31287593572913,2.7105921307131884,1.9370977545976202,0.6439940280341061,0.7084657842454675,0.5902249224221419,5.343455252679935,5.031099790121276,9.873198363157785,3.5531827524973267,4.198316755725719,25.95837123236042,13.798461177399368,5.605727641247695,8.425189109361765,314.030017,0.254320987654321,314.030017,8.425189109361765
LOG00007,D 1.10,10.641768,11.041768,24.019999999999996,0.9227281075668102,25.901682501444263,24.676567901234563,36.0,1.4660650832963362,5.092641975308642,12671.569664903,9657.142857142857,0.0,0.0,6.427347927337581,5.094829243727748,2.140089223168109,7.665548166598046,5.093113600096849,1.9576582682045998,2.4068492902274516,0.23697794218085597,0.45025960889531347,0.5755146363251827,0.9278136333759041,0.4832156070913074,5.189006204507642,11.611691567922472,5.13704856670479,2.7953336476126265,5.45140844837318,16.88318617171066,14.538497213762085,5.799486460101194,8.174561018452545,10.841768,0.05432098765432099,10.841768,8.174561018452545
LOG00007,D 1.10,147.741227,148.141227,24.01456790123457,1.2230341236497229,21.51704993925928,22.9557037037037,78.0,1.4514012110591155,4.551259259259259,11985.811287477953,9785.714285714286,0.0,0.0,6.163353123138445,6.416551514374949,2.031806718422781,6.181315287233137,6.306266432686442,1.9326727445866467,1.2560584079198778,0.6676788328053254,0.6720551824174774,0.5449660539748047,0.674431532474971,0.42230664285402963,8.002031922201718,7.860469756600147,5.9829870827051845,2.9028988877015003,3.8463951447790943,15.57673161806528,14.761143520225367,6.291226234094902,8.072628048117052,147.941227,0.027160493827160494,147.941227,8.072628048117052
LOG00007,D 1.10,29.429342000000002,29.829342,31.187654320987654,4.991142344714021,15.136617848303322,24.065111111111108,97.0,2.809749742068209,6.888345679012345,14711.234567901234,11457.142857142857,0.0,0.0,5.603553914007707,6.066738783599445,1.305003865236138,5.585399150387726,5.985921061269527,1.2930992209037337,0.14703109934322744,0.32918118069152663,0.09965718437717237,0.7187237761155622,0.7781657797560291,0.45396577493376594,5.874527631328796,5.408633904657574,11.693244165113448,4.162036807554205,4.87717973130033,15.825514638717026,17.027356347875347,5.839740402433178,8.014160344513597,29.629342,0.01728395061728395,29.629342,8.014160344513597
LOG00007,D 1.10,288.623924,289.02392399999997,29.30617283950617,5.697388305266783,25.07155832369583,21.92496296296296,57.0,1.9829536814587145,6.3478518518518525,12667.169312169312,3528.5714285714284,0.0,0.0,5.44532087637707,5.068922978273994,1.3680173007889471,5.348461929862018,5.061213098458745,1.3939621397852877,0.40677504608297343,0.8100689872326048,0.25760415304574247,0.7010201135026742,0.8823020864759087,0.5392316155994776,3.930255261518715,7.812236496462542,5.06799103929307,3.8969069103413303,5.294665920576108,13.796403181291156,15.528627486192663,5.260489502241308,7.9336215834276365,288.823924,0.0,288.823924,7.9336215834276365
LOG00007,D 1.10,359.29735800000003,359.697358,28.942962962962966,0.8934500261601325,22.519583631630066,21.662419753086425,38.0,1.842262896805957,5.546814814814814,12784.603174603173,9200.0,0.0,0.0,5.476743640517293,5.8648763413394525,1.4053071838725237,6.068317382589694,5.657011943366399,1.2412065389148819,1.8752799045655193,0.5425573404276777,0.6126508316588114,0.6066055211381869,0.7986942600072519,0.49689566629283455,8.409976430050353,7.784321828063516,7.955898144549018,3.3708720109496775,4.792992774286621,15.594870951694341,14.120294474598705,5.674129686707465,7.867082379961021,359.497358,0.0,359.497358,7.867082379961021
LOG00007,D 1.10,237.48301800000002,237.883018,36.63555555555556,10.6397238430699,19.792380251637947,22.213382716049388,101.0,3.5395510843629165,8.62604938271605,15609.656084656086,10557.142857142857,0.0,0.0,5.5301387924854986,1.643665167500351,0.8909581665189362,6.864704535348613,1.4873757779702554,1.1011963570913101,4.04864922598358,0.6993075416368403,0.8559671355888301,0.6276574148726992,0.6201165567665292,0.6412904046937563,4.668063759705518,6.940040522576597,7.849948462483816,3.305104459447012,3.3916010964002252,18.836921978646874,6.4006172541847794,4.079465053595075,7.819545593311167,237.683018,0.0,237.683018,7.819545593311167
LOG00007,D 1.10,129.497961,129.89796099999998,34.70172839506173,7.883865190754079,10.60498628991701,23.091037037037033,46.0,3.0860074192286744,8.792592592592593,15014.05643738977,8085.714285714285,0.0,0.0,6.1752581536786,4.941364347213801,1.6148020796346987,6.150054363834891,4.9357120861220345,1.6359025523977677,0.2867008893550957,0.4604824801561122,0.08441937833112773,0.6531718015072976,0.8728170410108046,0.5679103272683496,5.242064805269679,6.209524247353505,7.5746692314412245,3.2931368352941437,4.963920567935106,14.146325265542233,13.67705115860366,5.592445568643906,7.585065243277099,129.697961,0.0,129.697961,7.585065243277099
LOG00007,D 1.10,270.81566200000003,271.215662,26.828888888888887,6.710009475439944,27.501553258244613,22.331925925925926,166.0,2.0932384834041082,5.498024691358024,12297.795414462082,6371.428571428572,0.0,1.2345679012345678,4.741259630586832,0.9304837793452648,0.6712585945643571,5.142481066924842,0.9775893024557093,0.668414222603083,3.1072603671802277,0.4621991385125985,0.023531425594187166,0.43553962735088975,0.7691908617658623,0.3542696883521388,4.681341729109261,7.1341243397501675,4.757196910579754,2.06448895728987,4.772459653231294,11.855508695106806,8.302610031389728,3.416529156048357,7.569549344455914,271.015662,0.0,271.015662,7.569549344455914
LOG00007,D 1.10,227.22179200000002,227.621792,36.68567901234568,16.620562672523693,66.08866915806573,22.230024691358025,136.0,3.8050142809766534,9.535925925925927,15236.94885361552,7357.142857142857,0.0,0.0,5.070188676587979,3.2569109409915398,1.3213301174197443,6.061291504066196,3.628122624340841,1.6025226340484704,3.887511396291154,2.3961778263890428,0.9312984064255139,0.4459512404834594,0.8500784636456071,0.5978493210489386,3.538565685050285,5.435485683276118,6.237084102776994,2.006749635852146,4.8912631715352,16.24534121251724,14.327216610440045,4.261119694032976,7.458220367387975,227.421792,0.0,227.421792,7.458220367387975
LOG00007,D 1.10,35.996119,36.396119000000006,28.55382716049383,0.8609879021550588,33.883290203006375,24.489827160493828,167.0,1.6449124218431987,5.972518518518518,14231.57848324515,9828.57142857143,0.0,0.0,4.643136277515095,1.1216480089888898,0.8186657630536422,5.455000016797672,1.0364531315204026,0.7878355820416658,3.3388273815703644,0.550761143495883,0.7010243512619279,0.37344854046014925,0.7612841331965327,0.36481666863402434,3.8388589911118842,10.075551687425339,6.717979487432168,1.6421853847430072,4.646542103467621,16.320932556265674,5.839837643608228,3.3776329542777046,7.414695900647821,36.196119,0.0,36.196119,7.414695900647821
LOG00007,D 1.10,307.041589,307.44158899999996,45.2153086419753,18.66926073816739,37.194019514068124,21.640049382716054,163.0,4.44865286613594,11.932444444444446,17228.765432098764,10114.285714285714,0.0,0.0,4.65904463053922,2.345272597123604,1.014833235388527,5.401633128551088,3.0548587557353697,1.7510891218719862,3.2694718090631056,2.519617481086382,1.656236358708329,0.5247740741325392,1.0720195750653363,0.6244296837393257,4.784994306809007,8.829174643570113,7.125473641125669,2.4856496057257202,6.244143220535072,15.460662947151784,17.676447327544548,3.6882923165182557,7.293671537484878,307.241589,0.0,307.241589,7.293671537484878
LOG00007,D 1.10,69.560103,69.960103,22.06518518518518,1.3855329331763728,55.49986607046526,23.96879012345679,85.0,1.0180603173528948,4.089407407407408,11795.176366843034,8871.42857142857,0.0,0.0,4.485776542250347,0.7146989776415751,0.794799324988488,4.6898215248334605,0.7224201382001342,0.8177628020652667,1.6139605950241864,0.3368226488353742,0.4121553767733678,0.3315357456872122,0.6890505728132651,0.35318918369706614,6.154243959708852,10.031015678112865,5.3263036503897805,1.3447695997669544,4.125768707235667,9.795438595792973,4.992587097480216,3.2119297794040724,7.27063601927657,69.760103,0.0,69.760103,7.27063601927657
LOG00007,D 1.10,139.90901000000002,140.30901,34.51283950617284,0.7893945712104605,29.843344826364817,23.37762962962963,151.0,2.7441824587419594,7.538740740740742,15357.301587301588,11742.857142857143,0.0,0.0,5.1187972135576025,4.921264329922838,1.3837593345024444,5.202741921894331,4.850543287620621,1.4760845546898322,1.6910983272931224,0.6491673719682026,0.57584644664133,0.9794689640720559,0.971975060769839,0.6694475229712664,5.874948648787434,5.065679371578355,12.248276874817414,5.743739000728461,6.114827437011564,18.58759708601676,13.701220996324505,5.021002266405381,7.2022542300251695,140.10901,0.0,140.10901,7.2022542300251695
LOG00007,D 1.10,345.371122,345.771122,36.607160493827166,4.530388268474416,25.705502647839143,21.874395061728393,90.0,2.5458938019142923,8.141851851851852,15092.901234567902,9828.57142857143,0.0,0.0,3.7147089263235435,5.294344701583427,1.3054908645905148,4.478123521029777,5.448296976471309,1.2803982512432646,2.1483573837996803,0.8323781962685495,0.8892469333870706,0.6426543807136619,0.8870306352623418,0.4570383623949973,4.425607782949949,6.133247227556772,12.264414075264732,3.418191000564877,5.595406565251066,12.615882601988673,15.13731388341202,4.573245468291218,7.19939251175299,345.571122,0.0,345.571122,7.19939251175299
LOG00007,D 1.10,52.151322,52.551322000000006,26.315555555555562,1.873421640201508,20.191052371431883,24.045728395061726,39.0,1.8152037875523064,5.113259259259259,13421.137566137566,10657.142857142857,0.0,0.0,5.038880710729768,4.390838144631716,0.7885618298715822,4.962543630694187,4.306582508045259,0.8785526720723693,0.4366912467006295,0.43481377963901346,0.39439079068533045,0.5933322285061944,0.5492140312464965,0.40828094783194385,6.469982506002032,7.253969409314427,4.869356788084119,3.1474883953688084,3.1577046420590476,11.57946244940947,10.954789245230025,4.725980238496426,7.1852165527107745,52.351322,0.0,52.351322,7.1852165527107745
LOG00007,D 1.10,156.96248400000002,157.362484,27.47037037037037,1.639771471916053,31.22763497046195,22.95755555555555,116.0,2.2181485932558025,5.653728395061727,13001.393298059964,8300.0,0.0,0.0,5.380818362371706,5.0722776053740075,1.2006823159768938,5.251001137722562,5.06206368226431,1.1118942499844227,0.5715271183750253,0.3700206305107326,0.4037242329221475,0.6531752001304206,0.752650104127003,0.6029656484851327,5.444863767387651,7.562788751723214,6.910271507775687,3.460601671170662,4.550185780344485,14.924418635408827,12.382185530774384,5.228824263389197,6.989862749636522,157.162484,0.0,157.162484,6.989862749636522
LOG00007,D 1.10,335.514479,335.914479,29.61604938271605,4.048516167443966,25.546459415427243,21.907111111111114,63.0,1.9480724442423483,6.141827160493828,12871.992945326278,6800.0,0.0,0.0,5.086027737586516,3.7996515758844724,1.1020312681256024,5.9341526881466375,3.7101984803982506,1.1360842602833272,1.5570329744342941,0.7136815111316462,0.1586133034145865,0.548384003676423,0.769425731531714,0.5204996821593305,6.209170492064658,7.90868930390174,5.870660632996565,2.8456403894477478,4.583002572642189,14.03575680666356,10.249239658640386,4.489155279427343,6.369478877609792,335.714479,0.0,335.714479,6.369478877609792
LOG00007,D 1.10,119.204604,119.60460400000001,40.71135802469136,14.01378402146306,47.03388151173453,23.198765432098774,151.0,4.097231774759023,10.978987654320987,16636.499118165786,10842.857142857143,0.0,0.0,4.054289669051824,1.5390813751041053,1.0035514989648966,4.523346524756281,1.6469392532158562,1.0023137524923706,2.6922406607005613,0.9230545326958913,0.0072832182412930066,0.4068547421438372,0.6418349764456538,0.4170115494887249,5.125891967696247,9.193331352718705,6.6229938682373914,1.8733939888012094,3.857015795505862,12.844848128988918,8.707312096773451,3.0664341016702696,6.267273465532379,119.404604,0.0,119.404604,6.267273465532379
LOG00007,D 1.10,63.516552999999995,63.916553,24.62123456790123,0.5436442707562072,40.147184240984785,24.019012345679013,127.0,1.5638950986194964,4.532666666666667,12742.239858906525,9357.142857142857,0.0,0.0,3.862382745553472,0.8144636415838415,0.8618094747085867,3.200614290032785,0.7864980753985752,1.0650733818060094,2.818689423960679,0.34273444934476865,0.5801372440567159,0.30872038057300316,0.37513580297724364,0.2757136363919672,3.3847521991310545,7.877492604768248,4.253703444985271,1.1441549637385182,1.987402633122842,7.109895729471046,3.0804040139061124,2.7911782007434756,6.230038375897078,63.716553,0.0,63.716553,6.230038375897078
LOG00007,D 1.10,318.637492,319.037492,20.879259259259257,4.226747802053886,28.411816162541314,22.02550617283951,156.0,1.8324066623372604,3.3274320987654322,10619.417989417989,6457.142857142857,0.0,0.0,5.3916679632293665,4.00833960469305,0.973821947367315,5.25509856794591,3.360304971798147,1.0887226473068432,1.8315982327345106,1.9901280990592187,1.0411773743720973,0.57606566765976,0.6789840793325188,0.4822031974619617,3.76112899153049,7.0989629003447945,5.384644630841547,2.7271580413144654,3.7703571675409537,17.697596963192627,11.34378602942957,4.750624685884201,6.06902463413026,318.837492,0.0,318.837492,6.06902463413026
LOG00007,D 1.10,272.571729,272.971729,27.312098765432104,0.514891133283802,35.312034112148005,22.252962962962965,63.0,1.4606086238388676,5.134246913580246,12763.015873015875,10685.714285714286,0.0,0.0,3.8364118881860523,0.9115772480927283,0.6615003018610237,4.366791117123683,0.8768483914332629,0.7478892608452532,2.188693612445074,0.5242513836730182,0.37789912001931103,0.3156127834408347,0.517537939830002,0.27916348380518075,7.61291697994139,9.1480817506654,5.726229665334778,1.2977542038935506,2.8722569379226717,9.556589091392828,4.206990067981949,2.788281662158217,6.0311359340433075,272.771729,0.0,272.771729,6.0311359340433075
LOG00007,D 1.10,149.00992300000001,149.409923,33.040987654320986,0.902725099233347,33.86859543442765,22.902049382716054,115.0,1.8444699966749345,6.706592592592592,14953.985890652559,13100.0,0.0,0.0,3.8976003844789533,1.0842175664837153,0.5960516380558571,5.462593186870248,1.0276860936769259,0.5960413895426985,3.999591329510088,0.4552826980482837,0.0002485114581615314,0.47236461680492,0.4550712665691595,0.29174363861019575,2.5196491857297936,4.377028231986705,7.298593699264057,2.4497435176904894,2.4783457913047773,17.194601507090947,4.984915517443539,2.8606656994974404,5.990283191630167,149.209923,0.0,149.209923,5.990283191630167
LOG00007,D 1.10,232.74555500000002,233.145555,28.351358024691358,2.6111686769476696,36.487511563019964,22.3880987654321,26.0,1.5428119821221138,5.376592592592592,13127.654320987655,10628.57142857143,0.0,0.0,4.526391810965766,0.7657311471739792,0.7107281496632831,3.9771239960880718,0.6903616088753071,0.7217274810657507,1.5241586250662624,0.3426129927141936,0.2495824782004484,0.4307280768932033,0.6234050293809021,0.3663716493585491,7.73945121883011,10.65706258198037,6.552483308198928,1.9888980858085334,3.645578528692149,8.658115439456958,4.226021682298763,3.246118221517073,5.8378171616808965,232.945555,0.0,232.945555,5.8378171616808965
LOG00007,D 1.10,138.55841900000001,138.958419,36.629382716049385,7.961580639899793,28.640392494392206,23.05241975308642,125.0,2.825952992007131,9.091506172839505,15847.001763668432,10328.57142857143,0.0,0.0,3.84437061187161,2.6897490859198694,0.8156710218805011,4.419019404831446,3.192757654958487,0.7662176932448789,2.687693524353895,2.148298616814832,0.276634251068457,0.4227623934112696,0.7035880304403912,0.47972838515481947,2.954588953020602,7.232679605350152,7.453680328272289,1.9176205340393684,4.11541298158635,13.86905250130486,14.227169278497122,3.31767505541372,5.7854259501354415,138.758419,0.0,138.758419,5.7854259501354415
LOG00007,D 1.10,241.80906900000002,242.209069,18.54962962962963,3.3091315650299618,29.14437613915873,22.394222222222222,95.0,1.3499522236034736,3.324148148148148,9951.190476190475,5600.0,0.0,0.0,4.042507666047371,2.6855238552715415,0.901828408216267,4.225032346757634,3.028717911275133,0.9794111720367287,1.3288231663651897,0.802891413199177,0.4831037321618798,0.4457185454340376,0.6069644887493036,0.38793716537828893,4.079061458512967,5.65719932299109,4.939636073650426,2.062753878604184,3.392865050051681,11.687917154369611,10.96988020011788,3.431756591549312,5.7528801617140015,242.009069,0.0,242.009069,5.7528801617140015
LOG00007,D 1.10,294.60141600000003,295.001416,11.457283950617283,10.329534667652569,40.24144946151352,22.139506172839507,85.0,1.9429148409995278,3.270024691358025,6770.097001763669,2971.4285714285716,0.0,35.30864197530864,3.6302597216000674,1.2095860429749299,0.3645114148523763,2.810585016651766,1.335360871806734,0.3645024093445192,1.9074111209874134,0.5943816654510509,0.0006220007227309205,0.40875190503056874,0.49056581389162773,0.4478687284617694,4.435810779026442,7.574374433789774,6.291755379354366,1.7405020184942008,2.1990068905240934,5.61237609503308,5.145056359095749,2.705723936549287,5.74163523113226,294.801416,0.0,294.801416,5.74163523113226
LOG00007,D 1.10,215.23508800000002,215.635088,56.61432098765432,36.06014444135707,59.55949788745227,21.627629629629634,142.0,6.573092096066291,17.416172839506174,21464.62962962963,3742.8571428571427,4.444444444444445,21.728395061728396,3.0930398849281757,4.692483183576522,0.6363530501456824,4.615928943838002,4.969964474528022,0.6363474778210705,3.9224828135192404,3.2706932484670164,3.47783660163463e-05,0.7729483694901919,1.1263095597633432,0.5893707554108794,3.868111446917388,4.197975990182732,6.422872737197863,2.351180366964118,4.482634652077683,15.115685582112508,23.981474331473265,3.974059269682886,5.828289900675745,215.608722,0.0,215.435088,5.603285715500924
LOG00007,D 1.10,190.87216500000002,191.272165,31.967654320987652,1.8265303217599451,31.442650467887123,22.71113580246914,116.0,2.727642949219326,6.610098765432099,14332.998236331568,9457.142857142857,0.0,0.0,4.396364061948675,4.197267531455286,1.4867148889410788,4.239106909093033,4.255911843867859,1.4076857553289868,0.4138301187767339,0.3937918779268239,0.7065152717830148,0.642778503016037,0.7031172572818594,0.48909790598472247,5.248965517359528,8.280545877424835,4.060036750914086,3.443245970040441,4.293144910823395,13.095847989645467,11.73966579960519,4.297968804900903,5.5963258468989885,191.072165,0.0,191.072165,5.5963258468989885
LOG00007,D 1.10,82.164057,82.564057,22.512098765432096,0.11123011459824089,17.91779021403525,23.693061728395058,51.0,1.2124526850326958,4.01762962962963,11935.246913580248,10428.57142857143,0.0,0.0,3.353358243524126,0.658246564371872,0.5684003232010738,3.9220163240464934,0.65028916074854,0.5778906717542837,1.7580712434700798,0.3647193547063887,0.07391666311599975,0.30368139650444226,0.4108967694497488,0.29958751933123146,7.125755197367441,10.452585195858536,6.432912867154671,1.0171711497859361,1.9770801266514115,9.116935807524287,2.701622740520735,2.4164333271289085,5.4301197392289815,82.364057,0.0,82.364057,5.4301197392289815
LOG00007,D 1.10,85.135547,85.53554700000001,24.080987654320985,0.12749829278229155,30.261130839565315,23.86730864197531,107.0,1.4236769105338325,4.693777777777778,12447.760141093475,9757.142857142857,0.0,0.0,3.5291273951498128,1.0273929801609554,0.6759423324934812,4.5490583481690114,1.0471987469525168,0.773808202817855,2.8458975729386036,0.8652145968950767,0.3724380296315265,0.34188261877965015,0.40692384892531125,0.3053795475076614,4.681735425127075,7.110444384786311,3.8170658458470665,1.3912156630914778,2.2350336382351053,13.846245647052436,5.615674711834349,2.599064880575406,5.408666443131567,85.335547,0.0,85.335547,5.408666443131567
LOG00007,D 1.10,49.002174999999994,49.402175,20.49135802469136,0.7575133997697113,10.816353200894847,24.029703703703706,50.0,1.3240823591092148,3.6583950617283953,11289.223985890652,7657.142857142857,0.0,0.0,4.330323950442917,2.863092624024898,0.9301007974015477,4.272014029896493,2.865690895475155,0.7185946814765477,0.3148748662680244,0.0218825025083696,0.7092789540036422,0.5218150537322666,0.688138192685109,0.3800577230140623,6.0562281232370285,8.804259436679061,5.1055304768139615,2.5777190357144226,3.6212376745042834,10.222463765262207,8.153617692869926,3.670763196497789,5.38925040540624,49.202175,0.0,49.202175,5.38925040540624
LOG00007,D 1.10,300.111198,300.511198,16.95925925925926,4.870378538227202,45.32141449791962,22.13925925925926,90.0,1.2789815965570674,3.2271358024691352,8924.453262786597,3400.0,0.0,0.0,3.554773237441719,1.2756366126035865,0.4935092952921335,3.3758122615477535,1.1515770803974619,0.49350931043634866,2.4703222155697917,0.35623907634229035,5.0770559381007834e-08,0.4065387871422893,0.5355899488937343,0.4568522919491191,6.028558771179183,8.281789370469783,8.036552634300142,1.5643696461890266,2.47020113608034,8.780168450815244,4.299296525861406,2.67054877666058,5.330307387562065,300.311198,0.0,300.311198,5.330307387562065
LOG00007,D 1.10,183.178089,183.57808899999998,28.443209876543214,6.474175447219818,11.80016146642584,22.685012345679013,79.0,2.448134722365317,6.039975308641974,12924.32980599647,7814.285714285715,0.0,0.0,3.475988412936807,3.723171288288999,0.7933647618657919,3.278442021226555,3.660938017027685,0.7334279569926557,0.704069512109625,0.5919553476521014,0.2775786857641708,0.9032660138804095,0.8704994934420803,0.5643881782431115,5.113834186382462,7.043774262377733,5.079235217512398,4.964039253520185,5.606686393693181,13.009303413659087,13.212601541943693,3.601700979315919,5.284896860460882,183.378089,0.0,183.378089,5.284896860460882
LOG00007,D 1.10,31.366035,31.766035,34.611111111111114,2.1317123471200796,42.75790633746402,24.042938271604935,160.0,2.7276292260848183,8.605234567901235,15815.661375661375,8557.142857142857,0.0,0.0,3.8859386604266453,3.409968836325084,0.950345303978313,3.7642385824415525,3.399107997812115,1.1250771127184607,0.9220980145357981,0.4459468781801224,0.5828856186505994,0.6946278836526526,0.7729974852626113,0.47242849868066067,3.567923689193681,5.852180793200376,7.74636213661621,3.5785961311452796,4.783465975957987,11.601511182962117,10.961211071234244,3.655708326528984,5.226492424548192,31.566035,0.0,31.566035,5.226492424548192
LOG00007,D 1.10,5.356319,5.756319,18.28320987654321,1.7393952597187572,30.156254756446646,24.937604938271605,53.0,1.0397563711321103,3.274617283950618,10814.444444444445,8114.285714285715,0.0,0.0,3.219884183516186,0.5579936774488906,0.603165745644156,3.523793441116269,0.6215527709947049,0.563976791063879,1.2338409112282422,0.4025063198465926,0.3496187788041605,0.26251060069330556,0.49379457384043746,0.24939106771488279,4.1895926814684685,8.14174537608121,3.4005837774901084,0.9652907001058734,2.483223029524697,7.086415451454797,4.4461107987282436,2.3107370143885526,5.184736979287914,5.556319,0.0,5.556319,5.184736979287914
LOG00007,D 1.10,136.68595200000001,137.085952,32.19407407407408,1.4381278792173409,37.282955590672934,23.065604938271605,117.0,2.19254380890283,7.152888888888887,14596.225749559082,9114.285714285714,0.0,0.0,3.6624638518779133,2.5802868172735187,1.0246158891858148,3.7478749531885343,2.5542973894909236,0.9540312423769389,0.3812092638439138,0.45522084269412416,0.2977252370197278,0.4562446469797058,0.53163386212347,0.4648673670857342,2.6436704879771895,4.374211769520609,11.579969496868609,2.32267124498268,3.230835834920284,10.862780491200215,9.013843947842085,3.1679268872330293,5.047560554837459,136.885952,0.0,136.885952,5.047560554837459
