file,group,start,end,th_mean,th_std,speed,voltage,sp_max,acc_max,current,rpm_mean,rpm_min,motor_top_pct,motor_bottom_pct,shake_err_roll,shake_err_pitch,shake_err_yaw,shake_gyro_roll,shake_gyro_pitch,shake_gyro_yaw,shake_sp_roll,shake_sp_pitch,shake_sp_yaw,high_gyro_roll,high_gyro_pitch,high_gyro_yaw,high_raw_roll,high_raw_pitch,high_raw_yaw,high_D_roll,high_D_pitch,D_roll,D_pitch,shake_combined,shake_peak,shake_peak_t,shake_time_gt8,raw_hf,gyro_hf,D_hf,motor1_rpm,motor2_rpm,motor3_rpm,motor4_rpm
LOG00011,Idle 35,6.5,7.0,24.96324110671937,1.0553611342501348,40.17659499039619,24.21788537549407,54.0,0.996934722737726,3.56699604743083,11444.649915302087,9442.857142857143,0.0,0.0,1.0060614991605505,0.6801165218159213,0.7583479003923576,1.2372608198795363,0.6944099644515086,0.8211089249449058,0.7712912914974416,0.4067093437058975,0.7897932108528156,0.25312371744343665,0.26748556715881305,0.2654487321169727,6.553242913051357,5.87887710892309,3.1612546102224957,0.7507360475918674,1.0858989202151483,3.038293155118954,2.505724670925003,0.8586961695908981,1.202734370728964,6.910319,0.0,5.400608590703173,0.26209614924881103,0.933483014863764,9948.36250705816,12348.02371541502,11624.167137210616,11858.046301524562
LOG00011,Idle 35,7.0,7.5,29.27179487179487,1.8891189866426155,45.25804105363699,24.321755424063117,49.0,1.6046464953806272,5.336055226824458,12985.059171597633,10042.857142857143,0.0,0.0,1.0954239226321962,1.0809564235933493,0.7554377193270508,1.0070241474075343,1.027465572014682,0.7048318490468022,0.6976122322573712,0.563101213955212,0.5768287142852206,0.2900469470912679,0.32454073640690523,0.24291670942037427,4.174471634773946,4.777175703012536,3.2069817827592537,1.0681602547536155,1.2441869265656385,3.049557797671856,3.6246471636759328,1.0882142160398918,1.3781847315732119,7.159994,0.0,4.104158593505506,0.28778605990105666,1.1595187445815953,11296.506058044519,13859.05888982812,13306.142575373344,13478.529163144547
LOG00011,Idle 35,31.0,31.5,34.459486166007906,0.49555228582909255,49.51190722530905,23.851047430830043,97.0,2.4752339069539513,6.592173913043478,14555.011293054771,8557.142857142857,0.0,0.0,3.7451660394826227,2.39092889000554,0.9443833431301134,3.9688581087119315,2.310507110321431,0.9421228099973137,1.0324477015948932,0.5289829986712138,0.6299405148342542,0.4978205964478583,0.528732293618228,0.37932772447597596,2.440805738980097,3.5097700238108955,4.249534649498846,2.463754107569966,3.146999857978164,10.192029746607455,8.595315389228961,3.141879184529305,5.052192744701798,31.18724,0.0,3.480161060102966,0.4730301988663497,2.8261008836100023,10113.297571993226,15256.662902315076,14529.418407679277,18320.666290231504
LOG00011,Idle 35,16.0,16.5,31.528007889546352,3.3922240491951228,26.95079682855124,24.05652859960552,93.0,2.1458123832593494,5.703530571992109,13676.465201465202,9342.857142857143,0.0,0.0,2.637758051626384,2.0480118809338332,0.8728533526228563,2.951052196360909,2.059271999694933,1.0457230215503184,1.3197681935592105,1.0982673967132859,0.7904119119135156,0.39706462290564704,0.4319785260927849,0.2698920995897424,3.781177383132998,3.7875684350987013,4.102901170816725,1.7980307713210382,2.544219349742954,7.791412862788243,6.39017366952004,2.36136826896674,3.904998950032286,16.324005,0.0,3.8934464197658176,0.3728750940057799,2.2029487913049404,11798.196675119752,13272.781065088757,14276.782192166807,15358.10087348549
LOG00011,Idle 35,17.0,17.5,33.98754940711463,4.151515643338827,25.313075846504628,24.178952569169958,73.0,2.595575173053824,6.300256916996048,14691.085544889893,12314.285714285714,0.0,0.0,1.0050793005590006,1.4179999738055789,0.6954427014358601,1.0080841807837218,1.8099938601329724,0.6947225021850608,0.5160134044445842,1.2605890259677033,0.011176423387963878,0.30994564447876416,0.37239903414138475,0.21830965564160845,2.942278330938135,3.141794949566832,3.498305005283857,1.1326040184503388,1.8993452320167838,2.72087523700297,6.083087420806145,1.22900535518052,1.7301625773205476,17.20512,0.0,3.202395727775578,0.3068150631391003,1.5636982082541926,14470.496894409938,14857.707509881422,14070.694522868436,15365.443252399773
LOG00011,Idle 35,11.0,11.5,31.835502958579884,4.536044759984948,21.838117108018867,24.01721893491124,40.0,2.459360446911109,5.795818540433924,13647.154127923359,11514.285714285714,0.0,0.0,0.9434468160071007,1.0657593540412935,0.6416845038716431,0.8106829501739021,0.9841557419722888,0.6999244620041156,0.2725252131367852,0.7596880079258697,0.5545576542986412,0.2861981813003362,0.33327386291982214,0.2454870769692809,4.33394169885752,4.515063143102883,3.069807966921448,1.0367738545749012,1.5349534144242007,2.318351451285272,4.0509574683346665,1.0064628396916726,2.22360249678274,11.499874,0.0,4.024614548379199,0.2905424648504026,1.3097675385316685,12939.701324316708,13960.298675683292,13525.105663567201,14163.510848126232
LOG00011,Idle 35,10.0,10.5,28.88875739644971,2.129517320442967,24.584065179226812,24.134714003944772,75.0,1.7139279085797967,4.713353057199211,12797.224570301494,8657.142857142857,0.0,0.0,1.7988673877800296,1.5424985554245687,0.7002003808977715,2.312722474757743,1.6414482686796719,0.8968686396680337,1.3724189858574896,1.1912646995522456,0.5062512670315438,0.3401229160454895,0.380836400794406,0.27667334188874587,4.8076168677430315,4.0017560230559965,3.413286494260109,1.3399954951729607,2.1356153706125087,6.424036470626306,5.071481154903022,1.6755932788575856,2.455127283497348,10.39767,0.0,4.114112132119991,0.33529494493714596,1.7827564245123655,10660.664976049591,12435.728374189912,13542.969850662159,14549.535080304311
LOG00011,Idle 35,6.0,6.5,26.804930966469424,1.9268668667700082,35.23153654324139,24.375226824457595,57.0,1.2190588535311997,3.9471005917159765,12323.309382924766,9700.0,0.0,0.0,0.9064258399332739,1.0498293836094845,0.6226517387327436,0.9941218311102548,0.993953598038924,0.7377631061268143,0.6137079252616852,0.86035326402892,0.33763986059846934,0.2496508001833205,0.27933335576346596,0.2136282297563969,5.997275291256449,5.792812173221742,3.2807335148663235,0.6799309819832329,1.049052253176621,2.7685184268989245,3.807498052542948,0.9807521445269975,1.5762654370437366,6.016223,0.0,5.173238707969707,0.24899107495591294,0.8839730680726725,11562.721893491123,12888.813750352212,11837.137221752606,13004.564666103128
LOG00011,Idle 35,8.0,8.5,33.479644268774706,0.8175451734365794,54.078647894628205,24.252193675889334,63.0,1.9164982459112272,6.060375494071146,14462.56352343309,11457.142857142857,0.0,0.0,1.2096298403675052,1.0834190558561936,0.9834716216328612,1.2302986207346638,1.131392797149523,0.9670566079036982,0.7513303972615937,0.7402555534822769,0.7631754976410114,0.31796212105115546,0.36631990229930916,0.26614255317927127,2.9971660622193674,2.290424456891499,5.030338509749098,1.3111163899330598,1.7594893114636005,4.3320662990047065,4.704929716410612,1.1482598140882232,1.5656333979294232,8.41228,0.0,3.6301218583729407,0.3194380690403625,1.5515844845037852,12301.919819311124,15322.670807453418,15489.102202145681,14736.561264822134
LOG00011,Idle 35,15.0,15.5,29.841106719367595,2.119374665508838,45.285918018119126,24.10126482213439,101.0,1.718819772864676,4.984723320158103,13244.226425748164,9571.42857142857,0.0,0.0,0.9771709587567786,1.073772495530793,0.8287876714192441,1.013131276738954,1.1461218454426616,0.9537868260484819,0.551982859854803,0.5819964989565192,0.7404660443804089,0.33209303971009635,0.36132247602819184,0.2706011089691978,3.5298980325677785,3.955769439081564,3.7474096954755334,1.331113245791977,1.678930913097123,3.40018599816751,4.2183487768512045,1.0266086047749816,1.6219615114257644,15.001859,0.0,3.748393940576043,0.323555600004283,1.5150365480865458,11183.060417843026,13738.4246188594,13947.346132128743,14108.074534161491
LOG00011,Idle 35,9.5,10.0,27.68616600790514,1.124048268532442,38.27390869952818,24.28614624505929,79.0,1.6331907865381663,4.229644268774703,12462.380011293055,8114.285714285715,0.0,0.0,1.343959306555177,1.1843702013315458,0.6961579099155292,1.2908202973778264,1.0524368311080223,0.7150232579816135,0.566025450001095,0.4785415573319825,0.42446902679943427,0.3000492780976233,0.33897408169871734,0.28998640049102725,4.298843771244749,5.527356075650457,5.653142063572542,1.0441018693264001,1.5492411761662332,3.5209704914385505,3.7669249156517712,1.2666805815750077,2.009564937461711,9.928964,0.0,5.195823263209691,0.3103895991707497,1.3210406760315556,8895.511010728402,13101.722190852624,14164.285714285714,13688.001129305476
LOG00011,Idle 35,23.0,23.5,29.213438735177863,0.8118546285796655,26.24275295492693,23.998102766798418,51.0,1.51933997355125,4.613636363636363,12927.336250705814,10871.42857142857,0.0,0.0,0.6149147894456612,1.0255199703235942,0.6511288330098958,0.6139935998304832,1.1188448216506073,0.6484465908154335,0.21400733625942234,0.8623809821589508,0.013729982014372378,0.2813203422903762,0.30653712970533004,0.24137683574089466,6.138710377836494,5.857641841836009,3.7223165499421986,1.00893432476657,1.381877071280096,2.0946006250968527,4.0125790352133865,0.8455209659764525,1.3400377124812304,23.00977,0.0,5.349497594732891,0.27771023490120267,1.2098621226862651,13692.631281761718,12588.622247317899,11567.221908526255,13860.869565217392
LOG00011,Idle 35,22.5,23.0,31.018145956607498,5.28585120794214,21.597722832529332,23.95483234714004,63.0,2.2554474689892188,5.600276134122288,13348.781346858268,9971.42857142857,0.0,0.0,1.1398763656614044,1.1971750353260402,0.612850748039754,1.1728905801647869,1.4258929596101084,0.6435397190341323,0.5856274265632572,1.0814307900907492,0.21701254123972027,0.41052939300844543,0.39097779688158785,0.22783222146685037,3.6868598629624723,3.699967052865693,3.3838106785742084,1.7592773138160827,2.078537562356088,4.275751545874863,5.684332597664201,1.1688768528380902,1.7281506825656519,22.758168,0.0,3.593181809568791,0.3527537107372899,1.9255356482071584,13831.501831501833,13359.481544096929,12010.200056353904,14193.941955480415
LOG00011,Idle 35,14.5,15.0,32.91045364891519,0.3058102557892018,42.391249343080375,24.085818540433927,90.0,1.7029339044437553,5.760788954635108,14243.871513102282,12242.857142857143,0.0,0.0,1.2129738937858667,0.9829228977558951,0.9630031920404957,1.2966540297715723,0.947583856763542,1.0508905271889613,0.8216648252309622,0.4561268037658461,0.6950737776817921,0.2867744715464921,0.4007803772378941,0.24941305344448228,1.912943339384796,2.833816943916869,3.903619667763797,0.9978658821126829,1.8428883757131151,3.8299659336937237,3.808016044253738,1.1039572206247152,1.6244755410409983,14.993922,0.0,2.996003849679288,0.31888941632809475,1.481886278366705,12883.375598760214,14959.34065934066,14311.073541842774,14821.696252465483
LOG00011,Idle 35,30.5,31.0,34.20591715976332,0.9087588784996246,68.81432145761822,23.79715976331361,114.0,2.5152189981506257,6.768560157790928,14361.073541842772,8385.714285714286,0.0,0.0,3.3973534568755914,2.1204222707912406,1.2588949020611846,3.3519228009157898,2.0594804485720246,1.1450439848028304,0.55373607197183,0.4043890892127897,0.5078514788468023,0.4271587680835457,0.4958363780984741,0.33457816615156954,2.1345172001524295,2.429311144271369,5.985383781663197,2.188860812210733,2.8208695819886627,9.47018575034073,8.357165133762663,2.831801645367487,5.517607495484783,30.831065,0.0,3.927787134728852,0.4243665382118829,2.524719474894262,9553.198083967316,15965.849535080304,16511.77796562412,15413.468582699352
LOG00011,Idle 35,8.5,9.0,32.7414201183432,0.12170855927977295,52.330090650497446,24.35599605522682,66.0,1.8602376267193794,5.797495069033531,14290.011270780502,11671.42857142857,0.0,0.0,1.2106187312565502,1.375738195039726,0.9008907722278171,1.1613297527650006,1.5383329051804755,0.7730799515345518,1.0275802118730821,1.1104713963478923,0.6552215218655486,0.3280249019562203,0.37707706120109713,0.24949505615022996,3.8003222643868724,2.4827308336869915,4.951563188943411,1.4341272614666465,2.0285371688131963,3.6679216070122567,4.494353239940636,1.2958111926049225,1.8196315531854546,8.726084,0.0,3.8783321037027467,0.3225085163892835,1.7566564899459542,12063.877148492533,14722.654268808115,15117.216117216118,15256.29754860524
LOG00011,Idle 35,7.5,8.0,31.662721893491128,0.8827353978499566,51.142335423593224,24.26029585798817,38.0,1.7062497652493829,5.556489151873767,13917.032967032968,11371.42857142857,0.0,0.0,1.2065951773326056,1.2662593769711674,0.6701999053916979,1.2946439201482058,1.2144057197996683,0.6958358598036946,0.7099298446377061,0.8037076939666372,0.46555255006833185,0.3131358378210291,0.33876499745091854,0.251883610431531,3.220942855617422,3.0798701765443037,4.241504816628139,1.2028185029540606,1.4279603999481936,3.543753011192971,4.090687938556409,1.2367871142055344,1.8270887335006165,7.68302,0.0,3.552015216418216,0.30345847032162515,1.3201975713636298,12007.523245984785,14780.867850098619,14658.83347421809,14220.907297830374
LOG00011,Idle 35,21.0,21.5,34.04328063241107,1.720638585696986,30.62381986575486,23.93865612648221,111.0,2.132233034441893,6.243280632411066,14577.759740259742,11514.285714285714,0.0,0.0,1.1031656358038688,1.4421612021612724,0.8894118426064477,1.122822890180403,1.4064487994118178,1.140877205553043,0.7992045559536904,0.8669777532753798,0.9787095733945873,0.3788654209446588,0.4263259082638617,0.2827940725467841,2.804370618960547,3.8344072526813378,5.000670630799463,1.7160884302352268,2.4486879354347,3.8084055153265863,5.787576991352257,1.2839009605568885,1.8020186282311998,21.396561,0.0,3.982205431903478,0.36754377277279326,2.1143594899556053,12790.767927724448,14434.669678147939,15049.378881987579,16036.222473178996
LOG00011,Idle 35,37.5,38.0,35.765088757396455,2.380721415785086,24.279731394084237,23.82437869822485,79.0,2.318737278823711,6.730591715976331,15140.779092702169,13071.42857142857,0.0,0.0,1.877310803867614,1.8602183021221508,0.7156655347475686,1.9707833338273377,1.9985317636585325,0.8106859582588517,0.7318293238304348,0.7317459044716899,0.5979231133044967,0.3684109761691735,0.4248781962890447,0.27481158725763427,1.916638689692371,2.8433453291179704,5.059969179891925,1.6721802071564351,2.4015643476024295,6.312537226246006,6.229027930153718,1.8687840947884122,4.709965720955195,37.500696,0.0,3.5289944095969146,0.3613721708224618,2.069262907520552,14345.054945054944,14972.30205691744,14869.258946182024,16376.500422654268
LOG00011,Idle 35,31.5,32.0,30.147140039447727,2.19453479008331,26.6663284144586,23.89733727810651,43.0,1.9455131212829762,4.755207100591717,13207.29078613694,9214.285714285714,0.0,0.0,1.4244461796551195,1.657313359885848,0.6220989648949041,1.5047781012771402,1.6803052935041491,0.6098418123666235,0.4047233701579916,0.4555992945255342,0.3206465270208167,0.31106953094244905,0.3405360532182948,0.2904177700549784,3.266776354095753,4.128841600770103,4.053494783339321,1.1336427757103802,1.7915380632818017,4.713068825243197,5.489455554785779,1.5452725474152094,2.817074812124081,31.500002,0.0,3.8362299492465293,0.31468054583760285,1.4991255076056578,10059.312482389407,13325.725556494786,14064.243448858835,15379.881656804733
LOG00011,Idle 35,5.0,5.5,22.133596837944665,0.3982889633543994,17.310272232550393,24.47416996047431,40.0,0.8418743336879526,3.014426877470356,10446.703839638622,8728.57142857143,0.0,0.0,0.7368033819120418,0.45242033600522086,0.5035272445870603,0.8789331142345851,0.37494570374353847,0.492198127342253,0.871677568088741,0.2778147787572018,0.4003046327315716,0.19050734711407585,0.24660758917510453,0.1793496378563255,1.5490750895162613,5.305255330616288,1.464219173198899,0.41967326299034197,0.6214670186266638,1.6028630510665307,1.1961730809233635,0.6113768821390367,1.6795851963637167,5.499102,0.0,3.300974883432448,0.20758503875311368,0.530257910318024,10730.604178430263,10427.526821005084,9066.261998870696,11562.422360248447
LOG00011,Idle 35,13.5,14.0,34.9818540433925,5.597437610650667,18.082444177722397,24.04990138067061,55.0,2.7737667694203756,6.662564102564103,14782.156945618482,10628.57142857143,0.0,0.0,3.2009069343780325,2.9300633717789064,1.1884007480592815,3.205625542576178,3.076860666530279,1.1096722951379319,0.5156283018181417,1.0573280387626138,0.4196281423876362,0.4313822280068648,0.49474487344926377,0.3647592544565534,4.003603816085063,3.844958480614357,4.409195952179013,2.2160450753602254,2.80866495659792,10.454560266924355,10.386989282322613,3.0684749115146555,5.71556036937795,13.505934,0.0,4.092821283602585,0.43355600566946945,2.529768231918637,15375.908706677938,13308.199492814878,14338.96872358411,16105.550859397013
LOG00011,Idle 35,32.0,32.5,31.578895463510847,2.376281625113738,17.98440325125624,23.709033530571993,29.0,1.775741357854549,5.595818540433925,13647.555649478727,10257.142857142857,0.0,0.0,1.1097465393786565,0.8814743700907577,0.7729432141570645,1.5116333015442147,0.8426352246848501,0.7438073880590683,0.8598111172720214,0.5058854352285297,0.5026790650532739,0.30036230670862524,0.3444169194646162,0.24082815498470558,2.4694486642402875,4.138846276477087,3.8746261875515997,0.9241811920326897,1.6779936259019803,3.721042037676254,4.262352972239694,1.0021313403915184,1.5105460808322286,32.149207,0.0,3.570291925454044,0.29823856778210267,1.3545799135294008,12209.129332206254,13929.444914060297,13708.903916596224,14742.74443505213
LOG00011,Idle 35,20.0,20.5,28.942998027613417,1.4791400581531118,26.029208009012986,24.050493096646942,111.0,1.5890297645340294,4.417652859960552,12870.766413074105,10828.57142857143,0.0,0.0,0.8575942951806468,0.814174598211491,0.568670047495608,1.1874354877217168,0.73922822969349,0.782760110645366,1.1582701712816887,0.38925107057713804,0.5721270251920292,0.261695150489407,0.2815347494176815,0.23142051084648294,5.171827789666183,4.464899986776908,2.9733902040588283,0.8776572598292396,1.1714452140447844,6.605538289547231,2.8203962679881105,0.8361663266059073,1.3181169134800292,20.489801,0.0,4.302099637908481,0.25903771910656653,1.0350280564408387,12339.194139194138,13177.37390814314,12614.060298675684,13352.43730628346
LOG00011,Idle 35,20.5,21.0,30.272583826429983,3.133256403600715,34.41114200663753,23.943175542406316,127.0,2.1342083621566488,5.111538461538462,13139.46182023105,10628.57142857143,0.0,0.0,1.7047885495317747,1.1717609859707558,0.9061757555429446,1.9829221018289143,1.3831538415903464,0.8879451266458258,1.3128990074964542,0.744149225533737,0.5679944619611015,0.2970866289498162,0.387211107738038,0.2634169866488317,4.049561405583012,5.810232119152338,3.6523074906251645,1.0928098256930667,2.1360580856933806,3.9218198086398415,6.9507991963122935,1.4627590038789386,2.0154636091595326,20.893355,0.0,4.600619337368018,0.3201985924972371,1.696610954312653,11492.44857706396,13714.39842209073,13805.325443786982,13545.67483798253
LOG00011,Idle 35,53.0,53.5,23.810650887573964,1.9569138471435605,27.894578675204297,23.78913214990138,86.0,1.2155775203111245,3.4454437869822487,10668.399549168778,9085.714285714286,0.0,0.0,0.9377536985516234,0.891549010510016,0.7877035850123284,1.0888318205648286,0.9176242076193738,0.9227920450315401,0.8202048469068135,0.7897193612418829,0.7926447342830755,0.24439890784984394,0.2415983114594176,0.23967061579636162,3.6031399007682876,4.838436782075002,2.0658878550367317,0.5541483732446588,0.8805455903670875,2.942244845985427,3.011483609547293,0.9149430685262984,1.44680465961292,53.478799,0.0,3.681529585567801,0.2418970678714712,0.7356768843332732,9989.997182304875,10969.118061425754,10727.64158918005,10986.841363764439
LOG00011,Idle 35,22.0,22.5,25.271597633136096,1.2430088566008235,13.544722205943758,24.045779092702173,61.0,1.1701168859408517,3.587534516765286,11460.319808396733,9857.142857142857,0.0,0.0,2.538603025926634,1.0102541635288078,0.6367288025116769,2.815167381637853,1.2047898193216098,0.6747193339471547,1.4579133301159193,0.9681357204242285,0.23815541007634472,0.2626658679094208,0.3108974882402502,0.26720167957526025,4.322703976171605,6.286708009036621,3.141628055823293,0.7669112525545225,1.2437893020734359,7.565362780722731,3.1806242797096456,1.931983281264509,4.241223935892597,22.366457,0.0,4.763692338849176,0.28109745873779907,1.0332387665121436,11358.241758241757,11453.789799943645,10813.863060016907,12215.384615384615
LOG00011,Idle 35,54.5,55.0,27.564426877470357,1.371937612948583,14.781770819326141,23.632766798418974,81.0,1.441216102194847,4.108260869565218,12164.03867871259,10057.142857142857,0.0,0.0,1.3573352559089682,1.7086762808163618,0.7176176959348384,1.6299166779410015,1.8162290707943625,0.7380681743595239,1.3687410389311085,1.3043611113221667,0.6344171943459792,0.30174401584429794,0.30826819229220453,0.25553318919115914,4.985563465729531,4.749932142211537,2.592466793843869,1.0039995289222037,1.2616394672173519,6.7026040600479115,5.51766835099941,1.5430381767081949,2.3684486279371426,54.615362,0.0,4.248081233671441,0.2894684440229206,1.1401204320852447,11798.814229249012,11566.149068322982,11607.029926595143,13684.161490683231
LOG00011,Idle 35,50.0,50.5,29.787179487179483,2.6079935786435304,23.83619766673557,23.60540433925049,58.0,1.7787563872339947,5.21508875739645,12744.590025359255,6742.857142857143,0.0,0.0,2.3056275068418315,2.3964691267698397,0.7785883436903528,2.2975599329771415,2.375781036983002,0.8117503533740563,0.3133821681313007,0.4912419570677652,0.34748933345581373,0.3752599848227163,0.6274444362676762,0.3276230869379417,2.8477141738229546,5.951822221810415,3.705369853671156,1.6438588798584755,3.1058082083246745,5.807734759566362,7.318615318317721,2.35148702695408,3.2574261607354598,50.1372,0.0,4.36895981244672,0.4625449397651911,2.484785367369433,15011.355311355313,13849.478726401803,8475.34516765286,13642.18089602705
LOG00011,Idle 35,19.0,19.5,31.703754940711462,7.368958350081942,18.091708066624683,23.899782608695652,119.0,2.462925474327196,6.3315810276679825,13301.842179559571,6500.0,0.0,0.0,7.73684246119279,4.405395262080647,1.4556993601255763,7.746135743860019,4.422608029898754,1.4557812816189515,0.2102384256357279,0.7679426483391504,0.006786060295932153,0.6422536455067976,0.6319032140410028,0.37844567516673,3.3967837447196967,4.021497745649519,4.019127542207934,3.45322987842914,3.822885419547065,18.08980670762868,12.673460489957503,6.2954840435219275,11.408037612616578,19.250528,0.3616600790513834,3.823783908085049,0.5642140687524322,3.6427496156242514,13776.821005081874,12648.108413325805,12719.028797289666,14063.410502540935
LOG00011,Idle 35,23.5,24.0,24.564299802761337,1.9278319809580642,22.868039123879292,23.96670611439842,45.0,1.3065845152435578,3.3277712031558186,11262.95435333897,9000.0,0.0,0.0,0.6092196730368714,1.1385607406035525,0.5403424737586502,0.6175301064279284,1.2876176313800867,0.5403201768744192,0.20882933782356333,1.110347120885686,0.0003292412821236032,0.2288660634478033,0.2931595919592338,0.2052821024452916,3.1236236046332473,5.138489317529911,2.519418846772023,0.5565830679397273,1.117368987992208,1.8208739259057427,4.164279395007547,0.9130906773313546,1.639504548972328,23.90764,0.0,3.764242651373628,0.2452637783694375,0.8826942185275519,11740.3775711468,11095.40715694562,9991.800507185124,12224.232178078333
LOG00011,Idle 35,19.5,20.0,34.41755424063116,6.314160812006491,11.654121506728702,24.096410256410255,86.0,2.787013051561251,6.247692307692308,14819.752042828964,10528.57142857143,0.0,0.0,3.7028572279271708,4.71380643836243,1.2183260698727232,3.7004934313868736,4.74597174173515,1.2039211553889888,0.07982829114490479,2.039446439169588,0.29406386279992053,0.44309954359306175,0.484465723055059,0.3654045108029965,3.614566838372016,4.552411914179538,3.9936135238415975,2.1610040245794977,2.613740940439833,9.707456618700121,12.406732917906005,4.23858011536644,8.126109434214435,19.56824,0.09467455621301775,4.071793079354309,0.43380667693602043,2.398080492600289,15187.602141448295,14251.056635672021,13420.991828684135,16419.35756551141
LOG00011,Idle 35,21.5,22.0,31.64201183431953,4.346245777999569,16.042751826773436,23.949072978303747,103.0,2.134834923627189,5.061084812623274,13840.807269653424,11042.857142857143,0.0,0.0,1.540715449710734,1.5392674396430186,0.8840985075051799,2.2431845025295423,1.671052064374507,0.9333307759335278,1.5320867337216908,1.1089235953717884,0.5887484704955974,0.3131855214259398,0.3577384921295713,0.2842700117333492,6.49630986700986,4.062203535749005,4.2048709283515535,1.1299657122900515,1.6183004832518748,6.2511537396646295,6.698935709869921,1.5399916148671917,2.1085933005425344,21.579095,0.0,5.045938266835926,0.31982882877817415,1.3956573657320794,12963.510848126232,13592.110453648915,13501.916032685265,15305.691744153282
LOG00011,Idle 35,10.5,11.0,29.448717948717952,2.2273212374523,17.772870646072878,24.01412228796844,73.0,1.7947365682789835,4.800828402366864,13148.936320090166,11428.57142857143,0.0,0.0,0.6996396615597844,0.9856014651975304,0.7986874750289698,0.8178932330895398,1.1110696477434436,0.940476245030136,0.5258881045354343,0.9749450543595336,0.7370174214970551,0.27566260553149485,0.3196897993688178,0.23574593565607802,4.575794206855567,4.0260299358236935,3.455665681666639,0.7800370488576447,1.3950649527012504,2.312388384213978,4.918066360454916,0.8546654036016107,1.2400553566330001,10.500292,0.0,4.045097237030283,0.27914607053610674,1.1301911386676786,12275.48605240913,13157.001972386588,13115.976331360947,14047.280924204002
LOG00011,Idle 35,16.5,17.0,33.32228796844182,3.7961618075817607,18.176902249506295,24.01230769230769,74.0,2.497262839129747,6.071952662721893,14236.158072696537,12314.285714285714,0.0,0.0,1.1985017452299156,1.3107134584146356,0.9103334744739611,1.313931874665005,1.8363889182794828,0.8687139583810604,0.5598526126438715,1.2853644195827982,0.6205404398631188,0.2715066597730717,0.34410192706916654,0.25609910893758847,2.9009004224885957,4.997877726674462,4.026901606906301,0.9538862578428368,1.7615132972920753,3.05246691065295,7.711770250369063,1.2558614978150273,1.6791341785936331,16.989034,0.0,4.066527658157827,0.2930919969977978,1.4164794543935697,13546.999154691463,14130.628346012962,13980.839673147366,15286.165116934348
LOG00011,Idle 35,47.5,48.0,29.579684418145952,0.5129116896642996,37.939380712392605,23.607771203155817,69.0,1.67298367541478,5.1650887573964495,12729.444914060297,8628.57142857143,0.0,0.0,1.0189801089608763,1.2409336256565815,0.723312398787117,1.3111360557870868,1.6723265742090596,0.7118234919630548,0.7870227950991928,1.2934624348907857,0.43221031191811615,0.31897904495315094,0.3487473058260539,0.2674238675539386,3.1056580464227457,4.840925385858124,3.4844465174239327,1.3743339185417187,1.7003592747859908,4.42558457342847,5.398882198574334,1.1353934837189945,2.029300453861899,47.526708,0.0,3.8824836563529677,0.3135218436715703,1.545964970981713,15242.969850662159,12185.855170470555,9004.564666103128,14484.389969005355
LOG00011,Idle 35,15.5,16.0,28.676528599605522,1.4283483036014002,40.45144683285567,24.20899408284024,101.0,1.7797538095233334,4.625502958579882,12735.312764158918,8842.857142857143,0.0,0.0,1.2147817101994063,0.9334157145029979,0.728682804650435,0.9792212294570454,0.8419645231991252,0.7770206576101151,0.48196453283572094,0.4745035520269692,0.43287633865393077,0.31346429604133186,0.3824310841899686,0.27538346107498496,3.785696805256626,4.792958017153044,3.860134222162074,1.168351123031135,1.7909058161961187,3.0225973391366923,3.457832774306622,1.0832727033199299,1.5218975067104163,15.94314,0.0,4.1715138366716324,0.3267769115064284,1.5120165325110038,9605.184559030713,13045.843899690053,14202.817695125386,14087.404902789518
LOG00011,Idle 35,48.0,48.5,28.622879684418145,0.5709858522873626,32.54864133076219,23.626587771203155,60.0,1.603316449190779,4.672169625246548,12461.770921386304,7914.285714285715,0.0,0.0,1.1275636552529769,0.905582497291101,0.8072422878963935,1.018465529271577,0.7743353169525958,0.7753225082862726,0.4235753202879024,0.7016168891638649,0.3491483622145325,0.3140978726563005,0.3419610460197658,0.273214021261085,3.277675539427566,5.555082134133974,3.7242718190040085,1.092586932876512,1.4729280484097418,3.0842860620928976,2.8109394640602705,1.0226141638094595,1.2989561114247787,48.09594,0.0,4.30008895414051,0.31104165423932023,1.2967773983387891,14911.468019160326,12472.58382642998,8470.301493378414,13992.7303465765
LOG00011,Idle 35,37.0,37.5,35.758777120315585,1.8540261864995395,28.50322598917678,23.768145956607498,94.0,2.4415795836906224,6.849684418145957,14962.123133276978,11714.285714285714,0.0,0.0,7.512040796656549,7.113013043232,1.4627106064871587,7.493026577987737,7.034262326328247,1.2914747975126062,1.053715772490731,0.8406094330785141,0.5743541214127209,0.5475282782356655,0.6303362101022548,0.41293655386392275,3.2632677690741043,3.3154214244397155,5.232954879148504,2.895769605420659,3.87621191814087,16.21478128591013,16.849080649628114,7.315248166802711,10.451186041468265,37.203726,0.514792899408284,4.042472532230569,0.5377817248508912,3.421293647293042,14806.903353057201,13651.761059453367,15042.68808114962,16347.140039447731
LOG00011,Idle 35,33.0,33.5,29.362721893491127,0.5453143489995632,35.98446015886514,23.922623274161737,32.0,1.1779482316784053,4.488639053254438,12945.4494223725,11242.857142857143,0.0,0.0,0.7858573449310451,0.9123281164167911,0.6598284746065622,0.7220599686667994,0.8699897624890466,0.5943021294616766,0.2688511772721597,0.5283737156498295,0.3572779897933945,0.2600090104601267,0.27516574606596444,0.21286333540558774,6.120300665031199,4.885315998561025,3.2003333081711722,0.8439867719677242,1.1001988409803982,2.090176138968488,2.6487316007293322,0.8514441727402571,1.0815430756269158,33.056916,0.0,4.884210134694846,0.2507533136294745,0.9804976188015733,12615.666384897155,13301.437024513947,11947.78810932657,13916.906170752323
LOG00011,Idle 35,34.0,34.5,26.903550295857986,2.0526471144510956,46.87313331756411,23.896765285996054,28.0,1.5444811398486764,3.7938658777120318,12116.462383770075,9785.714285714286,0.0,0.0,1.0067801928672235,0.7992226507357294,0.612018998505603,1.0311794661912077,0.8738819263258578,0.6118967607432181,0.6842886861498381,0.5105339712670841,0.003936054803284572,0.2764253593158965,0.29433317458542985,0.24780889126998387,4.792719747026408,5.004670547658906,2.8483956988631682,0.9726348495930257,1.2639375435803133,3.126207853359452,2.720004060792885,0.9089453234927858,1.604507149094507,34.000187,0.0,4.32551530346168,0.2735277216462213,1.1277314983440616,12112.764158918004,12280.191603268526,10806.565229642152,13266.32854325162
LOG00011,Idle 35,14.0,14.5,36.29388560157791,4.487693240632819,33.47630168435549,24.11510848126233,74.0,2.9339245077665086,6.88145956607495,15473.21780783319,12685.714285714286,0.0,0.0,1.0681572292388042,1.7930786946756168,0.9279356599362619,1.197947408137872,2.063101988362562,1.5130396594426232,0.6969998932238165,0.6625779375179265,1.5110643319729282,0.2912249069933661,0.3617428001781527,0.26850227012794153,1.9580494722885355,2.689211719020282,4.031710325419416,1.0492235340050444,1.8750040117770637,5.331237260691277,5.665042115432616,1.4758202925279778,2.8815607521178137,14.104879,0.0,3.0177533339522062,0.30971130051381923,1.5192942553189162,15162.524654832347,15838.743307974075,14760.834037757115,16130.769230769232
LOG00011,Idle 35,24.0,24.5,23.565483234714005,1.0180675089966986,21.451747750585735,24.089408284023666,38.0,0.9828326540094979,3.357613412228796,10810.74246266554,8814.285714285714,0.0,0.0,0.5362773092924388,1.173439877603272,0.6259979217687686,0.440045450232524,1.1653794468542193,0.6006335352962636,0.2136429987817364,1.0374258401330476,0.21597094369471506,0.205992003362943,0.2540066604360669,0.2042004732770562,2.0010101676160446,4.93009653519303,1.9568740343967104,0.4994340513903169,1.0054399077299003,1.1842157167954348,3.0411380616570454,0.9122923048046392,1.3732643823770647,24.314146,0.0,3.2730846574101515,0.222598234705441,0.7938336663760416,10994.33643279797,10910.115525500141,9536.15102845872,11802.366863905325
LOG00011,Idle 35,5.5,6.0,35.81242603550296,7.468076928488033,24.714245939945602,24.29871794871795,41.0,3.0519059729659626,7.422406311637081,15077.268244575936,8600.0,0.0,0.0,1.5960828707027006,1.885042538549035,0.9565752538360786,2.8384577080819224,2.7868747782011254,1.3805407734116686,2.0571087928519844,1.9110274988627547,1.2664660049493914,0.5162101285561354,0.6003493720875132,0.28408459613380993,2.129566949181926,3.3558696087653876,3.1604665378193904,2.4490699509249514,3.473109005858177,6.456805348291051,8.061279111114924,1.7465488688109996,2.3972177949525357,5.582,0.0,2.9317494753564945,0.4856597997056249,3.0050315964309524,14969.23076923077,15470.583262890956,13882.24852071006,15987.010425471963
LOG00011,Idle 35,60.0,60.5,30.9534516765286,4.565910357814072,40.559902017769026,23.438757396449706,59.0,1.7399223210545445,5.042623274161735,13122.745843899691,10557.142857142857,0.0,0.0,1.3670876366751854,1.4656106053475952,0.531809502368981,1.0634311758207762,1.6230651489357868,0.5475325071469634,0.48771778517251974,1.1485573982298203,0.10495002909872012,0.3331681478063558,0.33397234566984635,0.2304382198246056,5.09952611612625,5.104186372286005,3.4554486663074866,1.1701151782122237,1.4523008382569431,2.7869801546912742,6.426799167121746,1.4172055342923073,2.4941913815132493,60.003186,0.0,4.618730367304058,0.30311731257104085,1.3187773229557074,13038.546069315298,13274.950690335305,12118.371372217525,14059.115243730628
LOG00011,Idle 35,9.0,9.5,29.762721893491122,1.009721429143388,47.7728804213414,24.545996055226823,68.0,1.7755792935110406,4.9365483234714,13293.681318681318,9357.142857142857,0.0,0.0,1.123789391569101,1.526445680093224,0.8537906327440834,1.334905777125003,1.421224463696453,0.9099518753834308,0.754784571532531,1.1915908935415027,0.6570866944209351,0.34089294661998165,0.38716515518623057,0.2745432446371125,3.4100375633451914,5.2334628099103915,4.1749464131113445,1.1771726109001306,2.0329040874092956,3.199790427062422,4.094543441710592,1.3403244030604151,1.9886739953189134,9.398085,0.0,4.337728542240038,0.3373815108654223,1.6610891584226979,10860.298675683292,13504.733727810652,14110.650887573964,14699.04198365737
LOG00011,Idle 35,36.5,37.0,28.841814595660747,1.3249044702059016,44.4322192565336,23.904457593688367,154.0,2.2323685286748676,4.905128205128205,12570.703014933782,8142.857142857143,0.0,0.0,2.1921307209900434,1.7285466754400298,0.8047792542915166,1.9997844584075775,1.648445857924502,0.7815323155905942,0.8900556022379522,0.7052997963303247,0.4781185486376975,0.37813323983441427,0.4699807753504412,0.321345604513223,4.746048919611657,5.387600998394447,5.023125850821515,1.7401985046642026,2.657559234945543,7.517500948641144,6.523965832031526,1.9739947703936698,3.275658390069285,36.999498,0.0,5.059084837479311,0.3946009265940469,2.2462092425773554,10376.782192166807,12948.520710059172,13817.30064806988,13140.208509439279
LOG00011,Idle 35,55.5,56.0,27.19368836291913,2.5095949219172997,12.487762831258884,23.660039447731755,44.0,1.520036157504235,4.0798224852071,12014.905607213299,9314.285714285714,0.0,0.0,1.887227248471315,1.285954328798502,0.4445667171985511,1.9959943711878543,1.2418280428402078,0.47213531431934874,1.0924651242383678,0.753452473005956,0.15445159017622379,0.2829644604363912,0.28750607873112594,0.24494921362197017,5.406292596309706,5.988187259388766,3.64426889753008,0.9740273347986442,1.3505732976808626,5.886835512152521,3.2139366142097123,1.6148227802344468,3.0560929911085974,55.672994,0.0,5.1110038833848215,0.2724755331104232,1.1774501011387934,12389.82812059735,12010.960834037754,10821.89349112426,12836.93998309383
LOG00011,Idle 35,58.5,59.0,12.114595660749506,9.66817018764865,37.072504068113496,23.520808678500984,115.0,1.9137670795019888,2.3577120315581848,6938.419273034657,3442.8571428571427,0.0,0.0,1.9922277806627442,2.5322638138401516,0.7327665870871455,2.2567504295494896,2.5882632679099244,0.6710573726576881,1.179299407305676,1.4773168962789371,0.3671013826514485,0.3102213158300049,0.40558981837336083,0.30886479062764366,1.5931602532076359,3.132253925055317,2.2914785813166483,1.0988513328313483,1.8821573008451895,4.983404411306313,8.691626930455818,2.2783032670090995,4.115627420787422,58.999819,0.0,2.422123609015995,0.34454696073389557,1.5411019364062328,7631.92448577064,6594.646379261763,5510.453648915187,8016.6525781910395
LOG00011,Idle 35,59.0,59.5,47.41501976284585,10.731638961593005,15.661513877013686,23.19857707509881,144.0,4.494704123742563,12.502826086956523,18021.238001129306,10771.42857142857,0.0,0.0,7.319139630006023,5.320879161639103,2.126361818123887,7.444367053826699,5.193423240697526,2.1962455345275167,0.8369037853267294,1.2654051160995086,0.6771621213680525,0.7820022202086909,0.7412735412534114,0.4800361530112899,3.3167990688317235,4.083971793534762,3.462687588649837,4.170105957583982,4.093348448183853,17.616242953884257,16.217335671576418,6.398498260384617,10.736167307593846,59.361943,0.3339920948616601,3.63639872263664,0.6810405380914251,4.131905445174574,19006.380575945794,16687.154150197628,17189.384528514962,19202.032749858834
LOG00011,Idle 35,70.5,71.0,34.85680473372781,1.6902225053789888,19.923818265081394,23.225621301775146,61.0,2.2121515075023175,6.089901380670612,14547.365455057763,11457.142857142857,0.0,0.0,1.6511255716248765,1.7872541200485261,1.0896937205056543,1.6535008698740639,1.8356418660816245,1.003346888176089,0.4770492253772087,0.7100265966335383,0.6023918249337368,0.47467640737238787,0.393075327543648,0.2909913723534915,6.291248500846482,3.1628430632163043,3.438435621757365,2.4407469597760625,1.993337997510954,5.435292661084321,5.576436760405411,1.7205366812282736,2.8764345925062575,70.578466,0.0,4.524239290271481,0.3934894677216793,2.228300035226077,15938.771484925333,15058.326289095521,12245.928430543816,14946.435615666385
LOG00011,Idle 35,53.5,54.0,31.491518737672585,2.0624919009210374,29.221959706236138,23.46467455621302,110.0,1.816164062105122,5.580788954635109,13480.529726683571,10714.285714285714,0.0,0.0,1.0805093184855674,1.5279506649243955,0.782160298996714,1.2651680384311557,1.8242395755379373,1.2752063750822813,0.8625364785342541,1.4797118256376287,1.0857223643801648,0.2872950736601836,0.32273747771318007,0.24814532873513975,4.301624876119421,3.912175674584056,3.825437336097302,0.9123406593956632,1.452469170961052,3.0563414206669415,5.14407799916938,1.3232788107154607,2.2169212785123436,53.884291,0.0,4.018418673062986,0.28767692703398273,1.212854519589798,12070.386024232179,13973.344604113836,13863.764440687519,14014.62383770076
LOG00011,Idle 35,74.0,74.5,34.68122529644269,0.8945726123281884,22.19220613623972,23.31986166007905,86.0,1.9694598295827122,6.399861660079051,14378.035008469791,10114.285714285714,0.0,0.0,2.6088618661904146,2.4609018685281456,1.184441940835309,2.62995065467233,2.576949275571699,1.1847553629463663,0.49679255420155255,0.8012456894023269,0.35151265781453156,0.39391445231514394,0.4789654678053324,0.34554651178256146,3.0767384166387224,3.6069820062171094,4.974278312522178,1.8457310055108573,2.6254355462765298,5.537868199020569,6.662383340716453,2.5359611830022013,4.620740560671974,74.052237,0.0,3.9673703804923077,0.40986945356532595,2.2693209063898894,11623.376623376622,14299.124788255223,15104.884246188594,16484.754376058725
LOG00011,Idle 35,32.5,33.0,29.44299802761341,0.5661082809807029,25.527100911138568,23.716311637080867,25.0,1.2846053313727752,4.567554240631163,12935.171879402647,11371.42857142857,0.0,0.0,0.6930270009518286,0.9848559120269406,0.8726170187875196,0.755082477328213,0.9582325800974457,0.9286252807295624,0.36935476784132065,0.4510639687952605,0.46463329321403424,0.2993380711625602,0.26060335337324336,0.24371593233969288,5.61481540297534,4.4148686328863604,2.7551799279866693,1.0153009331212761,1.128803988488333,2.4814896588585045,2.745266681376104,0.8515361388404789,1.1495619241752408,32.848735,0.0,4.419963555306523,0.2688957941365064,1.0735535452934104,12012.989574528037,13393.124823894053,12514.933784164554,13819.63933502395
LOG00011,Idle 35,33.5,34.0,32.75592885375494,2.269538448592967,42.918082736926465,23.87152173913043,36.0,1.728765195943888,6.109249011857707,14001.016374929417,10800.0,0.0,0.0,0.8911866831832647,1.2271875064974067,0.6779936530926408,0.9194103598962183,1.1969399784258903,0.686056388969734,0.37968769267201163,0.6162709258222373,0.279506950821317,0.31732861420158803,0.3389815465660738,0.2559105174729785,4.372859238991885,4.116973394521404,2.9215940685644437,1.2002754631990946,1.7172927071387665,3.0898917181738788,5.403665861531688,1.0724278251673889,1.7474941583553998,33.91036,0.0,3.8560376794798352,0.30610245085413,1.4815119691635623,14298.616600790514,14037.380011293055,12475.71993224167,15192.348955392432
LOG00011,Idle 35,65.0,65.5,31.4,3.1075082453742637,49.10143465072671,23.292051282051283,25.0,1.280441494291459,5.134832347140039,13493.160045083121,10257.142857142857,0.0,0.0,0.7047450065795665,1.3513718247196032,0.5118359145909761,0.677063314878093,1.067934659351575,0.5118359143303565,0.2062861654988814,0.7739654509564623,3.3594670615827538e-09,0.3092968812560371,0.3459918635760581,0.2526140429014504,4.873926787533214,5.674783982798565,3.1920872208905573,1.0839806556491398,1.6571021391125864,2.115967285720796,4.065780612884868,1.0776992467624777,2.08730741634702,65.371249,0.0,4.695663119923666,0.30506217130641894,1.4001788388047163,13246.435615666387,13901.972386587771,12091.152437306282,14733.07974077205
LOG00011,Idle 35,35.5,36.0,24.000197628458498,5.482615352839195,54.50908016959245,23.758023715415018,47.0,1.5136847907715094,2.6733399209486173,11317.348955392432,6471.428571428572,0.0,0.0,1.2600780731099428,1.1805457790309442,0.631266717537684,1.0210895059633485,1.1057679830517337,0.6769682768179343,0.6082857625814785,0.9136612413052948,0.425574271585578,0.266095801334646,0.2874205899302698,0.24209221517678703,3.124334672526383,4.417639151424644,2.541008370504382,0.8067399861916407,1.1842407467541314,3.9925820545670185,4.223733058399477,1.2209596812999692,2.246131377593173,35.950714,0.0,3.4512667412185394,0.26584846037607934,1.0132264188209046,10828.458498023716,12057.651044607568,9943.026538678714,12440.259740259742
LOG00011,Idle 35,72.5,73.0,27.734516765286,1.4053054983186135,36.10171112505798,23.292741617357002,84.0,1.5401193311209385,3.9469033530571993,12013.891236968158,9414.285714285714,0.0,0.0,0.96382479989194,1.0276153270137987,0.8086083450866011,1.023268525970366,1.008724820758277,0.9434379691895993,0.6158348218352796,0.8276601556462744,0.6837339285264634,0.25529740800850115,0.2846195218882043,0.23443438158988633,5.268044406146451,4.727898089982517,3.1902164163760607,0.8801699088857284,1.1942002501913134,3.0489109511702175,3.215470493271031,0.9962307727631222,1.2880511633852165,72.894978,0.0,4.482662638719186,0.2589366190448682,1.049002694482933,10084.192730346576,12910.763595378978,12741.02564102564,12319.58298112144
LOG00011,Idle 35,69.5,70.0,21.94437869822485,1.052217981715409,38.24500157010238,23.420019723865877,117.0,1.2233746158033691,3.0350690335305726,9855.762186531416,6557.142857142857,0.0,0.0,0.9974697991323834,1.014269003156323,0.6762537536508731,0.8197532048943188,0.930721032741348,0.6527493655474559,0.6284245014545624,0.7360814602102355,0.507059082874408,0.26564328708285057,0.3209180741704079,0.27120846068217697,3.371295912131786,7.6234870907999674,4.085986410461603,0.840276996883867,1.2697888106095163,2.8963011165607293,3.4478361278484573,1.0059044713452958,6.747562136231319,69.500124,0.0,5.359678985947672,0.28700104265026705,1.0766682532333953,11764.412510566357,9479.092702169626,7040.321217244294,11139.222316145393
LOG00011,Idle 35,51.0,51.5,25.677909270216965,3.44119164942894,21.562487499786847,23.56368836291913,55.0,1.592674191468449,3.668224852071005,11454.451958298112,7785.714285714285,0.0,0.0,1.9459010114737842,1.3516821675432615,0.75739319149991,2.52369112035455,1.3297194297907704,0.7931826905320472,1.6986563782622182,0.839519454157574,0.5924678091306338,0.27981642719413635,0.42888327397991577,0.2467809624232398,2.8736287702764587,5.53133060624268,2.8336693057704885,1.0042450134260033,2.1201586048206025,6.904533570519444,4.489303526589191,1.6753470429300827,3.260984852864663,51.22442,0.0,3.9531861546261395,0.3281965564728774,1.6588520965694686,12323.724992955762,12027.867004790081,9379.881656804733,12086.334178641871
LOG00011,Idle 35,56.5,57.0,28.11163708086785,1.6435045427071902,23.29246158291631,23.504812623274162,16.0,1.332628401533408,4.000138067061144,12323.408002254157,9942.857142857143,0.0,0.0,1.9278223164597186,0.7464674800180313,0.7157142382436851,1.6274777026596658,0.6955829259136237,0.664871672575745,0.6984392848994951,0.28745662992445653,0.36986880430979197,0.2793507433780925,0.30214775121421444,0.25008681714499553,4.559909443577197,5.2977338454464515,3.368786211559671,0.9452478857387544,1.120942681329936,4.175158998495973,2.4910094751181107,1.461798991408289,3.2568370576574313,56.701038,0.0,4.479861551804472,0.27801289988021194,1.0368235289384429,12692.617638771484,12273.710904480133,10801.296139757678,13526.007326007326
LOG00011,Idle 35,52.0,52.5,26.30256916996047,0.9219830193139483,23.695611423678425,23.64407114624506,8.0,1.268666040057216,3.966897233201581,11639.87859966121,9628.57142857143,0.0,0.0,0.5962150921016179,0.9514421879059767,0.6130907100142956,0.5490273821641917,0.7945086003709759,0.6518953410527677,0.21037017236210206,0.4620575365642374,0.343586125351582,0.24719543699192578,0.25323413833360203,0.21975880500449171,3.49361750447694,3.789012131713199,2.4968922289657614,0.6521410937465445,1.0780621238937778,1.6182018029587084,2.197735089971423,0.7939504622383728,1.4197118223398644,52.169579,0.0,3.3063800449498184,0.24050436258288066,0.8909281534240859,12330.434782608696,11463.862224731789,10219.480519480521,12545.736871823829
LOG00011,Idle 35,46.5,47.0,28.448520710059174,0.5401190432969754,31.125750020580245,23.46757396449704,53.0,1.4116480325657241,4.337238658777121,12344.139194139196,9257.142857142857,0.0,0.0,3.4366516769669704,1.5810132873064704,0.9315903655201492,3.657779051146435,1.87091194561811,0.8929711147285778,1.4152314027470279,1.4869165342767061,0.4129387412683031,0.26396164041772585,0.3427078213227362,0.2601145186029705,3.3268210046541653,5.196207494878384,3.461577874533241,0.7808802841687762,1.5534821770868328,7.566014534540866,4.8431003811375986,2.6748997890986033,5.859280532528671,46.890301,0.0,4.084557573279163,0.2914240674091328,1.2294472117032835,13526.232741617358,11993.97013243167,10493.378416455338,13362.975486052408
LOG00011,Idle 35,48.5,49.0,27.04418145956608,0.06106121521385269,27.641645819544646,23.565128205128207,51.0,1.3581579613931891,3.9404930966469425,11886.37644406875,7600.0,0.0,0.0,0.6657870101236646,0.7644825252944475,0.6760417835342916,0.5596819062450682,0.705379710789985,0.5936957548611912,0.4659943145875348,0.5992339388086608,0.3631874395666982,0.3201206056150229,0.3380924793252988,0.2766721150789617,4.719428418708612,6.100369800324508,4.1902645891667385,1.124663327620417,1.3496461200211725,2.222797427199983,2.641274571290676,0.7168353626635559,0.9924240682886246,48.514259,0.0,5.0677356425149895,0.31269323944185456,1.2422584774881662,14122.316145393068,12070.611439842207,7911.806142575373,13440.772048464358
LOG00011,Idle 35,47.0,47.5,27.950395256916998,0.8437223670762649,37.45577801086375,23.498478260869565,61.0,1.479300891356031,4.57600790513834,12227.23743647657,8914.285714285714,0.0,0.0,0.950627025117468,1.6320163848851812,0.9110444872646902,1.2401524459010964,1.9792332028127075,1.1954363756448454,0.8478470385556227,1.485519020712932,1.1524310191084532,0.2655823851762488,0.34166535447109003,0.2634853429557907,2.0498173003899613,4.590052669080981,2.463169157636088,0.9164784944063105,1.7484162685880358,2.4243494706273734,4.12166741653061,1.3355091204138934,1.9356783045766597,47.499041,0.0,3.232003339986161,0.2925142410859636,1.3958675221833499,14202.343308865049,11424.308300395256,9397.0073404856,13885.290796160363
LOG00011,Idle 35,64.5,65.0,35.02169625246548,6.767537862499235,44.006575475120535,23.3214990138067,53.0,2.8300290521404303,6.154812623274161,14868.751761059453,11371.42857142857,0.0,0.0,0.7893521586051383,1.0206860547824854,0.576136575787492,0.789383646933166,1.4455160503743532,0.57613665703539,0.04959998069270469,0.944647469508136,3.512261181455217e-07,0.28270384203398213,0.3447655617975918,0.2568314941133296,4.631411152257322,3.8976031592505236,3.3412631559670443,1.0502117681117742,1.4975423138489148,2.2334201755319962,4.480287747873738,0.9123806367744842,2.4299316757335245,64.500085,0.0,3.9918800552152547,0.2970674285247202,1.2933633943421357,14611.608903916596,15222.485207100592,13590.307128768667,16050.60580445196
LOG00011,Idle 35,39.5,40.0,23.621104536489153,3.398916227507895,27.541763371917998,23.7279684418146,93.0,1.5332794753581107,3.78422090729783,10470.343758805297,7314.285714285715,0.0,0.0,2.4123586930178416,2.151603561356799,0.7476511995148558,2.4305433378260544,2.4341407351083184,0.6778167742062997,0.16339237792338937,1.1440098368911502,0.32584227814198463,0.37047961100113935,0.3706020730152645,0.2861969849537601,5.164443662718895,5.087024395350479,2.8177117956216082,1.5157557455871873,1.8779326180044942,7.7213554113614125,6.4312476818703015,2.285702556001328,3.1329337327736932,39.763981,0.0,4.49031533070427,0.34472682561094153,1.7064797681258603,11040.15215553677,9437.137221752606,10412.87686672302,10991.208791208792
LOG00011,Idle 35,63.5,64.0,31.744773175542402,2.539235953713156,20.772566237573116,23.42984220907298,45.0,1.7657473361413665,5.111538461538462,13516.314454775995,11514.285714285714,0.0,0.0,1.7600158871908353,1.1506809090643544,0.6178346142639153,1.954039301023774,1.5336837427461796,0.5782928814981992,1.551012374256717,1.1034462356237351,0.34565627165346624,0.2607680158448384,0.31126800856440745,0.24292241591124633,4.373584341893514,3.3634274322200053,3.4085450546513045,0.7836025154325105,1.4360747899813855,4.861595260947,4.829233791587098,1.486896512479821,2.692643363246155,63.900236,0.0,3.744287358855445,0.2731904289413416,1.1567937812359295,12644.744998591152,13655.42406311637,13296.506058044519,14468.582699351931
LOG00011,Idle 35,46.0,46.5,30.585009861932935,5.817267717591102,23.867278306977635,23.540098619329388,45.0,2.8035805305492874,4.886193293885602,13276.8315018315,8814.285714285714,0.0,0.0,1.4838482161185023,1.533783939371694,0.9101357593830502,1.6287589396205302,1.671146869862876,0.909915810091676,0.8895945446055138,1.0464084387806063,0.14072809616912177,0.40639758915256985,0.3795054391332054,0.2671983016614852,3.5846478100346517,3.9111050703491097,3.0496456042298363,1.885735867400231,2.032363330071869,4.585157427946532,5.512045264511859,1.5090226474696493,6.12755432512652,46.000373,0.0,3.533024252426198,0.3561733244791035,1.9604209327361966,14463.989856297547,13355.84671738518,11245.928430543816,14041.561003099465
LOG00011,Idle 35,59.5,60.0,38.28145956607494,4.208797426692937,28.9312516601934,23.203037475345166,68.0,3.7964325635294616,6.903688362919132,15767.082276697662,13228.57142857143,0.0,0.0,1.6331358221426844,1.601448221038897,0.7391661175756702,1.8424439332294147,2.117107043813978,0.7390965830424833,1.0694552379810156,1.8039975061366484,0.23352650608625772,0.3429610294795589,0.3595622499238641,0.2848639311686791,2.067769712495424,2.3593965279872524,3.961810127572663,1.4380228926882932,1.666334308510768,5.376367309232785,9.690170704586357,1.6173696266213096,5.804754845456991,59.500023,0.0,2.9176681926456856,0.3306835035664082,1.5563707571808953,15930.262045646661,15616.737109044801,14703.35305719921,16817.976894899974
LOG00011,Idle 35,64.0,64.5,34.455533596837945,6.658123735092053,28.55967309349344,23.366422924901187,48.0,2.7747776286063197,6.621996047430828,14058.159232072274,11100.0,0.0,0.0,3.6169994656305753,1.5437087967765117,0.8262325876761584,3.8569936197626644,1.8680957239315215,0.827521472333682,1.2011612198721975,1.1874511493275401,0.014076525829484477,0.30225055076538143,0.36592542785339444,0.249142695669206,3.98920525967484,4.284303879280854,3.15517502872261,1.0842358699802093,1.5938377468443181,8.822245508388251,5.029556907695452,2.7808022209082988,6.409482150091892,64.300795,0.0,3.839450819918263,0.3094774612110899,1.3630638622268427,13525.183512140033,14556.860530773576,13261.998870694524,14888.594014680972
LOG00011,Idle 35,60.5,61.0,37.47810650887574,6.532049190847684,52.134484401042684,23.291025641025644,21.0,2.2456169882933223,7.23603550295858,15500.14088475627,11557.142857142857,0.0,0.0,1.225625408188105,1.851992041551677,1.161391308816392,1.4827261345366702,2.896500156786263,1.4053774766224845,0.5608769689985512,1.8298823298380849,0.9671639119743961,0.44822455371730213,0.35605416272398555,0.32695550766685005,3.8613828987390617,3.24524286498963,3.912425374418118,2.065412590879775,1.5768200436919109,3.7456088689045695,6.18182741089292,1.5703553997689517,2.6851417298354394,60.791479,0.0,3.6855099807141722,0.38060465986893394,1.837428994648945,15367.652859960552,15803.663003663005,14016.708932093547,16812.538743307974
LOG00011,Idle 35,29.5,30.0,32.314201183431955,8.141591874289306,69.51633752870306,24.0207100591716,88.0,4.078710608986288,4.489191321499014,14621.090448013525,11371.42857142857,0.0,0.0,1.288961354915606,1.4154576565446644,0.7630309599705987,1.2038443373488958,1.3800816347873155,0.903329285664619,0.9990420013661815,0.5651541361047615,0.6122426869765148,0.2827267851286744,0.30613554509562424,0.23726584481242707,6.43089260433699,4.734371051594754,3.4291059661754004,0.9828198273079413,1.3566770148760758,5.412929221903906,4.783889795752957,1.3536878798188283,2.647619861673957,29.500058,0.0,5.017616189319199,0.2768564538497314,1.1845900842997699,13714.567483798253,15514.426599041984,13877.768385460691,15377.59932375317
LOG00011,Idle 35,30.0,30.5,32.25404339250493,0.9557252077209762,72.4046425029813,23.854398422090725,97.0,1.8038778098777535,5.251696252465482,14041.976613130459,10042.857142857143,0.0,0.0,1.0135763991568083,1.3239850185684283,0.8604516064193055,1.0635214518680223,1.417773428618991,0.8582007226327345,0.4415853585737702,0.8496374603590122,0.4857100450245052,0.32403166614583007,0.3674433293736873,0.25894353916375,2.266339571730354,3.0414518779070123,4.614519872639093,1.3358097940397293,1.9277384831082018,3.3079904457169516,4.15337129289532,1.1790405943650377,1.714705127523536,30.000299,0.0,3.4486962867628748,0.3199285740292205,1.6583973385634663,11606.508875739644,15389.039165962244,14666.83572837419,14505.522682445759
LOG00011,Idle 35,62.0,62.5,34.02859960552268,2.7617474764554295,65.06277338736278,23.369980276134118,114.0,2.4983891542682377,6.518540433925049,14016.57509157509,8671.42857142857,0.0,0.0,1.9484933333534302,1.5199993970009356,0.885388028466353,1.8301296037732868,1.5774100987429747,0.7539350604886149,0.49998151764378257,0.6666268202318316,0.5631191943576631,0.37831894138661454,0.49137791424591876,0.3150081926766222,2.279361509908518,3.1955958418955297,5.920776127089809,1.6633192909072316,2.8069662560408393,5.4067311397328615,6.320343785121991,1.7474301755729713,2.979741110769877,62.402602,0.0,4.101337652714013,0.4015833817419698,2.3071292363081937,10255.029585798817,15136.489151873768,16045.167652859958,14629.613975767821
LOG00011,Idle 35,70.0,70.5,32.17613412228797,3.733795025396534,31.62531311040267,23.224003944773173,91.0,2.180280925953502,5.847376725838264,13312.799380107072,7285.714285714285,0.0,0.0,2.0644898872722117,1.8010174379007005,0.7343159240380202,1.9472488266394714,1.5733300725513484,0.6462030061556939,0.5818455171326067,0.7401681627576273,0.4611038765144668,0.48523248188227946,0.5716796690778025,0.3272740104628935,3.7549332049527466,5.632215989962629,3.7232692657193582,2.4600372277281175,3.204853361050636,5.544156616098289,6.458943312798829,1.9372380218072887,2.8306516900747,70.465995,0.0,4.46034805653467,0.4723616141033649,2.8568223805170145,15635.587489433643,12970.498732037197,9944.096928712313,14701.014370245139
LOG00011,Idle 35,90.5,91.0,28.599605522682445,1.2594885793323072,29.621418905258047,23.259428007889547,36.0,1.4784816803556744,4.504260355029586,12227.04987320372,9542.857142857143,0.0,0.0,0.9172457843462508,0.9889467471606167,0.622255057067121,0.8920769412593844,0.930057131375185,0.5652804083778434,0.34687462360074545,0.628087946494773,0.20088395054621633,0.2736003596923416,0.3319357302246439,0.2651804990536573,4.1873654012304655,5.971409568579908,3.382153763189791,1.0030575664321113,1.5320833967281662,2.7813126752018835,3.0,0.9537702809430929,1.2264976616380168,90.551969,0.0,4.6415056938098775,0.2917528536860682,1.294875286679537,12887.743026204565,11905.212735981966,10910.143702451393,13205.100028176952
LOG00011,Idle 35,43.5,44.0,38.57573964497042,4.51861187199891,11.721974037168263,23.55550295857988,26.0,2.990833663437312,7.911262327416173,15706.191885038039,12757.142857142857,0.0,0.0,1.1199820147579602,1.2801050147026587,0.950477161959669,1.423844742535527,1.1284746543956525,1.0098438347568501,0.5303386111194064,0.4601940765463564,0.5560786133537258,0.32050293121694645,0.3333887911814576,0.2513799470595999,2.4016095673418336,2.1028649654696405,3.700624661144921,1.402297531319479,1.575462621866637,3.363277728774097,4.002957486540827,1.2027112209604174,2.0470264193685166,43.662088,0.0,2.8216066616747173,0.3038980600945957,1.4913954605073072,15944.040574809804,16064.243448858835,14083.319244857707,16733.16427162581
LOG00011,Idle 35,88.0,88.5,25.744773175542402,0.32784530229824643,30.183821051263557,23.225305719921103,22.0,1.0682310484087343,3.747554240631163,11299.802761341223,9671.42857142857,0.0,0.0,0.9657481069858349,0.8553479723620345,0.6696637672605813,0.9621925802614852,0.7792121132735456,0.6114405592720124,0.4445536183628932,0.4270158555943096,0.23398287612058594,0.21125033588486475,0.2546879618875147,0.21368495938199955,2.5155471793173247,5.638757090861796,2.497592253305946,0.498128223034491,0.9923805871890741,2.0137593760073704,2.6021535611524813,0.9122196994064993,1.2029769598443023,88.490029,0.0,3.845409653291805,0.22741586298231342,0.7851595240501227,11520.231051000283,11460.185967878277,9980.44519582981,12238.348830656521
LOG00011,Idle 35,89.5,90.0,24.92603550295858,2.5377684878940046,32.58725412223182,23.17394477317554,26.0,1.2753652946912717,3.3777317554240627,11049.12651451113,8514.285714285714,0.0,0.0,0.6310164652166977,0.8511269332014694,0.5266823902683948,0.6236601239179377,0.8026105640424775,0.6234354373446794,0.18824193357003702,0.3008063657055626,0.41670748109521516,0.21579924243423812,0.29256703641304094,0.2345439805007189,3.7982501378206592,5.468724783009919,2.412098114054905,0.5860045987861225,0.9688728402119866,1.6847149016384824,2.2810427042342796,0.7491991843947491,1.2617278914383383,89.999476,0.0,4.088678359143648,0.24978368149248814,0.8006609676695019,11382.023105100026,10844.491406029867,10069.653423499576,11900.338123415046
LOG00011,Idle 35,90.0,90.5,21.795660749506904,1.0723809466654264,31.367399349535628,23.28852071005917,27.0,1.0329745351675255,3.0909467455621304,9772.280924204002,8057.142857142857,0.0,0.0,0.7213714077147102,1.0643023576297477,0.6296996328251508,0.6610658086353279,0.94439378809806,0.5353661357769707,0.26685061516779995,0.3186886912982808,0.28083783432894893,0.2521977793631273,0.317089971331747,0.2848420001430097,2.2883941857542767,5.182134992789221,2.565676920489293,0.6891488214235576,1.2612392124190437,1.7445321736588772,3.0531130037728222,0.9091524119542728,1.3501823357375087,90.090243,0.0,3.590448862060561,0.28593981585893863,1.0162800915625791,10222.62609185686,9570.865032403495,8491.772330233867,10803.86024232178
LOG00011,Idle 35,78.5,79.0,29.72820512820513,4.69335563469688,27.43166643894873,23.196134122287972,17.0,2.260696997304149,4.894654832347141,12446.63285432516,10871.42857142857,0.0,0.0,1.1599173066706885,1.0624122784088668,0.7719731492908327,1.3843109461034901,1.009638146399194,0.8378044181312524,0.5716641046851116,0.36853055402529655,0.3806046509310197,0.33807482927167715,0.32455219234502963,0.25659657079833553,7.321718532370951,5.900957524388772,3.327128988215023,1.278637455587693,1.4890731422480994,2.929143502255349,3.164148277108174,1.1122337900882402,2.347484673977733,78.999961,0.0,5.7590117577041955,0.308475021078695,1.38784951738227,12460.270498732038,12497.858551704705,11897.266835728373,12931.135531135531
LOG00011,Idle 35,98.5,99.0,29.960079051383403,3.00642053289761,27.708956626366767,22.98,16.0,1.9622067299168011,4.336600790513834,12797.74844720497,10014.285714285714,0.0,0.0,0.96415327393685,1.0135748560025846,0.4752659818771858,0.9178566336469388,1.1879320953214427,0.47522675864009634,0.4181079110224028,0.5703480126293842,0.00020163558676949413,0.282610064305761,0.3315214186336678,0.2316808179980856,4.12949470964571,4.617013599341035,3.1994007964113935,1.055352737606639,1.4970078563554658,2.925288405091783,3.7849817643578865,0.989172766599396,1.6911257888905653,98.533503,0.0,4.025158654826327,0.28486891774290857,1.2951451507000697,13328.684359119141,12656.521739130434,11057.396950875212,14148.390739695087
LOG00011,Idle 35,89.0,89.5,28.24201183431952,0.5325224628407411,33.58444138535487,23.132958579881656,18.0,1.429614956375468,4.300729783037476,12163.708086785009,10900.0,0.0,0.0,0.6833641085361675,0.8016486748061603,0.543140639582493,0.6830177564375712,0.7824096368262622,0.5428890193032183,0.0024640634736375236,0.3645541465726388,0.002807062945130933,0.24543680228033396,0.2994953216684546,0.24495361122402023,5.40608344526138,6.428252150330571,3.087568832269509,0.853960744898676,1.4779469659139517,2.0616724028436093,3.335600806693954,0.7448580746202271,0.8857772634541433,89.322673,0.0,5.166599307712338,0.2645366661835842,1.2069747693887716,12553.67709213863,11858.833474218089,11418.540433925049,12823.781346858268
LOG00011,Idle 35,88.5,89.0,26.95118577075099,0.9145770405590151,33.0376939333234,23.216778656126486,25.0,1.3887990042953173,4.1276086956521745,11666.44551101073,9971.42857142857,0.0,0.0,0.741005412368784,0.9377077255462475,0.5766197135909128,0.803496472734757,0.9705318328062656,0.5775944429400254,0.3114937993604584,0.5360760600325722,0.009615140193271395,0.25512157315445555,0.29972520777908657,0.20528274505229832,3.6494063765077622,3.8815885691997343,2.401570845929073,0.7092423050609807,1.1274701620924656,2.093184875948894,2.7447398488644903,0.8450990473633692,1.199185033873602,88.765247,0.0,3.3740400733371083,0.2562961975808639,0.9418634756951307,12286.815358554488,11372.219085262564,10464.398644833427,12542.348955392434
LOG00011,Idle 35,94.0,94.5,19.96646942800789,2.0210284941372456,22.884526216119742,23.185404339250493,52.0,0.7803941234693894,2.45879684418146,9195.47055508594,7185.714285714285,0.0,0.0,0.7536983182289833,0.9351918784770588,0.5071562066054656,0.6191488911903953,1.1573868508194516,0.5465486695496915,0.5849429843767217,0.9417360081461285,0.33867888299361554,0.20827205938388593,0.25603504843288877,0.21474354656236858,1.23520690092806,4.4237567565323195,1.6601080930991414,0.5083992623536793,0.7257034792809242,1.3572800274734407,4.457115402592978,0.8493070718152087,1.5923256890742212,94.021822,0.0,2.819652390504836,0.22733674547993105,0.6265442321984154,8683.150183150183,9325.979149056073,8913.440405748097,9859.312482389405
LOG00011,Idle 35,51.5,52.0,25.63372781065089,1.5400845633932285,21.373355141556818,23.631479289940827,28.0,1.300955087770565,3.9689940828402372,11367.173851789235,9057.142857142857,0.0,0.0,0.6565733565417375,0.6093379106417351,0.5604437013645741,0.8822014095996459,0.5283357567023351,0.5569367087392761,0.6913993924896015,0.2691787598576544,0.057095163555081,0.22609717149521238,0.28382180197950396,0.22264092328568091,2.880984276275041,4.603132425226493,2.207373083190654,0.6438315864516443,0.9880310904245411,2.673561107228118,2.0773978564645224,0.6333961090288281,1.1203748914172524,51.501653,0.0,3.38434604479261,0.2457937665052613,0.8338838490336493,12190.363482671175,11359.368836291913,9700.028176951253,12218.934911242604
LOG00011,Idle 35,86.5,87.0,30.146942800788956,1.1323491155163659,11.310655438062938,23.138402366863907,47.0,1.4410188976322031,4.630769230769231,12868.913778529162,10271.42857142857,0.0,0.0,0.6517558866601394,1.058600410906825,0.5808163478038384,0.6842923266808205,1.4217213150614798,0.5808165981463915,0.15724369957388787,1.0386063432348789,3.835778104458354e-06,0.2506290265909332,0.30369746272989573,0.21757963687460313,4.715064489340335,6.746626601100829,3.906743307047399,0.7917955289667772,1.3681060857820961,1.882128133692571,5.6923076923076925,0.8790394091757899,1.6626116215260387,86.875915,0.0,5.260273975769678,0.25973573507251524,1.1177330677862642,13396.027049873204,12798.84474499859,11351.42293603832,13929.360383206538
LOG00011,Idle 35,28.0,28.5,28.249112426035506,8.609270621390108,14.628577388131767,23.868224852071002,83.0,2.773463375346945,5.124201183431953,12298.358692589461,8371.42857142857,0.0,0.0,1.6401778810855736,1.4817707438450467,0.742442116813886,2.4080147523172974,1.7814515987327224,0.7403056319001483,1.5716857816147711,0.8942965642005425,0.04280377584336443,0.37546441421318133,0.6530472790193679,0.30522793624850986,2.7096029760017757,3.9604753097859677,2.5214823255834253,1.6643005699208953,3.6435699686599157,5.202790936658131,7.578777594209056,1.562982408557029,2.111287505753124,28.22725,0.0,3.1297063805417666,0.4692577003600376,2.8324458073862107,12664.637926176385,12516.455339532264,10411.91885038039,13600.422654268808
LOG00011,Idle 35,87.0,87.5,27.248717948717953,0.7854277678025141,18.319595052633108,23.116153846153846,46.0,1.08597756730405,3.8262130177514795,11822.823330515637,9585.714285714286,0.0,0.0,0.6109444910804613,0.7067345778204227,0.5471336903560025,0.531271062430445,0.8373387710956608,0.5627788366032405,0.24568489666602575,0.6650125154400056,0.21152783375337547,0.22579053376594047,0.28603780666100775,0.2214469699363716,5.511592474869764,4.243203139790399,2.8708545027165804,0.5694372491059996,0.9962343013866237,1.282564000041005,3.851278637029454,0.6605781311353619,1.338062653325161,87.000226,0.0,4.344507262829551,0.24619623099724644,0.8114005065097945,11999.098337559877,11895.069033530572,10425.16201746971,12971.963933502395
LOG00011,Idle 35,92.0,92.5,23.863116370808683,0.5981897018477423,20.291186707938884,23.240729783037477,10.0,0.9144445419723481,3.16534516765286,10591.258100873485,9114.285714285714,0.0,0.0,0.5756510080998798,0.7051906970912303,0.4448317564288842,0.5103567176747127,0.7120281627784281,0.44852455752958986,0.330387632823833,0.43213245064903494,0.04309139099021087,0.20774485092609732,0.2187953555188436,0.19605361163521828,1.4358236312747004,3.647088277462058,1.5781876233267964,0.43698573521844036,0.6917103352951159,1.2089410496539776,2.0122896572547107,0.6436878134586762,1.0769874583821022,92.012129,0.0,2.439502584418247,0.20773889807330786,0.5785411483803389,10601.80332488025,10655.05776275007,9656.635672020288,11451.535643843337
LOG00011,Idle 35,56.0,56.5,27.889743589743592,0.8980876754055356,16.9160661436137,23.517416173570023,40.0,1.3430910490847565,4.034201183431953,12194.907016060863,10328.57142857143,0.0,0.0,0.7024069297064495,0.81444815086926,0.6496206322539524,0.6249712300478686,0.9576417110211777,0.7619890383110751,0.34780191922945614,0.8998329277164924,0.4739921171545912,0.26740220513909574,0.3123363058518585,0.24762696753566626,4.424215961531133,5.661683322417069,3.1886129742751264,0.9569322145017329,1.412043014858853,2.1024077490332997,4.735405274775413,0.7604936835220916,1.2479415994044853,56.000546,0.0,4.538560624152334,0.2771143099380631,1.2061477394919058,12606.621583544662,12114.48295294449,10955.452240067623,13103.071287686675
LOG00011,Idle 35,68.5,69.0,29.296055226824457,1.7035593961700852,30.177283047375195,23.26996055226824,41.0,1.677829371150982,4.509783037475345,12657.438715131022,10714.285714285714,0.0,0.0,0.5329168483307012,0.694447156665141,0.5384331998900281,0.5330925488343116,0.9532692026443816,0.5365845602943021,0.03659824847539913,0.6793437865145089,0.03723723254394645,0.2637469605005435,0.2949289866765938,0.23710698071749964,5.612189005509784,6.018382362963023,3.209328396424065,0.9011696351046541,1.1952150396761723,1.7200522903844535,5.424031558093598,0.6189738365371453,0.9010480760505206,68.616139,0.0,5.099587579941575,0.26631140084515487,1.0584530462667607,12827.669766131303,12637.278106508877,11614.933784164554,13549.873203719359
LOG00011,Idle 35,72.0,72.5,30.83925049309665,1.1194082291135148,32.049334421278395,23.306193293885602,53.0,1.3302582606199105,4.880749506903353,13201.03550295858,10628.57142857143,0.0,0.0,1.1339023992427382,1.1857591119131525,0.8487957160056475,1.1206452689143422,1.1130889953309202,1.0408531444253872,0.6618638408870272,0.6430961369136359,0.8745785769316969,0.2751474506876902,0.2707396250894119,0.23613809369137514,3.4831858259393065,3.310898115020401,2.205112388423793,0.942537289715809,1.1048042645472318,2.804968823110041,3.1917670224874284,1.16012053737823,1.6194762302661827,72.200419,0.0,3.0527119348567333,0.2612580228469466,1.026880958404277,12301.746970977742,13898.760214144831,12865.511411665258,13738.123415046493
LOG00011,Idle 35,73.0,73.5,29.541617357001968,0.5204911081121214,35.34896447937477,23.163885601577906,99.0,1.731118039496947,4.494319526627219,12717.758523527755,7685.714285714285,0.0,0.0,1.214088019331175,1.086031314893326,0.8560846163149359,1.2288465270013613,1.0129465948716394,0.7545350801332646,0.5705020167041547,0.5616213263878742,0.5288177312616177,0.3381303166177962,0.40862567803027705,0.29638043378736467,4.19748616099355,5.710914200260831,5.516685873999693,1.1903037486140753,1.969741253584777,3.6834830442501163,3.707766782952413,1.1518406434078503,1.9604289880398327,73.454414,0.0,5.185468609709925,0.35078408235159003,1.6273757433423985,9345.67483798253,13333.671456748381,14080.586080586083,14111.101718794025
LOG00011,Idle 35,49.5,50.0,25.038339920948612,0.43283285424129475,23.984160218541003,23.380691699604743,48.0,1.3038175503575495,3.986403162055336,11128.006775832862,6457.142857142857,0.0,0.0,1.152019496793906,1.095120818449674,0.5360643108260784,1.1428960136549478,0.9257293779766668,0.5668783318354428,0.3350765958412379,0.5464144566131428,0.29288330780631894,0.27863377094682923,0.31876292260870026,0.28011786286235496,2.4696383869104532,4.400234967759231,3.1043489065045877,1.1070226441395477,1.4374524854638322,2.9327104381159064,2.9357413161071966,1.1239302754163998,2.137538012814385,49.999135,0.0,3.4204367979791206,0.2930941806750084,1.2829202591361362,13726.651609260305,11585.798983625073,6707.0299265951435,12492.546583850932
LOG00011,Idle 35,85.5,86.0,27.74043392504931,7.194664512320581,28.834616302694247,23.137179487179484,97.0,1.962067662136865,4.83680473372781,11541.152437306282,6071.428571428572,0.0,0.0,5.446932901867651,3.608488530428637,1.0561186790024144,5.522339880813626,3.732078970314706,1.3042531402822808,0.992486485805828,0.6218825309015401,0.9980804864475075,0.47615527059831414,0.48757087187747,0.34523085405343573,2.8168841306006978,4.0100536016554695,2.800076469168325,2.4004438069501,2.846943501445895,15.016361884969177,11.036786257220621,4.620079410122914,8.602891217853912,85.943587,0.16765285996055226,3.2586190493607456,0.4410720044816473,2.6331746780977237,11473.034657650043,13257.25556494787,10294.646379261765,11139.673147365456
LOG00011,Idle 35,54.0,54.5,25.82879684418146,1.8738939228443217,24.142740704966002,23.618658777120316,100.0,1.5704349451105388,3.445542406311637,11576.901944209636,9257.142857142857,0.0,0.0,1.3117530594969353,1.3444849567038257,0.9247417519931291,1.3462453674442922,1.412281027317723,1.1210696334049477,0.7713184732717322,0.8239061055545893,0.9048426846635871,0.3027652681713828,0.30953209364223605,0.2632591542327372,6.040380486124731,4.6036083716485585,3.209366871534365,1.2040098994441644,1.269152138052236,4.230536124114283,4.574390594348573,1.328219840218941,1.8904195235425572,54.340101,0.0,4.760232563393356,0.2925646976270214,1.2370099004215995,10535.981966751198,11198.70386024232,11854.353338968722,12718.568610876302
LOG00011,Idle 35,71.5,72.0,29.272332015810274,0.9709746623387462,25.474673376603363,23.25371541501977,80.0,1.5266768226257965,4.303893280632411,12580.51948051948,10328.57142857143,0.0,0.0,0.9701754010989971,0.7752583876986608,0.6635821750420076,1.1163786274311571,0.7484603825269147,0.7842235007313826,0.6232512592798841,0.29706826119122287,0.519967828480154,0.296077073117442,0.2813141056377116,0.24536629126919435,5.628228300393014,4.994607109781808,3.5971328635835382,1.087622363432004,1.0885221873509396,4.0707672796488,2.3861424704589758,0.8781417529632463,1.6751687465854197,71.500927,0.0,4.815337261317582,0.2750780956672339,1.0880723684095397,13017.080745341615,12518.181818181818,11335.996612083569,13450.818746470919
LOG00011,Idle 35,63.0,63.5,36.382051282051286,4.519309146438008,28.224365386706726,23.34639053254438,76.0,2.575783701031496,6.6267258382643,15068.230487461256,10357.142857142857,0.0,0.0,2.9676924221027576,2.7115269218993343,0.8952969788299833,3.0326279993112144,2.948657672904818,1.0405752616652106,0.6168931213022636,1.397231129378815,0.7396919801951405,0.4430395089221813,0.4992765211644567,0.307139991499693,3.292758491197538,3.8974975289022047,3.7620818847614985,2.1810990632794285,2.7217797508108235,8.125009482622293,9.888031934738393,2.842496839082766,4.946549804749908,63.080385,0.0,3.6599638239014927,0.42422322167718934,2.4663006848073312,12906.142575373346,14536.601859678782,15402.395040856578,17427.782473936317
LOG00011,Idle 35,50.5,51.0,29.95700197238659,2.290983373692734,23.332991686068823,23.325877712031556,58.0,1.7590167180492717,4.971696252465483,12997.245703014933,9057.142857142857,0.0,0.0,1.04475947766781,1.2460085610425333,0.6857210767631795,1.0411918413650978,1.2999707352375351,0.6539419605249854,0.3963925582599271,0.4205386098922807,0.46604167976870653,0.2945583794984981,0.4095638773672628,0.28448143797223996,2.7641525811325627,5.781039961417048,3.5474260553567825,1.0411475429659485,2.204351895949793,3.324050189857891,3.75665090679224,1.1497955688660482,2.109297578387709,50.54762,0.0,4.228679626294195,0.33438346107806666,1.7238264830605023,14205.60721329952,14198.591152437306,10247.6472245703,13337.137221752606
LOG00011,Idle 35,28.5,29.0,33.04595660749507,9.563874254274193,29.549333567416618,23.846785009861932,34.0,3.1963302744846374,6.51500986193294,14008.819385742463,9314.285714285714,0.0,0.0,1.1356064958455658,1.1417316053019875,0.7466737462308994,1.263090595807935,1.4971109519067247,0.8049880589393116,0.869403408046183,0.9308875925555705,0.4701955119066927,0.5660779853158585,0.5909938922209423,0.3501291152776878,4.580264752384865,4.555571919507067,3.3791949837952764,2.677874015868453,3.2413682017916083,4.065295465145788,5.401804067113799,1.138673169077084,1.7200284915806787,28.625865,0.0,4.209157455447492,0.5139093511073901,2.973001603131859,13991.969568892646,14291.377852916314,12407.579599887295,15344.350521273598
LOG00011,Idle 35,79.5,80.0,31.01597633136094,1.7304105564055814,37.86698601252685,23.050927021696253,106.0,1.884237359683637,5.329585798816568,13044.498450267682,9457.142857142857,0.0,0.0,1.3122797394817767,1.1594308882168929,0.8615922967180757,1.2130028551273357,1.254410095358317,0.9671290033664833,0.43497542604688016,0.4002688238866769,0.7107411611293873,0.3244445620378635,0.4067910963425921,0.2649417108672453,2.790797843917784,4.3591987592407015,4.60505477483782,1.2928518194207446,2.092654389701032,3.6668459701542266,4.387763152590932,1.2382160754904157,1.895852900132298,79.999375,0.0,3.999903994991146,0.33711391747044606,1.7393487605587514,9917.497886728657,13493.293885601577,14488.560157790927,14278.641870949565
LOG00011,Idle 35,68.0,68.5,43.0258382642998,6.352991113812828,15.056899928687223,23.097317554240632,75.0,3.608282576212059,9.830907297830374,17051.07776838546,12757.142857142857,0.0,0.0,2.2330477898994054,2.1416586305619565,1.176565276534496,2.232876332191574,2.3672556816288317,1.1765653311990694,0.0072167434098249555,1.1392248947546415,8.902634762183199e-07,0.46003055812056665,0.4191036122092756,0.29358043151249036,2.3197175398455165,2.887039741745506,3.8131076395150854,2.1828546611334363,2.052684090741558,6.976291210468098,5.680340851511387,2.187830446108101,4.956631076507152,68.001496,0.0,3.0689779952297487,0.39726792887531337,2.118769271064627,16794.280078895463,17837.64440687518,15844.322344322343,17728.064243448858
LOG00011,Idle 35,52.5,53.0,23.08500986193294,2.8632218907314004,26.14192860590817,23.69171597633136,62.0,1.23782465365635,3.005936883629191,10563.658777120316,8842.857142857143,0.0,0.0,0.9995539357801291,0.6463376431686976,0.5876878911125505,1.0500053191922665,0.6205756871114848,0.8742538251560129,0.7230880079242108,0.2796407261701745,0.738309298264034,0.2660166601259089,0.2834701902239857,0.20802261380768414,3.092731477949778,5.6231552503626,2.1782981246402398,0.730745907886703,1.0217148043119348,4.175867553273835,1.9726932700429085,0.8416829627331226,1.314254292853425,52.95294,0.0,3.912792936177137,0.25455426406796305,0.8882259631544605,10680.276134122289,10771.42857142857,9868.103691180613,10934.826711749789
LOG00011,Idle 35,71.0,71.5,32.97120315581854,3.0463350004651617,18.91372119138153,23.351025641025643,45.0,2.113939672765993,5.489664694280079,13888.052972668358,10871.42857142857,0.0,0.0,1.200774319493844,1.2207517806086452,0.74298497706591,1.4349282876866702,1.401538024232557,0.7733487904913514,0.6705128321704674,0.7837643839970888,0.4888710879100606,0.36853019491567685,0.41044581173917466,0.2897890488701551,5.233484416008196,5.214829929324742,3.631862982688542,1.6696535708926603,2.266228433820748,5.241881108365644,5.296159897953826,1.210804252597232,1.7296699922890637,71.409174,0.0,4.753042501016413,0.3597489688583259,1.9904188455011482,14961.00309946464,14006.11439842209,12075.71146801916,14509.38292476754
LOG00011,Idle 35,98.0,98.5,36.561538461538454,1.7243928125552221,12.642953967723937,22.99925049309665,19.0,2.083461592222979,7.12163708086785,14763.701042547198,11671.42857142857,0.0,0.0,1.501432186818394,1.5039442391454152,0.6631311534871861,1.6054568605398374,1.6343092001521105,0.690515330469317,0.3673929867234803,0.5856068252428507,0.3143106528039181,0.43852683213385996,0.36509748302558653,0.26855904887540827,3.948658590690388,2.2378365334988612,3.3089984176330667,2.0027322115070905,1.6525147545814756,4.632234200508748,4.83494838010338,1.5026887379083111,2.876728156717635,98.016534,0.0,3.242904436067218,0.36410892021749064,1.8359930998124083,15644.660467737389,14848.633417864188,12829.754860524092,15731.755424063116
LOG00011,Idle 35,78.0,78.5,29.874950690335307,2.495357375111072,20.000237332360346,23.224102564102566,3.0,1.8262159372817632,4.453885601577909,12829.127923358692,10714.285714285714,0.0,0.0,0.7644981023512498,0.8641853960209872,0.7221701812910366,0.760239861206451,0.8636330697662028,0.7735453430027552,0.09080910963316018,0.0018314593709127848,0.3339654765131454,0.2653976238380986,0.30812649542304477,0.24575697354574877,5.885652994480373,5.251955180878877,3.396261889316131,0.9258500743843974,1.3881149394291514,2.1815977714262345,2.759955978267115,0.8158657203224718,1.677096046884727,78.000545,0.0,4.958445294451931,0.2743321137884775,1.1798435161715288,12880.022541561002,12643.026204564665,12082.812059735137,13710.650887573964
LOG00011,Idle 35,91.0,91.5,28.089130434782607,4.596757367453685,23.7621368621224,23.09899209486166,55.0,1.7796554120447354,4.239110671936759,12225.225861095425,9042.857142857143,0.0,0.0,0.8970987203607116,1.1736389494806856,0.47570348934749546,0.8567768231407724,1.3847836111757186,0.47569983961924706,0.2541713072489618,0.9552915633557351,2.362830910941094e-05,0.3238453340812421,0.3224143881728353,0.2678527796050272,5.245977130537424,4.520224987156883,2.8687773230185454,1.281073385595075,1.3468124053995794,2.727042150990819,5.531798126634231,1.0445607923455087,1.616388160425868,91.282049,0.0,4.327531756775625,0.3058169112661988,1.3143539619558788,12624.844720496894,11940.090344438171,11281.789949181253,13054.178430265387
LOG00011,Idle 35,49.0,49.5,26.718737672583828,0.9558622119663457,24.991807969883542,23.54836291913215,52.0,1.4813562314855793,4.104635108481263,11790.483234714004,6657.142857142857,0.0,0.0,0.5580215263510211,0.7811581321540714,0.6494061740361996,0.5139191424466395,0.6943442106015107,0.6333847120162849,0.22755000592718283,0.4103556671751533,0.49694338282537376,0.3423921835951754,0.43013911639044017,0.3163938570277843,4.380622482065231,9.271168383358397,5.3001640145810915,1.2396009629980687,1.8503209800965514,2.2935463870577806,2.9592898556417455,0.6788210556919847,1.132146015052621,49.453495,0.0,6.664236768113313,0.3662226734293127,1.5748489255879756,14220.00563539025,12166.46942800789,7440.095801634263,13335.362073823615
LOG00011,Idle 35,87.5,88.0,25.512228796844184,0.06886200160768152,24.856705822588438,23.249723865877712,18.0,0.9151847015069223,3.644970414201183,11217.251338405185,9442.857142857143,0.0,0.0,0.5722011595147881,0.6096032516184993,0.62199897138918,0.4940466446173537,0.57149969371261,0.5738162659168711,0.371602032125139,0.17674912570782378,0.4626558661610499,0.21227064691450984,0.24545217141262435,0.23323931568808098,2.5298253932948493,4.784023554249534,2.210358392667489,0.4792388947732666,0.8681187525590136,1.3521842947113034,2.0578420745880313,0.5911980595933631,0.751057196188908,87.839819,0.0,3.3750349189408086,0.23072795985411126,0.7011776118816545,11476.077768385461,11261.763877148493,9820.569174415328,12310.594533671454
LOG00011,Idle 35,107.5,108.0,27.234714003944777,2.5997151389734667,19.249650355934588,22.941873767258382,16.0,1.5822151736499526,4.364437869822485,11579.26880811496,9357.142857142857,0.0,0.0,3.281684531574165,4.1845144672324865,1.1026000117415278,3.649869597669348,4.1831328113795605,1.1007243260260604,0.7018667568991677,0.033663282926588524,0.3466196298525033,0.5237375631227503,0.4149478156317225,0.33652189556091705,4.369407237448666,5.252943614610741,2.9737628734103434,2.5982149186720513,2.105327759234383,9.275957767526272,9.672853899656635,3.760293518546863,7.13599700134038,107.500529,0.0,4.302263042176071,0.4319451010314496,2.3646485719248944,11031.868131868134,10741.222879684417,11432.572555649478,13111.411665257818
LOG00011,Idle 35,97.5,98.0,36.383431952662725,3.1755168019353173,22.24022786065766,22.860966469428007,64.0,2.4999147400622617,7.112465483234713,14824.957734573118,11428.57142857143,0.0,0.0,5.991673084495174,7.392999118996769,1.3274116521057329,6.108972313911304,7.394492323385423,1.4505454061349312,0.7747854589450452,0.8035095716942209,0.7045040844944449,0.6914961028810189,0.5703715724308652,0.3895855106515818,3.321663439024502,3.0732106612603527,4.290027387163656,3.920196978265696,3.4315806726791567,16.98165851259129,18.999896189896,6.728914560497519,9.50962002520235,97.573559,0.4832347140039448,3.6001114220373154,0.5642893646131532,3.6839985248034925,15177.937447168217,16435.672020287406,13654.663285432518,14031.55818540434
LOG00011,Idle 35,93.5,94.0,29.905335968379447,3.313529456077795,13.51730805160748,23.143557312252966,97.0,1.709853922198314,4.882964426877471,12836.060135516656,9242.857142857143,0.0,0.0,1.0213513010630635,1.1513188855954912,0.6598317845415572,1.4053539029905562,1.3480783539313266,0.965564561891941,0.8974187179373271,0.9583493256558944,0.7747177284956484,0.2645229559622289,0.31616819661252366,0.23468052442491916,5.4049783004318055,3.6954183892084487,3.2634161584089276,0.889627237470659,1.268801681608737,5.589904791060625,6.103682553300299,1.0882769997826967,1.5406436325382271,93.636065,0.0,4.223734229423182,0.2738671644700314,1.095740464002045,11713.551665725578,12888.678712591756,12391.078486730661,14350.931677018632
LOG00011,Idle 35,91.5,92.0,21.10907297830375,0.8412659103709559,18.996967185336313,23.22153846153846,55.0,0.8219326912825791,2.9834516765285994,9562.418991265144,8185.714285714285,0.0,0.0,0.5153586999195913,1.2191774942584788,0.3788328249834068,0.5399789369748001,1.4608306694603121,0.37883284250149246,0.254644944417119,1.1674597565998326,4.849557756452999e-07,0.20153729896970674,0.26237019328635225,0.19858909561977733,0.9289593396267779,4.1669657022994215,1.3528869367071021,0.45092840241736476,0.9245853414332211,1.2097565243164563,4.7013364166547476,0.9359456052808821,1.633708366138482,91.658928,0.0,2.5856573427487928,0.22278018321520726,0.7273907057764288,9622.203437588052,9597.323189630883,8791.180614257537,10238.968723584108
LOG00011,Idle 35,73.5,74.0,30.178303747534517,1.3997755111809655,28.528384412810222,23.303471400394475,87.0,1.8300779295832672,5.022682445759369,12835.207100591717,7285.714285714285,0.0,0.0,2.227559389473027,2.356696828625369,1.0513059104056957,2.2039751611307,2.4418943857080713,0.9294883567793573,0.40338872833257505,0.8505053266332245,0.49648488201811025,0.4400346243231307,0.7441159410005629,0.4317071163304586,4.875453447506439,9.232329950959926,7.455766641133266,1.8483073945964037,3.5364779206334314,6.442738217531811,7.988033456426318,2.293037371662564,3.8884761736553757,73.987123,0.0,7.407078120492357,0.5578859018786047,2.821605598595194,8162.806424344886,13534.601296139757,14569.8224852071,15073.59819667512
LOG00011,Idle 35,80.0,80.5,32.91873767258382,1.30360749053146,33.08071226260057,23.108717948717945,99.0,1.8539921396247296,5.634595660749507,13778.423499577346,9100.0,0.0,0.0,1.9404109278614923,1.526643849268759,0.9656684468126043,1.9158071966042658,1.4032734930398285,0.817753096614545,0.4122521895980328,0.4655312285991449,0.5092832310166424,0.3533951887697848,0.4606593131013286,0.2977500668711441,2.8852350168058,4.030710611318533,4.9538811281960795,1.5011825909610756,2.573690699730151,5.33641429746985,5.976779525055635,1.7458287446760683,2.4565694640544837,80.126645,0.0,4.046074120539377,0.37671840257429706,2.106826166213302,10561.425753733445,13705.353620738235,14814.736545505777,16032.178078331925
LOG00011,Idle 35,83.5,84.0,33.495059288537554,7.426825862223324,41.28349824463623,23.082173913043476,121.0,3.0871327077492356,5.49701581027668,13971.689723320158,10042.857142857143,0.0,0.0,1.0756466918880327,1.4476366173771051,0.6475250385001602,1.0363083231381498,2.1215818897714276,0.6128082399993945,0.23485750267379016,1.5417011821979305,0.18652641150215346,0.3437101635801596,0.34679357561902874,0.2774143163412802,3.463225166913473,4.207709786427472,3.525531893404738,1.3537924825008627,1.688881194282683,3.152575959095294,8.95034611912712,1.2752779269125412,2.0399191176985605,83.824388,0.0,3.747360196856555,0.32422274418987057,1.5305348369242604,14552.173913043478,13669.00056465274,12792.828910220216,14872.7555053642
LOG00011,Idle 35,80.5,81.0,30.214398422090728,1.2367203012756178,21.934969313126082,23.245443786982246,95.0,1.6565342065495876,5.079289940828402,12878.000845308537,10057.142857142857,0.0,0.0,1.873262669057602,1.0407030722403772,0.6723763782722287,1.5661479274802983,0.9073096204190274,0.6403122220624191,1.1297581428594707,0.5770553694870244,0.3386621151917257,0.28869562607983673,0.3344155703003261,0.2502659738867071,4.348887472590838,4.235292839453278,3.2873046456544484,0.9898012881665988,1.5394855276575503,4.842489457088352,3.5267364265685077,1.515284777171501,2.8332602935148805,80.954386,0.0,3.985678508465155,0.29315069836882146,1.2941642631295502,11038.771484925333,12627.669766131303,13038.207945900254,14807.354184277265
LOG00011,Idle 35,126.0,126.5,31.00670611439842,6.5910041494935445,57.51224825201038,22.69189349112426,98.0,2.268714324418465,5.204299802761341,12666.420118343196,9200.0,0.0,0.0,1.0150073261424943,1.5726591152981204,0.6521900755288551,1.1067843387532457,1.811524223405005,0.6031232190387373,0.771016086193402,1.498311675300353,0.2197426710878196,0.31739892458141883,0.37178953242801643,0.28931211731268724,3.5486170982355807,4.516792157666086,3.1785829239150702,1.4703228006935312,1.7700990144479962,7.10917955358066,6.154487146103905,1.323536279263474,2.8670898146755883,126.499983,0.0,3.790227966303532,0.32795885665351104,1.627129321718012,12987.855734009581,12669.033530571993,11027.078050154973,13981.713158636234
LOG00011,Idle 35,117.0,117.5,31.223668639053255,2.1902131138061174,18.755714916207864,22.801656804733724,22.0,1.5281482343721107,5.305207100591716,12881.424344885883,9500.0,0.0,0.0,0.8786400855140251,1.178370634438562,0.5697857922736168,0.820418063507028,1.0152940957696375,0.5697857919991104,0.3729968003402901,0.5580048881284263,2.6117323717314003e-09,0.30928653070950773,0.3124869665120802,0.25355888200417115,4.884861056293754,4.827883870221812,3.3249576280815663,1.0766235978150973,1.354572868729434,2.3588350014578308,3.1107119120236,1.03936657440463,1.383351344771081,117.072253,0.0,4.405514477416572,0.29302921865771353,1.2235166586667738,13568.582699351931,12697.069597069596,11285.855170470553,13974.18991265145
LOG00011,Idle 35,102.5,103.0,25.885404339250496,11.639131100108111,34.05003790999269,23.142426035502957,132.0,3.08204985444965,4.880157790927022,10424.739363200903,3785.714285714286,0.0,0.0,4.018763593059959,5.229698996956052,1.0785098474190562,3.991282323660885,5.126615258767285,1.111491251337019,0.2577127278151311,0.5776870804244085,0.16659529487932462,0.6205837975443967,0.6098537869736858,0.39771965315521535,2.8946733288682784,3.8657158939998277,3.231349161101196,3.316015117151177,3.421643002856753,12.36461197091609,12.934518744349516,4.663700913205482,11.686759579718379,102.989896,0.1932938856015779,3.3548229190690844,0.5523364957966219,3.369243023007817,10873.288250211326,10009.242040011271,9659.227951535644,11157.199211045365
LOG00011,Idle 35,150.0,150.5,24.9600790513834,2.6113743284100313,20.285234708895768,22.66288537549407,21.0,1.4270850504101449,3.315039525691699,10807.70045172219,6671.428571428572,0.0,0.0,1.432470995355492,1.5509320918371325,0.6240901944171457,1.4460642743943601,1.4150454799583998,0.5597133865851683,0.47164882680071374,0.6639107171217157,0.39342336878019357,0.30441409662514735,0.42281471651698166,0.2705277407536061,3.3776118533324575,6.238408548848312,3.58812531806801,1.0531752183755014,2.0311140299870623,3.492793257993236,4.494177172575423,1.4928770053197715,2.2613022295710987,150.000952,0.0,4.589867331135556,0.33893238521603425,1.617807504527435,12724.73178994918,11325.183512140033,7742.913608130999,11437.97289666855
LOG00011,Idle 35,222.5,223.0,32.76745562130178,6.529395376279948,52.758132897102776,22.224615384615383,43.0,1.8056770683220427,5.3215187376725845,13072.118906734291,9900.0,0.0,0.0,1.400740918104825,1.2048278382754778,0.7133851640582817,1.4908329033493355,1.0338968923556118,0.7178966023303851,0.7960869859852414,0.7333251172050894,0.13997528546800775,0.316372378710009,0.40974361626771844,0.23594848954462316,3.4843434715008748,4.849062658232583,2.979086101130937,1.3102016208109901,2.142573296441175,4.129558625067554,4.2270379816863874,1.3064618707671323,2.1321041253767725,222.79758,0.0,3.8526619407369047,0.3284575075516698,1.7758446747672714,12125.105663567203,13888.193857424627,12385.347985347986,13889.82812059735
LOG00011,Idle 35,159.0,159.5,24.134319526627216,1.402198077376585,54.47635429279316,22.563293885601578,68.0,1.3536953717284723,3.5136686390532548,10304.134967596507,6042.857142857143,0.0,0.0,1.8558158725079998,1.117348097076839,0.6620794263929692,1.1308826682156166,1.1510533404480505,0.6332152762232559,1.3848787376926064,0.42776434361403126,0.4316789981894952,0.2893453872272307,0.3539064015335805,0.25139459412184467,2.3355391145485944,3.407147616236721,2.518245073264642,0.9184549429711006,1.6160130577061151,2.842339786779696,4.113287268098519,1.5317505219019614,3.0177058480416825,159.144487,0.0,2.793143753517151,0.3012029969471368,1.314354914957279,12415.835446604677,9714.144829529447,6503.099464637927,12583.460129613975
LOG00011,Idle 35,109.0,109.5,38.63570019723866,0.9810872550550838,50.3879235350361,22.824516765286,40.0,1.6019483892244755,7.424122287968442,15517.857142857141,12600.0,0.0,0.0,1.4578866962296095,1.3175073083062314,0.6949501964534583,1.411311297226293,1.4427154655605212,0.6944148757404323,0.530272135327915,0.6787174937870428,0.013935741656056651,0.3431329000976476,0.3463700829186037,0.2754926030428336,2.67229903028606,1.4267729065024812,2.9984749714819507,1.563220613330674,1.5453373204306637,5.141201480463676,4.4622015422379,1.38947096523886,2.022541925326019,109.499333,0.0,2.460874857213796,0.3233205817769616,1.554304686967416,16085.742462665541,15466.074950690336,13210.566356720205,17309.04480135249
LOG00011,Idle 35,61.0,61.5,35.08323471400394,2.959638916308721,63.121550013018116,23.431420118343194,53.0,1.443627029400343,6.003668639053254,14763.257255564948,12100.0,0.0,0.0,1.2567113645581844,1.5999076105196746,0.6901540878033673,1.5036735484385915,1.6166051441666296,0.7447090697121346,0.8181469462601085,1.1265273425743125,0.5363374401022136,0.3155981155764582,0.34329850959599356,0.23693034547173153,2.98626559519275,2.3799094798373677,3.7250917021442977,1.2617067781980682,1.468962937468241,4.358898943540674,4.321178522860399,1.4385805184292721,1.94631397849441,61.404161,0.0,3.079938285455082,0.3019889765381047,1.3692618642550218,14187.151310228233,15439.447731755425,13654.099746407439,15772.330233868697
LOG00011,Idle 35,61.5,62.0,32.539130434782614,1.752257277903849,68.29737517043547,23.342450592885374,114.0,1.5899224789033328,5.7632806324110675,13842.038396386222,9257.142857142857,0.0,0.0,1.1028271782978556,1.2133362955285711,0.8378550224219828,1.0245265854246681,1.252601965308357,0.7911266811959916,0.5966334152847825,0.6400420432673929,0.5878737947860705,0.3021441840515578,0.37791372393504724,0.2770744809388763,3.4525435115530696,2.780487177186903,3.5449502356531504,1.3013792960543005,1.8170393043819906,4.372027505166093,4.685356888216785,1.159399144220705,1.685157859226409,61.679424,0.0,3.2770839585890648,0.32191104293069556,1.5803828501138215,11825.494071146246,15183.512140033881,14173.715415019762,14185.431959345002
LOG00011,Idle 35,95.0,95.5,31.076134122287968,1.406228202376535,54.61566208159337,23.05682445759369,64.0,1.2360462512217338,4.804161735700197,13302.697943082558,11514.285714285714,0.0,0.0,1.3113937960925768,1.38433485151059,0.6870699337035021,1.7727944193953755,1.3948836851137112,1.0270280048752074,1.0047595548806059,0.441119120396943,0.8149298148798554,0.2754315470281662,0.31976481114867666,0.24819791171184596,5.340220605402667,3.3031014121101743,2.549045797074844,0.915599072255243,1.2094827408434212,6.302843664910292,4.900187171887072,1.348357643493918,1.9303448630076163,95.215607,0.0,3.912632086317189,0.2826742972193729,1.0726532900972183,12442.321780783319,14139.250493096646,12523.35869258946,14105.860805860806
LOG00011,Idle 35,99.0,99.5,34.707495069033534,2.6346917521171074,37.517136269848585,22.96266272189349,36.0,1.7847874634029295,6.59483234714004,14203.395322626093,10585.714285714286,0.0,0.0,1.0414948461870999,1.3496493919836752,0.6640150014457349,1.002064112148545,1.193126488182907,0.649699039109215,0.5159048560726579,0.5336668787979003,0.1437360857782011,0.29856858624285315,0.34046961783680796,0.24856455038504938,4.439363983586113,3.252771474820899,2.9763711381525986,1.2693380932727336,1.5763618754101956,3.0556960101601853,4.024334264470255,1.20545945512825,1.8456350220169115,99.483584,0.0,3.6123519576677428,0.2982432436055732,1.431107256162166,14274.020850943927,14314.032121724429,12862.32741617357,15363.20090166244
LOG00011,Idle 35,157.0,157.5,31.128402366863906,5.436702469280582,36.590794174380584,22.630216962524653,43.0,2.0917422218912174,5.312465483234714,12688.03888419273,9628.57142857143,0.0,0.0,0.9451118124681767,0.972851944696203,0.8913132883596966,0.8901754769872822,0.960043800904936,1.176514332609649,0.4917066226463276,0.14691957530960847,0.9353453321264299,0.40031592688913364,0.4199243689056378,0.2539656200856572,3.476891794485197,3.7081719574198146,2.807473962648401,1.8218385278488836,2.1289314497553153,3.1899126016729107,3.7511339508420334,0.9590821769707915,1.506002758198789,157.000672,0.0,3.3526718632210293,0.3656445692688446,1.9813435768831031,13348.943364327979,12520.73823612285,10843.138912369683,14039.335023950409
LOG00011,Idle 35,140.5,141.0,26.273570019723866,0.10152523480576857,36.604050304732745,22.756942800788952,61.0,0.9739659082998724,3.796370808678501,11224.823894054663,8785.714285714286,0.0,0.0,3.4032552661947615,0.8093730550697409,0.7705583331450402,3.6126927268275337,0.8298264471752196,1.0512469027657225,1.2609741735770261,0.38727247401359943,0.7472292814877669,0.23805143895739864,0.3032002425822662,0.22782557924351246,2.4596178369827983,4.442440641090846,2.1427732061451006,0.5682181171153967,1.379736771319528,7.8658626273152565,2.5800784355766804,2.4735835491403266,6.078333333965345,140.777474,0.0,3.1820578125165557,0.258523609011682,1.055117383694678,11445.449422372498,11294.815440969289,9768.13186813187,12390.898844745
LOG00011,Idle 35,142.0,142.5,26.989525691699605,0.6644776934338442,39.7876310278693,22.717865612648225,44.0,1.202911457085282,4.0360276679841895,11487.73997741389,10328.57142857143,0.0,0.0,1.1160546453501368,1.3110036344218792,0.6299165349058147,1.2419950724402349,1.2469313551986432,0.7306004777012092,1.0218458344873027,0.6347205790999506,0.7001679354003393,0.2556416789250884,0.3018568485803726,0.22566891678727038,4.179988088025489,6.331392163031672,2.8162946696021063,0.6380944104170674,1.2281093140640924,2.7562361917411997,3.9841583536000758,1.217437575581392,1.691158318489141,142.369797,0.0,4.672270782826521,0.262930082621757,0.9786258130400199,11404.2913608131,11675.09881422925,11019.62168266516,11851.948051948053
LOG00011,Idle 35,108.5,109.0,37.13794466403162,1.379015131213503,34.28196359190501,22.68185770750988,24.0,1.7214271503006202,6.93193675889328,15079.121964991531,12685.714285714286,0.0,0.0,1.1099279605153285,1.083006692038115,0.7173209757952449,1.1186804978115992,1.136223818953642,0.7173210028933934,0.4361488375437699,0.4161866706913323,2.628908961226108e-07,0.28782035863409144,0.3259496855202266,0.2296932185100818,2.197728382406331,1.8950324283552158,3.3116608523780946,1.1516838063721677,1.5452617527411971,2.8454943234285377,3.744825151461649,1.096549947000377,1.6578118356357947,108.999136,0.0,2.5421942981425723,0.28392647579054203,1.3627563014612474,15090.767927724448,15294.184076792773,13624.90118577075,16306.63466967815
LOG00011,Idle 35,108.0,108.5,39.265483234714004,4.744860389058024,14.648252794607785,22.947100591715976,23.0,2.8205604761216945,7.68197238658777,15555.804451958296,12985.714285714286,0.0,0.0,1.3965381760741031,1.2176043339692382,0.6254148210739725,1.2634472298371076,1.2329140834810626,0.6253470874900635,0.5303706716360712,0.5458342701425442,0.0031136558555855468,0.3047508616914713,0.3713425670567629,0.26192122056375045,2.3234643647535975,2.300720081855257,4.28523084631342,1.1258180908482975,1.8169334869199842,2.9907813653863777,4.169959251334589,1.3101296102548512,2.091697664326174,108.128975,0.0,3.112073422201984,0.31589614094488155,1.5114088906666723,15163.877148492533,15736.094674556212,14873.936320090166,16449.30966469428
LOG00011,Idle 35,115.5,116.0,34.25364891518738,3.531866973507645,27.19496039803538,22.48867850098619,13.0,2.6167300151842823,6.464595660749508,13956.78360101437,8371.42857142857,0.0,0.0,11.603104873816381,4.245449489458858,2.194347286592151,11.59441330133662,4.245453218412236,2.018012823447977,0.16396963215933397,1.7875515938397095e-05,0.6421226100945732,0.690482939896875,0.6795393973145027,0.4033192460335493,2.6014855189810038,4.2434824055907105,3.100372847167166,3.90038743352509,4.1882249377010625,23.696761153201376,12.355516060461238,8.736586406610074,17.82246186963099,115.641725,0.5562130177514792,3.3856157304827748,0.6058621672218468,4.0468660875041,14270.893209354746,15993.040293040292,9653.451676528599,15909.74922513384
LOG00011,Idle 35,107.0,107.5,24.446351084812623,0.4236144592347948,37.1683236631468,23.006706114398423,80.0,1.7045250833623427,3.3247928994082843,10606.586362355592,7942.857142857143,0.0,0.0,4.542524870883714,4.057724521695568,0.9160156198525882,4.6642236331511135,4.060438062553165,1.0011915314003346,0.7891606890063356,0.3183154330723841,0.624724708637045,0.3628767148014918,0.44188208227552134,0.32111752748511707,2.10415283861525,4.909552783618975,2.478894927613879,1.6305232268388024,2.2297904662558454,12.176382870243582,10.728586304940839,4.306951386802887,7.342722779016795,107.490666,0.0,3.3998082183922884,0.3786184320391832,1.953275648323385,8650.718512256974,10813.074105381798,9196.139757678218,13766.413074105383
LOG00011,Idle 35,192.5,193.0,39.24773175542406,1.22368545699869,42.343934069352066,22.17988165680473,141.0,2.7615937848125065,7.812426035502958,15178.402366863906,9485.714285714286,0.0,0.0,4.58738950385871,3.217088578608801,1.2652374873916699,4.97806415497814,3.053677529691467,1.607633948275127,1.3374871861134234,0.6142567027352334,1.3189375116240463,0.6207641034837443,0.6816574740013887,0.39724548769427453,2.7908954127195535,2.87914856507716,5.279859391822738,3.3125087488503184,4.126565785076251,13.22935293552569,11.005557140301521,3.9619314344602348,6.887354127472976,192.919353,0.0,3.827771713061605,0.5796001384659925,3.741741532346395,12052.94449140603,15868.610876303184,16645.95660749507,16146.097492251338
LOG00011,Idle 35,67.5,68.0,39.54536489151874,2.3542050201948403,31.08933842553693,23.031143984220908,140.0,2.945887866093232,8.696035502958578,15669.590025359255,10185.714285714286,0.0,0.0,10.272955238512068,11.591121852329541,2.4513514645885617,10.28677248681657,11.689179893976485,2.4515968308516496,0.1895032731487544,1.6944531041539377,0.004195741685962634,0.8157493748718412,0.69407668816271,0.4615681132223689,2.7292584245016784,2.8293386054137932,4.7838236932501434,4.748243988297881,4.300950904566095,28.912811871820868,27.390376806779365,10.951888310424465,19.028766282282607,67.777542,0.7021696252465484,3.5748649214527304,0.6733584025362155,4.530121392186686,16286.503240349393,16053.254437869822,14373.372781065089,15965.22964215272
LOG00011,Idle 35,112.5,113.0,33.62721893491124,3.788601293451979,25.647234258112405,22.812465483234714,68.0,2.860431663509063,5.182524654832347,14025.063398140323,11214.285714285714,0.0,0.0,1.278616281657049,1.9608035477989176,0.7440991992634234,1.4808437205235712,2.0213251822088543,0.7048770132056676,0.6519781830177487,0.9425268142233933,0.1387217269522569,0.3119502545934595,0.3849160718323687,0.2663010854998954,3.6050230744629572,4.506400224150981,4.005349984748716,1.243862131749574,1.823407150328764,4.871524958784787,5.465870437997082,1.655235655243585,4.9242254204156515,112.500505,0.0,4.055722822874895,0.3247509875962443,1.560770104575087,12657.81910397295,13529.191321499015,14309.101155255,15604.14201183432
LOG00011,Idle 35,74.5,75.0,48.753451676528606,11.308421523632116,21.361394622227426,22.883313609467457,76.0,4.954596003202168,12.713214990138066,18096.273598196676,12071.42857142857,0.0,0.0,1.7469683980353987,1.5213398449466664,1.6671000569600571,2.0462302322992096,1.6124806721401883,2.14545792630927,0.8843887700429041,0.6022178390582612,1.4344650096693086,0.3680334789836571,0.4185393617669079,0.27041335928730137,2.606607562293028,3.3974305844787547,3.9411341799524413,1.5006810800734456,1.9445693237346775,4.598687746964654,4.596328180364992,1.6380435750548146,2.438756718612523,74.903653,0.0,3.3600335407326054,0.35765310189349114,1.7368640647587164,16683.826429980276,18606.39616793463,17298.61932938856,19796.252465483234
LOG00011,Idle 35,129.0,129.5,12.679249011857705,6.412132169700536,20.458072239804686,22.730612648221346,121.0,1.0728762473977251,1.8834189723320158,6270.235742518351,3471.4285714285716,0.0,0.0,1.3631231157935186,2.0639233799423593,0.5566952110522718,1.257862475255344,1.7803815026698502,0.47932365757726714,0.45427114577878464,1.0400632408994337,0.19476196948495056,0.27577273668724905,0.33213291753519963,0.2941070553101657,2.1365851799171316,3.976456716279767,2.1679481738020545,0.7140130417210165,1.1736619383610738,3.250722023780152,5.169842621131974,1.7489831827498115,3.0231430777696255,129.482323,0.0,2.8912052580068655,0.3015857187122954,0.9714157115532903,6636.589497459062,5987.747035573123,5771.682665160926,6684.923771880292
LOG00011,Idle 35,156.5,157.0,35.504536489151874,3.546568073608562,29.25374102778147,22.605128205128207,36.0,2.0756791141006707,6.850177514792899,14132.924767540153,9757.142857142857,0.0,0.0,1.3000990648366824,1.240199605918444,0.7906151901896893,1.3160378000196398,1.222694832747923,0.7278137631566292,0.4756865932675715,0.5394855289455942,0.210504368558703,0.43417619302295246,0.3931316704832712,0.30685743282841826,4.627410226528012,3.659599887794771,3.2950318408596506,2.143476644252519,2.0942754967503077,4.792951761469252,4.465073754059536,1.2705023890000127,1.6912506219387982,156.928653,0.0,3.901402806495909,0.38176037903678045,2.119018874472899,15630.45928430544,14009.805579036349,11720.456466610314,15170.97774020851
LOG00011,Idle 35,208.0,208.5,43.56903353057199,6.404812636151126,52.60759128093145,22.01934911242604,49.0,2.9620863565352695,9.835108481262326,16080.135249366018,11428.57142857143,0.0,0.0,1.943531679204273,1.839317226995886,0.8110428849912877,1.8575281957256993,1.7486567538956355,0.806352164249284,0.6113070534120901,0.5359544307190639,0.47115224006422385,0.35420165877320114,0.40463695326833715,0.2763673474466719,3.5879120907032593,2.908853200382675,4.395342472451724,1.4745046246045468,1.9316805547313087,4.772951402304176,4.945661338481507,1.8921420731005396,3.114249501150443,208.250645,0.0,3.6811943515716563,0.3490791647380668,1.7183645791139979,15332.093547478164,16630.741053817976,15544.491406029867,16813.214990138065
LOG00011,Idle 35,147.5,148.0,31.781422924901186,6.40441506795402,55.404937066378,22.392075098814228,27.0,2.320799137550701,5.781660079051384,12637.789384528514,8342.857142857143,0.0,0.0,0.9049216659548741,1.2720669406007568,0.7057142176084806,0.8764824226335526,1.5212959025506774,0.7027699647584345,0.18774326322810075,0.6690795738895182,0.022120661019647613,0.34632795337171585,0.3353839163229792,0.2550204841391663,7.370764430463969,4.175849160732078,4.017713374209735,1.4696147624426552,1.734620392476747,2.5343490093485093,4.949348182420594,1.1038653728793004,3.0710029031217,147.999198,0.0,5.413190841511854,0.3148866832927655,1.6075875490911158,11883.51214003388,13391.840767927726,11776.510446075663,13499.294184076793
LOG00011,Idle 35,105.5,106.0,36.94023668639053,2.0189238700096497,66.08986102224708,22.97130177514793,94.0,1.7636924902977393,6.814161735700197,15002.451394759086,11585.714285714286,0.0,0.0,1.1286086218483349,0.856333339955756,0.9073612387079283,1.1701670095466221,1.0604345876045314,1.2845959218053495,0.594256595808843,0.5836670396144464,1.0343862719180974,0.32002843749068977,0.39745150276218727,0.3045800320748947,2.5171946969046783,2.2030658917262653,5.106431350357832,1.316427940621061,1.9585774573626527,3.521979450606306,4.2279711026650135,1.0017644958846814,1.5487905337703325,105.742455,0.0,3.524457859081781,0.3431010025193735,1.6686833401423051,13110.39729501268,16371.484925331077,15154.184277261202,15373.73908143139
LOG00011,Idle 35,97.0,97.5,33.0258382642998,3.200311720128442,54.007488909077324,22.941341222879682,102.0,2.687415809199772,5.983136094674556,13506.78360101437,8342.857142857143,0.0,0.0,4.655492212953342,3.894528788605989,1.3077544314346417,4.76254456155772,4.041290549996244,1.3043442028089913,0.44418535558816025,0.47938130040092536,0.738176882086324,0.7434914272257706,0.6663049688025303,0.40695591410718135,5.576962649951741,4.43430309900646,3.46962342412943,4.276864804424463,4.111872873963133,16.016571792743616,11.375949577808623,4.291908796220514,9.220273716640687,97.499566,0.10256410256410256,4.575435974785449,0.6224561376343358,4.195180037075795,13981.14961961116,14825.077486615948,11070.357847280926,14150.54945054945
LOG00011,Idle 35,189.5,190.0,40.738932806324115,9.45658929395458,37.77707811487198,22.1994861660079,45.0,3.880625486885344,8.763517786561263,15584.380293619424,10957.142857142857,0.0,0.0,1.460873783076073,1.251646817050698,1.0004455634098994,1.4613622285540813,1.2262905742359127,1.0052846135721767,0.14935881558722028,0.5495268983555265,0.1217156866233322,0.4908077656129635,0.534110603754215,0.33517034662032374,5.148092029633699,4.160597144309887,4.121429759888105,2.390517823326603,2.8213565517999655,4.787376351616385,5.333909718525004,1.3602889334093948,2.338456723661224,189.677516,0.0,4.501836788412367,0.46134064098822175,2.614825831296107,16628.881987577643,15085.714285714286,13959.853190287973,16663.071710897802
LOG00011,Idle 35,66.0,66.5,52.982642998027615,20.20835392992135,56.616958702019716,22.595325443786987,70.0,7.069376678075382,13.813786982248521,19078.536207382364,12985.714285714286,0.0,0.0,1.5176885113027234,1.9503783386502844,0.8245223280339984,1.4747252475375061,1.9235643482332834,0.8095299935200463,0.23207286160691606,0.520231022799239,0.1406467444880799,0.41742469042559044,0.5247937418427816,0.31716491095846105,2.907084280016931,4.232785012048823,3.5593201692351473,1.5157452789798393,2.009329205093262,3.4879335534629643,5.780672415041327,1.7474773362216351,2.542338341630955,66.343046,0.0,3.607231996811906,0.42826993995124807,1.7797313849553806,19332.48802479572,19141.307410538182,17403.606649760495,20436.74274443505
LOG00011,Idle 35,162.0,162.5,34.018737672583825,6.4068522230891105,24.44615105507433,22.371262327416172,45.0,2.38647564587973,6.554792899408284,13434.425190194423,5642.857142857143,0.0,0.0,2.624420528201569,3.3246046224624415,0.7784439362242953,2.624301249198179,3.278424988801934,0.9220121066858805,0.3638142896837019,0.5178100199756435,0.7585723468967739,0.45274540069266483,0.6314490182264352,0.3444431288008093,3.6202996525622524,4.5621584838618015,3.1797613762325847,2.181898866299143,3.468186604680569,7.2056300582592465,8.314100092916226,2.9950441569820336,5.193010706724338,162.256079,0.0,3.8310460719406265,0.4906958764331804,2.897326438947053,15333.107917723302,15184.840800225415,9205.156382079458,14014.595660749508
LOG00011,Idle 35,173.5,174.0,42.38221343873518,5.330403495496343,25.201366992610232,22.30626482213439,34.0,3.1598045804162758,8.90594861660079,16031.098249576511,12528.57142857143,0.0,0.0,1.2104666158850916,1.2976359716288484,0.750751043334966,1.2275568151616385,1.3602811504904175,0.7644657153105574,0.1727393803320219,0.8780956285265572,0.13608113894791882,0.3872694811892139,0.39720386779524774,0.28478660612817985,2.4242904404744174,1.899372718451425,3.3181218503787466,1.8147960726945245,2.0166620572116196,3.5411192710355865,4.585162528746365,1.2548084600921072,2.0780351670046175,173.994135,0.0,2.6137287207700077,0.3600240615487038,1.918386123602919,17208.385093167704,15991.304347826086,13822.219085262566,17102.48447204969
LOG00011,Idle 35,171.5,172.0,17.996646942800787,2.9487684387436888,59.114153049309515,22.498303747534514,140.0,1.3918565590111744,2.8177317554240635,8353.782755705834,3314.285714285714,0.0,0.0,7.059406708922869,2.75535435603423,0.8565291609543422,7.447563485158123,2.514041753300197,0.8193529165290953,2.563793277037402,0.8101157710945387,0.512330295428171,0.4560448419937043,0.4597574267330825,0.40805457390079,2.9112175103099367,3.415397337231477,2.43777431042923,2.103971502414329,2.1792318715364627,15.027719292695064,6.124932073044426,5.358507287916198,12.192072418170962,171.669811,0.3116370808678501,2.948608143519683,0.4419133869235176,2.1419322623383685,9951.507466892082,9109.242040011271,4403.775711468019,9950.605804451956
LOG00011,Idle 35,166.0,166.5,41.46785009861933,10.868845689424779,41.51175790862763,22.252485207100595,90.0,4.05969243970548,9.663076923076922,15592.800788954635,4171.428571428572,0.0,0.0,2.466715897687012,2.58611017762697,1.0296011972817503,3.9033327558938242,2.943076036623715,1.8372573139738508,2.063529784368595,1.547022436244762,1.3897817261013403,0.7727132163067375,0.7350323874763671,0.4212736810470173,3.806847399442328,4.758037386848283,3.7346983274595966,3.612271579880764,3.8005220449124746,9.38860780986697,9.947396158558567,2.5271182373137635,7.209770188370876,166.000051,0.0,4.126296907010625,0.6620246318773985,3.707591791222436,16387.48943364328,15360.890391659621,14137.052690898845,16485.770639616792
LOG00011,Idle 35,170.5,171.0,29.80019723865878,8.133449329079903,46.87665134707254,22.536429980276132,37.0,2.556733038669499,5.178402366863905,11916.624401239786,8371.42857142857,0.0,0.0,1.0065403104556856,1.531242971585904,0.5420069322636961,0.9608833368709153,1.6726310905094153,0.5434447382355211,0.31741712639971364,1.1946762483018227,0.006748314162335893,0.41984706234521035,0.3996832818568137,0.2659919978723267,3.470346677394142,4.443140026669508,2.3585729473659707,1.744596230269836,2.0520008166925896,2.958956583513244,4.9298831157053575,1.2957292222149381,2.259313025473278,170.999935,0.0,3.5283454907335754,0.3682254854876506,1.9045108766266963,12498.61932938856,11863.341786418709,9710.17187940265,13594.364609749226
LOG00011,Idle 35,221.0,221.5,39.63155818540434,5.838597523674554,39.86177966658252,22.17921104536489,82.0,2.4859632297721244,8.167988165680473,15038.56720202874,11371.42857142857,0.0,0.0,1.2651986427533053,1.8199618952948313,0.7722078222465145,1.245350031394686,2.198148461852643,0.8065517426841398,0.5343034033847999,1.1798190002912872,0.4089787700086488,0.33187992939265737,0.40997947659802836,0.23018660952265244,3.9518079573759803,3.398061276396571,4.14377041184993,1.3700803980096712,2.0917008357009013,3.513569076147495,5.8038278873478495,1.5673207881525022,2.4913174722021263,221.276289,0.0,3.844235502508873,0.3322716428711116,1.768096813396001,14082.389405466327,15634.68582699352,14645.562130177515,15791.631445477598
LOG00011,Idle 35,177.0,177.5,36.39506903353057,5.977719590622339,11.28345711108387,22.21216962524655,56.0,3.2834011474293217,6.098737672583826,14605.515638207946,9828.57142857143,0.0,0.0,3.236066784093611,4.647748938941497,0.8112676666955373,3.044523077286052,4.623120445587024,0.8112806775992838,0.4034670411051539,1.262527080561105,3.61291745458907e-05,0.3033114864648069,0.32453414632273486,0.2762927065275564,3.376822273977246,3.669887987637178,3.9880526362405813,1.115051797450933,1.3538083568471062,7.464049273563607,11.221281556191057,4.004603502879266,14.694707145669911,177.001171,0.09664694280078895,3.686713547377843,0.30202534641496537,1.2401890134305371,14041.02564102564,15185.629754860523,13274.218089602704,15921.189067342913
LOG00011,Idle 35,135.0,135.5,24.79112426035503,5.28915194731986,12.449361379879312,22.551439842209078,91.0,2.131775991913716,4.076252465483234,10284.974640743872,7471.428571428572,0.0,0.0,1.0195260772573946,1.224232685637941,0.5007487329074541,0.986701373191531,1.149275948557853,0.5007135974892251,0.18171150162186658,0.5844951694125977,0.00022269068023746366,0.37721966688993647,0.3682763785462454,0.3093211996324279,5.8504196824850085,6.171227778499022,5.199137560022526,1.5450214232692556,1.752379431479052,3.1030938305985876,4.060683670734186,1.1265387456257634,1.5653188656046297,135.414539,0.0,5.754490829585852,0.35289364433009957,1.6519571529297912,10527.726120033814,9579.881656804733,10105.100028176952,10927.19075795999
LOG00011,Idle 35,219.5,220.0,40.19921104536489,6.909362439355673,24.78614437225996,22.146883629191315,71.0,3.0478590329905844,8.711952662721894,15148.767258382642,9100.0,0.0,0.0,6.127321983244847,4.359023624452963,1.2519538403472321,6.19221599763113,4.548001675134756,1.6476315654116667,0.7476287501681704,0.649359059497667,0.8192782023856687,0.628515649200615,0.569531759412436,0.4144180184502162,5.014879115674495,3.512446662691555,4.196912483932339,3.4332206690889624,3.345972834696775,14.227650385884472,11.433971322215159,5.317196707142525,8.105073276413252,219.686927,0.01972386587771203,4.285649250730796,0.5450200731122046,3.3898774589347926,13819.808396731474,15214.39842209073,14029.078613693999,17531.78360101437
LOG00011,Idle 35,131.5,132.0,38.58774703557312,1.6903142068346886,49.645709717702076,22.67120553359684,93.0,2.3936429888757367,7.256304347826086,15152.717391304348,10957.142857142857,0.0,0.0,1.5497408417912786,1.2556084494077078,0.9929460092034378,1.7202971698224456,1.2532457698970654,0.9386721679086607,0.6700262420852234,0.45356503759392575,0.5849063822743682,0.4880181430142356,0.4772459949833639,0.321108895944295,3.663657968417021,3.6855721519925013,4.964055172541566,2.4290614084740847,2.5891400061648087,5.044270416187118,4.786137756532498,1.4103632962715615,1.990876531302273,131.587713,0.0,4.149203761089786,0.43552128562344217,2.5103769933678497,11701.46809712027,15706.549971767365,16577.837380011293,16625.014116318463
LOG00011,Idle 35,62.5,63.0,33.820710059171596,2.3863817049610025,49.54557688047173,23.309191321499014,94.0,2.3818313329573164,6.263668639053253,13999.647788109325,8785.714285714286,0.0,0.0,3.7002995075686953,2.9207654203447126,1.1709224150780329,3.7012539344721684,2.958806581358446,1.0714711284699683,0.38610599221449515,0.6284292585700733,0.48917121032492566,0.45388794164884916,0.47893267948505475,0.3440253958151253,2.0113934763825623,2.6023000521762922,5.192471740196369,2.1500645333577,2.6274432783659187,8.374258482289948,7.776462742215453,3.3333981975151534,4.718572836057251,62.841633,0.0,3.5486820112603756,0.4296293937875282,2.4006494619824146,9472.471118624962,15458.072696534235,16098.957452803605,14969.0898844745
LOG00011,Idle 35,219.0,219.5,28.724457593688356,0.47583980745986426,44.787923837322545,22.211558185404343,126.0,1.885803253275563,4.426745562130177,11779.64919695689,7842.857142857143,0.0,0.0,3.306691700741351,1.5130464093754348,1.01028292750535,3.1718196785460613,1.465405172994786,1.2226496640206197,1.0178700933070073,0.5741279685501682,1.0393099391821659,0.4606626739617447,0.45627082276524,0.3340692777585376,5.384470128757416,5.75747045635456,3.4082089810960285,2.19846377664116,2.4356269627072917,9.828810847831276,6.170010820944482,2.5713342296048984,6.9813435994347595,219.478763,0.0,4.9583892909593175,0.4211078425734374,2.320077765794723,8811.439842209073,13045.900253592563,11691.715976331361,13569.540715694562
LOG00011,Idle 35,132.0,132.5,38.45364891518738,3.7256562239195103,38.101926300354506,22.516745562130176,91.0,2.4595572339878498,7.177199211045364,15184.56607495069,11371.42857142857,0.0,0.0,1.202918229195634,1.6791017393889374,0.9685943983067486,1.4423863434367883,1.7520830920572426,1.0487134070791948,0.8362022751943223,0.9243355215738663,0.8267848116359959,0.44578876755247016,0.45297402883880233,0.31293033151704125,2.8730269120421665,3.639825001960894,4.683834637370841,2.065116392876344,2.4744887067538657,5.324758886485945,6.56074633749324,1.460546972430212,1.941648401610124,132.000053,0.0,3.805299663734469,0.4089981615532324,2.2790129525716853,12834.122287968441,15128.655959425188,15769.174415328262,17006.311637080868
LOG00011,Idle 35,163.0,163.5,40.24545454545454,6.102075482050787,26.402113731656314,22.247312252964427,87.0,3.014761015307166,6.855731225296442,16247.056747600227,11371.42857142857,0.0,0.0,1.3896441961224533,1.5134789137346527,1.2114292668978794,1.1985764807410466,1.3307045949775747,1.7311336952066982,0.5334645090945378,0.4693365915949499,1.901872220373844,0.29915090036158554,0.3016867916326988,0.2703682911719992,2.411351625320993,2.172093696634492,5.044960663448349,1.112602953514438,1.3218472975795041,3.404832650145095,3.6564416059047495,1.4528815185926625,3.270929738160786,163.000926,0.0,3.463343075875228,0.2907491440537963,1.221713061706244,15451.750423489555,16998.447204968947,15539.610389610389,16998.418972332016
LOG00011,Idle 35,155.5,156.0,25.50867850098619,0.561734799879606,29.254635467100222,22.628658777120314,27.0,1.1589651447548333,3.6957396449704145,10877.592279515356,5642.857142857143,0.0,0.0,1.0329686347911424,0.8447426575499287,0.7550938180365817,0.946938693762453,0.8366527677455151,0.7930285418878522,0.5301735992288604,0.3488116437709724,0.5078952471748962,0.2985488117801494,0.3604044580835841,0.291512095036949,2.8501329044578982,5.256435532392891,3.1366297630115647,0.9978878064884348,1.4863271136222103,2.712015779046799,3.2130159352848655,0.9435609036905865,1.6218028060135925,155.532662,0.0,3.8983679640539384,0.31833005302394984,1.2658886923870578,12916.934347703578,11578.867286559595,6667.314736545506,12347.252747252747
LOG00011,Idle 35,189.0,189.5,22.27258382642998,5.705924274368455,24.514770321285262,22.399270216962524,44.0,1.815893810549509,3.3977120315581852,9320.083122006201,5871.428571428572,0.0,0.0,0.7460640802817928,0.9497199154254612,0.5062993866486578,0.7367041665718917,0.881939552936876,0.43220907088422733,0.2660922930895505,0.4176355191346488,0.2356586324072998,0.3737863805223397,0.4987139309220477,0.4014497335825934,4.883739402146144,7.68862810115403,5.5202062984528935,1.3501700374144072,2.1355971670406233,2.5310692675390905,3.7859388972001824,0.8539846396869392,1.2766101189949366,189.291765,0.0,6.149216486767759,0.4280162503742303,1.7865797477027934,10239.363200901662,8929.275852352777,8345.0831220062,9766.61031276416
LOG00011,Idle 35,85.0,85.5,17.30966469428008,1.3361921838808792,40.679002408350264,23.229861932938856,161.0,0.9809804849968118,2.2829585798816563,8183.009298393914,3385.714285714286,0.0,0.0,4.415939927898329,2.0495822854532446,0.7056822571937913,4.251447763930403,1.9169836120794344,0.7166005010487002,2.541357710928151,1.0111901599977993,0.7331051739739093,0.36683834673372506,0.3469717872360102,0.30947591499264715,2.059599526031112,2.446065895065494,1.7588045784646662,1.4560880419385993,1.3095949985371427,12.749753449292715,6.328764052946659,3.442478249143372,8.454879392844461,85.005339,0.14990138067061143,2.1070185979133647,0.34192354687981547,1.3847800269483383,10190.39165962243,7999.351930121162,5046.970977740209,9495.322626091856
LOG00011,Idle 35,127.5,128.0,47.74319526627219,6.87362165113099,18.270872862575445,22.488717948717955,138.0,4.203589686689649,11.668934911242603,17690.55367709214,13100.0,0.0,0.0,5.178926040880826,4.747311754068005,1.4230657478741142,5.393293258995116,4.919961525535361,1.4021292078953596,2.0115478378240605,1.7545367411131259,1.0059348694135242,0.48311361417859694,0.55018158348413,0.39484791014071824,2.624933305933089,3.3815811713838064,4.444532647616474,2.4386164422903165,2.9083463111743164,14.974139443420645,12.799855152040392,4.967808562496435,7.712766873524923,127.632513,0.0,3.5627347424407456,0.4802788811903295,2.6837779731499714,18348.99971823049,16265.314173006482,15549.168779938009,20598.732037193575
LOG00011,Idle 35,201.0,201.5,38.966074950690334,11.613388900478242,29.223638681999716,22.208323471400394,144.0,3.658718677695555,8.887061143984221,14684.74922513384,8271.42857142857,0.0,0.0,7.235960975456807,6.493109898283137,1.858436737298879,7.050986820828348,6.700086808008214,1.858464453733791,0.7899857083681876,0.9709476327271238,9.919649793936883e-05,0.5560250219765874,0.6232312491105857,0.37738328047961905,3.1997692532945545,4.395512356389116,3.4494158224759617,2.8039193772627344,3.614181896997104,16.45542661521595,17.00145022239851,6.874576619309596,11.780978285611255,201.409734,0.39644970414201186,3.7174149470586912,0.5291499961628916,3.2345227359512427,15364.07438715131,13771.851225697379,14465.398703860244,15137.67258382643
LOG00011,Idle 35,155.0,155.5,24.589130434782607,0.273356451881397,35.117289585030974,22.50739130434783,45.0,1.279497949071614,3.6773913043478257,10530.780632411068,4642.857142857143,0.0,0.0,1.2168926524564274,0.8549070548920574,0.9201542589153777,1.175042142016508,0.8264297334332342,0.8994941631576967,0.3822791028895062,0.17479722058302044,0.598356389195392,0.2793413751992503,0.29875755147381505,0.2903835145810092,1.858905387884693,3.527490753857266,3.606364827113626,0.9989289214095726,1.0105985507449784,3.1553956549267217,3.0930880485187173,1.0515925542021136,1.626660312364454,155.018661,0.0,3.1040074917165583,0.28960332871087446,1.0047806777591672,13269.339356295879,10903.190287972897,5199.407114624506,12751.185770750988
LOG00011,Idle 35,216.0,216.5,31.12209072978304,7.11371880484263,39.1710166768192,22.08023668639053,27.0,1.922614846835861,5.520236686390532,12396.858269935192,6628.571428571428,0.0,0.0,1.6295832196145732,1.6213604580825398,0.6771908250508769,2.036928423499172,1.4870629126863129,0.7234158932838627,1.463040703769049,0.9497891174288394,0.3475872347444982,0.32018693734796116,0.43696677324256916,0.25625182305050265,3.4046399805056504,4.810455231500256,2.951065890729072,1.2852067415964088,2.249608943034864,4.517552880008007,4.3337126218471616,1.6254770383925792,2.3220384935924168,216.006048,0.0,3.8052964327171774,0.34598874383569006,1.8320066546313778,11739.335023950407,13212.820512820514,12547.957171034093,12087.320371935757
LOG00011,Idle 35,99.5,100.0,30.83846153846154,3.868998820595227,45.552524056188716,22.923925049309666,33.0,1.8037081616705088,4.876232741617357,13133.565793181177,10228.57142857143,0.0,0.0,0.9033202454515408,1.4566824589553866,0.673762026439343,0.8756643211579722,1.6813828193154146,0.6743891804735965,0.1390623472079939,0.8667262514171078,0.004609480840553272,0.2878852956736353,0.308470589886783,0.24224376073577517,4.424676346010894,4.485168586415623,3.384474884160289,1.0498019492577138,1.3380474041024415,2.3982241950953687,5.239999397744519,1.2120047962097642,1.9037420854333678,99.520088,0.0,4.12913099239334,0.28089979702473256,1.2025919898890431,13148.295294449139,13297.576782192165,11897.520428289658,14190.870667793744
LOG00011,Idle 35,221.5,222.0,36.71834319526627,7.841084260687625,52.5465381471879,22.12607495069033,81.0,2.7237307208474393,6.588481262327416,14520.984784446322,10371.42857142857,0.0,0.0,1.2952066994170768,1.2675389801383763,0.7817720443439747,1.350306226591472,1.3517030572150777,0.6561861840303546,1.0517840647710128,0.7642627848311673,0.38544005968859696,0.35837849768181107,0.360335577502116,0.22370327605132495,4.993158945733771,3.5140898013533137,4.111867287152035,1.4271712640703555,1.7354266750879928,3.371770498108259,6.269899287936597,1.2814475136315795,2.1015836415143903,221.523919,0.0,4.250016312772129,0.3205828191126023,1.588792554362454,13728.486897717665,15143.11073541843,14051.451112989575,15160.890391659623
LOG00011,Idle 35,153.5,154.0,32.104930966469425,4.718238077647688,55.06169536891345,22.593096646942797,102.0,1.334936380334893,5.062406311637082,13326.591997745845,7914.285714285715,0.0,0.0,1.088488590797555,1.7237855244765774,0.9838043072789011,1.3330705227075104,2.16765042397596,1.7717259442049558,1.0490277960319934,1.437481926740391,2.0332063731886936,0.37640909336975525,0.3534754513128738,0.25155332012924664,3.2654635395704545,3.8973393819942137,2.87836350842488,1.771244564121011,1.633832249112597,6.601506014297399,6.0398087669088,1.4415692745566266,2.534449642348461,153.659167,0.0,3.3733011958287498,0.33161613004613644,1.703924165590793,14055.255001408847,13119.611158072697,10730.1775147929,15401.324316708933
LOG00011,Idle 35,218.0,218.5,27.39407114624506,1.2275189584512265,54.744813517999944,22.115177865612647,119.0,0.9803613854702845,3.6107509881422923,11495.080463015247,7600.0,0.0,0.0,0.9469585244005737,0.9687509780292723,0.8545413903226812,1.1008867395965667,0.8983621318565145,1.0773821535671109,0.6772911038617473,0.5352875259235546,0.7101916903750858,0.26735077911552696,0.37563635979740145,0.22543462426239436,4.0553029984557725,5.808033933416764,2.6984700737886267,0.7387725192480791,1.7181521578602423,6.726150958710902,2.965213334412395,0.9579167250778075,1.3019651772003578,218.406366,0.0,4.376470469839736,0.2963105823916571,1.3224658167143604,10424.505928853754,12725.861095426313,10980.575945793338,11849.378881987579
LOG00011,Idle 35,172.0,172.5,29.41341222879684,2.7173156483975136,49.68017480301498,22.463550295857985,83.0,2.315397663771851,4.716489151873768,11971.978021978022,6742.857142857143,0.0,0.0,2.467093973363218,1.5028849108608218,1.0055163330712256,2.463944257216522,1.4327394099505997,0.9548852419864591,0.3477725263527512,0.5706580253876742,0.5795206946330506,0.47005496545533043,0.5542839151508416,0.3341834445790257,4.176548920140555,5.89930911525766,3.0289293162390543,2.248095900288299,3.1622781013641608,7.176006482266482,6.637113985105428,2.0426962241971083,3.481991026965303,172.499505,0.0,4.5247402033141375,0.461830020597355,2.743532209329825,12800.450831220063,13121.724429416738,9062.46830092984,12903.268526345448
LOG00011,Idle 35,139.5,140.0,28.424703557312252,0.4154648939797893,31.163399362660094,22.54586956521739,21.0,1.094555694285337,4.439525691699605,11980.773574251836,10742.857142857143,0.0,0.0,1.1726290647152688,1.0285201530277224,0.4809923795356109,1.1232042959568103,0.9737234299013898,0.48076268599625666,0.625363989176382,0.6753078054274465,0.0032086453740956863,0.26442540078589094,0.32399767352899667,0.22181487361511043,6.3168235432106545,6.246049662877417,3.4335160575237342,0.8883623651364767,1.3810372984419224,3.0905312487029613,2.8555472676228737,1.1029307840021458,1.8600830883540849,139.907322,0.0,5.498618874604327,0.2733112530857257,1.1611312827321978,11346.781479390176,12402.202145680407,11568.464144551099,12605.64652738566
LOG00011,Idle 35,226.5,227.0,25.319329388560156,2.85188977520613,23.45677096362365,22.197751479289945,29.0,1.2953972727756435,3.593648915187377,10610.193012116088,5514.285714285715,0.0,0.0,1.4253161924835627,1.3366392921836696,0.5863124381245703,1.4640892862896613,1.0606786709702303,0.5929101088437367,0.7640827085354494,0.7250378067442076,0.2583453930870383,0.28027793151099606,0.38458390075970517,0.2898658874438252,2.5735949105463454,4.164477416174243,2.358601744597073,0.9343532415493073,1.9717117023224577,3.272924007395437,3.4317809247651363,1.381689336639228,1.8531540552433117,226.667893,0.0,3.137369657480169,0.3217052109821607,1.5428323008462435,12242.124542124542,11585.939701324318,7480.726965342351,11131.980839673146
LOG00011,Idle 35,168.5,169.0,38.48043478260869,7.845340036306418,30.548409732439524,22.28624505928854,58.0,2.734451031309018,7.659505928853756,15194.17701863354,10128.57142857143,0.0,0.0,1.8767586045495583,1.5952782441474103,0.7129779551680985,1.7817219188094666,1.60663501438895,0.712980361941045,0.7383188473529775,0.7147683575620484,4.843327914042015e-05,0.3522413781268936,0.36205225517490347,0.31530216020485236,2.912576965856509,3.1191938145806293,4.164411536995352,1.5665727009635455,1.8403596378486111,4.300243581666052,5.15376220077473,1.741714031636773,2.8899137950141145,168.739719,0.0,3.44261519218631,0.34378834388414675,1.7089578145797641,15835.290796160363,14965.527950310561,13688.198757763976,16287.690570299264
LOG00011,Idle 35,204.5,205.0,28.46646942800789,2.4969843667044334,30.81376022058255,22.333254437869822,22.0,1.4421091407657067,4.327593688362919,11678.014933784163,9371.42857142857,0.0,0.0,1.022278921844499,0.8293956845776901,0.8358213766451762,0.948757548336136,0.9020861643051737,0.7746447037249583,0.47063676545745214,0.6473863043840028,0.6062358175977991,0.26091453061538705,0.28451910061469443,0.25454791958500456,3.6446711976756423,4.744603286958215,2.704740759806205,0.7346553739760624,1.2745069463877121,2.2329785699566402,2.9469336853679975,0.9308467638778269,1.3223292592859497,204.669372,0.0,3.7908007539101876,0.2669720049405282,1.0402130731014771,12114.1730064807,11475.598760214143,10777.0921386306,12345.195829811213
LOG00011,Idle 35,141.0,141.5,29.317751479289942,1.234194142281111,39.49550367769271,22.605029585798817,29.0,1.390458000528211,4.584635108481262,12218.7235841082,9214.285714285714,0.0,0.0,0.8408515552256659,1.1583644574231322,0.6599415064088361,0.6811164555314262,1.0502884279349725,0.6603119949131968,0.4411968682255115,0.4730384944965568,0.5567774966501917,0.2881018445691952,0.3304114542932283,0.2842172235142166,3.238389672443232,5.246904000353192,3.2461611003316277,0.9377855670665683,1.6316273726005877,2.462339613215179,3.4469779234473967,1.0121362443235125,1.7285993680639578,141.328966,0.0,4.02304740003626,0.3016365539930846,1.330723422206482,13028.994082840236,12099.802761341223,10419.385742462664,13326.711749788674
LOG00011,Idle 35,140.0,140.5,26.36923076923077,0.677680229235476,33.83445587227968,22.719112426035505,36.0,0.9548300828612601,3.563570019723866,11270.787545787545,10157.142857142857,0.0,0.0,1.5744545607324054,0.7359384145062693,0.5581072272924906,1.581562796213594,0.6017953105090742,0.5822008210769376,0.7870549845466965,0.37696421056930973,0.17057937176301832,0.21430290128678742,0.254335943933395,0.22847683361163024,3.035256750374856,5.9686445500248375,2.3810189268600475,0.5367539724164344,0.8178718359380027,4.6828403862228996,2.3563251568015686,1.2289248377661406,2.1223949688649335,140.02571,0.0,4.103118831462359,0.23296220678729715,0.6917438712867002,10753.705269089884,11712.031558185405,10707.889546351085,11909.52380952381
LOG00011,Idle 35,204.0,204.5,23.343195266272193,0.1982369215319375,30.578942303183553,22.242840236686394,14.0,1.039556400253426,3.029349112426036,10030.945336714567,8885.714285714286,0.0,0.0,0.5765166403209981,0.5641905699583017,0.6010842272099196,0.6087629542458141,0.5908484760480819,0.6178413741763118,0.3781709010517755,0.11240321082459363,0.596772185631002,0.2396556158706798,0.23232140503074206,0.22592370871004597,1.264377791953169,3.9750660785220187,1.48618955520249,0.5461811433094479,0.7341407577113136,1.6402241632532795,1.6275488279547026,0.5703869019345045,0.9841493418743332,204.000474,0.0,2.556596756327558,0.23270121874133987,0.6470226013980336,10499.605522682446,9739.898562975484,9172.86559594252,10711.41166525782
LOG00011,Idle 35,141.5,142.0,27.26410256410257,0.8349688093321372,40.585645265728026,22.66794871794872,38.0,1.2312269024691467,4.078915187376725,11531.262327416174,9257.142857142857,0.0,0.0,1.1557242836324984,1.329324775956111,0.5677057352010143,1.2573802902289064,1.3005274024485756,0.5730580177040224,0.8157494734842502,0.6025616895959568,0.09756408085893742,0.24892340072598845,0.2943212273859059,0.2481538144664918,3.3361753564508763,3.342406954892617,2.179138109151672,0.7290498168646016,1.1849279370588304,3.9725388719001096,3.4518382605107436,1.2455526845036735,1.6791513066689085,141.964317,0.0,3.0027983148979436,0.26468104072210336,0.9837600956261655,12232.713440405749,11261.848408002252,9941.194702733164,12689.292758523528
LOG00011,Idle 35,134.5,135.0,12.801383399209488,4.614067900685412,26.063575828958424,22.69205533596838,70.0,1.0217304699148724,1.771581027667984,6188.121118012422,3614.285714285714,0.0,0.0,0.8137601720956904,1.308985587181988,0.5526620623287098,0.6887782442949317,1.0814156396670753,0.3933729366237218,0.39018343687856966,0.5263293981910339,0.3108759505207541,0.2747365415629727,0.30751045374669034,0.30013797540367315,6.267472240625417,8.323899834533725,6.8628372866301195,0.7567909795223802,1.097274314525197,2.196385820373269,2.6565602295006276,1.0898735901790126,1.5262747267993224,134.73973,0.0,7.203403185650548,0.29446315599346456,0.9425347494928726,6603.190287972896,5817.0807453416155,5612.619988706946,6719.593450028232
LOG00011,Idle 35,103.0,103.5,43.495660749506904,7.570956970880816,11.532432574002708,22.846982248520707,105.0,3.6410110007048906,9.624990138067062,16855.38179768949,11371.42857142857,0.0,0.0,5.464001937036919,7.502039095287168,1.4128111069119145,5.4845251703273545,7.631823299315564,1.5405633082130377,0.16039965350820137,0.8077520790786743,0.6844586434283525,0.74483116600072,0.7553753065359204,0.45702819099591707,2.6503022695306893,3.1007403270435567,4.804556545500804,4.061837258850074,4.615585465978655,15.18258371049647,18.258552884927013,6.562617913422981,11.642973413274097,103.015544,0.4911242603550296,3.638793586458216,0.6668933165395167,4.347536722739446,17743.674274443507,15750.070442378135,16888.475626937165,17039.306846999152
LOG00011,Idle 35,104.0,104.5,51.21577909270218,24.10160992794574,53.44331387812704,22.676114398422094,13.0,6.566156022876955,11.518954635108482,17954.00817131586,13100.0,17.159763313609467,0.0,1.876265649060447,1.6856558947922626,0.7846495000660806,1.810136202520216,1.6521737863859616,1.1361477801432398,0.2545918121828338,0.3166635170337004,0.8241848377778345,0.418388926105127,0.5561786622686651,0.31327814307192053,2.39662582868022,2.761146379696695,3.2077351459816725,1.4660410778706672,1.7753631055913375,3.5312077265277875,3.7529738372754697,1.7835089825246355,3.4000273334151436,104.492452,0.0,2.8081612880777445,0.44065375401288864,1.6280648940842477,17970.583262890956,18168.836291913216,16344.378698224851,19332.234432234436
LOG00011,Idle 35,115.0,115.5,35.86410256410256,6.347598385192432,61.93626311814038,22.46877712031558,127.0,3.60179302942433,7.4091715976331365,13824.401239785857,5128.571428571428,0.0,0.0,6.522499468968385,5.712467064517912,2.942826444732128,6.40096762263501,5.700460234286062,2.877238376575112,0.8400505486509466,0.130601126256095,0.7114109054672522,0.8832871619307107,0.7812497932491019,0.48459643516457707,3.8138305262787857,4.773873603933803,2.9950782267871445,4.871690010133975,4.700152783036466,19.443743764965458,14.014925827724081,6.130875927870943,11.39637557244042,115.499661,0.21893491124260356,3.9287685116367896,0.7360663817115026,4.786689865592119,12277.796562411948,17027.106227106226,9741.222879684417,16251.479289940828
LOG00011,Idle 35,198.5,199.0,36.878500986193295,2.4515565480693424,23.511073666580018,22.093195266272183,39.0,2.1705114351721377,6.571558185404339,14508.32628909552,12428.57142857143,0.0,0.0,1.649019831214195,1.0944083571094652,0.6987674817280689,1.760993145340778,1.0880514677924136,0.6981755652636126,0.9171231705425105,0.6341944912515225,0.35625116611105007,0.3551894331640832,0.3718808475650191,0.25380605115151955,2.822147646137576,4.056310891640417,3.5521712695744294,1.5939513282043327,1.8355625685123098,4.8965632193352455,4.488644449506203,1.399463478596124,3.2733675022883983,198.503305,0.0,3.513597212479473,0.33109535878063256,1.7190070941691695,14611.073541842772,14297.01324316709,13618.991265145112,15506.227106227107
LOG00011,Idle 35,198.0,198.5,31.00808678500986,2.5413956796134505,10.031536999834291,22.28674556213018,29.0,1.8078481237121176,5.027297830374754,12551.697661313046,8371.42857142857,0.0,0.0,5.277480925202346,2.979265141127347,0.9233986659726683,5.233193222043055,3.018925841015078,0.8789994074299725,0.1968953397216535,0.5392360500701262,0.6760665347330048,0.5552073793705496,0.48771566382540493,0.36447236733444605,5.678375623024064,4.2815848356055115,3.4618258455829514,2.9408016856458383,2.8292512071968154,10.875211122664455,9.041870606413054,4.285313623120898,10.38802589633889,198.006076,0.047337278106508875,4.566550726233355,0.47573168537126204,2.8855655379597627,13611.18624964779,10154.691462383771,12023.640462102001,14417.272471118624
LOG00011,Idle 35,194.0,194.5,28.94299802761341,0.7985967019114227,31.223075313039953,22.42102564102564,47.0,1.4478709078723273,4.2557593688362925,12021.477881093266,10628.57142857143,0.0,0.0,0.9841827767560039,1.4416345747375598,0.49617481345665165,1.046561022228328,1.839964110451337,0.4961748231366453,0.7154266482247863,1.2233970239578469,3.999490812750326e-08,0.25845985081418127,0.25515510362991,0.21162794863028744,6.66601896619687,5.246095984232798,3.559284850301327,0.6555408887698283,0.8620122372961082,3.7903646137707443,5.175614190462878,1.234286430522086,2.1299648974964187,194.144656,0.0,5.311178167445977,0.24268773491377937,0.7657672473073586,11759.284305438152,12243.674274443503,11408.114961961115,12674.837982530293
LOG00011,Idle 35,154.5,155.0,26.085207100591717,0.9216003716784122,44.38446158954711,22.726745562130176,53.0,1.478572143925717,3.927712031558185,11058.671456748381,4514.285714285715,0.0,0.0,1.5496079467424,0.9982346563311435,1.0678641372286843,1.6384943582509617,0.9954843910959031,0.8723981874656138,0.795367902811273,0.2827460210240679,0.5149417884426718,0.3529188721018177,0.35877729949052445,0.30740489962131834,3.1377033471424793,3.9144302214887388,3.493484144995234,1.542456472239555,1.6486861217827309,5.019292169778681,4.001971900538804,1.3034103762261051,1.9755406851722843,154.538204,0.0,3.5295126068106812,0.3404754779356487,1.5964551194619714,14126.880811496198,11269.484361792052,5352.9726683572835,13485.347985347986
LOG00011,Idle 35,169.5,170.0,28.3370808678501,1.1756930724304628,43.50571143991393,22.369664694280075,26.0,1.1458566952260054,4.197297830374754,11877.78247393632,8785.714285714286,0.0,0.0,1.0439053998033598,0.6831319767914603,0.614339916345503,1.0225548393309958,0.6647393851072135,0.6143399163454579,0.6817773279122981,0.12464167780697423,1.8079074630030897e-12,0.23121421513125326,0.24658866094799337,0.23749859926660236,3.1752787119463877,3.8557071239232714,2.677314488065038,0.6899811809121045,0.9318565078785404,2.4906135425915505,2.2749818474685983,0.8821586539431616,1.230171374140535,169.611841,0.0,3.2719456592887535,0.23851734083743542,0.819887364608228,12726.148210763595,11675.316990701607,9738.574246266553,13371.090448013525
LOG00011,Idle 35,153.0,153.5,35.0181459566075,0.6851381714679085,48.084552635865975,22.55641025641026,3.0,1.1550155442087746,6.012485207100592,14244.005353620738,11900.0,0.0,0.0,0.779427764756002,1.1087683522196268,0.7444179022908818,0.7765071688343367,1.0082240322242073,0.7263096171243563,0.07382847024898083,0.48005913138113027,0.20690688271411814,0.2889701508101413,0.3806840630136672,0.23659632005199652,4.1042370968481805,2.7922157112623256,2.7173996943623675,1.0468806700530788,1.8810597395239708,2.2649895175900703,3.1575962695036606,0.9583514228497717,1.5128640548385637,153.433239,0.0,3.267286938949279,0.3078971270592264,1.522226146304939,14085.23527754297,14603.972950126796,12881.375035221188,15405.438151592
LOG00011,Idle 35,223.0,223.5,37.43142292490119,5.312947563196612,56.8735269222743,22.012450592885376,4.0,1.858697655664834,6.869288537549407,14765.32326369283,10842.857142857143,0.0,0.0,1.2867425590398736,1.5762568467983773,0.6220410791770751,1.354101624464353,1.550327287446308,0.6220400347952172,0.4937102334827284,0.35822418975283454,5.6173161804069e-06,0.3331872320162817,0.4928088121887985,0.25004412653721364,3.1155136170775477,3.4322945733480004,3.5592212056018298,1.376664048831032,2.5864518702005945,3.3613120908853458,4.939555596019343,1.4388002050881232,2.317298270594773,223.119202,0.0,3.374172823415911,0.37255707489607737,2.0718273552842184,14010.869565217392,15448.701298701299,13810.756634669677,15790.965556182946
LOG00011,Idle 35,191.0,191.5,29.069822485207105,1.4476998583031984,52.33919706550674,22.267376725838268,9.0,1.1311514416328527,4.280966469428008,12052.754296985067,9300.0,0.0,0.0,0.577307904773868,0.8707983093914484,0.5528950827434476,0.577850303198326,0.7424899928217439,0.5529191730339469,0.005145617673141125,0.5057484446845769,0.0003569525410302369,0.2664610942749107,0.30813910238137215,0.2291742131313205,3.7009037927865296,3.9300472869524623,2.8155608489746786,0.8556030173612372,1.2847132005628552,1.7990793174656152,2.6036690846130246,0.7387740224701321,1.1687128663425232,191.288569,0.0,3.5151739385803347,0.2698592479688504,1.091454197623086,12420.005635390251,11960.834037757113,10039.560439560439,13790.61707523246
LOG00011,Idle 35,190.5,191.0,29.847928994082842,1.775165811875736,48.75085010559128,22.35895463510848,18.0,1.3423210352948522,4.737771203155817,12275.295857988165,9357.142857142857,0.0,0.0,0.7332587102207915,1.086162452854745,0.5260431509826656,0.6763236300218401,1.0100733828293575,0.5260431513936403,0.21421509021352017,0.4859059534328842,7.591997883111085e-09,0.2556667520827569,0.33018690562089065,0.25911270313801404,3.6962039857033995,4.882773057869641,2.8821396491750235,1.0119055171655986,1.7066813035188484,2.11922727907014,3.5390189081646826,0.9266653144760775,1.5409205191738022,190.731161,0.0,3.9076900933046566,0.2837418273075799,1.4029814409768526,12732.488024795719,12149.112426035503,10307.072414764722,13912.51056635672
LOG00011,Idle 35,120.0,120.5,40.4353057199211,4.105910020432065,52.15203654315061,22.47666666666667,53.0,3.1928348402108138,8.31810650887574,15661.806142575373,11871.42857142857,0.0,0.0,1.3381213106018344,1.0404084952619768,0.674656287561601,1.3379696630874405,0.883892188437815,0.6811031551395665,0.004859885454827102,0.4088256993798017,0.15443908459231118,0.3374783929075469,0.39768315376670665,0.2657346532639304,3.079890486913273,2.549276240902364,4.38683103269001,1.4153903200075493,2.008727934422379,4.0218829428902625,3.8072390302594044,1.198544633899811,1.8005941038288957,120.375298,0.0,3.426797400546671,0.3379637369179303,1.737572685170303,16297.210481825867,15246.68920822767,14484.615384615385,16618.709495632575
LOG00011,Idle 35,217.5,218.0,30.85759368836292,0.8901147503754238,52.99259878171973,22.21076923076923,17.0,1.207731173640812,4.663708086785009,12613.778529163143,11371.42857142857,0.0,0.0,0.9310519217563417,0.800725948417229,0.6407059320239403,0.9904801393574035,0.7822354983656111,0.6475739182118666,0.5901717249656234,0.3051344947304138,0.29248191287998415,0.27677494149849574,0.3014288623876582,0.25004045736112,8.870846544427705,4.288371769765389,3.673198070858643,0.7769330358423772,1.0846889544914344,2.3298085521231893,3.1075399810344853,0.8683374129550241,1.176278508198649,217.716755,0.0,6.0710909211405415,0.2768778055624127,0.9434445055696102,12004.451958298112,13236.207382361228,11835.531135531135,13378.9236404621
LOG00011,Idle 35,119.5,120.0,27.08284023668639,2.2992240823345864,51.57813855949103,22.780355029585802,33.0,1.450147470012597,4.031282051282051,11492.786700479006,9100.0,0.0,0.0,0.6508070307229619,1.3487770753938426,0.5907825584893183,0.6256580363148109,1.385852397707433,0.5504410092175159,0.13421492840091043,0.7203801167174676,0.15470396348445284,0.2301085538933666,0.2898857477091408,0.20082622356480528,3.08427256969721,4.946569095450407,2.259135764613027,0.7425938956004737,1.0976135778830258,1.6166051555023706,4.073050894568295,1.0589498076741892,1.7135891564022618,119.857349,0.0,3.60947722453014,0.24311510673690162,0.9370702375319218,11506.311637080868,11683.40377571147,10189.828120597349,12591.603268526347
LOG00011,Idle 35,158.5,159.0,24.614003944773174,2.067695823787509,56.65325201696354,22.508007889546352,66.0,0.6979254157433671,2.8606311637080872,10737.017469709775,6914.285714285715,0.0,0.0,1.4476106564413957,0.48543219278109456,0.7313213492035582,1.280015778867992,0.49543355847249815,0.6879454241233918,0.9807500014093065,0.25793233488336287,0.4722933712920391,0.2250085856291282,0.2949312549494076,0.23122169990794347,2.9922055703200994,4.958110860045809,2.1511403835011595,0.6607203564213414,1.2992469285109045,3.245084281202948,2.169812615183593,1.0796344349896747,2.3291043840549044,158.517029,0.0,3.5666773718727973,0.2523732574720574,1.0306779251139913,11477.204846435614,10609.129332206254,8189.799943646098,12671.935756551142
LOG00011,Idle 35,159.5,160.0,27.283629191321502,0.8445137044581867,50.10745481565302,22.488145956607497,66.0,1.6316898995142675,4.11422090729783,11489.356156663847,6514.285714285715,0.0,0.0,1.4139535360913433,1.2834258949097876,0.6480026749294158,1.372803306565993,1.2132575495677935,0.7464684432762468,0.38153586501079856,0.34943713667976706,0.36975318965335674,0.3228762951917693,0.4527224377426214,0.2842158571371299,3.4916021584255508,7.940868866730675,4.649201386686182,1.1861636196029364,2.3057170208925495,3.928352410708832,4.7247721003657395,1.3502678678599673,2.1138082420048705,159.862705,0.0,5.682245962214213,0.36054836064000156,1.8334823578239239,14258.692589461822,11101.352493660186,7551.253874330798,13046.125669202593
LOG00011,Idle 35,149.0,149.5,28.097435897435897,1.934951373518976,47.29053313765614,22.476134122287966,68.0,2.06160306212065,4.581775147928994,11764.41955480417,7414.285714285715,0.0,0.0,3.000063318514729,1.4423007339824672,1.1434629906465192,2.965111749427584,1.574397327965895,1.1090411687816726,0.3167807400996229,0.6619347335274395,0.7796829380592303,0.3509189353240595,0.4590471862715978,0.3006051350934221,3.9769838750625373,5.697562587052356,2.4169594869584548,1.4529859446465394,2.4996497543782845,6.849466211079943,5.399430169364741,2.3537853897864154,3.9793343136462855,149.024251,0.0,4.247364411706183,0.3760460369145321,2.0444335462303274,11596.08340377571,14890.786136939983,8415.187376725838,12155.621301775149
LOG00011,Idle 35,160.0,160.5,26.843675889328065,0.5381581141466122,42.70816357195326,22.516403162055337,56.0,1.5167240208830615,3.847588932806324,11358.399209486166,7600.0,0.0,0.0,1.4335964705791675,1.7979288617378086,0.8206410378364793,1.4105808293372972,1.805108279110963,0.7057790577728158,0.3722144055398715,0.5080583449541018,0.45706251029046085,0.33188773478418293,0.42331388349829807,0.31824727291098287,2.440508808814627,4.315612288419237,2.378926381109329,1.3800512570067336,2.2657665071247273,4.917300265108203,5.634275400487409,1.6259992362124371,2.2735723621358117,160.086653,0.0,3.1748954521681934,0.3608441210910257,1.8759316800957937,13643.337097684922,11307.961603613776,8278.232636928287,12204.065499717673
LOG00011,Idle 35,149.5,150.0,26.229585798816565,1.0445842420282774,31.744579320094953,22.63822485207101,58.0,1.4838234930950813,3.8110650887573967,11084.657650042267,7442.857142857143,0.0,0.0,2.0536142006693474,1.9156310932952474,0.8539480362216816,1.9774733747476474,1.8790802834324722,0.8201507318547278,0.51370131219878,0.6110732499560226,0.5023480528688111,0.3476876644295635,0.4427820044472281,0.30550197943465635,4.0178494977415,6.143508905549355,3.2124710785737918,1.5405039000910035,2.292398315755517,6.265493616341034,6.129438777234493,1.9858214636253617,2.785623437912208,149.971355,0.0,4.626221881468682,0.3698080920771759,1.952977509378222,11812.792335869259,12769.540715694564,8043.223443223444,11713.074105381796
LOG00011,Idle 35,156.0,156.5,25.56370808678501,1.9016613876108093,27.28869598608617,22.605798816568047,18.0,1.3478368665764369,3.6325443786982246,10912.728937728936,7242.857142857143,0.0,0.0,0.8009280474363484,0.8708830443296552,0.6458659600953386,0.6662626667168993,0.8516027486914329,0.5699384190391359,0.27772432527989666,0.568893818437086,0.4302877626688085,0.2627615969729437,0.3055565127296415,0.2460634455212114,3.6396027542526763,4.8826815561093095,2.7740301010814226,0.8913450899896376,1.4442340815571966,2.0424489303618083,2.5831344963880567,0.8366370222716332,1.2463315678628337,156.497523,0.0,3.8636136102893586,0.27261429317935715,1.2000641965703325,12618.286841363766,11039.363200901662,8144.012397858552,11849.253310791773
LOG00011,Idle 35,117.5,118.0,35.61203155818541,0.9057961588844582,33.89497521238856,22.506883629191318,28.0,1.6368540705638768,6.523274161735699,14448.943364327979,12214.285714285714,0.0,0.0,0.9115654509346303,1.2297096899937046,0.6451587918688921,0.8775874621468525,1.2507872992337803,0.6451587918688965,0.25706962803675387,0.7056861151571376,4.8177338299733686e-14,0.30031605476480144,0.30599005261185963,0.23942888356904873,3.0017714156207833,2.121132968409193,2.904299915768128,1.1596494702966549,1.4983039503914337,2.6483592479334064,3.718125548403169,1.0823902930556217,1.3933675805169645,117.640522,0.0,2.7046130161904958,0.2835170984461812,1.3397204226475552,14899.661876584953,14398.562975486051,12837.89799943646,15659.650605804452
LOG00011,Idle 35,203.0,203.5,23.695857988165677,2.219334664845771,29.979872633175948,22.271124260355034,40.0,1.159693461890843,2.9848323471400393,10189.856297548607,7657.142857142857,0.0,0.0,0.8428284721759711,0.9317822585904655,0.7446033130478624,0.8136050074631057,0.8689059266935021,0.9038245389517964,0.641995459535306,0.7116364102998821,0.5583184076524137,0.2578802301479289,0.29283789429955326,0.2650192944082327,3.0068030163065114,4.087870866724051,2.038675910045859,0.714177884500641,1.0383856914938105,3.4257408245865095,2.504040127978115,0.8884193860262257,1.529211526927624,203.000088,0.0,3.157412024009669,0.2723303581116035,0.8911495090636843,10825.979149056071,10221.837137221752,8582.276697661313,11129.332206255282
LOG00011,Idle 35,157.5,158.0,38.79644268774704,6.768015571521653,43.58217219890221,22.444347826086958,32.0,2.447928251414922,7.370158102766799,15160.657820440429,11714.285714285714,0.0,0.0,1.4196085748981637,1.344393617886647,0.7647926689783696,1.4765286722090367,1.5205059126648508,0.8088899434832884,0.8143575366829263,0.7295082213365613,0.3207967976796913,0.35297434629185426,0.37287117888941956,0.2556529971300339,5.190074695359336,3.66176083313987,3.662488746773228,1.5159521416195956,1.99583457830157,4.963304076094739,5.046620596660731,1.3825126953736702,1.9459079373430719,157.914234,0.0,4.233170268359441,0.33115065057468757,1.7722114094578625,15354.178430265387,15234.189723320158,13505.5900621118,16548.67306606437
LOG00011,Idle 35,217.0,217.5,32.44950690335306,3.7937474192046015,48.459844212801045,22.18992110453649,26.0,1.6092681849318762,5.254319526627218,13112.721893491123,10228.57142857143,0.0,0.0,0.77385027524701,1.4595581479233355,0.6548859176731999,0.7792610071041751,1.4072596942779518,0.7881793535241834,0.05096109954683568,0.6225583092211964,0.556103973557963,0.2997403318567481,0.39825807087904724,0.24918563929203105,3.4677950212289312,4.57858066818621,2.8994136617439707,1.1863760506240386,2.119600730984597,2.373422864698694,4.940274449570678,1.168151153676028,2.280449188807387,217.199793,0.0,3.714637839065707,0.3217386311854556,1.7175848439429031,12647.111862496478,13572.132995209917,12358.298112144266,13873.344604113836
LOG00011,Idle 35,106.0,106.5,29.992292490118576,1.382828015902251,66.17219069781268,22.89175889328063,103.0,1.9174866235457944,4.5863833992094865,12739.081027667984,6600.0,0.0,0.0,1.8992805449558932,1.6936721518124596,0.9000623214230491,1.9104976544263963,1.6351869616457133,0.905274372016408,0.4557275152438318,0.4874987600016758,0.7671121033678957,0.4437257337159507,0.6548818147258908,0.44429101248785335,3.799082179372886,7.390291319982165,4.495242036983846,1.7892007130284602,2.9386998714769583,5.347601139264598,5.582298391878418,1.7994154531781985,3.2385360708010476,106.479431,0.0,5.454558710256314,0.5238184233103161,2.4328168987945062,9241.473743647657,13697.092038396388,13974.844720496894,14042.913608130999
LOG00011,Idle 35,213.0,213.5,30.2698224852071,1.6853635407076084,58.990492112749976,22.13741617357002,77.0,1.7078992788424416,4.566568047337278,12278.634826711748,10428.57142857143,0.0,0.0,0.9062586411670674,0.890378502595614,0.788820924636162,1.1339759542039411,0.7963561067756615,0.9868199178746455,1.022737381635421,0.3327982321021521,0.8216980548507019,0.2961840697686431,0.30773116860140154,0.2508530600066495,5.705947148191973,5.465773733961434,2.606717756748653,1.180375919858385,1.4908800258017747,6.8377938008627,3.028790190773185,0.8983536615872354,1.3699022894265238,213.000007,0.0,4.8037309400149795,0.2859782818258526,1.344620869151641,12307.945900253591,12339.673147365454,11789.264581572275,12677.655677655677
LOG00011,Idle 35,211.5,212.0,29.50394477317554,3.2030656267361732,48.42850939140931,22.217376725838268,101.0,2.135320118528062,4.792800788954635,11807.466892082277,6714.285714285715,0.0,0.0,1.002333541268048,1.2648872485912719,0.7890335790588201,0.9146377808698245,1.1159664376800429,0.8218782069119277,0.4808143751307187,0.6721954557808505,0.6109820487875188,0.34374519916323776,0.7708577445890014,0.45351016378884546,4.360982578383401,9.558424105367173,6.105685381855073,1.4667551091156965,3.488039855870001,3.1917670224874284,4.982414835568026,1.141186286195147,1.7315057561042446,211.664197,0.0,7.015721260360586,0.553188904745447,2.6756113867913096,14280.755142293605,10182.727528881376,8466.61031276416,14299.774584389968
LOG00011,Idle 35,138.5,139.0,33.057001972386594,3.116414088531764,31.085934181710446,22.602702169625246,78.0,2.1930476006987774,5.721183431952663,13367.44153282615,11271.42857142857,0.0,0.0,1.993248973112998,1.4880656538321972,0.8731180198805089,2.4281808086847083,1.3736069991289543,0.8278192880659322,1.558149190731677,0.8810744536613075,0.4230943839764795,0.35499801043085377,0.3649061461028109,0.29580435549863443,4.083995484606658,4.836595189366625,4.1178639195741,1.5285517422670014,1.907325778456328,5.882478244401588,6.008869184442248,1.758888975878106,2.9629822295243833,138.999686,0.0,4.359987591886859,0.33994131827195945,1.7283463272665467,12001.15525500141,13326.570865032405,14300.87348548887,13841.16652578191
LOG00011,Idle 35,201.5,202.0,40.309270216962524,5.141041581274656,11.878194945351797,21.991143984220912,57.0,2.828266709291742,7.7175936883629195,15560.728374189912,10257.142857142857,0.0,0.0,3.783972473405315,2.7586318724617893,1.2199890317897655,3.9654202120590663,3.099802881103484,1.3581360796204305,1.2633578004791535,1.2012527110991567,0.7568660607127179,0.48830949717047506,0.46892683683253455,0.38002344342315264,4.468932360890012,3.0594282909139725,3.878849042840626,2.537803237092148,2.4756462761698836,10.41391876970489,8.565100509950955,3.3112306992454617,8.012353330477683,201.504445,0.013806706114398421,3.846077127437791,0.4482396534890084,2.50691740539145,16735.080304311075,14091.800507185122,13704.761904761905,17711.27078050155
LOG00011,Idle 35,200.5,201.0,13.27534516765286,6.190844199505875,40.30353028645427,22.1832741617357,147.0,1.255089982443064,1.9741222879684421,6520.569174415328,3428.5714285714284,0.0,0.0,1.1245395405868028,2.1054950764481055,0.4904149685984238,1.041859752324667,1.8131840137105733,0.4563761991747257,0.44406515240235794,1.0505404436436416,0.12199933170976142,0.3291399861773163,0.3485217250407811,0.3017625973733597,4.093449395592899,6.210733222656039,3.7938220206304716,1.1526664759502216,1.4015099517854208,3.468084977653921,6.151121191556462,1.6878534733931134,2.8474378990820175,200.698419,0.0,4.820878918534255,0.32703781050500474,1.2831348623065848,6840.969287123134,6372.921949845027,5708.988447449986,7159.397013243167
LOG00011,Idle 35,207.0,207.5,42.55305719921105,4.405166135476208,11.384014461812209,21.99317554240631,32.0,3.031371792578317,8.362642998027615,16267.413355874893,13142.857142857143,0.0,0.0,2.748618597476095,1.9720647292591487,0.8347871942576212,2.75374447429358,2.2237074707890647,0.8347800280572957,0.29399291326568944,0.8361461641694048,0.003364592401949534,0.37458373473841833,0.4004271728155436,0.3152231321227213,2.0243327021152457,1.9596352704296915,3.9163562609337914,1.7695118500662619,1.9877980256995702,6.726995278966287,5.838557818198746,2.392064327184724,8.102181818275858,207.004596,0.01775147928994083,2.7854347143980096,0.3651577367316256,1.8818226774194262,16636.85545224007,16272.95012679628,14765.426880811498,17394.420963651733
LOG00011,Idle 35,229.0,229.5,28.349309664694278,0.09553398542967255,30.02496694480706,22.100552268244574,104.0,1.5526023952606685,4.075029585798816,11711.67934629473,6671.428571428572,0.0,0.0,2.195060301392388,2.2446155321310717,0.7379628502260585,2.016732731630457,2.3803956851655976,0.7500910713259578,0.7989615729373607,0.7486573167808767,0.621771536377945,0.3721114755880977,0.4864423147145062,0.305606807971823,7.309952905440385,6.3541702744511666,4.690090627635509,1.6278999833044034,2.282091666782788,6.203008750134134,6.532576537096045,2.2199761951238237,2.7257095443568398,229.314847,0.0,6.213100177632999,0.39517447492126195,1.9821706197048123,7815.610030994646,12225.81008734855,12674.950690335305,14130.346576500424
LOG00011,Idle 35,193.0,193.5,33.5861932938856,2.5942066213383352,20.878367812530634,22.332366863905325,63.0,2.347865192172895,5.390473372781065,13585.11552550014,11314.285714285714,0.0,0.0,1.8380991198209933,1.9190957485307802,0.819653778835831,1.7457462413311184,2.300538962949362,1.0152712049244306,1.4512399244439613,1.21023343043809,0.6268177909736683,0.3674838279977557,0.4183393931372751,0.30301060938699165,4.607854012933841,3.470229841666672,4.040658301883915,1.7568371506772573,2.0848256334686366,6.713494314971881,6.821187550971068,1.8790339095284605,4.087576257506371,193.00025,0.0,4.066191226487339,0.3659998365625425,1.9278193245176896,12208.537616229925,12898.732037193577,13902.67681036912,15330.515638207946
LOG00011,Idle 35,143.5,144.0,25.460355029585795,0.048915982687433544,28.514338520140537,22.660670611439844,106.0,1.1918384205926496,3.6977120315581855,10930.614257537334,7114.285714285715,0.0,0.0,0.8956532425265655,0.8466255517883263,0.740179282392132,1.0448568155693123,0.8241160053016637,0.728286623029274,0.571658952248699,0.4914882757278522,0.6153017330027483,0.2902994525529282,0.34853124923954254,0.253079861426717,9.3207597198868,7.509868283149881,4.466236250072867,0.9495327481152624,1.3439614978896295,2.685338966479189,2.8829909956272584,0.8714842384659747,1.2382471415807867,143.999607,0.0,7.376131543195926,0.29988732334482576,1.1635817434871214,7451.084812623274,11878.388278388276,11872.273879966186,12520.710059171597
LOG00011,Idle 35,167.5,168.0,27.084812623274164,1.8518677906379788,28.069132233960488,22.52506903353057,90.0,1.764521836519445,3.8128599605522684,11309.678782755705,7742.857142857143,0.0,0.0,4.336019770012136,3.610896165432509,1.165059410644331,4.58864905773042,3.4134227757458873,1.325883255465401,0.8144964697613652,0.5381129635196719,0.6169741329881249,0.5134854597329653,0.4844951891688424,0.3363597637051824,5.530637137045413,4.266230711062217,3.1081404944049478,2.4807159232340608,2.608837017681132,11.489125293076057,9.619281261721712,3.9899648221175643,6.35227475587636,167.96823,0.0,4.413963032417171,0.4514941108234352,2.545582652027862,11489.912651451114,9377.120315581855,11208.368554522402,13163.313609467456
LOG00011,Idle 35,172.5,173.0,31.842800788954637,2.8251411522850827,31.329583523629577,22.398836291913213,63.0,2.4777841052110943,5.077455621301776,13034.833755987602,9871.42857142857,0.0,0.0,4.58596246438499,2.887374081633836,1.0045699845371505,4.544961991312309,2.7511601222587063,1.1458348999670376,0.4152452519616408,0.4866890182939666,0.6192301280023029,0.6255814570193529,0.6812037722783395,0.36346304962795095,4.900402104043312,4.8866171083570284,3.2315292783892633,3.5031270911250214,4.206463635738491,13.19583940167479,9.977291771057546,3.8319695204971884,6.593415332351894,172.708654,0.0,4.409676821948397,0.5737293575596849,3.8708032587154513,14655.959425190196,13424.260355029586,11219.78021978022,12839.335023950409
LOG00011,Idle 35,207.5,208.0,32.667786561264826,5.204992457639893,38.63219209886942,22.094901185770752,47.0,2.2194843420209835,5.175217391304347,13307.728684359117,10557.142857142857,0.0,0.0,1.055161713760947,1.2067190953521663,0.6994407239559817,1.135047251583062,1.3875174594400064,0.6926712601252514,0.7766210822137477,0.9456780689630431,0.34040216637635823,0.28540221451529224,0.3255457214385168,0.23422620261226548,3.8561709143843896,5.524945386513651,3.6445034153279576,1.0985623076771454,1.374276900963682,3.528819798453936,4.114228660436331,1.1334763379256065,1.6229009120520117,207.540308,0.0,4.422573940939814,0.2841926311426337,1.2440812160729855,13202.738565782045,13656.973461321286,12123.546019198193,14247.656691134951
LOG00011,Idle 35,226.0,226.5,19.758695652173913,1.178166609417494,30.116711465264448,22.158458498023716,9.0,1.2488711982388934,2.617588932806324,8648.284867306607,5671.428571428572,0.0,0.0,1.1331109646194966,1.2509505138215884,0.5852591214067113,1.1145522981752687,1.0238895709669098,0.4763884429509366,0.24110385096626089,0.572457963444169,0.34333853547999993,0.30321469584560223,0.3477538367183302,0.3276828949119306,3.4873203999285622,5.006281439755752,4.228829550446772,1.0623672201743006,1.283340884291824,3.463245753082657,3.142215426504247,1.1934859961833282,1.6407792003783712,226.014799,0.0,4.285917124433335,0.32672514562290406,1.1780466747535494,8767.560700169397,10866.629023150761,6235.4601919819315,8723.489553924337
LOG00011,Idle 35,188.5,189.0,15.38974358974359,0.9435409686390563,18.427847953587843,22.403333333333336,19.0,0.6646420810607375,1.8453451676528598,7177.472527472527,5685.714285714285,0.0,0.0,0.39348059031671,0.7532945460961163,0.5228741697732401,0.37054159091102157,0.6635267498630699,0.3267991648887841,0.1015300530023092,0.6096026614319472,0.3815174756165884,0.2736176558473585,0.2955734954744009,0.2817161143504057,1.9722139696982817,3.3770330961059174,2.6263490249525043,0.7945374085260738,0.9587480678207562,1.5158596157802515,2.100061049173669,0.6009491027259046,0.9848264612797853,188.558745,0.0,2.719784898071705,0.28378059711864845,0.8804792874046959,7970.949563257255,6701.465201465201,6028.740490278952,8008.7348548887
LOG00011,Idle 35,150.5,151.0,27.44319526627219,4.5596342338488585,18.40650136352427,22.542682445759368,36.0,1.9070338529313517,4.353727810650888,11340.053536207382,6528.571428571428,0.0,0.0,0.5903814336815444,1.1828312276529316,0.6022546701402518,0.5306944838520078,1.2155377236437692,0.6152144295844315,0.249733846927972,0.5660039361904445,0.2915197140250302,0.32680904779180026,0.3882529635546961,0.29373578737318007,2.979664153982985,5.155412451378717,2.8793745655999734,1.3522456423129203,1.9608343265771422,2.3903982816202776,4.757844140769021,0.9347833840914207,1.695084044915176,150.818869,0.0,3.8187028296436756,0.33853863896229497,1.6842564432766047,13189.433643279797,10891.715976331361,8988.588334742182,12290.476190476189
LOG00011,Idle 35,142.5,143.0,27.65128205128206,0.15065057252890648,38.38682830864731,22.44930966469428,81.0,1.2917076022316683,3.978205128205128,11684.17864187095,9628.57142857143,0.0,0.0,0.9649731931485839,0.8657578588639937,0.7455007716427159,0.9615806833176109,0.9440016425490497,1.018619802948122,0.7118550260990605,0.5547710663142963,0.9197774019181718,0.27189805591871324,0.3019423671445361,0.24710655791091557,6.596615610465202,4.853018581290406,3.2051147339610115,0.7738796852055083,1.1498652889603518,2.236949881686119,3.014756606502373,0.9167087688246855,1.135273913879528,142.505943,0.0,5.077397211184653,0.27456595859149663,0.9800714131964187,10734.770357847281,12251.253874330798,12093.744716821639,11656.945618484078
LOG00011,Idle 35,118.0,118.5,33.00039447731755,2.059307978737275,45.27494249829403,22.716568047337276,24.0,1.5049716098933836,5.536903353057199,13657.262609185686,10742.857142857143,0.0,0.0,0.7286329770575276,1.1296978818796841,0.6117499053301299,0.7285622081039097,0.9185691163583926,0.6117499053301506,0.0017456581976189292,0.6550294115265809,1.3101008225927181e-12,0.31440038031733397,0.3484250042803371,0.21058826533285976,4.422835278693847,4.352206105870731,2.8813474669225028,1.2150786659344632,1.5931283696405691,2.4502948339282646,3.7482408760236154,0.9505586040795068,1.4537903233167189,118.41794,0.0,3.9499085692193807,0.2969820422446112,1.4167699471972672,13969.59706959707,13616.483516483519,12067.79374471682,14975.176105945337
LOG00011,Idle 35,131.0,131.5,38.3956607495069,1.1620481592244085,55.99617867595697,22.666489151873765,97.0,2.1225954363679076,7.0273767258382644,15227.07100591716,12142.857142857143,0.0,0.0,0.9416108010939978,1.254368774289099,0.7470927350896707,0.891025202512552,1.155420743227633,0.7040157116869112,0.48897741026695407,0.4055209032439595,0.4069527131371793,0.32588161941137767,0.4044344797716964,0.2650677435281896,2.267544579247665,2.923645262675691,6.1607161683489275,1.3753300744927803,2.0623742441788053,3.261453796675663,4.325512590618322,1.1090698631394724,1.5122022125540044,131.476187,0.0,4.149051447732656,0.3366635248817979,1.7528434523448486,13114.792899408283,15652.099182868413,15897.182304874612,16244.209636517327
LOG00011,Idle 35,214.0,214.5,30.60749506903353,3.290387505802106,56.31550726411743,22.103865877712032,88.0,2.102782565348976,4.430631163708087,12621.75260636799,6128.571428571428,0.0,0.0,1.1963262813247078,1.0185264179456197,0.8303876192771907,1.1863199671219848,1.077432555645934,0.9447157503442603,0.6642338588772697,0.3620472864964162,0.6255940663503079,0.32656354701142104,0.41141720951347777,0.3157451629313359,4.023246003468094,5.798899527701839,4.936227977339979,1.427571861024411,2.0285472147658807,3.513288383590534,4.007881781042036,1.1109888918079553,1.7389906600457088,214.003341,0.0,4.972594587036581,0.35383747607956656,1.7539904818617336,9134.31952662722,13544.125105663568,14478.867286559595,13329.698506621584
LOG00011,Idle 35,137.5,138.0,38.03984220907298,1.3798030241155554,54.46324946227374,22.38518737672584,116.0,2.6459324785614933,7.562899408284022,14924.704142011835,10328.57142857143,0.0,0.0,2.601976109793404,2.4008008711922253,1.141397125172087,2.7512296761475543,2.336882068806498,1.1282723212846006,0.8432904903690168,0.6182596652838566,0.4935478219449532,0.49095385817606463,0.6330743214531045,0.3819257948530937,2.7334676735067167,3.619600917495083,5.597552124388866,2.5583378852308067,3.784952517716869,7.503056576367106,7.938123626280609,2.503410124116,3.4244544414935993,137.727036,0.0,4.159565125879057,0.5124080730939096,3.230399224273874,11307.6359537898,15541.476472245702,16572.583826429982,16277.120315581857
LOG00011,Idle 35,130.5,131.0,38.01005917159764,1.3926538018773142,50.11767886353566,22.541518737672583,103.0,2.987604201666313,7.005108481262328,15197.731755424064,13514.285714285714,0.0,0.0,1.5423643021099815,1.5239619110004727,1.179843919618749,1.649551864036876,1.7335896663471182,1.4332933825760819,0.8060764959311509,1.196198297888344,1.139257424525634,0.31990812360339105,0.36938506374986724,0.23911932337477773,1.686049032150316,2.8374675559269478,4.328072951435152,1.3355210722221336,1.7687981722033264,6.3381067861890825,5.388643182209011,1.5331907165456335,2.292796416364417,130.553742,0.0,3.1425148603572084,0.3140937140834178,1.567205077253642,14539.222316145393,15829.078613693999,14881.29050436743,15541.335587489433
LOG00011,Idle 35,138.0,138.5,34.755226824457594,1.3210730568477167,37.0786991074378,22.556607495069034,90.0,2.4575207924569584,6.030295857988166,14078.832065370525,10800.0,0.0,0.0,1.772332563966372,1.8340117849731314,1.006275757348638,2.118554547279494,1.7283105768290228,1.1014317490991687,0.7651478479976007,0.8651536753000357,0.44796597026377916,0.45401362476713536,0.5038292399891378,0.32769102827048574,3.4281267947967984,4.792019759780217,5.295130998938831,2.2878975699547377,2.9211150706762394,6.098792197819938,6.386468683750098,1.8034358797467605,2.519327445183696,138.31206,0.0,4.573617058567204,0.4348768732071158,2.6236795294716018,11897.09777402085,13925.72555649479,15207.156945618486,15285.347985347986
LOG00011,Idle 35,194.5,195.0,31.171343873517788,0.8769720703567395,37.366094698053715,22.114288537549402,29.0,1.2524430243349685,4.675256916996048,12772.077922077922,10900.0,0.0,0.0,0.7536375292424455,0.9456835830621446,0.6142900722864475,0.7746004105510229,0.8792818414544846,0.614290072285895,0.45673622711284584,0.3387224924158878,2.1022560355232832e-12,0.2741717741621599,0.30963824553345853,0.23054120486711502,5.9211606485662,5.530878620276897,3.364306991547141,0.8663961745556797,1.1419340192980296,3.014457915071818,2.753007697664358,0.8550692851330569,1.4451078617452051,194.539283,0.0,5.065218760387286,0.27337108600206544,1.0135718118897326,12806.91699604743,12926.058723884811,11532.523997741391,13822.811970638058
LOG00011,Idle 35,220.5,221.0,28.94901185770751,0.31692852128899746,29.160494589141766,22.06490118577075,24.0,1.0415245086306164,4.087035573122529,11935.770750988142,10300.0,0.0,0.0,1.0069384776451025,0.8346433143045445,0.666247323719671,1.044328876600713,0.709983717430553,0.7507088215238339,0.9289039430123235,0.3478431589575196,0.49128766872059076,0.23934046732026476,0.2840791807111734,0.2181605902287797,6.265437231205939,5.668093937833777,3.41055110241108,0.8347907254300345,1.049189059284658,2.2387178713517883,2.1755922368467093,0.9248120241096328,1.461470637565921,220.892512,0.0,5.260381843188667,0.24871595803217222,0.9480699439879501,11143.05477131564,12566.48785996612,11593.647656691135,12439.892715979671
LOG00011,Idle 35,178.5,179.0,30.9422090729783,0.5177647410718196,38.70772370531213,22.271341222879688,29.0,1.237204194598236,5.014852071005917,12649.034939419555,10471.42857142857,0.0,0.0,0.6342503643476524,1.3847145340518976,0.5346287208549807,0.632640450781427,1.4230898333899396,0.5385202222119451,0.005288037744497763,0.955487664329685,0.1486457177865099,0.30273570011834805,0.3348603881916134,0.27193777973967165,3.4497888399567396,6.451493782226102,3.67856454111696,1.1392518351032552,1.4776348226934808,2.0448617474232704,4.002957486540827,1.0769651492712509,1.9510942662805257,178.669453,0.0,4.727742665922611,0.3042644352947649,1.3193368434601016,13065.45505776275,12612.623274161735,10997.633136094675,13920.428289659061
LOG00011,Idle 35,169.0,169.5,31.062130177514792,0.9367080080388077,39.558005528183806,22.385581854043394,28.0,1.3722260844905174,4.886074950690336,12766.300366300366,9971.42857142857,0.0,0.0,1.1190805986528003,0.8728052723743807,0.6731343177969192,1.025450623372651,0.7051773808708716,0.6731343177572366,0.608445049494061,0.3640090864571848,1.0268014783839521e-09,0.28013006755719844,0.3597912935006338,0.2587470899247865,3.3892325443717546,6.188305132032371,3.4157503775976323,1.1159208140586574,1.7280849620883552,2.6698698710246402,2.8018027445431253,1.0035263897291458,1.3987963887004051,169.347442,0.0,4.525828406270879,0.3026949433412047,1.4545715691304513,13573.288250211324,12592.7303465765,10898.224852071005,14000.958016342633
LOG00011,Idle 35,170.0,170.5,28.64575936883629,1.9318764741378813,45.35248706034955,22.408658777120316,28.0,1.2251102086530612,4.19439842209073,11952.817695125388,8671.42857142857,0.0,0.0,1.565246719467134,1.2268900616037335,0.5750836149861992,1.06581757946417,1.1126434483803316,0.5750836143818595,0.8324142753848512,0.9725620498121585,8.453936576131613e-08,0.28143108990005655,0.2878440022903296,0.25556396202838955,2.9481474096380795,4.15327401289289,2.659089971978975,0.9790562229221907,1.195664688152735,3.114830593346378,3.4464056684549176,1.406281713609446,2.4313135131027517,170.174182,0.0,3.3172286452301445,0.2753001796248942,1.0927408508283296,12745.787545787545,11753.423499577346,9802.197802197801,13509.861932938857
LOG00011,Idle 35,190.0,190.5,28.12721893491124,0.9212207605889521,45.697689015615936,22.27406311637081,23.0,1.4508268991087008,4.037593688362919,11746.02000563539,9400.0,0.0,0.0,0.6453035249310364,0.847845441936346,0.5560559053998139,0.573537042297224,0.920739956270497,0.55605589810294,0.18432447927508147,0.4923506258363768,9.047192123576467e-07,0.2539680594750061,0.3026426021692426,0.24200709416910432,2.8314516456052536,3.8743639068260896,2.2011291886288222,0.7808191384004909,1.3823640109216617,1.8967427701443005,3.498943204782818,0.7534117508708827,1.0673289036985123,190.101734,0.0,3.0481023500396205,0.26749439465120534,1.1226327951703328,12514.76472245703,11485.657931811777,9925.725556494788,13057.931811777964
LOG00011,Idle 35,216.5,217.0,25.755621301775154,4.471296022948183,44.03385455850165,22.12134122287969,29.0,1.376835118641281,3.7391321499013808,10751.120033812342,8371.42857142857,0.0,0.0,0.5208247864095339,1.2049415224070885,0.4457234405281388,0.4487851528182851,0.8984816055831725,0.4358536318957224,0.2529606632136015,0.7129829230435343,0.1446127714695901,0.30431083912954876,0.30912690438061313,0.24721193227910837,3.3846937956331047,4.191171268023133,2.082601740816746,1.1089807636279294,1.3432363775401022,1.7371676600978792,3.7207769967529734,0.9282086324095594,1.539358589868704,216.896916,0.0,3.3346313488876502,0.28825814199824507,1.2316903628842442,10409.608340377572,11080.586080586083,10082.586644125107,11431.69907016061
LOG00011,Idle 35,195.0,195.5,27.529191321499017,1.1328760840351102,42.48236415158428,22.34623274161736,36.0,0.9908722096723063,3.575325443786982,11566.060862214707,9657.142857142857,0.0,0.0,0.6635727664396377,0.7335288064979538,0.5285391956996163,0.8210926025001622,0.819267505828957,0.5285391856929678,0.4052716108996495,0.5256744276851428,1.2602769831073677e-07,0.25589473574441113,0.27523296544569215,0.23596495148705676,3.7565386304775994,5.602332478296464,2.7275303756171447,0.6672470379666937,1.0673692994461161,1.988626437640127,3.690971980621866,0.6994259525935058,0.9370545267733875,195.49132,0.0,4.200679850911443,0.2561996352976981,0.8900830947376258,11301.324316708933,11947.647224570299,10432.149901380672,12583.12200619893
LOG00011,Idle 35,225.5,226.0,24.999802761341225,1.8759717956460424,45.59685323885553,22.12136094674556,88.0,1.762816634718535,3.7288362919132148,10510.876303183995,6528.571428571428,0.0,0.0,2.725353972992862,1.2998544810344488,0.9488095601724422,2.9385688777248986,1.332378517830184,1.0135328109812354,0.9793670559666591,0.3826794352438264,0.521074453162336,0.3371637489035555,0.47698298482499357,0.3365705874866966,3.9463726060943896,6.7294786966107045,3.632624689290621,1.2366834839952785,2.500360307137925,8.71802413240383,5.269839006631848,2.1350850041594716,3.869574265435967,225.500786,0.0,4.968423707358077,0.3892179859446373,1.972458834183562,9975.457875457876,13547.6472245703,7748.999718230488,10771.400394477318
LOG00011,Idle 35,214.5,215.0,23.06351084812623,0.45719095723923964,45.442471316806234,22.123570019723868,89.0,1.2107009164367015,3.023550295857988,9900.894618202312,5685.714285714285,0.0,0.0,2.8471024250155983,1.2820604624965912,1.0303759622193518,3.208688330958362,1.397600687421002,0.8883600245894144,1.5526482593149202,0.24360979282403009,0.8092611580662729,0.34220911244279156,0.37218209953540493,0.3790694471289978,4.843897025873444,4.785691610662527,4.016329450941196,1.35071819984072,1.8086819604401962,6.496699207421872,4.230536124114283,2.207902992437244,4.405070078789642,214.754109,0.0,4.564248198339238,0.3648379720735171,1.5962095867088923,6215.863623555932,10730.09298393914,10993.60383206537,11664.0180332488
LOG00011,Idle 35,143.0,143.5,25.99467455621302,0.9942989574412658,34.87582606114343,22.51138067061144,112.0,1.2891283423052067,3.6135502958579884,11160.953789799945,7285.714285714285,0.0,0.0,0.9182219491365861,0.9915296026264917,0.7837510387665397,0.8295667998398485,0.9504259426535487,0.7550858721041666,0.640698248417958,0.6225278474562352,0.631173991129542,0.24836976668828514,0.30816561477447174,0.24552332891215525,5.40044655199408,5.322459082174591,2.6426749478515683,0.713214305095749,1.107376057737829,2.285362046682789,2.562435355416861,0.9555790131540246,1.39189662467906,143.103806,0.0,4.635986932767385,0.2689084678065678,0.9313850917435248,8280.924204001129,12004.029304029302,12634.544942237251,11724.316708932092
LOG00011,Idle 35,202.0,202.5,35.27120315581854,0.6049427672326708,27.96463451260049,21.950808678500987,59.0,1.8079314698000608,5.952307692307691,14033.65032403494,11514.285714285714,0.0,0.0,0.7459906439440471,1.2289882249235362,0.8859033742938919,0.7659017320675766,1.2007249792045185,0.995145141898735,0.44089117575136266,0.6895978400749728,0.6310493288115361,0.31982904014064323,0.3485588827453891,0.24960546973326841,6.188298262442456,3.070796277691173,3.8197569195547607,1.2467977720374654,1.5387379594012558,2.602532524754746,3.4890643473177545,1.0165908955555227,1.604208723449562,202.248319,0.0,4.557607855316089,0.3088078151962072,1.4003962282261273,15064.299802761341,13799.605522682446,12159.030712876867,15111.665257819104
LOG00011,Idle 35,168.0,168.5,38.44437869822485,3.8335515277812204,18.2773628654049,22.247633136094674,57.0,2.5784650636132906,7.286863905325445,14999.175824175822,11314.285714285714,0.0,0.0,3.547606354733745,2.766218657806997,1.1775001642956469,3.5875457434725293,2.589202578278164,1.2010461363623046,0.34348109623277817,0.578394719641379,0.3794960603226144,0.4415282560888857,0.4233843045197042,0.2878800341828228,2.7902005803627628,2.5533311104404284,3.967730435344582,2.185961886106142,2.4052817377628832,9.458619520559752,7.456117512681726,3.1809964249387956,5.709886521118662,168.009665,0.0,3.164785608629193,0.3903316471581695,2.2982395007401153,15597.830374753452,13995.069033530572,13980.107072414765,16423.696816004507
LOG00011,Idle 35,231.5,232.0,31.16627218934911,1.356897242644553,18.2475369391175,22.201538461538462,13.0,1.546350949075173,4.922189349112426,12724.51394759087,9971.42857142857,0.0,0.0,1.3276558181097278,1.3697525228801273,0.6267360096036934,1.2920123621974418,1.3199579802008878,0.6677759372898033,0.35454586641957014,0.48306854755158257,0.300361281934416,0.3475583194456723,0.3569648000766456,0.2582306510769682,3.511879651585565,4.65047331580624,3.0816536526978613,1.4341005369358082,1.610479003281547,3.8556293535597477,4.014519997294633,1.348868404496355,2.095261194850287,231.602698,0.0,3.805994831991267,0.3239875116241851,1.5248421180650626,14210.594533671456,11952.550014088476,10567.089320935474,14167.821921668075
LOG00011,Idle 35,203.5,204.0,25.889940828402366,1.7233394364044388,29.940121555513404,22.21790927021696,36.0,1.2174989196647221,3.5165877712031555,10863.348830656521,8657.142857142857,0.0,0.0,0.7998949947941483,0.8437297844158856,0.5972529680613017,0.7415731938138663,0.7204154235665671,0.5732142155160157,0.6412721506666479,0.4623256121691123,0.4871980816565355,0.24057868689869016,0.27538190452838485,0.25177202068839344,2.312003905297297,4.306904645035685,1.998438009050276,0.5631949157910829,1.021868924046196,2.3887474538808178,2.677247254169953,0.8221046015584658,1.066960153641972,203.519025,0.0,3.0489639855507615,0.2563217043307721,0.825046850519489,11455.508593970133,10559.34065934066,9785.855170470553,11652.690898844745
LOG00011,Idle 35,233.5,234.0,24.147826086956524,1.8434708031768012,23.093590141112827,22.161818181818184,33.0,1.1135301813592542,3.331660079051383,10337.789384528514,7742.857142857143,0.0,0.0,0.6509238384695523,0.4539128597058902,0.5462651668661435,0.4874483340257554,0.40346349725227637,0.5836208693833191,0.39497052739179855,0.34312139641616957,0.43723681143187276,0.22308926726248157,0.26932284878871315,0.2296937080715373,2.5974010225969706,4.40148417097631,1.9787491744758752,0.5827534052528616,1.094381170222709,1.3702081432144626,1.697475456347215,0.5611322160125524,0.8032586482766662,233.639002,0.0,3.1641219569327474,0.2415662901255275,0.8767187910247595,11418.068887634105,10434.105025409373,8400.14116318464,11098.842461885939
LOG00011,Idle 35,232.5,233.0,28.696055226824452,0.019465766929349215,24.84379522412852,22.057613412228797,26.0,1.2604953751802623,4.024142011834319,11824.992955762187,9371.42857142857,0.0,0.0,0.7862304444746373,0.6763203334524284,0.613951471328495,0.6618994854816684,0.6556075987985569,0.5817496149386687,0.28713748895466074,0.37037977399597366,0.37580192982079863,0.21366614781377374,0.2437113420949825,0.23161244961763536,2.0489315092873164,3.689649649493791,2.413820651437356,0.6383605189313767,0.8902457833022165,1.829519073266997,1.9465237309389478,0.7333374070848935,0.8824029805639012,232.500487,0.0,2.807024818977412,0.2299947592194198,0.7746101299420608,13103.803888419274,11596.562411947025,9778.670047900818,12820.935474781629
LOG00011,Idle 35,161.5,162.0,25.930374753451677,0.19190845120184505,29.260533885871556,22.572741617357,56.0,1.285877431252192,3.638698224852071,11007.741617357002,4828.571428571428,0.0,0.0,2.0218340690837144,1.9126989645146373,0.9342359142449778,2.0253601500905134,1.8554391046230245,0.8373269713753166,0.3295171274043906,0.42715773264685886,0.42800481022704506,0.32517247523231263,0.31817679366927304,0.33273525941120247,4.0594178020226535,3.649685155742347,2.8339740121752985,1.4624406883523107,1.4570873607592714,5.140242283179173,5.4934064834945,1.968023161927086,2.673676426759518,161.757872,0.0,3.5510788655988965,0.325415817856584,1.4597664785562108,13593.293885601577,11942.12454212454,5717.554240631163,12777.993801070723
LOG00011,Idle 35,233.0,233.5,28.21932938856016,0.5721866635056331,24.90144873689922,22.139171597633137,35.0,1.2331067100440711,4.15138067061144,11684.995773457313,8785.714285714286,0.0,0.0,0.7529357096283028,0.6326367516478116,0.7657104484173843,0.6122615963796203,0.5399043047409889,0.7866107925746317,0.35737355018786077,0.3832762262356159,0.6058308941096047,0.25157183407931405,0.2879916460676142,0.2240807777850596,1.6634194007738057,4.063806723482586,2.3037458815694527,0.6408461111751674,1.101512109987415,1.7814516607878716,2.2139062018548663,0.6953924943400567,0.9306399482247838,233.408142,0.0,2.862908443962839,0.2558904523941975,0.9011139402587396,13095.604395604396,11525.725556494786,9342.237249929558,12776.415891800505
LOG00011,Idle 35,173.0,173.5,33.52761341222879,0.9200949829075216,22.94343105441889,22.47360946745562,36.0,1.8154247626555375,5.741420118343195,13579.156100309949,10085.714285714286,0.0,0.0,2.923847291244244,3.3414095787437184,0.8823146533731234,2.815392999518731,3.095425440127592,0.7425232354533721,0.4039103534560895,0.546144841606568,0.29973773547764704,0.49933044675906546,0.5104033377669219,0.3582348606933789,4.472288625851155,5.142095229338853,3.597373970281339,2.572654572673752,2.8991813759760543,6.989707846476325,7.726334995680891,3.1395780732000116,4.862713987519082,173.095383,0.0,4.449105092883464,0.46122108858992544,2.7407849424120796,15029.02225979149,14401.267962806425,11261.369399830937,13624.964778810932
LOG00011,Idle 35,177.5,178.0,27.504733727810653,2.491844147717769,14.979759268111618,22.371992110453647,37.0,1.3035337177652253,4.112130177514792,11402.740208509438,9314.285714285714,0.0,0.0,2.6655807506874174,0.7344653176347651,0.4749365378796388,2.928896203416756,0.7533248787565626,0.4749365378340453,1.8178201601965076,0.5613346710393617,4.041525045694563e-10,0.25980275254001106,0.29594546788804704,0.21617298281860467,3.815154383049184,4.985023659722341,2.748455504732519,0.7170612855886714,1.2247675702324448,5.983376049909876,2.7362710916828923,1.9550907960045791,3.5246813144608007,177.801272,0.0,3.9564239541950594,0.25936586044397725,1.0035518144030144,11597.999436460974,11322.795153564386,10436.79909833756,12253.367145674836
LOG00011,Idle 35,229.5,230.0,27.836094674556215,0.46445545612162437,18.20371298531189,22.08045364891519,72.0,1.4031416554301448,4.092702169625246,11542.765567765568,8185.714285714285,0.0,0.0,2.9241052214293464,1.3866666976206905,0.815366321632477,2.878095527003226,1.4624453117147511,0.8880269532283516,0.8421055274915409,0.5115138601348259,0.5973560625008617,0.37338355898996045,0.3879051387382529,0.29852599518070067,6.607113964603103,5.181066773756405,3.972008732813252,1.5956597727857218,1.9225523067346557,7.492534088086886,5.072647772521084,2.2883657789217873,4.415821881355542,229.687768,0.0,5.3626567181115465,0.35543562407379314,1.7666829770246455,9509.833755987602,11392.589461820231,10996.167934629475,14272.471118624962
LOG00011,Idle 35,178.0,178.5,28.754635108481267,1.4259061325370763,27.751106568714437,22.370295857988165,13.0,1.3269843195813102,4.177100591715976,11948.175542406312,9628.57142857143,0.0,0.0,0.6217654680943013,0.999402335936835,0.626680260959739,0.5563348013930532,0.8340478313698082,0.6266803614808093,0.2523085280225439,0.61766347745318,2.560477085047186e-06,0.24593047456162204,0.3037663223904719,0.24774660222462505,4.014056747975244,5.3910936561597484,3.1554867708526517,0.8479029057116302,1.3724394841649474,2.0821396975037736,3.0511743139781573,0.8322852054405773,1.3074096155824195,178.034102,0.0,4.286942933547464,0.267166711905122,1.1407299143989285,12444.970414201183,11824.71118624965,10530.402930402932,12992.617638771484
LOG00011,Idle 35,162.5,163.0,55.9145956607495,8.811997827074167,20.18021979832325,22.078145956607493,63.0,4.221950136726005,15.977731755424065,19875.28176951254,13185.714285714286,0.0,0.0,1.5787095485397087,2.0103941496333753,1.128195015270704,1.561264731050481,1.8387612194058984,1.5455631336024407,0.6603185322093148,0.4551532325337564,1.384308015206204,0.36901325038108473,0.4072103818028778,0.3171207203512339,3.3962546291926543,5.096684710500384,3.6493312601232177,1.3147956213376835,1.7759640867313098,4.585587575461709,4.690836255208184,1.807485612049312,3.2706196366191693,162.99994,0.0,4.116161609666358,0.36631344741943994,1.5624877540717106,20656.43843336151,20538.968723584105,16751.704705550863,21554.01521555368
LOG00011,Idle 35,174.0,174.5,33.17455621301775,14.700728005638199,36.479749750911374,22.269033530571992,60.0,3.2629144544175417,5.915759368836293,13693.07551422936,5828.571428571428,0.0,0.0,1.1740882018200125,1.5029047339315267,0.7014512651748989,1.1500581147135447,1.6608852709310649,0.7014523085792577,0.3225520001724605,0.779615047925786,4.717749179340348e-06,0.3131827266095809,0.3530590581903035,0.25083711450293317,2.7854312123731173,3.670349575593919,2.750020628860921,1.2111810460919312,1.5367018729355537,2.4426357542638013,5.190075493592682,1.3485558469946188,2.457063112033184,174.084899,0.0,3.0979943245636337,0.3085738036132217,1.3835483679105665,14153.395322626093,13590.729783037475,11970.019723865878,15058.157227387996
LOG00011,Idle 35,158.0,158.5,38.947731755424066,11.288220186256543,55.02800780435928,22.356804733727813,31.0,2.841385749363252,7.347731755424062,15622.86559594252,9500.0,0.0,0.0,1.133496336352547,1.1645333101302613,0.703915742224055,1.1195492332165926,1.202579335623104,0.6979307048561056,0.4578441869487608,0.5428633725221642,0.32183577282750736,0.3239331409627158,0.334226562427439,0.26417161784226795,3.662054674392306,5.0088042133896495,3.55610548431785,1.2569240380449804,1.4485451641235287,2.9689384737224698,3.48255726847458,1.1491196140801851,2.2627310032447343,158.49927,0.0,4.12894862735071,0.3089912180626037,1.3561233590497879,15907.382361228516,15647.590870667795,13498.253029022258,17438.236122851507
LOG00011,Idle 35,222.0,222.5,30.132544378698228,3.4849841367551257,53.023397280126346,22.16187376725838,33.0,1.5328390478854628,4.3983629191321505,12282.0090166244,9700.0,0.0,0.0,1.0908692364355768,1.7204527104637775,0.6105035205929067,1.3993561816800484,1.7219773359968624,0.5885890411142916,1.0806289757419887,1.0301274154935474,0.1726276906776376,0.3380584256709996,0.34335636306858563,0.2553682654220408,4.249221598857509,5.4612458541874425,3.0602314293691224,1.38335123680412,1.5608510527746138,4.06116936939877,4.563598358781822,1.440477910268619,2.4024003124841076,222.378288,0.0,4.368298939609303,0.31484919258353034,1.4747739917212919,11027.951535643844,13221.217244294166,11963.961679346294,12914.9056072133
LOG00011,Idle 35,135.5,136.0,45.19921104536489,7.7423601950170795,17.66039864137322,22.2801775147929,83.0,4.276066754074319,10.60609467455621,16726.211608903915,12871.42857142857,0.0,0.0,1.6124078583830326,1.5782924006868502,0.8201811882718271,1.6113767900177722,1.5318956695610637,0.7984187003259986,0.006934590704404582,0.39758449376754434,0.14883145055466782,0.4947580658611778,0.5125373318586322,0.29967861406722435,2.204732499961011,3.0790542450738054,4.876518264634978,2.442296378399243,2.863228809661436,5.186844229124219,5.703039087394294,1.5954413188583936,3.2949100422727056,135.99957,0.0,3.5647277046926455,0.446201498582838,2.66109853410366,16785.00986193294,16234.714003944773,16245.787545787547,17639.335023950407
LOG00011,Idle 35,213.5,214.0,39.13727810650887,2.246182579631365,60.68407446758992,21.883431952662722,82.0,2.2900687339828836,7.628737672583825,14996.012961397575,11900.0,0.0,0.0,1.3087650956314087,1.5527411766948644,0.9856010623451315,1.2105710492219162,1.433687452857101,0.9209178949648238,0.4260994890173369,0.6009725003946521,0.8047113857337228,0.34440463284629,0.420649435921069,0.27675577411626756,3.0008190476130725,3.3071748130436234,4.468066238908959,1.526086343008842,2.2386322014355455,3.460113666885989,4.559490611363125,1.4359441558338617,1.8194228036089306,213.983609,0.0,3.647187780369307,0.35220934001120974,1.9157783874475482,13163.172724711187,15993.181177796561,15865.934065934065,14961.763877148493
LOG00011,Idle 35,125.5,126.0,46.04122287968441,5.275997609249823,52.56633980284853,22.41603550295858,114.0,5.792981878922981,10.219270216962524,17669.251901944208,14000.0,0.0,0.0,1.678384677730424,1.8430912638038748,0.7755514880882601,1.6794038975237304,2.253980016159856,0.7923865151266368,0.006598402493854605,1.3535886792375764,0.12392908469594438,0.5393038054337385,0.5542137961318118,0.3384029442555721,2.2009323492016875,2.6340309451607316,5.163680283446769,2.6117489145096027,2.920022186306633,4.895153179915042,8.240229406431077,1.7626628340596542,3.549365411812844,125.500553,0.0,3.579842468390833,0.487345900108942,2.7701770666299526,18644.15328261482,16629.106790645255,16143.646097492252,19260.101437024514
LOG00011,Idle 35,182.5,183.0,35.43688362919132,1.8866081960681824,19.300969687043825,22.224556213017753,21.0,1.92795803392015,5.835542406311637,14135.812905043675,12285.714285714286,0.0,0.0,1.2737961168544847,0.8187200427918258,0.6279315065081799,1.3859647063632887,0.8583136281437046,0.6279315072934678,0.4838527379508406,0.5357231306780532,1.1775570244835865e-08,0.3068437033330366,0.3300992223576305,0.24102482352688834,3.207332942414661,4.124916318875772,2.7920134881893333,1.1432900208117152,1.5658921087245845,3.952129728204801,3.83485519914665,1.0707144941072329,4.359406719180039,182.50323,0.0,3.420392694777267,0.2950771201072767,1.3709723133334202,14036.010143702453,13952.07100591716,13450.521273598197,15104.649196956889
LOG00011,Idle 35,139.0,139.5,32.269428007889545,4.673002771200707,29.75713811893945,22.384871794871795,28.0,2.340387704633937,5.2500197238658775,13365.743871513101,11342.857142857143,0.0,0.0,1.174578177920009,1.0002737798804988,0.6688283101198291,1.2198587201144167,1.6017510706980231,0.6763044178635245,0.4937417576199157,1.206451751592107,0.19250136481410354,0.27752824675526083,0.3142977870272547,0.2551693609378896,5.588683943955314,3.5747282102565197,3.7847254031706252,1.105577412261246,1.6150535627082037,4.015993666355206,4.38731360972283,1.090912812914559,2.9731038052142207,139.005605,0.0,4.409694486017247,0.2833822091797163,1.3839616007893312,12645.421245421245,13642.04001127078,13291.152437306282,13884.3617920541
LOG00011,Idle 35,152.0,152.5,26.30552268244576,10.41738083893313,31.470753517692252,22.439743589743593,58.0,2.245904002260287,4.875917159763313,10692.300648069879,7242.857142857143,0.0,0.0,1.0169232487245234,1.1147803171297477,0.5572038181933074,0.9897294673827448,1.4000175073760655,0.5572038181861189,0.5035345968824635,0.9212333689615849,1.6256647715050656e-10,0.36093397267227956,0.6514074285546471,0.2674575500673907,2.068590998738755,3.8104185191096347,2.221446282293508,1.5688341373851458,3.7724032978537076,2.538073008339348,6.38708633062618,1.0669742380339693,1.536470439803203,152.475272,0.0,2.812660756647361,0.45685100112736327,2.888967565782154,10728.768667230206,10807.326007326006,9380.642434488589,11852.465483234713
LOG00011,Idle 35,183.0,183.5,41.636883629191324,2.681207989747944,38.00650677173445,22.16534516765286,35.0,2.222112605914666,8.293333333333331,15871.104536489152,14100.0,0.0,0.0,1.3720948266312156,1.2864997819288937,0.6306864618638879,1.3358881852824183,1.3374083448434166,0.6306845310125198,0.3677463250278617,0.6368768222540698,1.3586136912918633e-05,0.3470940317083459,0.35125219295979376,0.2342564230712883,1.6553577031832678,1.5884929842010385,4.842103808353935,1.5138450477363332,1.7273010017200952,4.316383174381856,4.168776586104378,1.3299860717637682,1.920324396651678,183.32898,0.0,3.0935140955025986,0.31555688428383927,1.6240836768927678,15737.249929557622,16066.384897154128,15142.631727247111,16538.151591997746
LOG00011,Idle 35,195.5,196.0,29.0353057199211,0.1598694463262551,45.21918711053657,22.323175542406315,34.0,1.2634081793852003,4.386173570019724,12012.320371935755,10842.857142857143,0.0,0.0,0.6245127720360497,1.091859087997591,0.5866452584847439,0.6304774294166671,0.921063248825161,0.586568663243692,0.3180876401524265,0.43913014049481275,0.008228355572334124,0.24835554732066578,0.29074912460198205,0.2313511111444193,5.987822728571389,7.334632420950051,3.745496483507781,0.8939006954535449,1.226075620049386,2.155676877639354,2.7595986330233995,0.8894302868913001,1.4504264871732289,195.919491,0.0,5.878763976869538,0.2580302746898277,1.0729212178468228,11921.132713440405,12160.242321780781,11252.662721893492,12715.243730628346
LOG00011,Idle 35,186.5,187.0,27.414990138067065,0.3032567309610067,42.295119663693214,22.2641617357002,117.0,1.8472387636570633,4.198639053254438,11332.297830374753,5514.285714285715,0.0,0.0,2.389616307141353,1.6840431988335607,1.2003516652806743,2.2801800605270173,1.8426118861603331,1.112353922309344,0.3986090656976536,0.4916191884788258,0.6720808697112486,0.37463754795242393,0.5903306741423525,0.4195711606382572,4.783052447583711,7.459316705492462,4.02912578825534,1.7038991176505696,2.872125819315596,5.964722061438987,6.413435109313937,2.06715596785698,2.844669504124452,186.596473,0.0,5.619989651436489,0.47077367386339086,2.3613956598915897,11176.162299239222,14185.517047055508,7697.182304874613,12270.32967032967
LOG00011,Idle 35,215.0,215.5,23.097633136094675,0.4614041679907947,38.91010967827616,22.129664694280073,109.0,1.0340005433101445,2.985976331360947,9911.707523245985,6742.857142857143,0.0,0.0,1.499134149939152,0.7992652406035733,1.2040412092791948,2.01197873250983,0.7911215322282058,1.1319765114719151,1.3123892930632848,0.4883474507932338,1.3381844770715339,0.29304181591364303,0.3772845731421001,0.2749873009310129,2.6300058203099823,6.234761461560525,2.7679158932350965,0.9470010794698955,1.555116422548408,8.09655733204945,3.4294811885881056,1.201296825174959,1.9930690752814297,215.408195,0.0,4.2210006510876905,0.318242659343624,1.2874777924680687,7711.158072696534,9765.257819103974,9971.682163989857,12198.732037193575
LOG00011,Idle 35,197.5,198.0,30.555533596837947,6.779801655360237,26.33852037841516,22.314189723320162,112.0,1.810144011316592,5.263142292490119,12183.427442123093,7442.857142857143,0.0,0.0,7.282300633147867,7.307201088566867,2.019515639529999,7.330962766377466,7.313726060072802,2.2998282509029537,0.5183774594480279,1.3069990449984152,1.4439997449876374,0.6001261298165711,0.6218606000527279,0.439761256321765,3.3214065728063016,3.6141407341763006,2.616046538707465,3.272886332379327,3.6566810920024144,17.785058346692512,17.03611601897151,7.294761485487327,10.778945825373476,197.969573,0.5652173913043478,3.2113057760043455,0.5598368631867239,3.470093770583395,12482.919254658385,11780.914737436477,10818.831168831168,13651.044607566346
LOG00011,Idle 35,228.5,229.0,27.97687747035574,0.2806664372847361,35.10537172913461,22.173300395256916,104.0,1.4494034888464373,3.8417193675889325,11571.294466403162,8714.285714285714,0.0,0.0,0.9527763509559056,0.9224898164358506,0.6836427875181573,0.8577045373137211,0.8016543444091916,0.6565341725690087,0.4181041153409066,0.3484891356148086,0.4121172008919628,0.26968474133632625,0.27900749257964763,0.23289169958253925,5.881538554814795,2.6179660591985154,2.701136040091459,0.8342572832928156,1.1377935057431932,2.700461093698088,2.787606677446137,0.9377553615865657,1.6880597138091655,228.999147,0.0,4.0308137295079485,0.2612875710525774,0.9976370272896092,9492.800677583286,12193.393562958778,12773.009599096556,11825.974025974027
LOG00011,Idle 35,202.5,203.0,31.34644268774704,1.5381952599662045,31.0111109794875,22.21328063241107,46.0,1.6442904262041993,4.875830039525693,12784.295595708638,9457.142857142857,0.0,0.0,1.8699213609273242,1.1856109007393523,0.7915096293207057,1.9176950232063028,1.1977260895018897,0.8717420336809147,1.1655773088262293,0.8232919289330242,0.7739515008924394,0.27256037599910904,0.3118198939898332,0.25783401283737234,4.22125251507346,4.606182939420874,3.4171177747758543,0.8676802142804321,1.4847442507774877,4.728811698413396,3.4498095267349163,1.565611558465936,2.7832941163299063,202.761337,0.0,4.1114712676492084,0.28166125223302596,1.2160046143971943,14047.54376058724,12571.513269339355,10706.662902315078,13811.462450592886
LOG00011,Idle 35,151.0,151.5,45.676134122287976,3.824539580617184,25.715177569473862,22.237692307692303,84.0,3.2053314053116564,10.41721893491124,17196.379261763876,12285.714285714286,0.0,0.0,1.3889510750829557,1.5434251119195728,0.9105929214489142,1.3899793187458032,1.8645053688873978,0.8934600356561982,0.18726590167202253,0.9303617955189482,0.43710816048398354,0.38994017511367923,0.4451291347023977,0.32829783631983867,2.451313270335004,2.4288227936751277,4.13773177859181,1.7597669597175145,2.136452663236102,3.8012766463402574,7.2609843334856645,1.4682210605147386,2.172181019255886,151.408786,0.0,3.1106773744617584,0.39071419906835547,1.9571931093739905,18417.638771484926,16897.492251338408,14911.862496477883,18558.5235277543
LOG00011,Idle 35,215.5,216.0,20.8501976284585,0.4354021816174349,37.04202680517684,22.283280632411067,99.0,0.7633478984803587,2.379051383399209,9123.066064370414,7214.285714285715,0.0,0.0,1.1876120162725596,1.0955133939528943,0.7769475272012757,1.579545121696004,1.229166604100936,1.0709106123200145,1.4201119462578056,1.152416121334957,0.9477972122050476,0.2894102628116988,0.30294685246415937,0.2541716962898052,2.8291239129700396,4.827407030821406,2.313374418339623,0.7690516670031494,1.0572850825225029,4.93535282526806,4.819673122926254,1.142491115397657,2.323456307477168,215.981384,0.0,3.495687913014691,0.2829242223832586,0.9244707167468689,8500.64935064935,9404.573687182385,9051.80688876341,9535.234330886506
LOG00011,Idle 35,234.0,234.5,20.510650887573966,0.5793325500645559,21.26474419130086,22.138362919132145,13.0,0.7867792918786236,2.5168244575936884,8997.816286277824,6700.0,0.0,0.0,0.6551408527497908,0.9034551586950142,0.4478131701692251,0.569991704366485,0.672390985686262,0.46808733439052547,0.4929618741182247,0.32536808668014655,0.3501582072862568,0.2756967789594136,0.2875810550263461,0.2226549506046268,2.599714084684386,5.579682415752771,2.7629161189762628,0.7572774887696883,0.9187515746835899,1.4935759876113537,1.7891851307096935,0.7891263399210408,1.2137169465134479,234.447012,0.0,3.89551343057052,0.2634937090757013,0.8418947829096284,10293.23753169907,8772.189349112426,7335.333896872358,9590.504367427444
LOG00011,Idle 35,160.5,161.0,26.55167652859961,0.24952054597031115,36.022103611930206,22.426587771203156,56.0,1.4475701921537891,3.878520710059172,11281.5370526909,6657.142857142857,0.0,0.0,1.7089809369216389,1.2645933553164643,0.8485230406719166,1.6455619339819274,1.2203585389933977,0.6655398558837908,0.3057864884705175,0.40729342955053616,0.41537632444104666,0.307653743307141,0.3681772773307453,0.2898707749293055,2.414603448468287,5.909729138451881,3.1097420601055217,1.1866383524958812,1.961805167652567,4.374256769780261,4.428925898610702,1.5032984063505344,2.0895086797464266,160.648989,0.0,4.099825361468113,0.3236409530491533,1.6212325705219557,13577.683854606932,11459.56607495069,7396.421527190759,12692.476754015215
LOG00011,Idle 35,187.0,187.5,22.994268774703553,2.1918251727360034,19.080809327299168,22.352747035573124,96.0,1.623317581168218,3.0036956521739135,9873.807171089778,5971.428571428572,0.0,0.0,3.039840206684725,1.6114183519860104,1.2522835456708943,3.230942388018358,1.511367832060959,1.079136239645799,2.034438183506723,0.3186153408421087,1.1162649324660194,0.3104725252339774,0.36057722482135407,0.30177096869737124,4.809075104839603,5.6443697662033365,3.612875952389603,1.0460204482066364,1.631799994176699,7.610970862534932,4.323161264648602,2.4328273250782035,4.125807452947767,187.415358,0.0,4.7623168755334975,0.32530746560425045,1.370571048698587,8597.854319593449,12779.418407679277,6685.911914172783,11432.044042913607
LOG00011,Idle 35,220.0,220.5,30.325838264299804,3.489983276703763,19.42125553983289,22.128244575936886,22.0,2.273153228290812,4.333353057199211,12546.146801916031,9657.142857142857,0.0,0.0,0.9464836542619497,0.9288218132261145,0.5937397799264271,0.8779437058882722,1.1562956593205207,0.8317041933689456,0.5793629954743756,0.7426770149150284,0.8515379565425183,0.2665814291607398,0.2903637438501018,0.22754080650714142,4.500810897193153,4.425808258890959,2.9497272804965085,0.7627905060688623,1.0657671006964737,2.2400338120863132,3.8884849982806986,0.9376943181308343,1.2377208343249082,220.296623,0.0,4.02268436519966,0.2627746694679368,0.9267439962243506,11730.76923076923,12972.612003381233,12091.885038038885,13389.320935474781
LOG00011,Idle 35,151.5,152.0,26.329980276134126,5.943153503791627,31.71036121224096,22.542031558185407,42.0,2.3249492619218306,3.1474950690335306,11432.241476472247,7242.857142857143,0.0,0.0,0.7631902777294538,1.3161737065144634,0.512159829333004,0.8232816072967608,1.4493195421949698,0.5121618497833351,0.5596625096054597,1.0136383678494214,1.2741273648986297e-05,0.2940852440512819,0.3657516813306539,0.2339371012532032,2.955539111358509,4.028212212774665,2.339472578945549,1.007744462989403,1.6869528817509472,3.0553732537811324,6.157370785500746,1.0758189033802996,1.8316732281658472,151.802428,0.0,3.1851131333939007,0.3027578738352116,1.3894889218582538,12002.62045646661,11194.871794871795,9870.160608622145,12661.31304592843
LOG00011,Idle 35,239.0,239.5,30.306114398422093,1.7096149060395003,10.737607891353234,22.115009861932936,26.0,1.4510998303690699,4.240276134122287,12421.555367709212,9528.57142857143,0.0,0.0,0.8780894083476452,1.0799077709079472,0.679284209133892,0.8654164302800793,0.9858816765310696,0.7038205985485064,0.45586107879934445,0.4347683317340449,0.2667624507976474,0.27983816532056627,0.3340145382183586,0.2520147583847303,3.9437088999037386,6.3805594353420405,3.6112956297760705,0.9120062906403891,1.3545506723432177,2.7341077461674512,3.324346860855836,0.9841853998916285,1.69410901353229,239.012963,0.0,4.806448263210302,0.2906237825522417,1.1546780932608673,12981.882220343758,12467.681036911805,10769.174415328263,13467.483798253028
LOG00011,Idle 35,193.5,194.0,35.38579881656804,1.096127081525958,23.870994999222425,22.159940828402366,45.0,1.8979266699964563,6.110216962524654,14221.210200056354,12942.857142857143,0.0,0.0,0.9331922391731102,1.204781621886971,0.6150666004859455,1.0261475041251729,1.5055111433268253,0.6151908443226639,0.6107855651396024,1.0226608868777693,0.0027392225057931703,0.26374528897722244,0.3322497796842987,0.2288747719966756,1.8521071676190615,3.809060720591837,3.1064144861000664,0.8380987471160198,1.338966263523671,3.062466036522213,4.3545981048579385,1.0775774941250218,1.5526878635897194,193.645456,0.0,3.0325487351375937,0.2782895104110548,1.116969150149632,13659.56607495069,14351.676528599606,13962.411947027333,14911.18624964779
LOG00011,Idle 35,228.0,228.5,27.014201183431954,0.22740171806578371,32.024755422233234,22.13834319526627,98.0,1.2028305882486068,4.092130177514793,11244.956325725554,9585.714285714286,0.0,0.0,0.7271401838725702,0.7552788352446849,0.9375117518030522,0.7807002126889128,0.6953195326576904,1.0524235990289146,0.5615278105960104,0.3541479643879045,0.7335749713870346,0.26293663208708457,0.261368399315113,0.23566415112097697,4.564679396893601,4.291919934534703,2.806082874598936,0.8048155368272208,0.9001760683578103,2.964949750281824,2.3085468503276667,0.7413430265304998,1.0597596002655187,228.456536,0.0,3.9636252690350164,0.2536314286370506,0.853828144992484,11274.41532826148,11488.052972668356,10751.394759087068,11465.96224288532
LOG00011,Idle 35,161.0,161.5,26.423076923076923,0.1254577417715393,32.48992277314688,22.453057199211045,66.0,1.3100982671382768,3.7462327416173573,11184.897154127922,6100.0,0.0,0.0,1.3965267098533465,1.3872161457123293,0.7806425552617012,1.3161941468345333,1.4152872427138128,0.7424645281591769,0.43802675323883905,0.45637203332808646,0.5210503103722157,0.3157389446754042,0.36575626370289555,0.2582549306100335,3.235378904285135,3.816336474665518,2.9093923362093252,1.1309615062571887,1.6662486565683337,3.6082854468400516,4.090446848947327,1.391879212837591,2.424684541076788,161.477691,0.0,3.341489912606314,0.3163143662071185,1.4239835873617552,13834.150464919698,11669.484361792052,6547.675401521556,12688.27838827839
LOG00011,Idle 35,238.0,238.5,28.858185404339252,1.4014035867524062,11.622117781638202,22.190059171597635,5.0,1.379677964519931,4.1811637080867845,12004.32516201747,9528.57142857143,0.0,0.0,2.0743925070336244,1.7078362930603626,0.7031634253582544,2.1373123068334516,1.6750065797452829,0.7841230708531352,0.39610933895188216,0.40206779402288567,0.2829814744477147,0.32930258550913494,0.3389867729366267,0.2704214991100082,3.1664307716073137,4.729483588154292,2.835016244113082,1.2463018701929551,1.4927322363045874,5.819778559808535,4.904813881386874,1.8999748784038442,3.8152557100398004,238.002692,0.0,3.6711313399907795,0.3143670955162098,1.3750487047645532,12823.189630881938,11591.687799380108,10308.058608058607,13294.364609749227
LOG00011,Idle 35,238.5,239.0,26.13814229249012,1.2251432551188144,11.23961551798025,22.057371541501976,11.0,1.1134520282595157,3.2693478260869564,10995.249858836814,8485.714285714286,0.0,0.0,1.2766638914569257,1.1811830069433833,0.5461851714319529,1.4151428897028586,1.0934144751740411,0.5459792941178216,0.5245471825840536,0.3899844435552271,0.2851187215154362,0.2742811001106182,0.30242619437428003,0.21782387552497243,2.828526327971173,4.082463909608138,2.0194570268701217,0.7260187973995542,1.120037172249119,3.5015524507305886,3.164151972884659,1.2298503948939794,1.6838204211370622,238.994218,0.0,3.0954417802447396,0.26716971239914117,0.9438184574899184,11855.110107284021,10744.776962168264,9322.7555053642,12058.356860530774
LOG00011,Idle 35,234.5,235.0,24.62958579881657,2.9685053627696902,19.436996495148993,22.207771203155815,15.0,1.228719285055246,3.4186587771203154,10339.687235841084,6657.142857142857,0.0,0.0,1.3780086710093817,1.4676092866892219,0.6049610281576073,1.3164618385878206,1.3580009758735148,0.5620346847698846,0.39549603335616074,0.44937008553810825,0.3411980088081076,0.29849380442455586,0.37196005024630274,0.2889753348596688,2.696708355168503,4.664004651940188,2.6054224957638246,1.023185240179859,1.7667053304855116,4.0093578900286895,3.867377340662407,1.4235141228230737,2.421136685898889,234.994568,0.0,3.4551122378097228,0.3219521571167238,1.443633568549831,11971.907579599887,9757.227387996618,8593.491124260356,11036.122851507467
LOG00011,Idle 35,235.0,235.5,27.767061143984222,1.2135330923716647,17.502006838213028,22.12027613412229,12.0,1.3279826368437748,3.8212031558185404,11574.344885883347,9142.857142857143,0.0,0.0,1.120493377336675,1.4413769902977598,0.6392317761276772,1.0831926294934173,1.51821225966247,0.6729472596537948,0.10355574278348821,0.45512076142368496,0.4806982277860567,0.28042182240493907,0.337697858870482,0.2930496386632803,2.1776672996554858,3.953279571080398,2.428090469490562,1.0007236000891302,1.6107090820742707,3.495559313077466,4.348479069394554,1.290944041547731,2.3864952838284386,235.000487,0.0,2.958956886198317,0.3047153497322238,1.3408638019672035,12898.027613412229,10810.369118061428,9887.855734009581,12701.127078050156
LOG00011,Idle 35,235.5,236.0,28.36311637080868,1.3880017536424942,15.674851324758711,21.98994082840237,12.0,1.3443657107633038,4.095877712031559,11695.407156945617,9500.0,0.0,0.0,0.7841656962570138,0.8457513278507296,0.6690663743597264,0.7927559582716452,0.7319571211858609,0.6632305886988957,0.5242571089834448,0.48780973559787233,0.5354080751543215,0.22549161291749414,0.29358812171169346,0.2598019612883087,4.8875931663942,4.5647574366554595,2.857878743411427,0.7763863981683277,1.1266296929856603,2.12619614785927,2.5299000923588966,0.8155400504412766,1.1347699762074357,235.599346,0.0,4.19893035298783,0.26111141414830635,0.9674890966769992,12129.24767540152,11387.968441814595,10721.949845026767,12542.462665539588
LOG00011,Idle 35,237.5,238.0,26.737475345167656,2.6465741945656576,12.300500082182184,22.237988165680473,9.0,1.2552961685451605,3.868658777120316,11093.392504930967,7442.857142857143,0.0,0.0,3.107142715515066,2.1597152510156383,0.6076223089079872,2.9174756856888013,2.188023220987194,0.5606584950657755,0.6809997075080048,0.2421569200532333,0.31385984333245565,0.338403342914,0.3467821432794136,0.28012948331066184,4.0789805215722845,5.506405146859555,2.8476181638775517,1.4029936574067272,1.808187250900834,7.462067123751222,5.8207952038131126,2.6756967148808064,4.445425622192623,237.817212,0.0,4.284371169104939,0.3231342367152968,1.6183220225041464,11688.165680473372,9657.650042265426,11013.38405184559,12014.370245139477
LOG00011,Idle 35,236.0,236.5,29.958893280632417,0.8774795249316178,14.92893389714578,22.051956521739132,34.0,1.357073007664777,4.716581027667984,12301.940993788818,10742.857142857143,0.0,0.0,0.9521494235442607,0.5020018810413464,0.5772616153219504,1.041113096088138,0.49928972379649394,0.5589302929874833,0.7550946810588134,0.02795625465739735,0.16313919498888196,0.2549207134939493,0.2455410951801741,0.22555587775647806,7.9057039566113865,3.664565689569798,3.647383737782051,0.7478688911855875,0.951084955820214,2.4478755813276294,1.8703004345331846,0.7611157642976258,1.157226468425537,236.474455,0.0,5.453824495201818,0.2423155336753017,0.8555321360389387,12077.103331451157,12276.623376623376,11666.29023150762,13187.747035573122
LOG00011,Idle 35,244.5,245.0,25.51143984220907,0.5265226794570379,10.583564163728933,21.996370808678503,24.0,1.0630980659674674,3.408974358974359,10745.935474781629,9242.857142857143,0.0,0.0,0.7629523037678004,0.8314798454207322,0.5604155936092895,0.7295026849038391,0.6233347436622669,0.5407511238000599,0.40428465200177716,0.5285685633037165,0.2340023189981453,0.19981713161982229,0.21119357956763357,0.19008051404928292,1.8001249482576638,4.559979638775546,1.7234706386274774,0.4261898995608831,0.6637212297595799,1.5301055125985326,1.9008977428564757,0.7979520509295901,1.0407338194504567,244.500501,0.0,3.0002341673941735,0.2005494252967777,0.5577471207103111,10925.274725274725,10773.288250211328,9692.58946182023,11592.58946182023
LOG00011,Idle 35,232.0,232.5,28.877909270216957,0.10558920648202143,22.75439771149941,22.14136094674556,25.0,1.2769611497255213,4.179230769230769,11908.32628909552,9628.57142857143,0.0,0.0,1.2273104034654354,0.6590608840585124,0.7942088981439952,1.0187228360688316,0.688403111774784,0.679439656723718,0.8590042684110955,0.2940532047803963,0.5164586935620734,0.23128681819004257,0.281276319067859,0.22766807896771865,2.4660224736518397,3.7871360619681607,2.439077114442487,0.7002407873230067,0.9956265377075914,2.4651415936864716,2.065495628015008,0.9850512868248228,1.7125397664566009,232.270613,0.0,2.9649487664270993,0.2479534325350154,0.8607001111938902,13005.74809805579,11653.282614821075,10033.981403212172,12940.293040293041
LOG00011,Idle 35,227.5,228.0,26.271794871794878,0.14354394874131696,26.780410929293055,22.127988165680474,24.0,1.1698196697648218,3.776193293885601,10982.748661594815,9057.142857142857,0.0,0.0,0.9297234535694509,0.8446477336385528,0.6470307678887326,0.8715717238241788,0.6698148132896333,0.6337050075573537,0.43323815834120466,0.47321883012594246,0.418815099786812,0.22700876763307032,0.2599349881205262,0.22133607538967215,3.784829257602137,2.934621130048812,2.2232233603843286,0.5226901946387785,0.9641693805918734,1.8831757976388246,2.1047518324339625,0.8882047889022696,1.1914066591117496,227.673202,0.0,3.048478079101586,0.23670575045852893,0.7755087472241823,11793.012116089038,10842.406311637082,9637.869822485205,11657.706396167934
LOG00011,Idle 35,236.5,237.0,21.07573964497041,3.248082911331225,14.473324694586037,22.173865877712036,39.0,1.0864876650212307,2.5015779092702166,9311.968160045084,7314.285714285715,0.0,0.0,1.0325378847281628,0.5432190669302066,0.5362529294562269,1.1019303208422664,0.4484062049949004,0.42695794391265735,0.9861479155821109,0.34652967285020453,0.3897257847380435,0.22163428252338552,0.2445173025578308,0.20920204594033343,1.7842331993268588,3.6741034965064876,1.913492486076446,0.5248577614823426,0.6142453862592093,2.4113472708735895,1.2917581249035897,0.8249913448259422,1.3861182139557453,236.556342,0.0,2.6040979312673307,0.22559252533822652,0.571302487448191,8829.02225979149,9385.517047055508,9227.331642716259,9806.001690617075
LOG00011,Idle 35,231.0,231.5,26.538537549407113,2.6507208795715114,11.616267676549322,22.069071146245058,17.0,1.4478658854775577,3.7141304347826085,11020.115753811408,7971.428571428572,0.0,0.0,1.6647647176102343,1.388364474678182,0.5989231738691707,1.6080827828138733,1.2307243163255908,0.5838446310108547,0.3446200413807751,0.6064103657620321,0.24712811720102676,0.292519457762399,0.3731202578424383,0.27640577478097583,2.9725785559267535,6.405938685286022,4.553256842137102,1.0924946356402123,1.930838486890191,5.118361892099661,4.434860109374739,1.5328074698976886,1.9986613241120623,231.460634,0.0,4.851268616945052,0.316852495815896,1.5687067589831827,12664.906832298137,9530.858272162619,9036.10954263128,12848.588368153585
LOG00011,Idle 35,227.0,227.5,24.22426035502959,0.6330658590694966,22.39640923784929,22.216804733727813,25.0,1.0443267553613194,3.3312228796844177,10325.943927867003,8242.857142857143,0.0,0.0,0.9555211801021045,0.8253888141938645,0.4621326949630774,0.8233515788083148,0.720405113682397,0.4291970076381001,0.7480112940573863,0.4931439337863601,0.3391972087619101,0.2529970909105195,0.3230541050303989,0.25355770466238137,2.6099862107368117,5.194389555501523,1.836445263799323,0.7649078552542071,1.3778898451689634,2.1196925831220907,2.4329266634860534,0.8928290486481923,1.2448206046072436,227.188798,0.0,3.5197652422413332,0.2784857820307487,1.1143752627479988,11575.007044237813,10255.734009580163,8684.897154127924,10788.137503522119
