file,group,start,end,th_mean,th_std,speed,voltage,sp_max,acc_max,current,rpm_mean,rpm_min,motor_top_pct,motor_bottom_pct,shake_err_roll,shake_err_pitch,shake_err_yaw,shake_gyro_roll,shake_gyro_pitch,shake_gyro_yaw,shake_sp_roll,shake_sp_pitch,shake_sp_yaw,high_gyro_roll,high_gyro_pitch,high_gyro_yaw,high_raw_roll,high_raw_pitch,high_raw_yaw,high_D_roll,high_D_pitch,D_roll,D_pitch,shake_combined,shake_peak,shake_peak_t,shake_time_gt8,raw_hf,gyro_hf,D_hf,motor1_rpm,motor2_rpm,motor3_rpm,motor4_rpm
LOG00008,Idle 35,5.5,6.0,21.601380670611444,1.4208846825570993,39.497919620334216,24.861656804733727,52.0,0.995330398374686,3.283609467455622,10395.49168779938,7000.0,0.0,0.0,1.2985453646246026,1.399654207181632,0.9842026982194928,1.831750556445429,1.5632644343218747,1.6918724060440944,1.248244324538635,1.037083944779352,1.774764367730313,0.23816710477089295,0.4879992038934449,0.25824506795904506,5.1702383323334935,10.452567812580899,4.606737697621835,0.7154459983125275,2.564735380723747,6.062137156428668,4.323232043936564,1.350046659132433,1.92439576379639,5.500477,0.0,7.239004777463612,0.34715861308665874,1.8827812604810992,11283.34742180896,11150.577627500703,8086.3060016906165,11061.73570019724
LOG00008,Idle 35,6.0,6.5,31.75118577075099,6.701209891427628,42.53760259847584,24.748181818181813,75.0,2.1163825162258765,6.465671936758893,13893.435911914172,8700.0,0.0,0.0,1.9446265610359912,1.3829387722106272,0.9777416051345533,3.1979093948677035,1.9671744919806553,1.3200487488584864,2.881471430421673,1.658545348824549,1.1051956278497752,0.43388090657952433,0.7727700853958401,0.318214359435583,6.303516587687572,7.098034917952479,6.366578579041446,2.023458612794919,4.669424309236697,6.53177094060664,6.719977884398015,1.6873191917313832,2.6570965584952186,6.226842,0.0,6.599235912104634,0.5436563327838531,3.598465515840366,14311.405985319028,14573.235460191983,11912.281197063805,14776.821005081872
LOG00008,Idle 35,7.5,8.0,33.37845849802372,0.37615486894593875,48.120292387978836,24.456185770750988,105.0,2.208401900852396,6.835592885375494,14558.872106154715,8857.142857142857,0.0,0.0,1.5668246259086953,1.8854107683187682,0.8650525728448736,2.2562702201654843,2.5967413907973222,1.1646009661162455,1.9476641384707387,2.199679129208591,0.9754839416237719,0.34855605665886147,0.6434541795291395,0.358716974079017,2.930903440186241,5.935279608313045,9.673057752610527,1.585061007528381,3.892914297534249,5.830782427377566,7.671233674380968,1.7334522164810742,2.702551023244987,7.655842,0.0,6.767219647927572,0.4705324902984913,2.972137288680778,9657.086391869001,16329.418407679277,16941.869000564653,15307.114624505928
LOG00008,Idle 35,8.0,8.5,32.02564102564103,0.8951178854923727,31.968467077370253,24.665049309664695,65.0,1.9410451633833627,5.867357001972385,14181.311637080868,9857.142857142857,0.0,0.0,1.2321423869658399,1.427878964730919,0.8060249848696601,1.5555901920967588,1.6430436755608018,1.001901803523121,1.134628393048386,1.1612009980512297,0.9640958261138072,0.4268056315171291,0.5870365290648254,0.30021044193881335,2.706322194602495,6.8811608486967915,8.255125811895924,2.0896852068024434,3.4796169497429164,4.481828311064797,6.198555535750489,1.333606613600675,1.888898629733303,8.000244,0.0,6.39848046067361,0.4534685740674543,2.8700625760135594,10772.724711186249,15217.131586362355,15555.42406311637,15179.966187658496
LOG00008,Idle 35,8.5,9.0,33.38362919132149,0.1633845809066578,26.456517378076047,24.57940828402367,76.0,1.9378574410788272,6.177337278106509,14643.512256973796,11585.714285714286,0.0,0.0,0.9821031335960072,1.243623945454646,0.8873821122096353,0.9752313319194109,1.807958062794042,1.069241064579365,1.0038224863910044,1.3238419498956537,0.8204834532551751,0.4898925053853987,0.7006091376462511,0.319880675656906,9.077777168782454,6.057977403022162,8.957415162529996,2.7485731324032914,4.545097498025518,4.567918312758183,7.507524167936451,1.1205193177110506,1.706144205527121,8.576576,0.0,8.15149096659659,0.526995090819932,3.7558331652728554,12122.344322344321,15477.937447168217,15554.83234714004,15418.934911242604
LOG00008,Idle 35,9.0,9.5,30.949011857707507,1.9082639638138692,28.56974719516052,24.654051383399207,38.0,1.8291240472832158,5.452292490118577,13904.001976284584,10471.42857142857,0.0,0.0,1.318681178038149,1.2255332629340383,0.8206597703455605,1.2042554169275759,1.3629347165727212,0.963120033368652,0.8149475835863533,0.9628659359412439,0.6889972966284831,0.413033749801332,0.45022427401541576,0.3071318165768833,9.360224110792952,8.323454349440237,6.6033564276690075,1.992181645162563,2.320211553749557,3.9607760648101684,4.720445815349667,1.2729595099353774,1.9277783546051432,9.230787,0.0,8.175124949551183,0.3948116547340321,2.162425647447277,11856.973461321286,14690.76792772445,14566.911349520047,14501.355166572557
LOG00008,Idle 35,9.5,10.0,27.08599605522683,0.07036915890411596,29.654809090617082,24.703175542406317,34.0,1.2382529463075413,4.349842209072978,12444.146238377007,10042.857142857143,0.0,0.0,1.0033558638085807,0.9140246205943842,0.8040908191816311,1.1719197715701362,0.9514572316415872,0.8807014780802539,0.8393224740118752,0.5762667834232662,0.556555725053765,0.2690261134732319,0.3424181040117495,0.24486477741690765,5.913536533261509,8.270322279163942,4.1838945338460425,0.9179435229134375,1.7889676096500466,2.9482719841133536,3.670877983215032,0.9597301694986385,1.215809572804526,9.811032,0.0,6.347522309316205,0.28843483776233025,1.4217991102184118,10758.298112144268,13540.65934065934,12877.909270216962,12599.718230487462
LOG00008,Idle 35,10.0,10.5,27.799605522682445,2.4213628129631997,34.74125606968776,24.772110453648914,59.0,1.1371484317971514,4.543786982248521,12703.62073823612,10128.57142857143,0.0,0.0,1.7482334366854648,0.9617826712356413,0.4982213608020027,2.15989517827322,1.1395323496137921,0.5129214768884506,1.4295993798074846,0.6810451353936365,0.26925756504051085,0.328321472055044,0.44110511352636145,0.2603422003325821,7.190611693753685,10.53310535842908,5.6016011343914665,1.2793561066913604,2.1231994508568155,5.491251783869153,4.396071403762938,1.410912126220878,6.1187753218524925,10.499829,0.0,8.042162650492513,0.351258106177165,1.7528160137115298,11451.817413355877,13731.248238940545,12521.470836855453,13109.946463792616
LOG00008,Idle 35,10.5,11.0,36.68478260869565,2.8273413907932663,44.52566797132884,24.576363636363634,97.0,1.841305097699545,7.315671936758893,15877.879728966687,12242.857142857143,0.0,0.0,3.702655881188815,2.254731865002494,0.8197581969059484,4.62686041853515,3.5382153516760564,1.1188943846311696,2.1867389454399433,2.7997485617135403,0.9165312239266822,0.37459941423634924,0.483314087433016,0.2887492889035707,3.178752792228942,4.187161778674776,7.017440227807022,1.60712368427053,2.948581278359107,10.745529450057607,8.780705581776102,3.0654099528089014,6.2847968669743866,10.528446,0.0,5.0623202988926765,0.3904242906120394,2.374550282857062,15657.368718238282,16398.475437605874,14415.8667419537,17039.80801806889
LOG00008,Idle 35,11.0,11.5,28.620907297830374,1.280207686740454,49.90757993968777,24.763175542406312,135.0,1.442670975441295,4.717278106508876,13059.608340377572,8085.714285714285,0.0,0.0,1.6408929729289783,2.174893046189642,0.8185326188353294,2.613710593508255,3.1702265922372703,1.177644066338479,2.0045228477708683,2.7379673031407914,1.285914355264036,0.3711398020729233,0.6025903309932561,0.34514450763323196,4.923734745788571,9.347568087587552,8.38651550699066,1.584506171599393,3.64665859806725,6.2804288852154455,7.129680717959216,1.9264850779297202,2.660245210501161,11.000145,0.0,7.787893068688212,0.45460040725846135,2.811474589845546,14408.593970132431,13008.763031839955,9836.827275288813,14984.249084249084
LOG00008,Idle 35,11.5,12.0,27.303747534516773,0.2568312429319927,41.74227837510912,24.681479289940828,108.0,1.7995633787847833,4.614792899408283,12373.781346858272,6285.714285714285,0.0,0.0,1.9246396993191048,2.503527567335048,0.9168868968101341,1.7373028197745357,2.1460075084152366,1.2505973803034711,0.7177988142762213,1.7463387547603986,1.102910480823994,0.3685122085772198,0.767498334433172,0.4522647464037495,3.8894152366171464,12.96691504904515,8.42207109771567,1.5738025982716017,4.095315755828723,5.139282906869808,6.8783455191541405,2.2329227766093567,3.4253586523599813,11.994833,0.0,9.205065966574434,0.5565963055536155,3.1022947763120006,14265.539588616512,13825.58467173852,7263.623555931248,14140.377571146802
LOG00008,Idle 35,12.0,12.5,28.27727272727272,0.09605495342944405,26.590607083868623,24.512727272727272,81.0,1.840573305916367,5.017766798418973,12743.739412761151,6600.0,0.0,0.0,2.596237609522736,2.579052456590301,0.8609575574969911,2.6447024938750547,2.596152407561673,0.9491809614001928,0.6448860086185524,1.3369729881168992,0.7270000559755384,0.5334687087141584,0.6816108227768863,0.47039539964727867,6.586074021150149,8.59716761964006,9.28457865762561,2.5461196226687184,3.6227898449964653,7.654340781956609,9.073045690547733,2.587659299342245,4.127873034336377,12.472422,0.0,8.235918547069565,0.5687571271093543,3.1310805957327434,12942.461885940147,16122.868435911916,8105.5900621118,13804.037267080748
LOG00008,Idle 35,12.5,13.0,29.658974358974355,2.1858278806890015,18.252983631312862,24.617573964497044,77.0,1.9169405727657236,5.242504930966469,13161.362355593124,7942.857142857143,0.0,0.0,2.918101510837569,3.3288279859533323,1.1221885846397242,2.96440799317717,3.4728300020505936,1.1538819670177294,0.5679237795994085,1.41401577923383,0.7624671681343524,0.47960606758144214,0.714800441823761,0.4060959952483157,4.211922631726708,7.800713151773619,7.588423770292082,2.3787186062418386,4.332723706995853,7.866740212941398,8.959144612592718,3.1302086342302,4.512912613285627,12.647077,0.0,6.737348470762057,0.5495075398479072,3.495053427978248,13849.478726401803,16044.829529444914,9621.499013806706,13129.642152719076
LOG00008,Idle 35,13.5,14.0,32.39940828402367,1.0192330164321686,43.166254358593775,24.590986193293887,83.0,1.2544590572215248,5.631439842209072,14414.327979712594,11671.42857142857,0.0,0.0,2.389357202139894,2.4978909583670794,0.5216091787649165,2.4141486258461646,3.7558739567027595,0.5228958981746454,1.8879709391427923,3.3839751631505472,0.05190507898333975,0.3999300232823847,0.40648921570350843,0.2943764719627465,5.997519944503739,5.32762750335152,6.654126484518101,1.7163297480716635,2.1553388030352045,6.588795701556103,9.249020418305111,2.4442265728968127,3.5076096476843177,13.973266,0.0,6.017509439714321,0.3705109144821224,1.9482393538763358,13819.301211608905,15261.453930684702,13327.78247393632,15248.774302620457
LOG00008,Idle 35,14.5,15.0,31.412031558185408,0.9564858093775203,61.37541811385485,24.413984220907295,115.0,2.1294877404323347,5.889211045364892,13884.234995773457,9742.857142857143,0.0,0.0,1.553360378838363,1.1122181378327782,0.8593440823894369,1.855947758450908,1.465236996296067,1.5782233199316416,1.5614353138826766,1.2415740181716461,1.4705854007718087,0.31501105237789356,0.5215782986677081,0.26770995085321947,1.910079469347578,7.284081305819508,8.205057442804746,1.296349948799677,2.8357819801932775,4.5284548527126995,5.575375558944362,1.3509177718627206,2.137838833760554,14.999465,0.0,6.429857740487939,0.3842501366502303,2.204788269759914,10306.790645252184,15032.88250211327,15240.546632854324,14956.72020287405
LOG00008,Idle 35,15.0,15.5,33.81005917159763,0.4213688087973795,55.35152515541978,24.486863905325443,92.0,2.4079835765348254,6.721143984220906,14527.972668357284,9114.285714285714,0.0,0.0,2.207902693671264,1.6296428287622744,1.345787370825544,2.2265383958635794,1.5895885298896162,1.2824147444956406,0.5890586569293085,0.8778794414704009,0.983809395548856,0.39938012596693306,0.5844279409806535,0.33891290665949847,3.027928992856016,6.1394354463001966,9.795880369038292,1.920879011284117,3.5491188541588112,6.168412248277046,6.68301742429953,1.9404342367183094,3.0005005152148496,15.22246,0.0,6.8997655464896095,0.4531086924483056,2.8535960485795298,9619.385742462664,16289.771766694843,17006.593406593405,15196.13975767822
LOG00008,Idle 35,15.5,16.0,33.123076923076916,0.24494897427831827,44.97749846536359,24.411893491124264,72.0,2.2324919869000373,6.521617357001973,14327.993801070723,9000.0,0.0,0.0,2.133651092028857,1.8040603274220754,0.9431728624413652,2.4883399779073594,2.0119154518740583,1.1785301196362261,1.2086919175548883,1.1932632815075754,0.7269498051663945,0.4014107773246346,0.5492545275436005,0.38122646796111326,3.040422184409989,7.223701631582462,9.801568639339457,1.8359844249195743,3.1391038577356096,6.061649094395826,6.465658027440877,1.9757404494890238,2.8672707378934708,15.902287,0.0,7.245614308284756,0.450238739653241,2.5714598809040226,9466.018596787828,16075.71146801916,16826.796280642437,14943.448858833473
LOG00008,Idle 35,16.0,16.5,34.11403162055337,1.3221960229522745,34.4226477634258,24.288932806324112,70.0,2.248116499603974,7.040158102766798,14627.470355731226,9371.42857142857,0.0,0.0,1.8644060999104912,1.46972817007452,0.8569829836298704,1.8193477974172103,1.5528395932067367,0.8731024058187367,0.8608097807637046,0.7696253779419846,0.5490165386690795,0.38642217973684384,0.5816571875944314,0.3293567249227366,3.101697371249801,5.208480988133697,10.018210427002373,2.0017527862824855,3.3350617251174257,5.362179074488045,6.085036399578044,1.6787064959804678,2.2829036491304264,16.123302,0.0,6.760506414617846,0.445766395146108,2.7504227791135056,10086.335403726709,16085.714285714286,16849.011857707508,15488.819875776398
LOG00008,Idle 35,16.5,17.0,36.07948717948719,0.8055608832488357,27.940904438432707,24.283688362919133,51.0,2.2375784364729867,7.361400394477316,15463.348830656523,11457.142857142857,0.0,0.0,1.5398310724225286,1.5867355188893322,0.9853668842535479,1.762199476080546,1.6876653451112857,1.0715284359718715,1.0282919434711835,1.312739567247821,0.6586857499347265,0.510413097477161,0.4649276312929677,0.30459793038420574,7.1220806756178865,5.206836438707073,12.221814124544029,2.5976386305430683,2.6646808872665013,5.604661345419916,5.611343821864731,1.563459199739941,2.2110736669886144,16.985653,0.0,8.702641731956287,0.43568303907399664,2.6313732808034906,12437.249929557622,16321.217244294168,16433.24880247957,16661.67934629473
LOG00008,Idle 35,17.0,17.5,32.54773175542407,0.7678768745796913,27.810251364616164,24.484082840236688,60.0,1.9119923510019377,5.945601577909271,14315.363482671175,11400.0,0.0,0.0,1.4227268530203256,1.3722030545312818,0.6944328972066413,2.3714306985885867,2.1965327289882617,0.8669659099652418,1.5562103414517146,1.9222239651606028,0.7452998040068103,0.46986051070961243,0.505771510001945,0.3247213168018445,8.193417026331932,5.692608968804899,9.778883578427422,2.2622466125018716,2.868222839640286,5.636245060556097,6.519429313972325,1.3976932641266644,2.205499969247992,17.017227,0.0,8.065656482468151,0.44046099087186263,2.583066200623822,12099.6336996337,15073.034657650041,14979.318117779656,15109.467455621301
LOG00008,Idle 35,19.5,20.0,20.73589743589743,1.2942648996655381,10.632113439722039,24.589092702169623,84.0,1.096744144817972,2.7885207100591716,9890.004226542687,7485.714285714285,0.0,0.0,3.7305931980371785,4.448511261809591,1.1356603919237809,3.658983491324736,4.38878668046452,1.0627109909705021,0.2879484252867726,2.158963349269677,0.36069683806411607,0.4636318063173554,0.5946776535377113,0.35656116115279496,2.48947931346075,7.807112609196805,3.6203919667923348,2.1722391679873616,3.5267740672843915,9.014233758695758,10.58952629068666,4.105275755396221,6.902517693321348,19.514518,0.0,5.17222558602011,0.48157097956889716,2.928887017674812,10719.78021978022,10246.40743871513,9756.29754860524,8837.53169907016
LOG00008,Idle 35,20.5,21.0,37.683629191321494,2.901993507254942,17.61191700150049,24.26463510848126,43.0,2.6905015108522186,7.750078895463511,16043.371372217525,13428.57142857143,0.0,0.0,3.336573659110001,2.9833002780687243,0.8880063172503279,3.515481918463939,2.8458337679112526,0.8880226466260192,1.0937099306944569,0.9308762023959312,0.00015750974403132243,0.44113327648719275,0.5001583083149201,0.3687591252500716,2.7392711050662943,4.232509330039521,7.693173880280478,2.231857931760922,2.9780785715332985,9.05287993450047,8.60221062363694,3.1648700077405727,7.3432905908096515,20.503168,0.0,5.3104508838124245,0.43997734542283223,2.631552945105794,15463.736263736264,17378.557340095802,15208.114961961115,16123.076923076924
LOG00008,Idle 35,21.0,21.5,33.92544378698224,0.9868581979473421,24.961623885084897,24.38936883629191,26.0,1.9116644960350655,6.384457593688363,14751.366582135812,12285.714285714286,0.0,0.0,1.4579495375319595,0.9671685938627256,0.6224514138511327,1.3697096452776598,0.9445165371089306,0.6224514584109767,0.6761700763104547,0.2868545017650465,5.535740425322743e-06,0.3533948041414896,0.38759085592201786,0.266848896752989,4.695010698038421,4.271017220572536,7.894471598577699,1.5582603757734768,1.9655377890675505,4.042183876705344,3.773937406780332,1.2371402392097786,2.2153134545225908,21.146478,0.0,5.848287366795865,0.33976604347052874,1.7736282303456736,15050.239504085659,15106.790645252186,13044.94223724993,15803.493941955481
LOG00008,Idle 35,22.5,23.0,26.417751479289944,1.5383847651910667,31.698574475918033,24.54749506903353,124.0,1.520529607813845,4.159388560157791,12051.52155536771,9485.714285714286,0.0,0.0,1.9560251703975244,1.597151330253663,1.3399794590714174,3.1958282067395514,2.4105126204134124,2.787462184436437,2.8716878659958764,1.97273631288589,2.5292645680276182,0.31488808817777647,0.5565760454612756,0.29000349400843367,7.728028267364503,11.48994540549521,5.49985596380612,1.178229672604032,3.0095351756675575,9.63986626962493,6.092968107173185,1.7856268981732595,3.0764977469205403,22.948139,0.0,8.602125356465868,0.4053942233574074,2.285336642049149,11257.650042265426,13084.220907297831,11985.263454494225,11878.951817413355
LOG00008,Idle 35,23.0,23.5,26.350493096646943,1.6014585171343796,32.94467385972585,24.53684418145957,133.0,1.4293946346640753,4.202919132149901,12094.406875176106,6371.428571428572,0.0,0.0,2.210698600633026,1.5064784289823214,0.9784928562837064,2.7331023651779094,1.9963536113385074,1.7101362099750588,2.220650758046992,1.2969925405200682,1.8184594430432872,0.3346038624335307,0.4599146296051916,0.3158623532566363,6.44471074635098,8.61845186393741,6.701082133127998,1.2910452853914622,2.363946865423808,5.814692673527464,4.798915064763761,1.8916481649384302,2.9393120345508432,23.064566,0.0,7.3193012164200795,0.3756107193558858,1.904605301824839,8971.090448013523,13253.874330797407,13472.21752606368,12680.445195829812
LOG00008,Idle 35,23.5,24.0,20.753846153846155,2.1282360207828908,25.793969899844903,24.479013806706117,113.0,1.2646847281532838,2.695285996055227,9858.065652296422,4071.4285714285716,0.0,0.0,3.207195277633,2.476500321448039,0.9250901685325241,3.881912951954733,2.7941937581083733,1.5325178026456703,2.5859005281544727,2.288017274057151,1.4761190779715303,0.4682708621610209,0.6043637386798313,0.4120411675287282,5.3431005667017635,8.42284035564698,4.65842574469365,2.112982494005382,3.375942675512647,7.219576716708661,7.415400574512032,2.865236062788165,4.735930800608205,23.616109,0.0,6.355939315355063,0.50143495846704,2.816175062768711,5723.668639053254,11221.89349112426,10384.249084249084,12102.451394759088
LOG00008,Idle 35,24.0,24.5,25.110079051383398,3.3844560392325844,14.502516084394525,24.438339920948614,96.0,1.572310737294383,4.284426877470356,11313.431677018632,6171.428571428572,0.0,0.0,4.85579521197856,3.9512486685826866,1.3207986359190187,5.435589802962741,4.014318601934825,2.004661407837238,2.0115572916173274,1.5890008544070928,1.592976060193689,0.5860807529876695,0.745784903118566,0.4794045651974348,7.494636302238887,8.545891104900553,7.544970456824004,2.9501171688985175,4.391390014924706,14.661597818549156,12.68359246375258,4.426686863877451,6.244335993649638,24.323538,0.0,7.876725361764715,0.6135998989228252,3.740821939989272,8659.514398644833,11738.283455674758,11052.682100508187,13803.246753246753
LOG00008,Idle 35,24.5,25.0,29.96390532544379,2.15448226296052,11.719627071906782,24.291854043392505,70.0,1.8383846125824452,5.361045364891519,13350.725556494788,9700.0,0.0,0.0,2.480995628937038,2.6635390045866036,0.8156797971838957,3.910808683954064,2.9920398769780268,0.7928525592414911,2.920119646621861,1.8525047644046964,0.6253797273055384,0.4336329688775171,0.5766530005959088,0.37170522165092906,5.533746548800753,10.442403899152223,6.02244142662057,2.079094449686758,3.428311520613793,7.920462600798699,9.274894535198406,2.5738861027402598,4.135567241843354,24.73403,0.0,7.658023043328903,0.4685904418559851,2.835132590646471,11121.414482952945,13861.087630318401,13476.894899971823,14943.505212735981
LOG00008,Idle 35,25.0,25.5,30.594082840236688,2.970134792802773,22.129614905515044,24.299980276134114,78.0,1.9235813660355086,5.781577909270218,13471.407438715132,9757.142857142857,0.0,0.0,2.3292106293244688,1.5338866930302717,0.9508157646353902,3.3967565163256275,2.0785654326985687,1.169798319048664,2.4550320446273974,1.592849607291204,1.1110324108079055,0.3452371392344119,0.5472476367837359,0.3100131972677608,5.996886717035174,7.421875140795015,6.042136205947374,1.4313064335001124,3.1524014123242456,5.9713319061770305,6.800481477327279,1.9720586379229996,3.128704509262436,25.369391,0.0,6.520590229770203,0.41423698561424305,2.4480883124391886,10831.360946745563,14435.784728092418,14408.763031839957,14209.721048182586
LOG00008,Idle 35,25.5,26.0,27.887376725838266,2.46274778428581,27.303346356026992,24.338500986193292,79.0,1.7611993332689397,4.26396449704142,12722.78810932657,6885.714285714285,0.0,0.0,1.2971214092816594,1.8941717265914513,0.9592842178880333,1.2715200705853518,2.4615414002837683,1.0278117213318674,0.8599054986151602,1.723628064740771,1.0080000376345568,0.37591123025785017,0.4718379055444073,0.32816710382992664,4.045025324450922,9.307447604073726,7.394125874610506,1.5914383520816715,2.6031790725597554,3.6601160779600983,5.526161555588249,1.623331525018115,2.4455962599103422,25.575602,0.0,7.249457640118364,0.39649880629438866,2.1574542071953102,9348.267117497888,13672.58382642998,13805.635390250776,14064.666103127642
LOG00008,Idle 35,26.0,26.5,24.052766798418975,1.0143643490253116,23.443475835132833,24.59628458498024,92.0,1.2597983659141687,3.331778656126482,11106.980519480518,6657.142857142857,0.0,0.0,1.2602692425621287,1.7693290990295532,0.91385885990333,1.265484709780528,1.7106794559952423,0.9330648998529045,0.6242136137141501,0.4168305349008691,0.8434695093918025,0.3168376285367807,0.44450098647289144,0.300437484444862,7.666651130322462,6.419542089264968,5.814084890357444,1.2253341837949094,2.0539812147543395,3.4740710931807812,4.3686359698599455,1.5360345087954328,2.192559592823973,26.104447,0.0,6.678114586772774,0.35973596423476173,1.691195241913252,7477.075098814229,11640.73969508752,12719.226425748166,12590.880858272163
LOG00008,Idle 35,26.5,27.0,32.70650887573964,2.1960016206212876,17.330907161935087,24.33956607495069,97.0,2.028544399351962,6.4681065088757395,14174.795717103409,9142.857142857143,0.0,0.0,0.9833890138290733,1.4789976998775654,0.9802931205444996,1.1939679787326551,1.4485801708536146,1.2430071751868912,0.7669254936211034,1.0076956396845247,1.1251906709235315,0.3728606810630784,0.4878715201713601,0.2634674316433928,6.06863088219486,7.609992329827383,7.266835243672357,1.5310563255717087,2.7049705892512126,3.9446365854064456,5.026949071009637,1.2558837821953999,2.147120686700903,26.523772,0.0,7.013015483205483,0.38577143285193394,2.1978397758693875,11748.548887010427,15313.975767821923,14429.698506621586,15206.959706959708
LOG00008,Idle 35,27.0,27.5,31.433136094674555,2.156327926235354,20.29324356746218,24.241952662721893,86.0,1.8629590921584365,5.47854043392505,13945.012679628066,10400.0,0.0,0.0,1.3414090356305959,1.3419985037679487,0.6796613341019954,1.9415322600096094,1.4469631020833484,0.9083598143714694,1.71643342729168,1.2038030809803066,0.8032278684051901,0.3911522080506562,0.4278943190436431,0.277899179547701,6.736705405929233,8.776035309893736,7.0425738438840835,1.9432560160221248,2.328836002716445,3.8304808870989007,4.311582492512882,1.341703802071608,1.8610012895733088,27.407814,0.0,7.571874312950042,0.3711790008993919,2.1447285459183987,11842.998027613412,14808.284023668639,14227.35981966751,14901.408847562696
LOG00008,Idle 35,27.5,28.0,28.900394477317555,0.7933897529014022,22.549017471050032,24.34293885601578,87.0,1.5994782819117148,5.003826429980277,12964.750633981403,9700.0,0.0,0.0,1.1891584394886838,0.7484736187451863,0.7488291356822746,1.5406911687669833,0.8221196691390416,0.8205892007040118,1.3636676658767501,0.5911454991509333,0.609376865023592,0.2813331464772318,0.30451400092994446,0.25446136730628144,2.9718937569858315,10.478795669877034,4.959034743654149,0.8549349120759965,1.3983261949452221,3.0992777678752446,2.8161971645160087,0.9935568811509176,1.4970773512334328,27.999849,0.0,6.909639083256904,0.28084853778061225,1.1589283522626357,10211.383488306565,13908.42490842491,13711.580726965343,14027.613412228799
LOG00008,Idle 35,28.0,28.5,31.462055335968383,0.7113582488470579,22.533827832207276,24.383952569169967,78.0,1.7671782826420206,5.542351778656126,13910.269621682666,10042.857142857143,0.0,0.0,0.9054665705133743,1.271339871889869,0.7223934417102184,0.8512411616118298,1.3512976736635391,0.8592215688876018,0.5841660814589071,1.1397246530509169,0.575138060267098,0.3072793985659515,0.4173576159727111,0.2435545070674322,2.194372207023639,7.641709730167502,6.338728560828398,1.099890516093489,2.237821244195753,2.647991258956472,4.147955351355406,1.1036699642950787,1.5307304348065631,28.021511,0.0,5.870561493615303,0.33061901856282544,1.7631793823043402,10755.505364201017,14931.535855448898,14797.430830039526,15156.60643704122
LOG00008,Idle 35,29.0,29.5,29.693293885601577,2.2440441441138907,41.26916630599087,24.307021696252466,95.0,1.2761773900104663,4.690177514792899,13448.661594815438,9971.42857142857,0.0,0.0,1.333858363581254,1.1473851392714194,0.8254260703756084,1.7974803046165841,0.958948897793969,1.3631760368228931,1.236946715304656,0.7458282788406052,1.3522102963284799,0.3237805023375905,0.37010093492738894,0.2597759954490109,5.580992299533936,9.537738166278917,5.068284908649235,1.269774605989869,1.7884580017963772,5.565815640814428,2.928133278565274,1.2441203301764174,1.713565019202463,29.43044,0.0,7.01910336845555,0.3210877779982885,1.5509528642428527,13206.311637080868,14207.128768667231,12249.506903353058,14131.69907016061
LOG00008,Idle 35,29.5,30.0,28.823076923076922,1.1735245047776413,44.24341513175342,24.254654832347143,98.0,1.5830470462104869,4.7504930966469425,12913.665821358129,9628.57142857143,0.0,0.0,0.9932811955643633,0.9278259338950969,0.7161280096286105,0.9956678578030359,0.9127643877561846,0.6795946851642471,0.6755897462646648,0.5600789274221293,0.4090969211079639,0.3112294433502628,0.36115854383414925,0.2719679201420081,3.754534718143446,10.581326243563236,4.274833821824293,1.0824715809829704,1.8472342667207526,3.2390005032965075,3.3618112897557166,0.9611109449668332,2.069960212168605,29.984939,0.0,6.9362622073341855,0.3168942041012464,1.5139384333226906,13939.842209072978,13667.56832910679,10081.036911806143,13966.215835446606
LOG00008,Idle 35,30.0,30.5,31.721499013806703,0.8286483620856272,39.25659297900977,24.241183431952663,75.0,1.8475223678246568,5.96956607495069,13895.83685545224,9671.42857142857,0.0,0.0,4.558334050774007,1.8029555228216723,1.1073449066606142,4.945200787056025,1.9246725141883414,1.2685851439032236,1.4930384723412682,0.8086184686436719,0.7315557557105511,0.4168595762845335,0.5381796023814169,0.3428369777002984,3.15712408374157,9.02383195861545,6.099464701248634,2.0063283817071706,3.244898882824746,11.169131877784999,5.938375182047809,3.4661980566406565,8.0212528680668,30.343086,0.14003944773175542,6.547275396153952,0.4400554450059734,2.6976584601280598,14858.495350803043,15194.899971823048,10925.387433079743,14604.564666103128
LOG00008,Idle 35,30.5,31.0,34.3897233201581,1.0794217465140656,36.306937691342384,24.408122529644267,54.0,2.035480846797494,6.7749604743082985,14852.470355731226,11371.42857142857,0.0,0.0,1.6724236533989127,1.7309039670477984,1.0442929422810483,1.847007860207974,2.1558640432678735,0.9408243616156066,0.9562078360785469,1.4381219619910555,0.9934530738940572,0.4229714352920042,0.4983839374090037,0.2997094612359054,6.761245589168648,4.613379650734081,7.283772328138664,2.0432283557064554,2.9967815184073965,5.3216687329038805,7.140736557041935,1.7019150125064966,2.108958331119941,30.562118,0.0,6.325900543190624,0.4151775304190553,2.5647106642495805,15642.236024844722,15720.863918690007,12254.94071146245,15791.840767927726
LOG00008,Idle 35,31.0,31.5,32.19270216962525,0.12034629542987481,39.12065030985688,24.33364891518738,60.0,1.8323894223812025,5.769408284023668,14167.920540997462,10800.0,0.0,0.0,1.0166521067357968,1.4129777894677107,0.7525827925385703,1.2191419325646302,1.4896745601454284,0.8560266169457514,0.7154246014277992,1.2044177003909426,0.619344433457982,0.42322103475231754,0.5559823137507115,0.31560616538975095,3.4155842263082974,12.080094649799515,9.27529721150286,2.12328606812977,3.083041961620952,3.720511936948772,5.16073019006754,1.2308711832802386,2.096181377136228,31.025832,0.0,9.01158588922863,0.4426584948137937,2.647025827625181,15026.007326007326,15194.449140602987,11466.159481544095,14985.066215835446
LOG00008,Idle 35,31.5,32.0,29.259368836291916,2.0409916557669905,40.052661608715546,24.428619329388564,51.0,1.8337008223540991,4.718441814595661,13143.265708650324,9257.142857142857,0.0,0.0,1.0033201470121675,1.270014337894305,0.7327690343899044,1.034216680513122,1.1859777419383828,0.8085727836488298,0.4744071664817591,0.5296170258831374,0.5787360311659877,0.39672790428502364,0.49834374126914915,0.28294610114497476,4.231354981847628,10.748237493123543,5.5226669995811335,1.8447247297488367,2.8104763571697284,3.635785322491223,4.743104618297845,1.1444622614699071,1.5797454909113222,31.536902,0.0,7.392086421285397,0.402408586163227,2.377160773144819,14023.386869540715,14332.882502113272,10447.337278106508,13769.4561848408
LOG00008,Idle 35,32.0,32.5,38.24536489151874,8.152609558805908,42.20847566813774,24.1167258382643,66.0,3.895353852139376,8.977179487179486,15626.014370245139,9628.57142857143,0.0,0.0,1.0506552283526644,1.7704290455013658,0.7173303537364604,1.189423429506719,2.08955067809477,0.7254571421118625,0.49032626638090987,1.0125182050272803,0.4530969415646968,0.47640240148699436,0.753090943212621,0.3688632649745952,3.830661797805683,8.42743663461709,7.120984059964197,2.291177881895658,4.542191694677388,4.2458937118383915,6.8680146510143905,1.455729269819713,3.0092756267497673,32.499831,0.0,6.742998146767214,0.5568259228697269,3.5972907498341087,16238.010707241478,16291.2651451113,13413.60946745562,16561.172161172162
LOG00008,Idle 35,35.0,35.5,19.837154150197627,2.430106579575354,13.544068189324246,24.393517786561265,24.0,1.0972871533159747,2.523616600790514,9356.648785996611,7257.142857142857,0.0,0.0,2.9496733353990545,3.3190151003271393,0.8385509699441978,2.6389098004052847,3.381069363944685,0.801874050623426,0.7599450104532662,0.9803712732681739,0.3409609902100468,0.3776128634984023,0.5066801354662993,0.3231791760533504,3.1066930832572246,7.185037531673545,5.810982787872341,1.6865447178062571,2.6258332798116077,6.3759057327601285,7.484239038946769,3.1397797710797932,4.472167886966207,35.257418,0.0,5.628612238852025,0.4097808415035745,2.206743471557849,9413.071710897797,8352.258610954263,9099.830604178429,10561.434217955957
LOG00008,Idle 35,36.0,36.5,36.25443786982248,2.772255298031071,24.86632331340737,24.101617357001974,32.0,2.3286735861215226,7.233037475345168,15420.069033530572,13228.57142857143,0.0,0.0,1.2692544165735509,1.6557302979571131,0.6820267881006542,1.3772265318569694,2.314593233086208,0.6801842808550943,0.8180073487759146,1.7315120830362905,0.2385630860751175,0.32509078987946183,0.42614199013212606,0.28097778402453777,2.591216421729918,5.356836107301947,7.447425111872346,1.273953319427386,2.037170695995356,3.233515316459031,6.095395487894625,1.475203306931729,2.3425035032276265,36.000341,0.0,5.503763452453346,0.34939449172034814,1.6989734407433,14698.112144265993,16103.21217244294,14876.049591434206,16002.90222597915
LOG00008,Idle 35,36.5,37.0,31.689743589743596,1.5458965640427773,40.660187830531854,24.076429980276135,12.0,1.5293924391936637,5.598086785009861,13894.04761904762,11800.0,0.0,0.0,0.6757906479131885,1.6660613273018394,0.6561216521360419,0.6030430532302052,1.7031928626453123,0.5832965265474219,0.2064013038351448,1.2319373667813673,0.27407709740128877,0.29440930191946946,0.3430094096739697,0.2526041949944213,6.619300775458195,7.159860828095256,6.321790054863824,1.1802432641151468,1.6266859864288323,2.134066688546473,4.27736577675626,1.2713090391674429,2.158131012900668,36.889287,0.0,6.709291550565019,0.2989655339724933,1.4211054607123856,13630.290222597916,14425.866441251055,12844.096928712312,14675.93688362919
LOG00008,Idle 35,37.0,37.5,33.22470355731225,5.9960463267421416,53.2414393879691,24.130276679841902,39.0,1.9839972789845728,6.134664031620553,14492.398362507058,10957.142857142857,0.0,0.0,1.239049538117372,1.2782524235113029,0.668941585282575,1.2410685077804087,1.2408112023226767,0.6856234075959946,0.9526774852365163,0.6824667483952703,0.3752242606427511,0.3240823836967066,0.3992109626175114,0.24486894455155134,5.024752921070444,10.609127081301605,7.305192111330318,1.2751790421926812,2.0780795619489174,3.5581004835984325,3.9417698318286702,1.258803601861981,1.7319095215196494,37.388518,0.0,7.982638476269523,0.3288158471963348,1.7240209185849873,13909.457933370977,15359.627329192548,13513.241106719368,15187.267080745343
LOG00008,Idle 35,38.5,39.0,29.16351084812623,1.279681104483558,38.10341312010221,24.02923076923077,136.0,2.4899426337991395,5.2578303747534525,12772.597914905607,7757.142857142857,0.0,0.0,6.8206670596924575,5.451390574278801,1.5411899632575834,6.979918302029205,5.667354424217463,1.728081938567502,1.800881928317366,1.4407907241043332,0.7297571753854114,1.0713617343571793,1.2582444027271487,0.6312200526973673,5.363246361499311,9.547039235329658,6.2138378359957676,5.920376718872728,7.953648739344492,17.21507985340104,15.393266798243104,6.1741055357237595,9.322254275565784,38.903013,0.21696252465483234,7.269162041278945,1.021344489348279,7.011112207141118,9624.852071005917,14638.856015779093,11048.041701887856,15778.641870949565
LOG00008,Idle 35,39.0,39.5,30.676528599605522,2.83004822560345,13.7998634313722,24.263471400394476,40.0,2.0159782868911442,5.506469428007889,13327.909270216962,8657.142857142857,0.0,0.0,4.30039567375867,5.500276742026412,1.1877300414732532,4.496057442389485,6.641685624978315,1.1055015007907767,1.4124267690690948,2.19716107302872,0.6084216497015621,0.6474134994078206,1.2911092791121417,0.5155578813671605,7.35711797084721,10.356175878618956,7.010377961231057,3.317082162332467,8.105548629595072,12.578902847394183,15.892575766597478,4.936924507715252,9.055670383887296,39.055894,0.22879684418145957,8.377011456463581,0.8854203029945247,6.192856879437583,12954.240631163708,13919.498450267682,10839.053254437868,15598.84474499859
LOG00008,Idle 35,41.0,41.5,14.948520710059173,7.842652108297305,42.16436899435392,24.17954635108481,149.0,1.6092470729315904,2.4440828402366868,7387.306283460129,3428.5714285714284,0.0,0.0,2.126276965861977,4.553843370881651,1.0297211033943838,2.161382137963532,4.771117438361971,1.1674898814174002,0.3824321060715576,3.3363013393726444,0.9789740353483295,0.3285924260130937,0.40857322963559484,0.31955877231441343,2.08597207608399,6.153358594517617,3.6789929030681203,1.2082199508858553,2.0336861381745845,3.750082181873976,9.881247555568976,3.5537686462456985,6.628457631693247,41.499728,0.0,4.3108425423866406,0.35450570064580816,1.6726737216687053,6731.558185404339,8057.988165680474,6817.187940264864,7942.490842490842
LOG00008,Idle 35,41.5,42.0,42.68836291913215,7.81421873764291,18.016680268740984,23.757495069033528,125.0,3.4880347084672083,10.736607495069034,16974.429416737108,10900.0,0.0,0.0,9.036304154619623,11.878544450522378,1.9788878530431153,9.015594353417704,12.489707171216438,2.4873417912123554,0.7233571240864886,2.8217650096828097,1.2411770325032334,0.8390557444821876,0.9503634230262181,0.5913114032757245,5.536642865232406,6.0893478885564605,6.968545082710759,4.631827597933667,5.9378024846515585,22.537411369600626,27.59437812566197,10.553544689767312,18.390314783108117,41.79275,0.6548323471400395,6.2261596642651815,0.8076414950992744,5.325003532567571,15851.620174697098,18146.04113834883,16759.735136658215,17140.321217244295
LOG00008,Idle 35,42.0,42.5,36.45790513833993,3.2398376781444753,16.223864628524236,23.881521739130434,46.0,3.124392107012274,6.894446640316206,15423.136645962733,12642.857142857143,0.0,0.0,2.5123672973985727,2.1494620070415427,0.7703565804017366,2.847836662954388,3.095416831660893,0.7572231934491536,1.5887635317834667,2.5522192768879433,0.27823981255727936,0.35870044272443113,0.43877175576194816,0.28679144140471635,3.0672905335697287,5.274681461196544,7.508664861970658,1.5573268449774407,2.487733673460412,7.01677831099235,7.845720869899684,2.3379666760620084,5.570024426390344,42.000924,0.0,5.586011807596122,0.36671332678634244,2.0753416263541067,14486.30717108978,16533.088650479956,14829.36194240542,15843.788819875777
LOG00008,Idle 35,44.0,44.5,29.63333333333333,1.0082956372238787,28.69273025240786,23.94059171597633,103.0,1.9118219457661931,5.251301775147929,12963.010707241478,10957.142857142857,0.0,0.0,2.6127549396583074,2.7835957123939954,1.0425597932800748,2.529167495964951,3.332977929279953,1.0458717328794067,0.6782763709601577,2.2612497992884935,0.8875176310654285,0.5229180892755951,0.5736370520724575,0.35377228540942784,7.4484911777259315,9.601883686503013,5.400479934859125,2.8450622954511187,3.4533479356943895,9.264681296549126,9.62553310596169,2.699527131255316,4.590905674690331,44.027414,0.0,7.677703100116377,0.49249623535814235,3.16385772672874,13920.738236122852,13376.444068751762,12309.044801352495,12245.815722738798
LOG00008,Idle 35,44.5,45.0,34.94802371541501,1.947280978421898,18.032846126199523,23.90213438735178,80.0,2.290041404999468,7.010988142292489,14747.61434217956,12428.57142857143,0.0,0.0,1.5220164543513415,1.9802729763571447,0.7465626771628547,1.4443662864741407,1.9947110818524663,0.6994897550700654,0.22812394209239584,1.3889104465498683,0.262816878112969,0.42317673462495914,0.44897879448493505,0.29260735021241235,4.04881289339129,7.48121159317543,5.793992578969926,2.007149783826128,2.580208650624374,4.265404539938511,6.083574724035606,1.7660712256597426,2.5819243425453333,44.903513,0.0,5.942271247952043,0.39424170590443536,2.3115067526907787,14656.098249576511,15326.821005081874,13999.745906267646,15007.792207792209
LOG00008,Idle 35,45.0,45.5,33.558382642998026,3.9640723471583414,33.974412700956975,24.08459566074951,56.0,2.4978571768308404,6.095167652859961,14427.387996618767,12071.42857142857,0.0,0.0,1.5545216424612869,1.5805468819053468,0.5076549059402338,1.6194732403304988,1.8003645730904658,0.6071658195347927,1.074555164312853,1.2412152480705496,0.37306577229371884,0.3553155922529588,0.38577153403417896,0.28420959254468414,6.20461274855416,8.079010263702353,6.870994898315917,1.6009739385035242,2.126341963886733,4.01820315657323,5.516337578152204,1.5675882722802643,2.2853849067108145,45.04065,0.0,7.094086671146425,0.3444047710972124,1.8820796607945653,13624.93660185968,15194.702733164271,14282.361228515076,14607.55142293604
LOG00008,Idle 35,45.5,46.0,32.692110453648915,1.2180500161501513,44.9094796340602,24.075956607495065,38.0,1.6716204297918853,5.8339250493096655,14077.359819667514,11900.0,0.0,0.0,1.3747292901191945,1.545689623020121,0.7879944706375972,1.526902273460503,1.3539864492676688,1.1810409014437184,1.0505534668425969,0.6761216210525197,1.2924152468489092,0.4121227295721283,0.3622459801211275,0.2716479746092318,7.239163085702324,7.595177693833563,5.908707533197947,1.9122741650160302,1.808830950089128,3.8327973212420092,3.893807352732957,1.4627093067017292,2.092602826251994,45.922666,0.0,6.952338481766937,0.35348734840782997,1.8612713246848358,12792.533107917723,15026.739926739927,14226.120033812342,14264.046210200055
LOG00008,Idle 35,46.0,46.5,32.04635108481262,0.7567197317891868,51.31327296161679,23.87165680473373,42.0,1.548889851632922,5.603116370808679,13916.138348830656,10042.857142857143,0.0,0.0,1.9342911884458192,1.190971182433106,0.7421283697801893,2.4835704381127703,1.1318435583165647,0.9283353330198032,1.7281373626763428,0.32978443655639633,0.913638624269658,0.3507393835167982,0.4921819751933555,0.2973023536407812,6.722969949718954,8.282298783713077,7.325868377934377,1.7191682244817135,2.711259048470853,4.607471849526751,4.443597881241901,1.6062214603044707,2.2460488489828463,46.145636,0.0,7.47134850787411,0.3888658300473846,2.2700732380236857,11634.657650042265,15368.413637644408,14591.687799380108,14069.794308255847
LOG00008,Idle 35,46.5,47.0,27.812648221343874,0.6562846849608999,51.53411379851796,24.13304347826087,81.0,1.4088048826424395,4.314525691699604,12430.717108977979,8000.0,0.0,0.0,1.3335762277072403,1.0199506677878456,0.6907332318335063,1.6922120378740773,1.0200504367477141,0.8205312077507311,1.0517438012576419,0.00564418538768587,0.6244184628846218,0.3468793256232768,0.47960630208621524,0.2925266011812146,4.582671306396128,8.279783884825688,8.035769882831703,1.512881456601981,2.659309403474322,4.396144555917348,4.373609321604264,1.1871657255469321,1.7106180329132348,46.821453,0.0,7.167735465071019,0.38119080259292143,2.163415910676573,8906.549971767363,14398.927159796725,14109.147374364766,12308.24392998306
LOG00008,Idle 35,47.0,47.5,24.73333333333333,0.636755004869351,44.809708187005974,23.953471400394477,93.0,1.4249104388016662,3.6754043392504934,11261.763877148493,5228.571428571428,0.0,0.0,1.4601253168801767,1.2140011284417633,1.0231604213214012,1.3963976627753287,1.0629478450427534,1.017799738125216,0.7111846714301953,0.5574873521646403,0.8065202459102647,0.364838649802758,0.47661706619855454,0.38976190747360784,6.04756967973533,7.911692108416259,6.504173406369568,1.6066227798522872,2.3836159110370274,4.377862546194522,4.693358436368226,1.3427145416752422,1.827997619356296,47.395644,0.0,6.867125617747097,0.4131930189387207,2.032592134208087,6173.006480698788,13285.770639616794,13062.073823612285,12526.204564666104
LOG00008,Idle 35,47.5,48.0,23.638067061143985,0.2371565022262051,31.42392110785107,24.100591715976332,82.0,1.5998864312397272,3.679388560157791,10755.480417018878,6228.571428571428,0.0,0.0,2.009700648402285,1.2971388403011854,0.7332252644610515,1.983722877829193,1.3470625796201314,0.8231726850065639,0.9414164374992519,0.9172947746744321,0.707865670643272,0.39592449040903754,0.6871396183381255,0.3974391512954616,5.073023489644373,12.045120717675223,7.196745808592119,1.8189093072404305,3.7131832805188605,5.216420742701984,5.382050671259784,1.691370135009849,2.6573734713253625,47.854404,0.0,8.614206302446766,0.5121441646574323,2.923710069645302,7346.463792617638,11939.870386024231,9522.344322344321,14213.24316708932
LOG00008,Idle 35,48.0,48.5,23.230571992110452,1.7451969218684713,14.03840669407789,24.00930966469428,67.0,1.4969475204962508,3.407278106508876,10645.611439842209,6500.0,0.0,0.0,3.295267024340968,2.663763448643758,0.9760513970659614,3.8625227114949325,2.50705606445348,0.8274589006749258,1.9775626024209088,1.6195304729925755,0.7300942183760859,0.48062850869166013,0.9196470479590755,0.48317704935459244,4.76470398193095,10.102949560670643,6.57954489094023,2.218646300232831,5.358853740618262,8.649315053087959,8.170882058227708,2.9961992984479076,4.354892456577023,48.359533,0.0,7.4847045105954075,0.6608616893142926,4.101201337344652,7782.163989856297,11805.269089884476,9280.980557903635,13714.032121724429
LOG00008,Idle 35,49.5,50.0,26.01972386587771,0.17587628643067513,16.259701093485422,24.11794871794872,4.0,1.2579078401245563,3.58094674556213,11756.55818540434,10257.142857142857,0.0,0.0,0.5133534405782126,0.6668254263036649,0.46032862256027984,0.5141441603345881,0.543738400524579,0.4930620822846316,0.007409769340141671,0.3092941269346995,0.3423285414052206,0.24198196837748187,0.2969758331010062,0.1936981266883879,11.356016816279993,8.232063256944883,7.77280169674492,0.6429543415871257,1.159275851141205,1.462887366727786,1.9317752001884474,0.5950579400859015,0.9477493118937655,49.624345,0.0,9.25819330133939,0.24783656089478823,0.9373661996266185,10574.330797407722,12375.147928994083,11799.71823048746,12277.03578472809
LOG00008,Idle 35,50.0,50.5,25.20493096646943,1.0330415754533036,22.716160099324707,24.08236686390532,1.0,1.1222114972167563,3.5914792899408288,11489.842209072978,9528.57142857143,0.0,0.0,0.6503592352834777,0.4341424193697056,0.4391915308243799,0.6117079915249123,0.40417269112072046,0.4391759713526609,0.2433493297545106,0.24871936744713227,0.00026076495235842864,0.25310930861742503,0.2928887406602754,0.2178395124094766,8.390045855969905,9.17469459527129,5.818730035179808,0.6237040209826377,1.120764152143736,1.64802194504835,1.6605410111479155,0.5529225873549983,0.9439422746354806,50.41856,0.0,7.925181587910812,0.2564515481731077,0.9069506575664351,10423.92223161454,12174.640743871512,11530.600169061707,11830.205691744153
LOG00008,Idle 35,50.5,51.0,24.956213017751477,0.6812911645367953,27.444610638751563,24.03757396449704,20.0,1.1381220070612612,3.668954635108481,11344.540715694562,9585.714285714286,0.0,0.0,0.5729887654482033,0.8230663515223847,0.5798182246517605,0.5614827013589303,0.7456748781905209,0.6908379708151763,0.4768971582864906,0.5628482273521608,0.3801325059422874,0.24843328915493157,0.2935212705873925,0.254047901164758,6.661666989539224,10.951654833896944,4.8791652953597495,0.7472275021406772,1.3359743292770156,1.6581637142794607,2.5712720280454717,0.7091383307713052,1.6625541775368036,50.99967,0.0,7.918813140443416,0.26609157041251413,1.0823992674707812,10293.66018596788,11978.444632290786,11419.27303465765,11686.785009861933
LOG00008,Idle 35,51.0,51.5,24.95680473372781,0.4256657940012563,31.487635464831143,24.18331360946746,37.0,1.1844709815435641,3.725108481262328,11399.591434206817,10471.42857142857,0.0,0.0,1.11053610577058,1.1127738429388725,0.6146915253273983,0.8905968987653244,1.0758313015776202,0.8677977077406146,0.9886534158050341,0.8450484872234663,0.6621835608996774,0.2699043586869822,0.2939279314737959,0.22892497397193887,6.093225018744345,10.26558491901295,4.63037431662385,0.9111292444366365,1.243234796711275,2.311535261741034,3.5211393171429304,1.1116555374190846,1.6706301558305088,51.003616,0.0,7.392563632249366,0.2656116434739189,1.089905789465631,10961.143984220907,11620.822766976611,11106.480698788391,11909.918286841363
LOG00008,Idle 35,51.5,52.0,23.464624505928857,0.5298906939565474,32.86185842041076,24.121798418972325,36.0,1.1310491056836451,3.3659881422924904,10818.111236589497,9457.142857142857,0.0,0.0,3.3394151180796197,0.7107883303427958,0.7266253430585948,3.493193816545802,0.7039489258089985,0.9678763879757628,2.0125224490015685,0.31401209332395896,0.6967762029713017,0.24137190310669024,0.30934680000135645,0.22173020232523258,2.275742290252285,6.741332690679867,3.044524997573679,0.7153945912195778,1.5078468062092738,7.232447745767467,2.5237997577841442,2.414219685675913,5.26065128437156,51.710025,0.0,4.468172701784732,0.26020512479171326,1.180125292530783,10614.878599661208,11277.922077922078,10245.087521174477,11134.556747600227
LOG00008,Idle 35,52.0,52.5,38.06568047337278,11.553434971705915,34.10726455255995,23.732978303747533,31.0,4.419059450140256,8.800532544378697,15206.473654550577,10714.285714285714,0.0,0.0,1.7778492452997698,1.4339158980453868,0.9784516328446008,1.974193158386323,1.5080094271163766,0.8436169386353933,0.6093227319188799,0.9599248919599166,0.5262997070928218,0.40756229674454403,0.5113973895410788,0.3307903906629171,7.388479802559043,7.801129397787226,6.103990226220339,1.9223893208647582,2.937840738051306,4.435823328267879,5.456299401225939,1.6150638906371888,3.128567244718536,52.477603,0.0,7.134562597095828,0.4231062113748915,2.4825882565508834,14671.766694843618,15796.985066215837,14580.839673147366,15776.303183995491
LOG00008,Idle 35,54.0,54.5,20.21877470355731,2.3159916819757025,24.393506492717112,24.05656126482214,89.0,1.2389215685055794,2.921857707509882,9350.239977413892,5757.142857142857,0.0,0.0,3.39697249899235,4.696336997017214,1.4769278171940494,3.7354377192232193,4.203624905097945,2.279998724186936,1.6376429073290555,2.4453675065603573,2.148688792619735,0.3572739152468676,0.4637655901096444,0.3265794977281229,2.400795050742822,7.370717130009924,3.7336499278126927,1.3854752759132087,2.3783591134741964,9.616048016032382,8.875956776351053,4.098475530515157,6.04406271436979,54.022618,0.0,4.9676094072752495,0.3870302922778034,1.9462956883285418,9524.957651044606,9803.162055335968,9289.130434782608,8783.709768492376
LOG00008,Idle 35,54.5,55.0,28.35128205128205,2.6258864068030943,10.933434422262978,23.95662721893491,66.0,1.9161724683550945,5.019960552268245,12567.047055508592,10400.0,0.0,0.0,4.445238242420681,4.20384528751564,1.153137318740055,4.403727270935907,4.571981209827302,1.175190552552035,1.728684867313326,1.0651492361369201,0.9097243553816384,0.5735871844488059,0.5454087618900622,0.4224753841628629,8.793929210839904,7.585971013178056,6.104296679613898,3.18824292610338,3.209672968834039,11.691632909003578,12.33506571339797,4.3262257357451155,6.4546921595683475,54.755662,0.0,7.57501562442363,0.5179956325214586,3.198975892587514,12931.811777965622,11871.456748379824,12729.191321499013,12735.728374189912
LOG00008,Idle 35,55.0,55.5,31.520512820512824,4.186063726229284,18.98994545725164,24.200473372781065,42.0,2.3006221282286106,5.7786982248520715,13440.694561848408,10742.857142857143,0.0,0.0,1.7987200212289514,1.2968347612217657,1.1614503222883206,1.9508282657935985,1.3841141337513705,1.5341995086468123,1.0287653798271499,1.048596998428847,1.2698906257059654,0.37069109483888485,0.5955164281299342,0.3185074411363385,8.63843125207311,8.916809561959282,6.777189237988103,1.6690857756239186,3.4461860784014555,4.445594854399966,5.659991427429894,1.5679882194523964,3.199355662356805,55.000338,0.0,8.166237020573258,0.44478410269279495,2.7075861771472853,12226.908988447449,14263.595378979995,14275.147928994083,12997.125950972104
LOG00008,Idle 35,58.0,58.5,39.853846153846156,4.50068589995122,36.49226847974888,23.821242603550292,81.0,3.7680374585332763,8.410907297830375,16449.936601859677,12071.42857142857,0.0,0.0,2.9135972548377533,4.15971513008152,1.1379638983365392,3.1531549444259466,4.459261158276819,1.2110791931329936,1.1256083111475002,1.1297212287849452,0.8736551918071529,0.6293157224147831,0.6607846202969152,0.3872670803380415,3.994451842096586,4.434506033045968,5.202781200886804,3.2892711997652926,3.9576620487113012,7.705117539136779,10.141601008022212,3.591119527865037,7.433947633062447,58.036088,0.0,4.571266108357398,0.5723199525943885,3.6388455530164467,17173.203719357567,18891.46238377008,13303.91659622429,16431.163708086784
LOG00008,Idle 35,58.5,59.0,32.535305719921105,2.1987705133643796,29.46861160937997,23.85936883629191,39.0,1.9123359834239184,5.773885601577908,13981.00873485489,10614.285714285714,0.0,0.0,1.6165451511441316,1.1579410813359756,0.7796142256766876,1.7583834711429749,1.3413798661018264,1.016651106514547,1.2939519614386574,0.9496752862738678,1.03366621151111,0.39993506051692196,0.5894305409734542,0.32193262252087285,5.217348842511162,8.726273973460186,5.465104628901036,1.8262035752332348,3.25897640552297,4.385739846815446,5.36718791495122,1.4060664588726113,2.022437062232942,58.537267,0.0,6.664231763906393,0.45130072335642585,2.64158538665231,14329.754860524092,14920.766413074107,12121.358129050435,14552.155536770924
LOG00008,Idle 35,59.5,60.0,41.323274161735704,7.556684589291428,52.964436021182415,23.681972386587773,41.0,2.536574943937744,9.265522682445757,16756.98788391096,11428.57142857143,0.0,0.0,1.216448934115003,2.0205092200157915,1.1916930353693955,1.170216548915014,1.7930281253369282,2.0586212981283762,0.2098906745445511,1.067950035999904,2.2984390414227773,0.5561517260414084,0.7836823845782185,0.45247028922371374,4.464516408425326,6.142267744272756,6.228872356021841,2.524810448590881,4.205355259577159,3.57257800607173,6.049597766471311,1.6676638626351463,2.452072076071027,59.923416,0.0,5.670338338848504,0.6132406229497067,3.468406021544115,17055.45224006763,17241.391941391943,14761.932938856016,17969.174415328263
LOG00008,Idle 35,60.0,60.5,30.140631163708086,3.365582557703374,60.591593956741804,23.795759368836293,93.0,1.507962471416582,4.376706114398422,13573.260073260073,9257.142857142857,0.0,0.0,1.5471206630108187,1.9181494879482206,1.2430244902813405,2.3691392888931255,1.9397051231769775,2.4463351350371236,1.8487779006815124,1.4349354550245061,2.5936984605494984,0.4381834151104608,0.6907513859035005,0.36606263749680173,5.72272417466532,8.327239371459056,6.125041175482405,2.1616162072695957,3.947612832209484,5.965218053850192,6.516554552423697,1.7425383502280596,2.337034960423336,60.186834,0.0,6.821745058517691,0.5174115180320167,3.1824700863131126,13271.625810087347,14455.42406311637,12189.60270498732,14376.387714849252
LOG00008,Idle 35,60.5,61.0,30.5974358974359,1.4578405760916198,63.85503990983441,23.954930966469423,139.0,1.8087233297178362,5.26741617357002,13347.654268808115,7714.285714285715,0.0,0.0,2.2907951363485237,1.6144268270577504,1.1647405686858658,2.7167912568670802,1.7019257462278001,1.9695969431572138,2.374435188497097,1.2509932589934043,1.9370544721331964,0.40923409148460504,0.5400538545643787,0.37437145072080796,5.407219044749939,8.091397483463558,11.060955398945064,1.967890427091076,3.115765495523803,5.579442401781105,5.710297283770219,1.9816806423641786,3.728237689226138,60.983011,0.0,8.505948220133147,0.446946935917407,2.605819195198833,10670.32967032967,15281.600450831222,14294.392786700479,13144.29416737109
LOG00008,Idle 35,61.0,61.5,33.76272189349112,2.292120730539042,57.16425069669887,23.789092702169626,148.0,2.9277761098827586,6.567869822485207,14063.095238095237,7942.857142857143,0.0,0.0,5.031970674516697,4.4195255034963585,2.0854758801399496,5.38207432181911,4.798730226075078,2.7768517938221153,2.0167205795677243,1.6047450695011136,2.4122880839301213,0.8202192494086946,1.0434937799952866,0.7362725471276168,5.3422831934648105,7.689981443211935,9.896856646629578,4.633817327236924,6.640327979942137,15.30930284015822,15.295382242648202,4.735659117021133,7.391471318631247,61.444729,0.0,7.866036185187905,0.8763059111298219,5.725653617858994,10698.872921949844,15701.070724147648,15227.669766131305,14624.767540152156
LOG00008,Idle 35,61.5,62.0,31.71561264822134,1.3066617545744919,27.909264671728252,23.885988142292494,119.0,2.6356158175002053,5.7010276679841905,13584.761434217955,7414.285714285715,0.0,0.0,5.302645783154381,5.655933606213582,1.9695709289312302,5.511468163013079,6.127018688315878,2.20638195426801,2.4053140808935543,1.4044018079363056,1.5697523117614751,0.7245257740771119,1.0627005464681678,0.48535476229810576,5.360023245455864,9.450869293545498,5.945474940749681,4.116014512657709,6.749563182591914,16.219894581567235,16.55831711293899,5.4821363198802855,7.214131178147925,61.693345,0.0,7.15069814462408,0.793691647524661,5.590088488754408,12929.616036137775,14036.871823828345,10069.565217391304,17302.9926595144
LOG00008,Idle 35,65.0,65.5,27.414792899408287,0.4022595285540178,25.202767582236785,23.61625246548323,45.0,1.7053824346545687,4.324970414201184,12003.113553113551,9257.142857142857,0.0,0.0,7.616867624549242,6.3060587284449285,1.651606533181251,7.799718680876216,6.378923776357032,1.8365153875271585,2.4194165518115667,1.189764660093035,0.7794348549285837,0.5796337401396797,0.9002811396711256,0.44053114867408266,6.447861147489068,11.548916911084902,5.876762882472989,3.1580035136101454,5.463215475894219,18.083686677939255,15.388845572275306,6.9922474604558635,10.267094224774974,65.438406,0.2445759368836292,8.356409459675332,0.6684681732907362,4.462046028898859,11284.446322907861,13030.853761622991,10426.289095519865,13270.865032403493
LOG00008,Idle 35,66.0,66.5,40.51282051282051,5.5486847716909455,12.342895911865073,23.476765285996052,47.0,3.110258274086681,9.153313609467455,16325.133840518454,11428.57142857143,0.0,0.0,2.281371862284494,1.7927327909462916,0.6576547061950375,3.1816708816729657,2.013678965372786,0.6576547111055087,2.0309677181298182,0.9560889878876586,3.5304991483388986e-07,0.45245539463717177,0.5004766829112279,0.32501644065164537,3.76233777177047,5.839176090712085,7.75448164219446,2.1614693158185037,2.6295745666905908,6.793226699741651,5.933889564601916,2.0516515827203095,2.8714209686377083,66.399336,0.0,6.010633590184573,0.43236885524899105,2.406928748946562,14892.561284868976,17588.616511693435,15478.726401803324,17340.631163708087
LOG00008,Idle 35,66.5,67.0,24.346047430830044,1.7217264837095458,21.742226338413676,23.70911067193676,22.0,1.4186093063165401,3.220494071146245,11103.317334839074,8857.142857142857,0.0,0.0,1.5690378646231165,1.577321828421594,0.5253929842610873,1.9747762738172379,1.5197785752322297,0.526567183732125,1.4499807307868997,1.4482894870659297,0.012947194568605993,0.22056126845899016,0.4364690217625468,0.24593703088044425,4.9439485215503485,9.639673868064225,4.3463272909229005,0.5912311446224978,2.226417759063226,3.6252299913410426,3.5747246224684517,1.5731852991679507,2.508178580776476,66.908416,0.0,6.7393496270337865,0.3160366557120033,1.6288784951990352,10872.670807453414,11638.961038961039,9989.723320158102,11911.914172783738
LOG00008,Idle 35,67.0,67.5,21.485207100591715,2.2417497450951123,25.668393815582444,23.690986193293885,63.0,0.8726591405590136,2.4922682445759365,10038.102282333051,7042.857142857143,0.0,0.0,2.006062281278801,0.7434860929403945,0.9359639876475602,2.799557214603205,0.5946828843540893,1.5526445915956955,1.9568320592010802,0.32487397837760595,1.5212359755422418,0.23906570950645858,0.3600405732373991,0.19936710328862128,1.7457199451548087,6.765155317269098,2.7280146067225735,0.5493158086318543,1.6798437164046947,6.474193955754325,2.1951174077768707,1.512788393458464,3.2706946856793215,67.220179,0.0,4.330393680647577,0.27479014399637,1.2497245234765149,10155.19864750634,10155.311355311356,8945.393068469992,10896.506058044519
LOG00008,Idle 35,67.5,68.0,17.92800788954635,1.7728960294666753,26.689606513726428,23.748915187376728,30.0,0.8330641947690473,2.3823865877712036,8496.604677373907,6242.857142857143,0.0,0.0,1.2619564432590549,1.2100955802593463,0.7037033884149075,1.5166123898172688,0.9467279990583413,1.061845886065258,1.1523916457714487,0.9114672417112116,1.1058460337774914,0.2511058498285202,0.33028296998781714,0.27869670881628866,1.4713307750141615,5.042438267238735,4.401839009471095,0.6453730533508156,1.2253370632943168,3.508232077228117,2.6483592479334064,1.23629797744036,2.232349426670557,67.542795,0.0,3.9567320098670167,0.28856705955872597,0.9792745520726286,8724.42941673711,8832.206255283178,7648.5207100591715,8781.262327416172
LOG00008,Idle 35,68.0,68.5,29.5069033530572,3.984106946638983,27.89727223552027,23.75285996055227,27.0,1.859163544756384,5.200710059171597,12677.592279515356,8571.42857142857,0.0,0.0,1.475933554494323,1.5560522325148802,0.7067721968102515,1.7043419371091673,1.3814025213724026,0.8155171406192356,1.3738740671303358,1.0006621952340278,0.7167713625040357,0.40295814348595543,0.43217678810960414,0.29949317188715285,6.591111740537875,9.812548629759815,5.776220695560131,1.9320980708371602,2.4207690264029087,3.9351247884395884,4.337352104010203,1.5165220749459585,1.9976261457005344,68.431719,0.0,7.595910963833867,0.38246925871648363,2.1901056634925586,12491.462383770076,13463.341786418709,11874.83798253029,12880.726965342352
LOG00008,Idle 35,68.5,69.0,31.394466403162053,3.4048513708482053,28.752773691786455,23.560237154150197,22.0,1.8344012386908426,5.2450790513833985,13646.661490683231,9971.42857142857,0.0,0.0,1.5912498743470402,1.552436923728455,0.6813238525428188,1.6354620140945917,1.6364063565963538,0.8152639999495497,1.006659479200133,1.3367705306306377,0.8461539574641663,0.3212359720427777,0.43266776046797417,0.2580847495485967,6.885770941906961,6.57924315772448,6.570287907772308,1.3050716702138785,2.3289158984407075,3.5232149350076374,4.4413169716524115,1.5719631937111223,2.082223362453137,68.641864,0.0,6.680044041369131,0.3449645772308621,1.8877316184252368,13646.950875211747,14114.511575381139,12516.82665160926,14308.356860530772
LOG00008,Idle 35,69.0,69.5,24.991913214990134,0.5672467923530564,26.590136995464636,23.74136094674556,22.0,1.1460593376376078,3.6944773175542402,11244.484361792052,9585.714285714286,0.0,0.0,1.3619903192608263,1.5926408560107677,0.6343033302147322,1.2525408946763807,1.384639661951645,0.7509933162958613,0.9771874541083737,1.2640899364550102,0.7935928671232968,0.22094331345266918,0.300123504996656,0.25465565260654505,5.00363824058703,9.054251095564872,4.090259993645252,0.7110155041302865,1.4030653177430457,2.334882551350197,2.9881422460853897,1.481810130548937,2.1982997123064973,69.363068,0.0,6.422514703754217,0.260601590821051,1.1122354366246021,11469.202592279516,11384.67173851789,10136.799098337562,11987.264018033247
LOG00008,Idle 35,69.5,70.0,22.9629191321499,1.987268590070726,24.02869230252241,23.77045364891519,47.0,1.1518837220663278,3.214714003944773,10578.853198083969,7785.714285714285,0.0,0.0,1.0975181573112547,0.9984924375418346,0.5584088009327437,1.0004961382926292,0.9404691116124649,0.8176222229828592,0.7929042883641362,0.7617950772746,0.7626281579642081,0.23993700016753283,0.34996911551096643,0.21193281568005645,3.962128005044091,9.497761127272884,3.244199018858402,0.6339377282517739,1.6160820057261345,1.8647567010847907,2.6131211925327738,1.0491742594669695,2.3335734868495845,69.999424,0.0,6.229787370182399,0.2738391646100557,1.2275174321639644,10770.10425471964,10619.188503803887,9593.829247675401,11332.29078613694
LOG00008,Idle 35,70.0,70.5,18.565877712031554,0.8545269686061628,21.67989222230872,23.848086785009862,49.0,0.785520857992367,2.5962919132149906,8794.857706396166,7242.857142857143,0.0,0.0,1.4617782585935448,0.7313904301904883,0.7092833816770809,1.0538170297397538,0.5449398297224872,1.1780054254861658,0.8798136094885576,0.43988140504959705,1.1522718177207203,0.2333224067100025,0.31022218738132695,0.26931503017381153,1.5215858208623807,5.7587286417532395,4.586001346145482,0.5696963006369419,1.0931221032333,2.5926614686696485,1.768115590570186,1.1557957515649129,2.3859361784866953,70.01521,0.0,4.340107038866158,0.2727683611260196,0.871627732330899,9041.335587489435,8936.460974922513,7962.581008734854,9239.05325443787
LOG00008,Idle 35,70.5,71.0,24.448915187376723,0.9878222050466119,19.542413171580975,23.753313609467455,37.0,1.240331066297308,3.6146745562130183,10995.484643561567,8928.57142857143,0.0,0.0,1.2723259521619348,1.6564639104905037,0.9211076637681318,1.4837775149844465,1.8312849876129875,1.5137383032710154,1.2496190035274102,1.5166934657185467,1.5244325153749454,0.23126333192432494,0.306243237441208,0.2670215356598774,3.7448557601826113,8.867677673531906,3.1329994354842565,0.7375154897042645,1.3246945688171572,2.8200465815112863,3.5634568682770675,1.4769370357774672,2.389661533699896,70.83014,0.0,5.844522719292363,0.26991859864125195,1.0720878691150733,10882.10763595379,11542.096365173287,10381.290504367427,11176.44406875176
LOG00008,Idle 35,71.0,71.5,29.693675889328063,4.9533195965319115,16.53042160937069,23.579308300395258,34.0,2.081907744618248,5.161541501976284,12729.898362507058,10400.0,0.0,0.0,2.184275836836338,2.1085857455778236,0.686870838339708,3.2311891157314263,2.358545407290937,1.1088492766182667,2.1677000958730557,1.4488925738877236,1.0113356099118183,0.46261809722602837,0.4379146593105017,0.28232054528756423,7.4914602305395075,9.440864425639056,6.120892285660081,2.2748606154430373,2.4227038834633023,6.013489447564399,5.257593792802805,2.146764399956486,3.429793335894615,71.385595,0.0,7.804212961849628,0.402280848417923,2.3499452043230753,12371.993224167138,13493.788819875776,12121.710897797855,12932.100508187463
LOG00008,Idle 35,71.5,72.0,27.722090729783037,6.093598118940944,11.98866731071864,23.752130177514793,44.0,2.0832516527058336,4.1426232741617355,12413.306565229641,8628.57142857143,0.0,0.0,1.3504305198071922,1.1704553883687059,0.486666862941579,1.3201941578227205,1.2611698077504307,0.485812511903396,1.0107572686767525,1.0351326325252277,0.007333747126815094,0.28513614288318667,0.39059888685259603,0.24122650259495815,4.898648991910483,8.309623243335261,5.429380821355797,0.9945405886888404,1.9869478368812326,3.0556960101601853,4.874965230240645,1.2636511395531722,2.0450066423109226,71.50596,0.0,6.3907426927660875,0.31201513635451694,1.571157644706055,12034.122287968441,12855.170470555087,11791.20879120879,12972.72471118625
LOG00008,Idle 35,72.0,72.5,22.691715976331363,0.691631018449607,11.275534478429062,23.726942800788958,40.0,0.8865225822812712,2.961558185404339,10379.409692871232,8728.57142857143,0.0,0.0,1.226151851758962,1.470962566738222,0.4904691454004806,1.4162597197203832,1.4670052618722003,0.7433177624447679,1.064166582453608,1.2028791452726593,0.4804437044778516,0.24165385482542254,0.29264985344151373,0.18865103581089163,1.1766370315051216,6.59616786942992,2.4803345873497156,0.504807965564538,1.0315810665662426,3.2581259360842107,3.1960898200875176,1.3541010369091795,2.0390295907949727,72.373182,0.0,4.124963229363872,0.24469691156193493,0.8120931532143819,9927.528881375036,10895.886165116934,9832.967032967032,10861.256692025923
LOG00008,Idle 35,72.5,73.0,22.024852071005917,0.24881123246160688,14.198268678460934,23.734260355029587,38.0,0.871184203237093,2.9179881656804736,10154.860524091293,8628.57142857143,0.0,0.0,1.1085409190079312,0.7956909049374844,0.7670282287986526,1.144895275532579,0.6134330697364321,0.9454581140918816,0.9377463408708003,0.40792913654405266,0.9620669934630323,0.23948401914965778,0.2737041518275546,0.23031867459260855,1.7643120722999408,6.339131803601614,2.7825861685768567,0.5464322876532036,1.062120401313961,2.178431116693276,1.6952189411349328,0.9648800405530162,1.6850047696797659,72.990795,0.0,4.124729279902379,0.24853789115666752,0.8445969428896968,8985.094392786701,11020.315581854044,10389.799943646098,10224.232178078333
LOG00008,Idle 35,73.0,73.5,24.02899408284024,2.2113227484461335,16.91212079210375,23.767672583826428,31.0,1.3387297957006135,3.4970611439842214,10784.967596506058,8514.285714285714,0.0,0.0,1.658342344140156,0.5626155869979743,0.7142879921402198,1.943366796349222,0.4805788220866385,0.9102638314399512,1.7569488899349972,0.37697396840614383,0.827889144327841,0.28313197514648225,0.3117788757451057,0.2530740676166203,7.047299658019539,9.297800220028975,5.12825581249492,0.9235244892538301,1.6069892886834074,3.123367423649733,2.1951174077768707,1.2382721084441302,2.227580347445397,73.180223,0.0,7.357819629026911,0.28367602789758367,1.3105937692883236,9391.828684136377,11300.112707805016,11320.42828965906,11127.500704423781
LOG00008,Idle 35,73.5,74.0,27.002766798418975,0.9333057047411624,20.89320141836538,23.76136363636364,31.0,1.3366316391849473,4.2403162055335955,11968.80999435347,10257.142857142857,0.0,0.0,1.1750368346080429,0.7805852039675798,0.6330659665255738,1.302681373374556,0.791696013438919,0.6769002571165924,1.1172913651307461,0.7140135312408191,0.35713738920043064,0.26233027729765457,0.33790282095588053,0.2551076203876719,9.074917245156815,7.459665437092105,6.805053980565324,0.838252480363489,1.5574701255840973,3.063878551551306,2.6513476325775733,0.9975030885513085,1.5183131678000437,73.986278,0.0,7.838143724084145,0.2875618129358547,1.2506758998482554,10755.335968379446,12345.53924336533,12207.679277244495,12566.685488424619
LOG00008,Idle 35,74.0,74.5,28.454240631163707,0.9309476229162451,24.81535637949366,23.741321499013804,29.0,1.4110681010789552,4.620571992110453,12462.080867850098,10685.714285714286,0.0,0.0,1.1511186317506727,1.5106592314652625,0.5055199790748655,1.1264337787392793,1.588838732323779,0.510921281185333,0.8955212522078124,1.2689545017809292,0.04204000426476149,0.348123855676969,0.37051630804614905,0.26308128932559777,11.317140077967197,8.010335874602623,7.490351946267622,1.3735325007027022,1.6696294529585893,3.087801283322163,3.7371739895284364,1.3429753195749277,2.0072328466831997,74.278313,0.0,9.098507435237796,0.33049675652103194,1.5287665028828663,11606.98788391096,12999.239222316144,12383.347421808961,12858.748943364328
LOG00008,Idle 35,74.5,75.0,26.996252465483234,2.5950046382147094,27.190036046962682,23.7098224852071,56.0,1.516671753270489,4.007948717948718,12049.485770639616,9171.42857142857,0.0,0.0,1.885049745288786,1.1401962590844794,0.7995348316177785,2.2588314775506664,1.1907113397116569,1.0869392015521642,1.8347049123375005,0.6222311250269745,0.965788442008893,0.2980162014734152,0.36804882733574446,0.274419095050732,7.843891068472491,9.08713353555921,5.55335860981327,1.0573362072405361,1.9247476988465473,4.105848044640775,4.261427379835244,1.557796528986305,2.6196157762469148,74.966963,0.0,7.6363694435758,0.31600603125695903,1.5528382979816153,10800.87348548887,12941.899126514509,12346.379261763877,12108.791208791208
LOG00008,Idle 35,75.0,75.5,21.23786982248521,1.8182251242305512,27.617227681869956,23.86613412228797,79.0,1.0204644736984667,2.699664694280079,9892.814877430263,6100.0,0.0,0.0,1.8678410621457633,0.47442320750365585,0.5833414244609184,2.205510254071745,0.41589523348652024,0.7678880252473926,1.780082628132721,0.295492900735294,0.6736073371956571,0.2703745724646216,0.38313804493514975,0.27520723928075724,3.8731252948767456,12.019183998021111,5.955517057190922,0.8605987052548881,1.7424532159499106,3.5205791167866463,2.256264564061022,1.3627009233973302,2.452563192547356,75.010374,0.0,8.060811930705103,0.3139194140033881,1.3741858209973958,7698.1966751197515,11068.131868131868,11085.207100591717,9719.723865877711
LOG00008,Idle 35,75.5,76.0,24.89013806706114,3.7906535869221774,26.20421601378789,23.629704142011835,116.0,1.5300958916278071,4.15560157790927,11011.031276415892,5971.428571428572,0.0,0.0,1.5288620001141953,1.3407583303818105,0.824779293252439,1.786364027027235,1.1538892479029494,0.9720184486603778,1.289946070459141,0.9649269308163158,0.8775477001010853,0.35641656058905574,0.4716768531800999,0.35330476402008054,4.746542638292594,8.831078741626467,6.282689030521032,1.385256807173647,2.5753125617304944,3.36620869031401,3.9523792549738856,1.4378894108869082,2.0460812452869575,75.964416,0.0,6.831051656764761,0.3976330279572268,2.067748922430841,7597.802197802197,12307.889546351085,12789.349112426036,11349.08424908425
LOG00008,Idle 35,76.0,76.5,24.301185770750983,0.4046158782938318,23.911998702315095,23.836422924901186,88.0,1.286490353740491,3.472569169960474,10992.7159796725,8057.142857142857,0.0,0.0,1.377520354379829,1.131255002310359,0.6816671948622992,1.6050377716063824,1.0896727446246945,0.7323819670058255,1.3740535742842013,0.7643339279873126,0.619319629028815,0.28798102522825064,0.40308032463712673,0.25426358511159736,5.751127371276645,7.840981077259702,7.828858068338192,0.9909378099752625,1.9844932592938316,3.282785378591971,3.1400133430395485,1.2604166388506104,1.8820639351883928,76.00092,0.0,7.207576313592436,0.3214844681136183,1.5684660084651538,8450.84697910785,11077.978543195934,11808.72388481084,12633.314511575381
LOG00008,Idle 35,76.5,77.0,26.176923076923075,1.822714450604322,21.82484454411859,23.631696252465485,71.0,1.4682989848373906,4.045996055226824,11597.872640180332,8742.857142857143,0.0,0.0,1.672414766365349,1.8989735382088218,0.6359174142818931,1.6061445103504242,1.9529337020924078,0.8496802951680639,0.9392188884293297,0.6083924864122748,0.7535107719105576,0.32803588761096114,0.49337108006837144,0.2959049198309646,6.694083550745308,8.888178505784422,4.941747852240061,1.4162698395638038,2.8237978418628606,3.866357193627866,5.4145687031038,1.789283606583121,2.9370928724826064,76.921413,0.0,7.029256565008998,0.38235336526513103,2.233792124411695,9629.219498450268,11410.453648915187,12313.130459284303,13038.686954071569
LOG00008,Idle 35,77.0,77.5,32.851479289940826,1.6297084058904125,19.51591498372884,23.661479289940832,58.0,1.9155993461446867,5.813629191321499,13988.574246266551,10714.285714285714,0.0,0.0,1.5571442250365515,1.1398533336720675,0.739230248577161,1.7834166705760848,1.1811099861622056,0.7244444438002955,1.2398897559778321,0.573211938267049,0.5044979206854215,0.394060213412615,0.6326841998028361,0.29550550523905517,6.592179356397843,8.966371677715777,6.94442843431669,1.791706043992202,3.8705751367633505,4.61175070617839,5.638169440085007,1.3645445686836337,1.9091390079298864,77.468973,0.0,7.573588669607201,0.4629241306094481,3.0159212885459077,11971.484925331079,14101.437024513949,14415.976331360947,15465.398703860244
LOG00008,Idle 35,77.5,78.0,30.388560157790927,0.8459599415530277,21.105183532096667,23.69556213017751,36.0,1.6257153917031593,5.132879684418146,13194.582981121443,10628.57142857143,0.0,0.0,1.2172664411597212,0.9578486254377466,0.829194920014145,1.4075504227756446,0.9796316850491148,1.0486644764590882,0.8307446572373722,0.2864656505496482,0.904563087769744,0.2843314798946465,0.4024359152684185,0.24681204982336494,3.7722049959541364,10.677403786802032,4.91711196435433,1.046087240399016,2.2050172241950103,3.919304370109845,3.449265994010305,1.0952651683557353,1.8853056400730996,77.503504,0.0,7.127750281538397,0.3181798465726686,1.725746139141313,11253.592561284868,13775.147928994083,13728.57142857143,14021.020005635391
LOG00008,Idle 35,78.0,78.5,36.3818540433925,11.214724494061835,23.245636796018424,23.447278106508875,36.0,4.42748995839579,7.986824457593688,14571.696252465483,10300.0,0.0,0.0,1.9090635730228827,1.8247116486536532,1.0318349458891767,1.8670496625299162,1.9211820189636826,1.075420386390354,0.46364997666669844,1.2293034471446556,0.6060023143323973,0.46238055541533585,0.5425959330530257,0.37359986932865,3.7226460671671755,11.189956937627665,4.478106024481381,2.197699978299971,2.911007337443808,4.335077785724729,5.3855310576744,1.867363961119421,3.59356293142673,78.499966,0.0,7.283009075326239,0.4646801720733169,2.579132500790854,12463.510848126232,15451.028458720768,15099.295576218654,15272.95012679628
LOG00008,Idle 35,82.0,82.5,32.267258382643,3.7045620601494536,38.04178622764838,23.47950690335306,132.0,2.1158977676422372,5.640848126232742,13510.228233305157,10471.42857142857,0.0,0.0,4.943222618198915,3.810002574991395,1.1188378745288858,4.841736245792497,3.4654373900816084,1.3534536916638797,1.5854727909635855,0.8840815067410908,1.0553118456416752,0.6991196301193222,0.6769473630220719,0.44673847067734057,7.4754250973605965,6.774137907546787,6.081221106511121,3.8210038990402424,4.023943894685768,13.486643257352247,11.338089267798871,4.413137742837537,6.986575112143579,82.430561,0.0,6.8007885553315885,0.618223597819819,3.9237861348485596,13313.60946745562,12169.991546914624,14339.025077486616,14218.286841363764
LOG00008,Idle 35,82.5,83.0,46.775936883629186,2.738895971727535,19.79159345670481,23.251676528599607,98.0,3.407611154994893,11.304852071005916,18057.671174978866,15200.0,0.0,0.0,2.945792406128027,2.93681355373831,1.3173645617305858,3.580939988190187,3.5916552255018255,1.542722617715148,2.0365588221678523,2.179593486113199,0.7619648160468367,0.3810673239056481,0.5758848843757101,0.35555408421514945,3.2492428542429064,3.2378455251001257,8.340180130167893,1.6344956781319357,3.2975705845183327,7.503845168158276,8.985633942967072,2.941306406124886,5.288776292270122,82.500609,0.0,5.4954474301888245,0.44843223650220587,2.602455367697259,17119.38574246267,18523.35869258946,16958.157227387994,19629.783037475347
LOG00008,Idle 35,85.5,86.0,22.20375494071146,7.290513472378614,16.654381688184024,23.458241106719367,43.0,1.773511036427963,3.806501976284585,9556.655844155845,4185.714285714285,0.0,0.0,3.531695646833468,3.0565873335498286,1.1819770172213722,3.702274948644297,3.038267623985838,1.2168616987911336,2.3810785214896755,1.2978534277789033,0.5563621088445712,0.6681810419150735,0.6121267250277809,0.46444324389901454,4.736443747218377,4.29319255336543,4.3840643272724735,3.4195630409714513,3.5410047193002065,8.533357007542918,9.091758853565322,3.302695888927689,11.27984635870432,85.999053,0.03162055335968379,4.475318301398589,0.587898108822549,3.480813540918577,7705.477131564088,11409.627329192548,8211.095426312819,10900.423489553923
LOG00008,Idle 35,86.0,86.5,35.716370808678505,1.97978647379719,10.259452533111274,23.554142011834323,19.0,2.1451637988916645,7.161104536489151,14750.295857988165,10842.857142857143,0.0,0.0,6.469900035697789,7.342893059625846,2.1965115161877375,6.274584747906776,7.138219943547159,2.0111921954891687,0.6543533193283187,1.0534710015403457,0.45700191516450683,0.6337704105591817,0.6504055096925929,0.49384473714667687,5.0956462291949025,6.271728168013382,6.322093065021977,3.4755670715763713,3.998488213664614,15.953396131427086,18.90216689205209,6.920176477410948,12.131188869036835,86.030626,0.42998027613412226,5.923654430314667,0.5968179188402174,3.746163001248128,13278.641870949563,16542.011834319528,14326.570865032405,14853.95886165117
LOG00008,Idle 35,86.5,87.0,36.7792899408284,3.156731808189243,11.867969796747166,23.3638067061144,25.0,2.4244747851557875,7.182031558185404,15090.750915750916,11714.285714285714,0.0,0.0,1.401320336712083,1.4821752586470165,0.8370211642639881,1.4525009629794456,1.7813012741095346,0.6680668466869917,0.34560562076260054,1.0498293593536,0.35340924167123977,0.3496576089966398,0.37416361281250293,0.29780898136631095,4.193448119900291,4.411878836650627,6.918534291455513,1.49819927914251,1.8943282633484877,3.6848214706030142,5.805866583466233,1.442314491265379,2.1087221795465783,86.518987,0.0,5.320269377441549,0.3420277971474402,1.7077881381108189,14318.963088193857,16541.081994928147,13656.607495069033,15846.351084812624
LOG00008,Idle 35,87.0,87.5,26.464102564102564,2.3529857094443734,17.112698442451226,23.468224852071003,9.0,1.4944263060476262,3.7875936883629193,11748.562975486053,9142.857142857143,0.0,0.0,0.6017497623974511,0.48281387415835264,0.6165012502690064,0.6093178768355191,0.495374315398421,1.1037636748557351,0.043462361762003444,0.06997235261032701,1.045734676255869,0.2810633127702127,0.5179876417375407,0.2353582016817317,5.888259484112515,10.953565370667858,4.532063711370209,0.957315650168123,2.824451090311696,1.6384194047790717,3.2735265893774175,0.5455327733625114,1.1406499280436602,87.000446,0.0,7.641810334505254,0.36637925063020166,2.1087884217744253,11794.928148774303,12340.490278951818,10172.44294167371,12686.39053254438
LOG00008,Idle 35,87.5,88.0,24.70098619329389,1.6483028788666199,19.584322554750347,23.486291913214988,38.0,1.1937903392427054,3.745700197238658,10981.656804733728,8885.714285714286,0.0,0.0,1.1634906102354572,1.595639187626384,0.48888866167319484,1.971916772667563,2.253482462018067,0.6480231184199451,1.5362230511647892,1.9881151538055903,0.618473974772832,0.21999490058387589,0.3777178218344798,0.2199667296059223,5.694097921415213,9.889991469838355,4.017922654130929,0.7388514880500792,2.0190149196147655,4.69671923768423,5.994244445251462,1.396383689605952,2.3150090256345255,87.911078,0.0,6.98518396003806,0.2825207197993439,1.5202504344713792,11109.946463792616,11245.421245421245,9677.59932375317,11893.66018596788
LOG00008,Idle 35,88.0,88.5,23.69802371541502,1.274807606747068,20.71760197449046,23.550731225296442,78.0,1.1597986151736814,3.163122529644269,10718.450028232637,8342.857142857143,0.0,0.0,1.536391969350762,0.801580843116379,1.0369147845807434,1.9935411605303968,0.7585448864945599,1.4771934952960442,1.7501913131118683,0.7799006175637355,1.6298327248459639,0.27310949148236624,0.35250049060048366,0.2464485644061846,6.755314285892719,7.4716703076578375,4.775985623725795,0.855584411211129,1.8480395360598219,4.278358075954718,2.4247570270681154,1.2253636463386444,2.1543834835421647,88.499093,0.0,6.436100448914634,0.294155449328643,1.4400129880573458,11429.22077922078,10422.7555053642,8963.749294184077,12058.074534161491
LOG00008,Idle 35,88.5,89.0,22.68481262327416,0.2438718630757177,18.430171023064545,23.504063116370812,66.0,0.9718937470323749,3.0447534516765287,10315.581854043392,8342.857142857143,0.0,0.0,1.978317661685666,1.268971207533443,0.6843259246194277,1.4665946666440592,1.3074843036051444,1.0208675497658732,1.1922800851826765,1.1303802122644344,0.9238939354556667,0.235474251692965,0.30281250655054825,0.23765837933315004,0.9983294318843903,6.239327988204952,2.2296048975703364,0.5367394454297878,1.1589034435918246,3.6941768773014854,3.147272699304428,1.6619309095275776,3.269667849682443,88.619459,0.0,3.8685489699297637,0.2605283366552456,0.9030909211838157,10601.183431952662,10513.834883065652,8918.709495632573,11228.599605522682
LOG00008,Idle 35,89.0,89.5,23.361932938856018,1.90017922217107,15.487619261736553,23.477928994082838,54.0,1.313021783199166,3.5053254437869827,10469.139194139194,9114.285714285714,0.0,0.0,1.6006436853412476,1.3444213876706286,0.6949968497243333,1.9608035371455936,1.1713620395867501,1.1972710450046358,1.2294032026803539,1.071378270486366,1.1866520203014788,0.26150870212152516,0.3514833589119659,0.248156958272652,2.537426135222296,9.035730347196624,2.6994649962236767,0.756601338977135,1.6723514941333883,4.697559062319943,3.2310744666554774,1.47809490139318,2.4912225146106017,89.484714,0.0,5.638264081695006,0.29069412837577635,1.2979223986957322,9982.417582417584,11233.446041138348,10109.157509157507,10551.535643843335
LOG00008,Idle 35,89.5,90.0,34.78678500986194,2.6283995398637487,14.162630485000557,23.39096646942801,48.0,2.1294964733358803,6.626863905325443,14369.590025359257,10800.0,0.0,0.0,1.6016076745068935,1.6462962418660896,0.6760043797447474,2.1881907982761812,1.7768352447045157,0.6482883947269135,1.3368282257328041,1.3485249105321278,0.35249449590446613,0.4480642789897795,0.48755543527929546,0.30447134152226424,5.9131107423164435,6.624196722195322,6.653878147134593,2.163845374880767,2.7163638292788854,5.373615137407071,5.4116537264709415,1.6241056706725996,2.4523033540072556,89.5005,0.0,6.406219770976656,0.4207828808246921,2.4556933093739066,12887.123133276978,15279.938010707241,14417.920540997464,14893.378416455342
LOG00008,Idle 35,90.0,90.5,26.391518737672584,5.574578380776089,16.190947122204072,23.46652859960552,56.0,2.136820565819326,3.7420315581854044,11842.216117216116,8571.42857142857,0.0,0.0,1.6175337019511487,2.017850536662234,0.5050539607724993,1.9820631415349248,2.6512926711141778,0.4845850569572418,1.6909759701705966,2.2426516776117094,0.22734990623134732,0.30630935531933084,0.41493002839397336,0.2430247290088616,3.371290743421274,7.465485978483971,4.647931646031355,1.1424675725084228,2.0514644220835057,4.114965231446771,7.575263387144726,1.8286793137748147,2.4944152828592903,90.304586,0.0,5.437595999391596,0.32916731739800564,1.6603822495599767,10792.448577063962,12665.82135812905,11696.224288531981,12214.370245139477
LOG00008,Idle 35,90.5,91.0,20.788932806324112,1.2387661396908998,19.189527581044725,23.556837944664032,75.0,0.8799855027305105,2.596600790513834,9554.01609260305,7600.0,0.0,0.0,1.4355940912117877,1.5965772104932434,0.43949607953012587,1.3517330760863824,2.117454744204197,0.4625215680843843,1.1289417805242155,1.865048605563072,0.28209663819405906,0.2290623566895668,0.35819309217786954,0.24659796823185773,1.1577788241966924,7.627251551682749,2.9645995966279415,0.5712140580681646,1.6541795378730058,3.507191933287512,4.797685542140587,1.5182208640030908,2.414042979437423,90.535453,0.0,4.7715919358473995,0.2837736260191694,1.2374561494559009,8404.46075663467,10487.77526821005,9587.408243929982,9736.420101637494
LOG00008,Idle 35,91.0,91.5,28.9930966469428,1.8210070681188084,24.63927481905597,23.43552268244576,84.0,1.5085027824328148,4.690690335305719,12496.463792617638,9214.285714285714,0.0,0.0,1.7290029275203522,1.4341910332169316,0.6706174392869921,2.1460303824665288,1.8996012963785853,1.1341473343308162,1.8105322686998657,1.4047745621661947,1.0692628921296758,0.3445895754432841,0.5373196991450556,0.28130122929430745,5.8681402352722545,8.865581665424898,5.355790313227454,1.3297720164916256,3.0512116793675514,4.5875227401636645,5.405636622806825,1.5884512965674773,2.1490064934507864,91.409637,0.0,6.873089988411329,0.4027343277298341,2.3535278124714347,10416.877993801068,13728.994082840236,13258.861651169344,12581.121442659904
LOG00008,Idle 35,91.5,92.0,33.65838264299803,3.8012434054594335,34.34979005621032,23.431913214990136,112.0,2.416798100240744,6.484358974358973,13947.203437588052,10257.142857142857,0.0,0.0,1.4858987228486227,1.967793028047763,0.9913538194228242,1.6478395020698513,1.989300309665659,1.176766195511203,1.2791370346519366,1.545504746169138,1.1725371750662272,0.38581152665798224,0.6620712254928712,0.3238169304179123,4.207579444912196,7.056520818018138,7.2928529543136085,1.7717197877692883,4.064797614773266,4.432487202552192,7.080266768617754,1.7435745489936116,2.651975814941154,91.938456,0.0,6.342552458162033,0.4802937455880774,3.1354083191380107,11047.590870667793,15520.569174415326,15236.094674556212,13984.559030712877
LOG00008,Idle 35,92.0,92.5,34.22899408284023,4.78065294472149,36.13203309645354,23.364773175542403,119.0,2.5354546369866373,6.259368836291913,14364.095519864752,7142.857142857143,0.0,0.0,2.7245125567594575,2.362291396068658,1.1702793758174355,3.8111741632375775,2.368034998263066,1.640532874716206,2.737559366722845,1.314367439424457,1.3013156424578765,0.6978369614855775,0.7443420830350639,0.5251477698674876,5.183890336057474,8.851884829746952,8.90115783929349,3.766003402515134,4.168060029059832,8.325005700965288,8.32382100091219,2.5498420845103307,3.5338366332935407,92.499789,0.0,7.841326310758708,0.6625208780582433,3.972121979093909,9906.48069878839,15440.772048464356,16047.957171034093,16061.17216117216
LOG00008,Idle 35,92.5,93.0,29.595857988165676,1.347348409008116,21.949991808959652,23.38994082840237,109.0,1.7235620586797098,4.934714003944772,12757.727528881376,7357.142857142857,0.0,0.0,2.323938549319473,2.6875515246143933,0.977187579878622,2.415472437950749,2.9085250224671544,1.0028668725746004,1.2536447218480264,1.827444679903935,0.755838043606849,0.36683870006289665,0.5966232949857455,0.4176726798728749,5.469773962135254,8.435163746527897,9.005040555650213,1.5991217385910672,3.31995526587714,6.912812904203376,8.387437774793653,2.5123319424859294,3.9472151249349516,92.587595,0.0,7.792328920943049,0.4708079776638146,2.605695041851584,9449.873203719359,13370.695970695971,13085.573400958017,15124.767540152156
LOG00008,Idle 35,95.5,96.0,33.26903353057199,6.055327389639629,49.76466541812762,23.13846153846154,138.0,3.345636530812997,6.1091518737672565,13884.495632572554,9500.0,0.0,0.0,8.535843685908072,6.857377343994239,1.7975688266185075,9.467096122998129,6.60343063567047,1.8838599285547235,2.9978566753682916,2.169288313965442,1.3178208085580125,0.9979952574136197,0.853320788402634,0.5547643539132803,5.619643039494142,5.628972711833666,5.711260497939625,5.610925338641066,5.443358573969419,26.08081810408377,17.349749470989902,7.742230023326037,11.37973078480791,95.759509,0.45956607495069035,5.653441965069557,0.822985295557782,5.527776936554638,12823.020569174416,14343.702451394758,13026.176387714848,15345.083122006201
LOG00008,Idle 35,96.0,96.5,28.893491124260354,2.9932364654149297,15.663961737814272,23.14465483234714,40.0,1.9673519923222524,4.6499999999999995,12182.0090166244,9200.0,0.0,0.0,6.8025506114723555,5.765523135293189,1.210160769845258,6.501262333154072,5.335575017517943,1.1791543751974876,1.3033497517621795,1.6764801526715114,0.20446752417177955,0.6253829437084447,0.7852165040673947,0.44062773139786177,7.12615686259174,8.105920501041652,5.276199695842099,3.308843316190485,4.996451446195844,15.879663349290029,14.054206134078566,6.305392606541006,9.070609329803387,96.255761,0.22287968441814596,6.936049356559178,0.6329353790654266,4.237509359593853,11706.649760495913,11562.5528317836,12239.532262609186,13219.301211608905
LOG00008,Idle 35,104.5,105.0,21.09250493096647,11.797347971858244,34.96908016667502,23.01027613412229,94.0,2.109904413544036,4.334378698224851,9056.255283178361,3428.5714285714284,0.0,0.0,6.334042174275184,3.270319134132035,1.1221955515910895,6.008707163905277,3.6205435516457536,1.4762652651992803,1.8200024035400684,1.0465443443268725,0.9545605823354432,0.4925787246648496,0.8047614315734953,0.48033073664082176,3.5413299586698943,5.7907309118755785,4.170526455136687,2.580066716774102,4.769734208411589,14.556832782944628,11.448280061686502,5.040589127501209,10.585697572542118,104.956336,0.28994082840236685,4.599524369719086,0.6112807260996064,3.8345213965954894,7227.190757959989,11564.58157227388,7475.8805297266845,9957.368272752889
LOG00008,Idle 35,105.0,105.5,27.19802761341223,2.575126824250254,14.57407017346475,22.88483234714004,23.0,1.613694034258974,4.077968441814595,11621.041138348832,7971.428571428572,0.0,0.0,5.0232185667491915,4.7367028277765115,1.7409589030256958,4.9639947594604426,5.1429233716992995,1.9706995797238502,0.98782422104765,1.2139314210469905,0.7820419474785552,0.7402076231919347,0.8022067961057833,0.5840382883928761,7.335534633013928,9.638690611903868,7.079100071108199,3.972977955311232,4.68595477953174,13.06839842809153,13.299018961015275,4.8820630090157495,8.661468016296128,105.000731,0.009861932938856016,8.099960553009186,0.7147362663851703,4.344118209096374,10194.026486334178,13307.664130741054,10745.759368836292,12236.714567483798
LOG00008,Idle 35,106.5,107.0,30.811242603550298,9.93012330986041,55.13279510137515,22.913925049309665,14.0,2.8168900030704416,4.032958579881657,13595.548041701886,6600.0,0.0,0.0,1.1540260214387756,1.231416066311814,0.5131183769145587,0.8760579783547184,1.0176936483146102,0.48405975713923494,0.8670062208573761,0.5166548261431364,0.15506600328108708,0.44979552076711543,0.5973210893833364,0.42740135731696316,4.2522758303116985,5.774714979624133,5.92947968396443,2.0442543929676034,3.317683785766183,3.028138908066855,5.127179384594867,1.1933485631886167,3.1223044535212034,106.999521,0.0,5.372395870109083,0.4972525899247581,2.755540031055907,13594.899971823048,14062.299239222317,12153.141730064805,14571.851225697379
LOG00008,Idle 35,107.0,107.5,19.53786982248521,4.91143111731547,55.50534015364307,23.057712031558182,25.0,0.7619830333292632,2.5058382642998027,8904.360383206538,5442.857142857143,0.0,0.0,2.816207940051101,2.04351190236525,0.5409781869757305,2.4808067150217217,1.6987904097339817,0.4735880531243435,2.1382956792657666,1.2995740750334825,0.32095280025935,0.2668742786274634,0.4002046997675255,0.30787149570519123,2.0245027878847224,4.930505212426518,2.886782638683276,0.9329687548580117,2.1579276015909197,3.874510849065547,4.871524958784787,2.460382902793313,4.459774868493513,107.06957,0.0,3.49961936934677,0.3297324876202402,1.662390181523166,8534.03775711468,9479.233586925893,7446.858269935193,10157.311918850382
LOG00008,Idle 35,107.5,108.0,37.17001972386588,2.43148492377029,58.57894580032093,22.908382642998028,45.0,1.5788546848701053,7.019408284023669,15117.765567765568,11800.0,0.0,0.0,2.600736225043187,1.9557079714843348,0.9958571202023989,3.1702044974036254,2.186859337527729,1.0804991255144978,2.235037595162723,1.7113739881215895,0.9377770958205157,0.41804209839597495,0.6435578857255777,0.3420390774010123,3.5214429934006084,5.823915390349646,6.692817988030265,1.993879895512049,4.052492380037133,5.204117623256261,6.210952977090487,2.3009370462899743,4.173427791680482,107.604292,0.0,5.510969783096958,0.48508304401762736,3.1936070146455227,14652.07100591716,15962.806424344884,13823.386869540716,16032.79797125951
LOG00008,Idle 35,108.0,108.5,39.50256916996048,2.362899446574617,66.50821316049391,22.977114624505933,84.0,1.9855788176355758,8.017450592885377,15738.474025974027,12428.57142857143,0.0,0.0,1.7533950244710463,1.3636838988957674,1.0214539133467064,2.2186473451714543,1.449980172813971,1.5389116281639745,1.5270659711651662,0.8677682394604809,1.6878388409898504,0.38109011442600926,0.44462533933065623,0.3089484288888579,3.559461309834829,4.7045873705095955,7.062426083685482,1.7184204052744758,2.497583082233191,4.798921156757496,5.303813230366308,1.5706730862829765,2.8477138401428395,108.46656,0.0,5.312901571661527,0.38226103620476576,2.1436988993234496,14218.915866741954,17376.08695652174,15427.131564088084,15931.761716544326
LOG00008,Idle 35,108.5,109.0,35.38323471400395,2.4756197777849147,65.79201927519772,22.846272189349108,90.0,2.159539298446978,6.764930966469428,14361.644125105662,8514.285714285714,0.0,0.0,2.8546045068500767,2.047193527496177,1.5383751468255322,3.7154137817193766,2.117926248021494,2.1183920056819705,2.7044658899650704,1.4828538147612496,2.4452116547251475,0.518721777175098,0.5490186718645557,0.44969988168342456,5.815736841272632,5.98177760492573,9.997106774302903,2.8092505767867526,3.111575937076901,7.213427103117637,6.912384906004395,2.4839251427479665,3.5649537274526693,108.606654,0.0,7.517681428440106,0.5075180679075044,2.964270029482191,10541.448295294449,16626.542688081146,16673.51366582136,13605.071851225697
LOG00008,Idle 35,109.0,109.5,30.838264299802763,0.987773054235746,53.36322034457834,22.976429980276134,89.0,2.0807710021917383,5.448007889546351,12785.967878275571,7714.285714285715,0.0,0.0,3.5399545001178137,2.9744223484107706,1.4586688909832926,4.227730806607625,2.950133657291605,1.6504042495085998,2.1365543708237875,0.8785165569615946,1.6500128821933364,0.469625692299952,0.6640285064633172,0.5583522253909852,3.7537620804345586,9.352586791016067,17.634438350748113,2.2636250681460917,3.78581857618604,9.06822703825599,8.506291904959916,3.269439261527105,4.8754975916023735,109.354472,0.0,11.726537218155135,0.5695727509467597,3.1190079144605147,8159.6787827557055,14688.44744998591,15195.970695970698,13099.77458438997
LOG00008,Idle 35,109.5,110.0,34.717751479289944,1.4830536735373017,38.562672079619325,22.99412228796844,84.0,2.1820087173560507,6.503510848126232,14026.429980276134,6471.428571428572,0.0,0.0,3.9314596503429007,2.8617071153646494,1.3300063215766262,4.330486758373407,2.92736264256488,1.4315025549134883,2.024052061157258,1.022999801871307,0.8078063018170829,0.5099529856426097,0.7709594452486564,0.5543101550415159,2.8653197981873384,6.126299264364587,9.740667800639315,2.666556653348738,4.323252856045271,10.999641378410885,9.594747083567817,3.438440242057652,4.732437131217315,109.562636,0.0,6.8464640368794285,0.6222781429998638,3.5917293636089855,7785.319808396731,16134.375880529728,15563.34178641871,16622.68244575937
LOG00008,Idle 35,110.0,110.5,29.960552268244577,6.233806009781151,28.64058869063034,23.052248520710062,46.0,2.150552769506427,4.935936883629191,12798.175542406312,7471.428571428572,0.0,0.0,2.3554772695526878,1.311647538337456,0.8666291069261934,2.3786657381467338,1.4729730267447652,0.8348702145439707,1.3509764595836369,1.027858032218306,0.7580024241967552,0.35174718073166006,0.5719672500777093,0.3335270784817821,4.150134897118045,7.504650804363975,6.85377054523203,1.536446869231725,3.243869792265327,5.175804733093056,5.77247771877958,1.906396133048703,3.349177496664395,110.000667,0.0,6.338179918725567,0.4328636915530186,2.5380465136737995,9619.357565511411,13358.861651169342,13762.440123978584,14452.042828965907
LOG00008,Idle 35,110.5,111.0,27.20335968379447,3.7566710855930845,28.985648965683282,23.073952569169958,56.0,1.5846036366076366,4.3200790513833995,11601.983342744212,7514.285714285715,0.0,0.0,1.0848435297677976,1.5835070921826178,0.5954060531365742,1.4830175556726395,1.4908186140421367,0.6125051868994035,0.9501442997287236,1.1598697772900917,0.42791777407063203,0.31550421843906257,0.5344347546107385,0.27584096984533946,4.604911482326802,9.21538705000377,4.8184352925718485,1.287863071479486,3.101688832036026,4.277896125073282,5.959348453656227,1.3572730372094821,2.196397244013805,110.507759,0.0,6.566223849117146,0.3921103838775936,2.374769978509243,9456.43704121965,11992.828910220214,12236.222473178994,12722.444946357991
LOG00008,Idle 35,111.0,111.5,29.12386587771203,0.6178815096120632,36.81871778411672,23.099072978303745,56.0,1.525560435515512,4.511203155818541,12424.753451676528,11042.857142857143,0.0,0.0,1.262283147516677,1.261960564490802,0.7738698148702918,1.4069585818798942,1.206001247535941,1.251240902758409,1.0638006107310618,0.7565451650121054,1.2151479016206381,0.31443808176634025,0.37045019117126116,0.28799949977703343,8.609990631685195,10.236702310595993,6.754883289591297,1.1835098452722055,1.8585774723947328,3.7919253981126886,4.1502833723742185,1.2621218663097773,1.5909733865369264,111.441046,0.0,8.651598332667936,0.3261126407013079,1.5580445716906546,11565.82135812905,12888.64468864469,12267.202028740492,12977.345731191885
LOG00008,Idle 35,111.5,112.0,37.70216962524655,4.039344863936126,44.02279526645066,22.957988165680472,44.0,2.5085917180283883,7.893136094674556,14992.561284868976,11900.0,0.0,0.0,0.9276641259839842,1.4446204856723865,0.7000965755885693,1.0426622334109945,1.5918985981376923,0.9192666934717456,0.33988523189378905,0.906068184668858,0.7470880808020258,0.3917041114217411,0.47405579268499154,0.2915809807751366,5.7664357418368155,7.186915923242204,6.469634193814596,1.817990469529664,2.526145085817039,3.1722415372743415,4.697139168771634,1.213978805058381,1.9606075712569782,111.981686,0.0,6.500248924829995,0.3929293718692466,2.200738324051528,14289.292758523527,15620.991828684137,14698.47844463229,15361.482107635953
LOG00008,Idle 35,114.5,115.0,39.827021696252466,5.921798030890738,12.074575073463446,22.951676528599606,43.0,3.0926123174502362,8.15792899408284,15731.452521837136,11585.714285714286,0.0,0.0,3.4812212140555117,3.3046971083622396,1.0104514808384892,3.7716114373256597,3.1590468027166843,1.1664051227164185,1.2629985955790337,1.090004416522988,0.6684147530326879,0.46146798832985325,0.5030747539223497,0.43015019507215885,5.422829849150573,5.115173727754969,7.546147837916748,2.2816765341068246,2.7501006934409586,8.321332581797439,8.750542389500987,3.3941069605426306,9.065734616963462,114.500397,0.0650887573964497,6.124171591043931,0.46585623769851664,2.5267668699702166,13801.775147928995,16586.22147083686,15584.305438151594,16953.508030431105
LOG00008,Idle 35,115.0,115.5,36.35424063116371,6.7269803816067935,25.565995735627887,22.98205128205128,27.0,3.0439423752918335,6.452169625246548,15034.347703578473,9314.285714285714,0.0,0.0,1.7697412511765278,1.333400132582315,0.9169014928033857,1.891682587082219,1.3770871505663764,0.8628292871041743,1.3987031731747595,0.5151326326770401,0.560780090970535,0.37964638145712465,0.4446483434038421,0.27704124833818267,4.103408919631222,5.331991396232964,6.1502461085611255,1.7285153144688883,2.3619478462432597,4.227737841728439,4.517552880008007,1.5668343897308354,2.8130188703870203,115.499798,0.0,5.2628770397658196,0.3735395461108272,2.0696089993917512,13813.863060016905,15881.600450831218,14778.33192448577,15663.595378979995
LOG00008,Idle 35,115.5,116.0,24.791518737672583,5.194875629109626,35.84166816012567,23.03280078895464,130.0,1.5699004586366188,3.8189151873767253,10673.746125669202,7742.857142857143,0.0,0.0,2.225170722762193,1.6288433099688198,0.7386710882244948,2.609585623719094,1.4738863519423022,0.8424446609835898,2.179606276473316,1.153092874728861,0.8342635376250737,0.3283783623138686,0.6318806935613954,0.2894106142848524,3.79040281150515,8.086757632092791,3.87967794028963,1.3401522395464582,3.6239865557033255,6.053508934015145,5.602725456809275,1.9499378546338604,3.320281677047089,115.55406,0.0,5.621823648190063,0.4437957726223117,2.732149939249293,9138.884192730346,12195.519864750633,10722.879684418145,10637.700760777685
LOG00008,Idle 35,116.0,116.5,40.44367588932806,1.980979098184125,41.28299642813242,22.814802371541504,138.0,2.7461227046476497,8.666956521739131,15851.079898362506,10957.142857142857,0.0,0.0,2.1086058937337038,1.300400062204805,1.090982327306853,2.1543183394888517,1.3582411297276251,1.505149458658433,1.321978813235576,0.6453179266375738,1.3313949984671372,0.514515151875241,0.6474548889578614,0.4032666223721762,6.467138989303681,6.2868266245215345,8.53300854188237,2.628834716732825,3.769519355941489,5.305675982234356,5.822642188503083,1.751750429837363,2.795110081647837,116.412384,0.0,7.168456609563927,0.5312085728048516,3.2496190655765567,11826.171654432525,17644.55110107284,17534.95200451722,16398.644833427443
LOG00008,Idle 35,116.5,117.0,37.7723865877712,2.5224097821195786,33.95933780475919,22.979881656804732,135.0,2.8738809563863468,7.634457593688362,15180.705832628912,7971.428571428572,0.0,0.0,3.599998985120636,2.647126513551171,1.195095575744176,5.102880668451807,2.7290176404726787,1.184646955819107,2.977147234404529,1.1818914319407343,0.8534465439189634,0.49086204134957434,0.5595440078264061,0.5301981103031868,3.5757631159770225,5.558740777790199,12.249732336132515,2.328162553088527,3.246766127744776,10.522447124653288,8.969815699799128,3.1596891834178242,4.546469348979645,116.734006,0.0,8.036201905608971,0.5276188891303327,2.8250514297862344,9017.187940264863,16714.25753733446,17171.85122569738,17819.526627218936
LOG00008,Idle 35,117.0,117.5,33.55246548323471,1.0427588371231082,22.502045703734566,22.858836291913217,70.0,1.8499218718037673,5.84258382642998,13806.424344885883,8342.857142857143,0.0,0.0,1.6253514148650618,1.5118483751789553,0.9565470317879262,1.712481419428035,1.481946494907012,0.8747044482930969,1.0920873041973571,0.6190134622019584,0.9526295374361269,0.3164346634220079,0.5877849976132586,0.42133187352169765,2.165290266363967,6.430853373693388,8.424178317076853,1.3286927250510623,3.39731505270672,4.867474467555808,6.416202370558503,1.5696261866022598,2.582234207742609,117.024056,0.0,6.2452952257269105,0.4557567506464831,2.579454780079629,10006.227106227107,14613.299520991828,14790.363482671175,15815.807269653424
LOG00008,Idle 35,117.5,118.0,53.05147928994083,12.797574843493498,22.606143166047808,22.357790927021696,47.0,5.472004842824354,14.495502958579884,19047.99239222316,11900.0,0.0,0.0,2.8581468932956207,1.7831551964457808,0.982251855992586,2.7801214605927935,1.6967160124815412,0.8899359259687799,1.0489589660478273,1.1128268231628318,0.4116103641156619,0.4621566518127579,0.5427139097460018,0.3589683440360429,4.140475035493031,4.637397697715631,7.970004406649798,1.9973795829500969,2.661682746244717,6.248313381893005,5.367004166926894,2.3820837640883874,4.722859851911203,117.99188,0.0,5.835807889468159,0.4607911423723871,2.3530916089309737,16715.86362355593,20510.22823330515,18712.341504649197,20253.536207382364
LOG00008,Idle 35,120.0,120.5,15.056607495069033,4.42030132865147,11.860697638088451,22.947514792899412,72.0,0.9087344348524203,1.6734911242603552,7310.235277542969,3500.0,0.0,0.0,2.3982800354116462,3.172972038825699,0.8041193765348107,2.5622569343738477,4.162461720379873,1.3943104217857913,1.5256182780779333,3.764228174172025,1.3760359620643334,0.33060425057936965,0.4015359872009201,0.347239151919829,1.254773235102838,3.3432193608224248,1.5174943999558803,1.1577368873206353,2.1567230734508493,4.566190821607151,10.402548618078134,2.812427660174018,3.712321184962219,120.333033,0.0,2.2401161294306315,0.361065713384035,1.7308681515092577,6206.2834601296145,7760.185967878276,6886.700479008171,8387.771203155819
LOG00008,Idle 35,121.0,121.5,37.91264822134388,0.9696776810391857,22.060711527294128,22.805276679841896,38.0,1.9194019191770906,7.376284584980237,15141.14201016375,12242.857142857143,0.0,0.0,1.849118017782268,1.4976245188912418,1.0027303719940415,1.830640576812012,1.3632127209073075,1.0160711032675374,1.4810852141494641,0.8058243807979065,0.9019925873814529,0.3632634357835786,0.43829011095112796,0.2821314864958698,2.8113556713207695,5.3567148426599305,6.62894470320239,1.682518555303121,2.4109044196510316,4.532927401805541,4.835025372811525,1.6825749081796102,4.553601329316981,121.040417,0.0,5.181409798319234,0.3668136315202456,2.0788613240945377,14534.556747600227,15672.416713721062,14517.363071710899,15840.231507622811
LOG00008,Idle 35,121.5,122.0,42.83392504930967,6.818963071835264,47.33118864151123,22.71272189349112,31.0,2.569374446660054,9.29457593688363,16832.093547478165,10228.57142857143,0.0,0.0,1.373061705543498,2.0015666116325814,0.7627740358392099,1.4781598681356698,2.3147964342771705,0.9126144101569814,0.643349721213038,1.1963082687338087,0.7060940857590717,0.3503814549452927,0.47432318958639985,0.3211469997168306,2.7024602903343866,4.482034706651774,6.899378707737138,1.4338614405661043,2.491332939795556,3.528413828055297,6.216190605268281,1.7163285448934813,2.8983301359116136,121.958931,0.0,4.999778437932422,0.38767901137243155,2.0325720710042074,16698.9010989011,17406.198929275855,15311.383488306567,17911.890673429134
LOG00008,Idle 35,122.0,122.5,29.582051282051278,9.866436107973097,61.335787971807655,22.86733727810651,27.0,2.6335890442594834,4.951222879684417,12153.634826711748,8242.857142857143,0.0,0.0,1.295953177034088,1.1443333093979753,0.8449954572212889,1.0523727036285273,1.3635925423339583,0.9660223502643214,1.0256382813930818,0.6477319321627683,0.6071556386959586,0.3321430667381996,0.6357319356847762,0.393296048085735,5.415404914755654,8.536774680723347,5.1235917234135355,1.3864312217470687,3.656624584877574,2.9499440037476217,5.369943380820229,1.2224960858960792,2.588426511840946,122.000368,0.0,6.543554703890707,0.472283774960078,2.7652391295660266,11570.89320935475,13137.61622992392,10496.13975767822,13409.89010989011
LOG00008,Idle 35,123.5,124.0,41.72134387351779,3.002538282631547,68.50755118198424,22.665434782608695,92.0,3.2851319374518377,9.66794466403162,16116.247882552232,8542.857142857143,0.0,0.0,2.765591407701228,2.3602460942895567,1.163841781970782,2.8944869769418418,2.061049473234649,1.1322780243712527,1.5496160841463282,0.8373345722034262,0.775478556253618,0.5007717550401853,0.9437213193046955,0.44645249586081853,2.551576959783369,5.7919065166218635,6.4789392591654495,2.6327327002887637,5.7745162198279045,7.155113707965307,8.470945460575663,2.5709198217719633,4.307727304815906,123.999184,0.0,5.229193054475981,0.6685063226369107,4.487556074536858,10032.411067193676,18887.549407114624,19537.01298701299,16008.018068887633
LOG00008,Idle 35,124.0,124.5,34.80118343195266,0.6293280752622366,52.65751063996206,22.726666666666667,94.0,2.50233641166933,6.975857988165681,13888.095238095237,6357.142857142857,0.0,0.0,4.115182691252146,2.49177553665778,1.4260107751300457,4.704739946708775,2.532842013534305,1.6509503060354296,2.130833429993801,0.7610119708709576,1.0686553277409165,0.5167906337777708,0.9871444336182359,0.70937672265186,3.5882626280543115,9.776112065865531,14.62373497800889,2.784583176348206,5.467469534764983,10.969295500941811,9.612614985731268,3.401740283110062,5.478248544654383,124.016943,0.0,10.36503128342752,0.7626143688269957,4.338613060621141,7372.499295576218,16857.95998872922,16866.356720202875,14455.564947872637
LOG00008,Idle 35,124.5,125.0,38.49309664694281,6.946661513984283,36.5909135196927,22.89846153846154,78.0,3.594946023697652,8.490059171597633,14780.621301775149,7114.285714285715,0.0,0.0,4.228681236400033,2.5867126806167873,1.2568284663797484,4.676670629095097,2.4990374051962996,1.2492319650534587,1.9955699382853687,1.1780061835668891,0.762048965062575,0.569166130784911,0.9721651590328031,0.5670375525882808,3.247446829153992,6.939569363260573,9.444218694994184,2.8050741688268865,5.707548510844291,9.815456956569683,8.995615850873644,3.505198103613074,5.7960043305119875,124.551657,0.0,7.021319928488392,0.7281453075944043,4.496918450242385,9062.186531417301,17123.555931248236,17739.81403212173,15196.928712313327
LOG00008,Idle 35,125.5,126.0,50.45581854043393,22.395795530993897,47.27624883073792,22.3023865877712,64.0,5.730455789895929,11.834970414201184,18389.39842209073,9214.285714285714,0.0,0.0,2.108700932069096,2.5211226366130615,0.9064047479983157,2.2029453108167805,2.896598186882333,0.9699339314172013,1.5795444728452286,1.6501165288199409,0.27005308034951836,0.45685914254955146,1.0389786009448583,0.4170063757833201,3.823020192052958,7.9798922876745495,6.219908543504093,1.6815566114243368,5.293044323059461,4.478086023947041,8.049893723188841,2.3240782011102663,3.699874101087743,125.74145,0.0,6.244502291383668,0.698114395305045,3.9270823039055927,17683.685545224005,19385.8269935193,17119.977458438996,19368.103691180615
LOG00008,Idle 35,128.0,128.5,31.56627218934911,10.243284542268725,23.6489502548794,22.704437869822485,49.0,2.642921216843431,5.713076923076923,13108.41081994928,5228.571428571428,0.0,0.0,6.588150839780306,7.753966634880228,1.1818100574429637,6.274336502211631,8.13852374125118,1.151834556756695,2.2299472785746803,1.5760271925522997,0.14600236088019466,0.7097545424876148,0.9112863509364398,0.5702101871270036,4.634153485055998,6.639580335342508,5.620587874385888,3.6946639748924874,5.328548928478257,13.982589907196038,17.42688303930118,7.194710906719385,16.493226512307658,128.002721,0.3609467455621302,5.690647696182957,0.7437145468274478,4.584974131364055,11620.540997464073,15947.421808960271,11287.996618765848,13577.683854606932
LOG00008,Idle 35,129.0,129.5,46.11538461538461,8.119817722228072,24.08959443100926,22.429151873767257,16.0,3.8045969174860126,10.975207100591717,17508.74189912651,13600.0,0.0,0.0,1.9465253030017646,2.1745620155609906,0.9731825968164366,2.3605478373431636,2.626479149496,0.9960491858642645,1.5180573478349026,1.2876785852128907,0.42640102339212904,0.37277898945699994,0.5724915105469022,0.3608431312593188,2.6849785201483973,4.267401199144138,6.725248621156471,1.6079379808847882,3.189372625131846,4.44093385349571,5.832981110808885,2.063695800590143,4.016898736211711,129.003062,0.0,4.852792723936809,0.4460636987418896,2.5256249021095996,17440.46210200056,18164.412510566355,15725.274725274727,18704.81825866441
LOG00008,Idle 35,131.0,131.5,18.720355731225297,1.2841849939754544,65.549586643721,22.681600790513833,124.0,1.6528256121782663,2.828063241106719,8024.0471485036705,4671.428571428572,0.0,0.0,2.0093147726578673,1.7044840170197475,0.9936685379614733,1.9009986494300473,1.5536578387128503,1.2784209293142124,1.166531863697596,0.966751534040445,1.2060975319376628,0.3412998090346394,0.3977244268115182,0.3700671341568454,1.9909333365755058,5.301455507487708,5.865999682428766,1.2114185379008595,1.8668363413767346,4.186133707255391,6.0536142146067204,1.8631440658060925,3.1908050630036078,131.282046,0.0,4.707412534957105,0.37041416599652005,1.5736284185688076,6010.784867306606,9447.713156408809,8544.014680971202,8093.675889328062
LOG00008,Idle 35,131.5,132.0,41.828007889546356,10.339457587851653,34.34724733344234,22.45382642998027,81.0,3.9076090470301352,9.889980276134121,15651.465201465202,6671.428571428572,0.0,0.0,9.819038559412187,6.062969371319499,2.4621209540609192,9.717467924802756,6.14424140700225,2.479516117099982,1.4829960267091522,1.0483799094045223,0.7699967674217056,0.7438261006658554,1.1503667216222417,0.5599580343566469,4.356108705897308,6.062265668013319,5.718287504015704,3.942827170147014,6.856792179247303,23.214504409746464,18.27248284145648,8.160058695523631,13.773060867654534,131.901605,0.5759368836291914,5.429105514592911,0.8544342889671183,5.5929189643260715,14352.57819103973,15628.148774302621,16115.948154409693,16509.185686108765
LOG00008,Idle 35,134.0,134.5,26.367455621301772,11.125975171031671,37.0037115148545,22.496055226824456,86.0,2.408161048490638,5.072998027613413,10572.56269371654,3542.8571428571427,0.0,0.0,2.386262600015898,3.4663604069069986,0.7962333568239276,2.3362653073418174,3.4709208316836033,0.7712278212193937,0.6818642194614833,2.1928848776470242,0.15455200883964296,0.5927589081275763,0.7215798394286529,0.4304150133090468,3.505369294051931,4.867121209617119,5.595985257240447,3.1272425884732575,4.44123349394323,7.881268833258432,9.022763235852773,2.975727110036057,4.2994596233277225,134.022717,0.0,4.736086068898361,0.5936603045278513,3.8408463360881893,11391.406029867569,10327.69794308256,9416.117216117218,11155.029585798817
LOG00008,Idle 35,136.5,137.0,40.07648221343873,6.906588785561632,31.332349330864005,22.49197628458498,115.0,2.8406048244183686,8.32567193675889,15287.747035573124,9314.285714285714,0.0,0.0,6.475551419788746,7.664127667971754,1.3113783687852445,6.218208261827245,7.637055416385014,1.3245320280352013,1.0072741815807227,1.580461814634439,0.19160202839747797,0.6506295915647713,0.931007310298356,0.48551589833339814,4.186085803556563,5.685501377164389,6.651544915725196,3.4256141458754263,5.8975618822841644,16.069758994776418,19.18430476736425,7.094773396708953,11.889574618739648,136.692355,0.45454545454545453,5.600336002728932,0.7131664520019637,4.822658417916043,15468.887634105027,15392.998306041784,15089.073969508752,15200.028232636929
LOG00008,Idle 35,139.0,139.5,38.49525691699605,9.82114245713006,11.386886826925695,22.57646245059288,56.0,3.0739820842456624,8.126067193675889,15154.616036137775,8142.857142857143,0.0,0.0,8.021661358488956,6.7028730391116955,1.5108173979935653,9.016055681485474,7.130344242188233,1.4993099873027684,2.75188383116777,2.950212308435791,0.17345149096107584,0.46707207503795306,0.7110323140651962,0.44998341765329375,2.7619088104916663,5.212595550693454,5.638087828140432,2.1908438017870187,4.163774545082537,18.829482391043694,16.282522942089898,7.3917372088273465,16.046980427597447,139.047287,0.35177865612648224,4.711239292387442,0.5556402766443127,3.32692162712814,14580.0395256917,16798.221343873516,13359.23207227555,15880.971202710334
LOG00008,Idle 35,139.5,140.0,25.473570019723862,2.1256885823749565,10.501629327371539,22.518343195266272,53.0,1.2315926399405022,3.6569230769230767,10863.024795717103,8728.57142857143,0.0,0.0,3.142678121239674,1.8719118089098532,0.46850113806427524,4.399489322324275,2.0383139537235095,0.4738177581509882,3.0064337802190373,1.54955030470664,0.022755394775271855,0.31354989736538075,0.4428188674831306,0.2834594313124769,5.4197911902772296,8.882795528475512,4.518334453829444,1.2153475235962614,2.3292188241469436,8.85116914685694,5.103465968488351,2.5865497863036286,4.498759413921737,139.93421,0.0,6.549644753307198,0.35343615016806845,1.857731134189234,10941.363764440686,11902.507748661596,9910.932657086503,10697.295012679628
LOG00008,Idle 35,140.0,140.5,37.78520710059171,11.306696193108897,21.38804057166477,22.50005917159763,86.0,3.218034423987776,8.364280078895463,14463.285432516202,8728.57142857143,0.0,0.0,2.488849255808153,1.7463774601615842,0.6902421313719752,3.384831396121742,1.6921857640197726,0.664737615188206,2.472568611644755,1.3876649274973734,0.3467845278851476,0.4555779192519941,0.8173859267042157,0.36918983056970894,4.756781255805037,6.728148097310117,5.329235412512634,2.1622019692129193,4.53973864160957,7.950165294201637,6.2959553091201235,2.149907538883617,3.425335003060671,140.018069,0.0,5.665559543325344,0.5807960412744382,3.5555832355459844,14535.305719921105,15354.77599323753,13122.090729783038,14840.969287123135
LOG00008,Idle 35,140.5,141.0,36.42110453648915,1.2203438108523081,40.85477923840983,22.513076923076923,88.0,1.9598613080759848,6.346074950690334,14688.045928430543,12285.714285714286,0.0,0.0,2.028272355612444,1.7688454472721864,0.9634168189922364,2.8534274859298403,2.1640152371204353,1.0939283046148962,2.2616231609018365,1.729960458083193,0.9654830413365423,0.3861146253355467,0.38086728083925786,0.27659792761488644,3.933783128614236,4.478850955645654,5.783530686381257,1.6457440963289778,1.9224753573694848,5.2969046820804095,5.3076923076923075,1.9029848876012119,2.743214467568433,140.500503,0.0,4.795274854346085,0.3514971802033647,1.78946711764908,13639.954916877996,15830.45928430544,14251.028458720768,15030.741053817977
LOG00008,Idle 35,141.0,141.5,34.99211045364891,0.7740979885562144,46.9216804289228,22.700177514792898,110.0,1.9658939292832223,6.289901380670611,14114.856297548607,9700.0,0.0,0.0,2.3665104280076843,1.506528024925048,0.9273277778835636,3.3551657039749667,1.583182045334774,1.1907236569139261,2.6431592981371215,1.4110619896793621,1.2253627043708606,0.43722457770583384,0.5296239567482992,0.31333751484730504,4.684067235549026,7.311000163069774,8.067051494051057,2.1149124075190766,3.096478169429459,6.172567676095284,4.760537983620247,1.983683227704676,3.266348580020335,141.421964,0.0,6.842721901388404,0.4358314908013777,2.6515119785917767,11315.187376725838,15228.261482107635,15072.161172161173,14843.815159199776
LOG00008,Idle 35,141.5,142.0,32.40158102766799,0.7606668792198243,41.618974190604725,22.426501976284587,108.0,1.929908214718871,5.765138339920949,13175.663466967815,7285.714285714285,0.0,0.0,2.3558799738961045,2.0350484020304878,0.9033379054323053,2.792450948815076,2.2656214163069883,1.1982437495129097,2.500054598014211,1.847727464511313,1.0264935412583862,0.3800432893278743,0.7153328833243346,0.5478795936304046,2.972386087922983,10.961246569856964,14.026692996398845,1.8163836500688049,3.820159570332833,5.830612954984239,6.676902550433411,2.2013169297049835,2.7579189672229245,141.861973,0.0,10.420046734317841,0.5645960458135456,2.991059068878682,8143.534726143422,15140.90909090909,15644.099378881987,13774.110671936758
LOG00008,Idle 35,142.0,142.5,37.655029585798815,3.946639814769907,30.53797722540533,22.459723865877717,110.0,2.6643864499015426,7.5400197238658775,14638.778529163144,7342.857142857143,0.0,0.0,2.6079232906766956,2.0213202925248512,1.0921707269874772,2.9899352696528214,2.8639798614388265,1.0771538489844492,2.6204817195052126,2.1604639235106156,1.0059096909489358,0.4245834993319302,0.7551914470541704,0.46513527589901,3.5732159604416247,7.699331026096781,12.392195788293296,2.037665407081536,4.140296958189631,5.409466463171166,7.84250795131694,2.3331309023527504,3.4363456885430037,142.428258,0.0,8.672064095026924,0.5677253134202508,3.262984769594479,9550.831220061991,16446.210200056354,16604.14201183432,15953.930684699915
LOG00008,Idle 35,142.5,143.0,40.20788954635109,5.517997886388733,22.865332233744727,22.534260355029584,100.0,2.7977542880259523,8.000394477317554,15766.8920822767,10842.857142857143,0.0,0.0,2.135921708059211,1.863062468455504,0.9183518998107927,3.433282215561753,2.6059179541153497,1.0675402625477435,2.582314480023113,2.094121277487868,0.7606721795502867,0.5203750775793718,0.4527612195625366,0.3166518655301275,5.4016918693817155,5.3307185997698205,6.120997416048406,2.6210826386710844,2.3861435567754885,7.102101253085102,6.7388596065539295,2.004141125810018,3.2831956582507424,142.500277,0.0,5.629133894568735,0.4381975761568453,2.5063674184249356,12520.540997464073,16486.869540715696,16573.091011552548,17487.066779374472
LOG00008,Idle 35,143.0,143.5,26.043392504930967,4.828336265677919,24.733839713755074,22.62800788954635,47.0,1.5433820340002522,3.5413214990138067,11245.224006762468,7514.285714285715,0.0,0.0,1.4378024037083512,0.9491899136759231,0.618658647741741,1.7480023634156339,1.4425191786410476,0.7380196273125128,1.4609361962406946,1.262700434036186,0.6834136926513972,0.2819320237243334,0.5346184726915209,0.27519518708824087,3.610444089026954,9.749578494234443,4.689704821244832,1.106059861387384,2.9854918999341242,4.1812958175670785,4.188836483417874,1.2182440733148716,2.6847010324249827,143.493788,0.0,6.584904925804054,0.38342099070553615,2.251280780083257,9692.561284868976,11931.614539306845,11532.516201746972,11824.204001127078
LOG00008,Idle 35,143.5,144.0,19.38974358974359,3.5940139435131573,26.712371276925246,22.620650887573966,61.0,1.1518153126611015,2.38905325443787,8600.887573964497,6614.285714285715,0.0,0.0,2.059638657939938,1.0044435075591902,0.38134735315425894,2.6126175491933408,0.9769164936444953,0.340999912030198,2.2619384356289296,0.8609895298261456,0.14615369647035514,0.27729983965403915,0.35951793270797894,0.24953855846781442,2.0625703928891084,5.513534912734735,3.8076581864494097,0.6576345279391775,1.664927517120525,6.059859197301886,2.7642405179408036,1.6203422726631607,2.8048128109307355,143.518409,0.0,4.047695835262442,0.29911972919048624,1.2657935869648926,7577.23302338687,9371.851225697379,8719.836573682727,8734.629473091012
LOG00008,Idle 35,145.5,146.0,21.34102564102564,5.627410141856375,36.182289065468595,22.6067258382643,128.0,1.5331373455733983,3.3556410256410256,9130.5438151592,3714.285714285714,0.0,0.0,2.0714181085353234,3.474631104631922,0.7556677745335639,2.176977865418834,3.5317957758682508,0.5818648286642839,0.7460138282920606,1.6383447706665928,0.36500115499237196,0.40334630655118076,0.4527648153363287,0.33712215567265735,4.475600775604567,7.253274227920125,3.721492986076606,1.9128421585889892,2.3451425379950406,5.938873374851888,7.6377552801802375,2.8604050669130507,5.29864914198694,145.91875,0.0,5.369373004160414,0.4005561004655064,2.1399367569146994,10097.154127923359,8605.438151591998,8391.2651451113,9428.317836010143
LOG00008,Idle 35,146.0,146.5,44.134122287968445,9.178553134446103,15.548330118657391,22.465305719921105,131.0,3.717626610339836,10.268599605522683,16365.152155536773,11314.285714285714,0.0,0.0,3.688482744334055,3.267575993823021,1.1788304850743738,3.899636865648343,3.385452194382008,1.150256281801421,1.2853852041250868,1.2794993489994229,0.3357507743437896,0.5832389333314489,0.7877059682382189,0.49950560052781906,4.878523409701643,8.273708083224921,6.02742849167464,3.1600192629301924,4.7477379098310175,8.618016997112774,9.925362487729126,3.484390752388327,5.952835666442981,146.321273,0.0,6.546860069979594,0.6351257593869036,4.032786691763928,16952.80360664976,17158.918005071853,15209.946463792618,16138.940546632854
LOG00008,Idle 35,146.5,147.0,39.264426877470356,13.773150807624024,24.21000808292494,22.528774703557314,99.0,4.3326569389979115,8.453498023715413,15448.228402032752,9757.142857142857,0.0,0.0,2.173977244974457,1.9687737499474502,0.6313080610350986,2.470552065627575,2.2998960055965343,0.5755928568166162,1.4788540029855464,1.3343897516725947,0.21572532311777315,0.3695598732551939,0.5314839049273089,0.29772689682660763,8.827125070139218,5.71935323088979,6.745427263995492,1.4847954374620551,2.8120067326660663,7.022971905635945,7.164360630307963,2.0739150344395596,3.200086217177768,146.603434,0.0,7.214104873034572,0.41137612400785456,2.2485550199703166,15464.313946922643,15896.809712027101,14019.11349520045,16412.676453980803
LOG00008,Idle 35,147.0,147.5,22.19033530571992,3.760309338013344,30.872858360232136,22.638757396449705,47.0,1.2897764136369032,2.9512426035502957,9816.272189349113,6928.571428571428,0.0,0.0,0.9678001279689602,1.8461691639672435,0.49516277217958954,1.0211647005107132,2.0702592898797194,0.4825846102759597,0.49208992469968027,1.8080104362840301,0.28547874287179514,0.2978112748533781,0.35668470927085094,0.2515660927442287,2.4511530464527453,6.394148323667496,3.773233602578697,0.8870040569057283,1.6387256139447477,2.6032902864609344,5.244138269848907,1.4739365097724266,2.822480805521603,147.433146,0.0,4.514073395571653,0.3050688645076843,1.317611064534184,10098.929275852353,10000.309946463794,8468.272752888137,10697.576782192167
LOG00008,Idle 35,147.5,148.0,34.843786982248524,8.821435692142167,36.93957042607767,22.425009861932942,43.0,2.599267858345754,6.651005917159762,13759.129332206256,8057.142857142857,0.0,0.0,1.939615098670036,1.900780471647819,0.7834505560471402,2.959099436118721,2.29541989639048,0.8209965329047293,2.151521331275086,1.8094803228543808,0.5103350234005092,0.5004424044405069,1.1249250157825437,0.4194351542177921,4.871603024573218,8.270647867966355,6.189654566082458,2.334145427784642,6.704368742281648,5.865016802254686,8.768218565064041,1.920295957969302,2.8157642183327605,147.820872,0.0,6.59413769526521,0.7509604383475105,5.019800549351097,13898.788391096085,14146.520146520146,12159.678782755705,14831.530008453086
LOG00008,Idle 35,148.0,148.5,30.821104536489155,5.370902719157918,46.88245904207305,22.464201183431953,35.0,1.4686409930096145,4.817317554240631,12838.179768949,8942.857142857143,0.0,0.0,1.2921067585739392,0.9591679568307525,0.6352541793406613,1.6082617675787516,0.8687743766579874,0.7762606727688302,1.274178586795993,0.6423093666670802,0.694117025080996,0.3269618921493077,0.5556634545595881,0.26205863790389505,4.317033370836613,10.260401570834729,5.218108801608549,1.278593035337847,3.0365496761818322,3.4930192429977627,3.8579306877290445,1.1378802759876216,1.61296509013419,148.278645,0.0,7.097916994563246,0.40180454757298617,2.3297461327293187,12183.544660467738,13630.515638207948,11912.369681600452,13626.289095519864
LOG00008,Idle 35,148.5,149.0,38.08856015779093,7.758854920816504,51.51926502495843,22.543510848126235,74.0,2.638072659484566,7.719546351084812,14795.259227951537,10557.142857142857,0.0,0.0,1.3128517776586552,1.6022805840230823,0.7840005359551163,1.2346365306778029,1.652372683049959,0.9882431565885892,1.1075085874354957,1.0132240009490459,0.6822386143570064,0.34148726942031477,0.42010238588674803,0.3082483026541911,6.768410631633594,6.749934434305566,6.657262425810001,1.5126998784438932,2.1497561487441756,3.379366559459815,6.096851452441341,1.4647325455588884,2.567802269537819,148.929789,0.0,6.725378312827128,0.35968346542159846,1.8587243503687627,13714.370245139477,15981.769512538744,14199.295576218654,15285.60157790927
LOG00008,Idle 35,149.0,149.5,33.122134387351785,4.61089363447285,58.638899697596656,22.45930830039526,90.0,2.266364930442594,5.546877470355731,13721.259175607001,6914.285714285715,0.0,0.0,1.5430226038921164,1.3514043277595262,0.7158750182211874,2.227119623488644,1.5974627832834378,1.0365755206909097,1.7373280749207232,0.9038164887419662,1.025482329234979,0.38248754099023213,0.5950448409942861,0.4473526480154679,4.7259266265139255,7.100060292241112,6.5260710783304665,1.7303315604448501,3.325840993383741,5.067138179294427,5.964320793656581,1.4503814003925286,2.0750386966522747,149.06791,0.0,6.200398975121778,0.48321819553666123,2.650968278039484,11481.338226990401,15686.420101637494,14410.813099943536,13306.465273856578
LOG00008,Idle 35,149.5,150.0,28.098422090729787,2.1973171456135923,53.61832466309968,22.6203550295858,101.0,1.871853349716491,4.630887573964498,11627.049873203721,5685.714285714285,0.0,0.0,2.0399763783758935,1.5938913985070746,0.9006794572579523,2.2419452238249535,1.6161611939392722,0.9139589767516176,1.0204517403196527,0.5703081094103087,0.5535406521227215,0.3705244568943438,0.6848686107540409,0.4437085137255993,3.5784976815097247,10.637858319019196,6.671602659370459,1.5633540719789027,3.734008223543308,5.350625320604967,6.633695588415503,1.8305727812035315,2.8204109385545326,149.927218,0.0,7.53834547091547,0.5174329690261334,2.8624197253252426,6563.341786418709,14139.588616511695,14459.70695970696,11345.562130177515
LOG00008,Idle 35,150.0,150.5,33.17573964497042,1.6779058503589845,39.947755663052966,22.46577909270217,101.0,2.157548043786923,5.737830374753451,13379.16314454776,5914.285714285715,0.0,0.0,2.8069248347940308,2.2766309668415956,1.190885278518384,3.0994043986463495,2.3188065393665207,1.220161838718575,1.1604274785492532,0.6190765062530877,0.8280723730966749,0.464624864798839,0.8139522429035555,0.5871694496970556,3.3329182711866543,7.339578081339013,7.561130791321115,2.2372166629241708,4.447500096574135,7.42218009727935,8.226214891421339,2.5555699547621074,3.6601729047754583,150.115652,0.0,6.380920765791987,0.6385302084669688,3.520326370231354,8027.190757959988,14970.047900817131,14183.6291913215,16335.78472809242
LOG00008,Idle 35,150.5,151.0,28.365680473372784,2.81963488908842,27.454878111433857,22.559171597633135,67.0,1.6824163935890653,4.343491124260355,11951.859678782756,6828.571428571428,0.0,0.0,2.0093863674256864,1.9510392224771531,0.7650917997123762,2.682689153036421,1.7659449434580115,1.0986522774609857,1.4149778075974961,0.6540953205505515,1.0866267921019466,0.37460800302760877,0.5377411260846632,0.36016214948477476,7.427287560540044,9.21332025718059,12.200070706970832,1.698300659745386,2.9198511686561477,7.1959061339596,5.5993800727590415,1.9804276837643493,3.1034957320967704,150.762838,0.0,9.813113605840822,0.4317458544624866,2.3884886411697965,8102.451394759087,12559.904198365735,12566.751197520429,14578.331924485772
LOG00008,Idle 35,151.0,151.5,26.031952662721896,5.128983729393037,21.179356992067937,22.51041420118343,37.0,1.9969324190245206,4.369842209072979,10811.43279797126,6928.571428571428,0.0,0.0,1.547498739783681,1.0649507022606395,0.5949736877718801,1.7758655610897074,1.134699360685694,0.7836354649370703,1.4239540835970488,0.7006213735202845,0.7487300240023447,0.4556241379215318,0.6901454903493962,0.5003278806679331,6.270316416369712,10.35226861665461,5.9034114762119145,2.116460801755247,3.928730688746748,4.5771924075032855,5.475604854325233,1.3283208098719057,2.0543588230973544,151.373524,0.0,7.774672566100733,0.5580388699364985,3.1554976746994248,7788.081149619611,11062.97548605241,11723.189630881938,12671.484925331077
LOG00008,Idle 35,151.5,152.0,35.637475345167644,6.768497624698259,25.305781439561002,22.54441814595661,56.0,2.470972581727496,6.783293885601577,14424.873203719359,8557.142857142857,0.0,0.0,1.1630021454425994,1.3942764794799363,0.48611404214232273,1.1880134721312001,1.613965272810367,0.4887293832604523,0.2425815344863609,1.458883391424276,0.027971763673790187,0.4460681479220686,0.6054449707450872,0.36661534615184027,5.369247323526802,6.220624216383178,7.5389337517667,2.0734286105322184,3.4733785540479083,3.5612421652239314,5.961248959058309,1.2838576423293693,2.121469717234106,151.983227,0.0,6.438439370328281,0.4830276794088092,2.860372771396545,12159.453367145674,15318.512256973796,15013.412228796844,15208.114961961117
LOG00008,Idle 35,152.0,152.5,28.173122529644267,3.2048488665947663,30.831973578165346,22.54393280632411,30.0,1.5289533090342116,4.188339920948617,11744.536984754377,8557.142857142857,0.0,0.0,0.8642132316582403,1.4013725841342708,0.4631483377843774,0.8473780411092372,1.2123540420387011,0.46314830986315925,0.32001221242178113,0.9115756114374267,4.3645218334557933e-07,0.2797301480274649,0.43937262645680414,0.25542546564268265,5.581398718396114,7.7004658747902575,5.907875765485445,1.0125196562381353,2.215102654467902,2.1269027751685696,3.929467071048006,1.1641970686564072,2.0709968990046965,152.000985,0.0,6.464059158220767,0.33493254499665004,1.7221898594666227,10275.437605872388,12356.60643704122,12265.782044042913,12080.32185206098
LOG00008,Idle 35,152.5,153.0,27.94990138067061,2.409140833647792,33.67973776654978,22.560808678500987,22.0,1.4042942434400325,4.256015779092702,11887.764158918004,9400.0,0.0,0.0,0.8917853204930591,1.189239132434538,0.5660842210963251,0.8619962070683324,1.1386244729335264,0.5660842210963916,0.5082504809161693,0.870638350766301,7.056105405867388e-12,0.28088667284035285,0.41477020498746825,0.23801188679672208,5.227526296733018,8.273086091455758,3.9106176533195343,1.045327948842873,2.313130717947974,2.3742537496759057,3.753499353463339,1.051087715645217,1.7425506658018457,152.548536,0.0,6.084513540953194,0.32019853434039186,1.7948933448740847,10860.101437024516,12487.207664130741,12051.225697379543,12152.521837137221
LOG00008,Idle 35,153.0,153.5,25.43491124260355,1.7103652394962763,33.89610921135733,22.655384615384612,17.0,1.1570643057727956,3.6576331360946748,10937.85573400958,8942.857142857143,0.0,0.0,0.7032600964820043,1.1545815861093391,0.4896345479764278,0.7823625157917268,1.1092197789809206,0.48963454797642764,0.5070158537974613,0.7953348915723724,7.943431904819465e-14,0.2374020578624248,0.32461877704561376,0.23489225587151671,4.218824473566557,10.919287927194983,3.404235625643071,0.6595452445352915,1.3651762882351113,1.873199332597834,3.0592440829352534,0.9559376031642008,1.585489582718782,153.416727,0.0,7.038421910500669,0.26889369606861013,1.0720788747915224,10139.673147365454,11433.220625528316,11024.626655395887,11153.90250774866
LOG00008,Idle 35,153.5,154.0,23.683234714003948,2.174909594833378,32.930754944652705,22.66102564102564,2.0,1.2698273768213728,3.245601577909271,10201.951253874331,8785.714285714286,0.0,0.0,0.5497565999356853,0.5631696545953523,0.4717044004356771,0.5397798076483523,0.5490307474028002,0.47170440009575354,0.0868437482313266,0.2986614666921709,5.044908760358735e-09,0.24755131332498775,0.29799897847715384,0.2311225860702065,2.855947630620853,7.723518903071139,2.9536403959708117,0.5788886360593247,1.1433004404570328,1.3910108707711635,1.8589301497837802,0.5565035395349671,1.14414521431122,153.507493,0.0,5.050847212882763,0.2604500551571795,0.9061589126935383,9398.224852071005,10880.95238095238,10374.18991265145,10154.437869822485
LOG00008,Idle 35,154.0,154.5,26.2560157790927,3.0808593897860184,32.200014742798466,22.643471400394482,5.0,1.5664248952921243,3.559546351084813,11254.247675401522,9371.42857142857,0.0,0.0,0.6715980731511743,0.8039709293551112,0.5124724095087511,0.6071715634883518,0.7750735313287299,0.512478256129994,0.22995675098524357,0.5463305863666296,0.00033233641058774113,0.3058917549732773,0.373377155482399,0.23292324547711205,5.458588554406945,7.94855686109453,4.221524429970271,1.1540504962892255,1.7743230786117394,1.9143391235825735,2.602532524754746,0.740747334490139,1.077569716181031,154.064912,0.0,6.077198194705387,0.3094260839470121,1.4966721309758608,10475.091575091576,11825.077486615948,11246.153846153846,11470.667793744717
LOG00008,Idle 35,156.0,156.5,17.07593688362919,7.751193383970029,29.904920601380805,22.60128205128205,85.0,1.4150684635327668,2.6359960552268245,7653.205128205127,3442.8571428571427,0.0,0.0,2.2792064149051123,1.7714342284993068,0.7009790053050959,2.0295710113919814,1.473340184868906,0.5654324520242265,0.6816285072473085,0.6166507364621892,0.35338852360012685,0.3066029428472135,0.4203784796297101,0.2924663658834463,2.118460307809531,5.558968056596328,3.3257404925322076,1.056792378612701,2.0535993556652508,5.169703885552808,4.58859747901879,2.041171368068289,2.9480992241139496,156.381406,0.0,3.9349099843025295,0.344606058116331,1.6331075355105407,7988.278388278388,7443.082558467174,7293.293885601577,7888.165680473373
LOG00008,Idle 35,156.5,157.0,42.30986193293885,9.109101013970184,10.208762802342518,22.376883629191322,93.0,3.910313377310155,9.674990138067061,15781.875176105948,10842.857142857143,0.0,0.0,2.1974980002364526,2.384872689619418,0.9008395617644567,2.1796484235162055,2.447550431001404,0.9222061968515438,0.14993494900033028,0.6824391259985818,0.28580111762543137,0.5980477393391478,0.6139708985168315,0.4156173182212176,5.671733475705759,6.690358423808783,7.177180451641209,3.0311632175557714,3.5433241002399343,6.830001111813726,7.706909218625974,2.2930999985538967,2.850084536460848,156.779,0.0,6.543224885174259,0.5499573068156072,3.2972030670557886,15473.908143138913,16650.380388841928,15174.330797407722,15828.881375035222
LOG00008,Idle 35,157.5,158.0,47.0457593688363,20.79768698178226,52.43114687190016,22.064930966469426,43.0,5.362666151055897,10.366469428007889,17116.885038038883,7028.571428571428,0.0,0.0,1.8308246842567322,3.1844505342077616,1.1017090732640218,1.74242009558845,3.8519078408437464,1.4160820281319122,0.3442425773603675,2.0360284732282605,0.9811200360539462,0.7613499140868221,1.0198911591895679,0.5844025346326525,4.900169119257143,7.2759679593295274,6.735621884072217,3.4418736587829772,5.14217182384937,4.54931340594196,8.875092021080288,2.597368305545044,4.340455045906149,157.641272,0.0,6.3853992124665115,0.8085703413552671,4.375410000732187,16702.648633417866,17839.92673992674,15614.76472245703,18310.200056353904
LOG00008,Idle 35,159.5,160.0,38.7199604743083,3.58999719224611,59.31746705869605,22.35606719367589,138.0,4.047110208281846,8.243023715415019,14799.809429700734,9157.142857142857,0.0,0.0,7.125942656545142,5.362765278540631,1.680225833331458,8.024402773746989,5.6895808905189735,2.011736510697209,3.3813839672725905,1.2821309006648605,1.3358104833258693,0.9682643617676306,1.0138972107429458,0.6211401709138075,6.100587786008507,8.593715084088913,6.107130394507786,5.477627213642935,6.436238036914702,17.41665642276429,15.022118080369138,6.306279020828789,11.303093586648574,159.996238,0.274703557312253,7.032452202392712,0.8853132289655896,5.976184399743257,10732.72162619989,17179.220779220785,12746.103896103896,18541.191417278376
LOG00008,Idle 35,160.0,160.5,34.20828402366864,4.071482874220424,19.45135841785452,22.43455621301775,64.0,3.1040903931192783,6.420177514792899,13710.411383488306,8814.285714285714,0.0,0.0,5.851114107577147,3.6877888608341474,1.3930395290869477,5.896023406369987,4.503332989610751,1.8136820985720594,0.7937387036945656,2.0568869257194984,1.2525964579494941,0.8326097041983908,1.192672542620579,0.5517289860396445,5.639466354868199,10.073049113370942,6.084146210341703,4.646239657657674,7.514623772421694,14.338951240674673,13.575996917637111,4.890568626549513,11.29843437889927,160.002157,0.1873767258382643,7.534072256907035,0.89816694578137,6.24728394574139,11230.149337841645,15895.519864750633,11162.073823612287,16553.902507748662
LOG00008,Idle 35,160.5,161.0,31.484023668639054,4.970850056028515,11.574651365966,22.337692307692308,24.0,1.9790051109899491,4.940552268244576,12880.973513665822,9171.42857142857,0.0,0.0,0.9683337806631372,1.5850906279710415,0.5135281026448268,0.9395134851379001,1.8791249928215683,0.5511859127561936,0.6907057368663676,1.5241113189678068,0.16137630251280718,0.350302348290962,0.5466399728491279,0.28677067893766717,5.731890041004547,9.30822662763962,5.274008159258751,1.5093230431822366,3.0896216325116983,2.5964624697849903,5.27058751015194,1.3134273123502105,2.401250881492401,160.986754,0.0,7.007443862484004,0.40978222567319356,2.431441741103942,11185.686108763031,14091.744153282614,12110.228233305157,14136.235559312481
LOG00008,Idle 35,161.0,161.5,29.3025641025641,3.4887100713397197,28.576363548463608,22.402406311637083,58.0,1.2856405441390415,4.403570019723865,12254.346294730909,8928.57142857143,0.0,0.0,0.8502270015709799,1.502938949248275,0.8791097587761899,0.8394749672127504,1.8408873534794312,1.3447427510913823,0.5272465524543857,1.5172091604247684,1.3904588756418201,0.2712384055527463,0.3850327304327636,0.29478931675934256,7.607059518501672,9.671632381976352,6.032205695721114,1.2030982779171138,2.091258443127168,2.7499327587260733,4.361839179250081,1.2210060277017245,2.5333613656388256,161.050882,0.0,7.911917867066339,0.3207913223196379,1.7059905249264704,11468.66723020569,12964.074387151311,11493.970132431674,13090.673429134968
LOG00008,Idle 35,161.5,162.0,24.60729783037475,1.7848380707813474,38.191078926039644,22.479487179487176,55.0,1.2193955887894743,3.3141617357001976,10544.25190194421,8414.285714285714,0.0,0.0,1.4942671943048809,0.8579418726918963,0.6702941954989262,1.782221651118176,0.7071523677719488,0.8424104367300654,1.5370116699828984,0.5508961844337269,0.7189945034205516,0.2637865061452477,0.3163741727810505,0.2492285314414898,2.6809001490655957,7.455749423418256,2.936228371368791,0.7006450059966398,1.502951127316676,3.0547276387176585,2.60442651563548,1.218379806319412,2.1913195552902414,161.742477,0.0,4.878417165532712,0.2779633062784202,1.1725539466332664,10524.823894054663,10871.625810087347,9684.023668639053,11096.534234995774
LOG00008,Idle 35,162.0,162.5,29.124505928853754,2.166952709320453,42.15984792918058,22.56980237154151,40.0,1.6112386042840776,4.304466403162055,12085.262563523433,9900.0,0.0,0.0,1.652664020013132,1.7402455389047715,0.6033268328003469,2.0376903821088304,2.275255880906337,0.5737236408489956,1.6126140417185224,1.785954816004441,0.17139199986639864,0.3468064820196977,0.4434385715867274,0.27915361683830753,8.91333467264914,9.727357806781143,6.214712604143289,1.445513888255686,2.535282435398079,4.539027076193639,6.27372965583204,1.6970198730014812,3.0472272933014968,162.498201,0.0,8.420049042610398,0.3627851726737028,2.0636336191749356,12350.705815923206,12334.359119141729,10994.184076792772,12661.801242236026
LOG00008,Idle 35,162.5,163.0,38.628007889546346,3.59195416038026,45.367027864952604,22.27984220907298,16.0,2.1947917388447693,7.80414201183432,15020.801634263174,10871.42857142857,0.0,0.0,2.1730828794626973,2.344347823334912,0.724426448526805,2.6293577318124948,2.6770576180531425,0.7053037885283716,1.2292049926104875,1.7071274999701271,0.16670977455627656,0.4294196434909488,0.6145032885342726,0.3077488816538738,3.560221414471386,6.078549823082578,6.674895323737895,2.011705727658264,3.5246975909661726,5.114854416324793,7.403021932144376,2.2603380187251885,3.4146671824772605,162.58502,0.0,5.602921025519214,0.46787637113327973,2.8697084383658034,15270.695970695971,15177.768385460691,13596.027049873202,16038.715131022826
LOG00008,Idle 35,163.0,163.5,36.89605522682446,5.546676974946857,50.14732674408896,22.34842209072978,11.0,1.9582772618917217,6.58189349112426,14843.110735418428,11042.857142857143,0.0,0.0,1.2275155827908277,1.3928395157215894,0.6668017445429043,1.2328479798121625,1.318925472194722,0.595820686148627,0.9253976348205021,0.7804807814735327,0.17244822397627252,0.3277499721147707,0.4581296369593226,0.28810975582251097,4.732380860379671,7.962871617496402,6.583187835693423,1.3886356407010647,2.417279447474185,3.0447030992404915,4.65029531839898,1.3127826214857237,1.68702469548944,163.286482,0.0,6.561024185405797,0.3652898574565229,1.9712367779907054,14777.59932375317,15311.862496477883,13363.905325443788,15919.075795998873
LOG00008,Idle 35,163.5,164.0,28.075739644970415,1.556694265664182,51.607595647748774,22.558757396449703,18.0,0.8714764357427053,3.8494871794871797,11991.715976331361,10300.0,0.0,0.0,1.736894895340115,1.3273148512939983,0.4961605039674515,1.6683000037102478,1.0753642792494273,0.5067101640166595,1.249699340951492,0.9448194468846257,0.19045241998651039,0.2662292706840315,0.4291869669161351,0.2506773108835172,7.23702350631032,12.274111251718612,5.8547256172410265,0.7888982163340881,2.3929174926701053,3.2191488210627823,3.6349714925263568,1.5457309908137569,2.6695693117614487,163.758071,0.0,8.893932919011547,0.3255347351315035,1.7816305063707356,11501.493378416455,12659.28430543815,10869.850662158355,12936.235559312481
LOG00008,Idle 35,164.0,164.5,30.86785009861933,3.829297924797568,52.33061945331503,22.50830374753452,28.0,1.363297864053044,4.830118343195265,12706.92448577064,10085.714285714286,0.0,0.0,0.7109092343604106,1.4772793922352223,0.5989614791749323,0.694527733094137,1.5139789417952212,0.6258000038388644,0.2936419302805944,1.1856072430955862,0.30610283771507174,0.2919901332052198,0.3816203621199238,0.2374824573592381,4.863200461230706,7.66073690537092,5.264984997890391,0.9512345567482436,1.8331179024162492,1.9616641488138629,4.071355656735136,1.1592554382494336,2.3256436408771894,164.492096,0.0,6.05688797121199,0.3094566508291191,1.4603370203673833,11875.542406311637,13631.2764158918,11902.874049027896,13418.005071851227
LOG00008,Idle 35,164.5,165.0,41.142094861660084,1.8372051829564102,56.74130310905509,22.247252964426877,26.0,1.9168030717934974,8.446106719367588,16040.965556182948,13957.142857142857,0.0,0.0,1.2309802283320628,2.0632144965122907,0.6055772188394856,1.2188834210155195,1.8974848848165802,0.6323660293484694,0.2878475628993668,1.2557182991359912,0.23434359059317944,0.37473471752623483,0.4846435017370023,0.2725170170225336,2.1776612183721493,3.851441561284316,8.209548711427196,1.649268336340039,2.66108069482376,3.497881911330434,5.762081310400608,1.6988476066385299,2.454718467751427,164.573997,0.0,5.384313652555486,0.38711365982194895,2.2137565933970182,15125.296442687748,17074.251835121402,15446.696781479392,16517.61716544325
LOG00008,Idle 35,165.0,165.5,29.346548323471403,1.836889929889308,58.00913007871539,22.54264299802761,12.0,1.4262056737994213,4.110907297830375,12443.272752888137,10471.42857142857,0.0,0.0,1.1388259387940072,0.7288984925340602,0.6192354802378802,1.0268628709408183,0.7153655095471009,0.6999148378886336,0.6940941642053707,0.44561770326574446,0.7358644411208183,0.2649159820278016,0.4188986839081967,0.25613316890879734,6.262824508818079,12.038996235640804,5.977352996884586,0.9343150180571649,2.082957953096459,2.350877967682481,3.0938636218252493,0.9560903543307188,1.4837808852085796,165.457971,0.0,8.56133069951533,0.3221080487088333,1.6142580938832163,11437.193575655112,13574.556213017751,11789.433643279797,12971.907579599889
LOG00008,Idle 35,165.5,166.0,26.371597633136098,1.7225909375989836,56.017143586921236,22.55767258382643,46.0,0.9609356391702638,3.5287968441814592,11365.278951817412,7757.142857142857,0.0,0.0,1.5308062591400773,0.6355338482483536,0.5887148255466543,1.7268236631093783,0.5591723859819073,0.6868999065298887,1.4229459414495822,0.31108141627037056,0.6443876949656837,0.28954339735216533,0.467467539176383,0.28340534114797555,4.662096664837805,10.838597778971742,5.004207691735509,0.8828667337714055,2.514399148555725,3.508232077228117,3.1138806119508238,1.172021986844061,1.906880371536815,165.874314,0.0,7.399379292630965,0.3571553660640599,1.8843641829351814,9600.817131586362,12988.024795717103,11391.885038038885,11480.388841927303
LOG00008,Idle 35,166.0,166.5,25.45956607495069,2.596257777420712,53.68754900649384,22.408244575936884,49.0,1.3891276323905752,3.765857988165681,10766.948436179204,7385.714285714285,0.0,0.0,1.3706215909492352,0.7205195114164736,0.6241531375306527,1.5113707202209952,0.5896623313150178,0.6655096308872493,1.3035905914221415,0.33411864398536967,0.6148399715630917,0.30377856774460943,0.4997344228265652,0.334196195805492,6.286490196932866,8.181800647479772,8.436481743811843,1.0680629137630835,2.7289632373071355,2.8217945805519484,3.388692183424742,1.094931941242936,1.923122556147901,166.490933,0.0,7.694934373662195,0.38888859110274293,2.072196749627063,8060.467737390814,12579.85347985348,12020.73823612285,10406.734291349676
LOG00008,Idle 35,166.5,167.0,29.160276679841903,1.8129810585621633,51.47071227451585,22.512450592885376,81.0,1.4884150087017607,4.519446640316206,12180.187747035574,6828.571428571428,0.0,0.0,2.1721851855268137,0.8840183001618667,0.7784861678064355,2.8817766773621765,0.8435193966036395,0.9262824669742165,2.30889334192801,0.2760882431669825,0.7780443128846832,0.3581317205715925,0.5511627476775537,0.3025710856973342,3.783590032707985,9.57485218394759,6.533585226939356,1.4961854239024863,3.0720519234698407,5.311074268114025,4.184008706223607,1.6582938272880394,2.55493999897853,166.704034,0.0,7.039912021176904,0.41776706652036893,2.416202996769209,8350.028232636927,13871.287408243928,14250.959909655563,12248.475437605872
LOG00008,Idle 35,167.0,167.5,31.902366863905325,1.6820300732109472,46.981455876432555,22.464181459566074,95.0,1.9094569636607126,5.4668441814595665,13035.594533671458,7071.428571428572,0.0,0.0,1.0241670152264997,1.1233458209696219,0.7082965526653222,1.137752483748232,0.977660664018091,0.7655724773747307,0.802623293278343,0.5888368713149688,0.592431974438915,0.40761551705086285,0.6775275076856345,0.41044006989814585,3.1693553913437063,9.39575813621093,12.378796355094629,1.5864976685198844,3.632064726767634,3.4652401859540825,4.887491582038484,1.0749009044018598,1.5176090076201785,167.000004,0.0,9.157140815627939,0.5143458578263411,2.8025764067772236,7865.08875739645,15087.996618765848,15060.918568610876,14128.374189912653
LOG00008,Idle 35,167.5,168.0,29.167258382642995,1.0887958072863102,38.64124316690848,22.54033530571992,85.0,1.6903698853878903,4.291617357001972,12237.235841081996,7242.857142857143,0.0,0.0,1.9874723433410362,1.186294184912374,0.7309855666228527,2.4773774426884705,1.0465205772774075,0.7874524864569624,1.7124374019324304,0.691819391886963,0.659296502519685,0.29940379100014325,0.48649570499728917,0.4124177873965597,4.061542667358494,11.424000950846644,10.98098605054863,1.0354031051191988,2.386726341835147,4.4540166479036385,3.816811147709316,1.6366643224409858,2.701199544559665,167.839573,0.0,9.444327772196779,0.4067796833697331,1.839636135340392,7839.306846999155,13663.905325443788,13224.992955762187,14220.73823612285
LOG00008,Idle 35,168.0,168.5,24.81913214990138,3.2073954293367217,29.106658950363993,22.614378698224847,66.0,1.3462607414645906,3.426646942800789,10733.143138912368,6171.428571428572,0.0,0.0,0.9905204618702784,0.8819090132656983,0.5243020787294914,1.444405718780157,0.8664047125155211,0.6706902379909574,0.9772041352591647,0.5571970927088632,0.5650533490959366,0.2983927203395915,0.5676853947988334,0.2996649325051847,6.488531819204192,8.438243208564227,7.090110163140286,1.0083438052543274,2.8376218693542365,4.852255011664664,3.8121574441119592,0.937788433779972,1.5709561236841991,168.009265,0.0,7.38409677936692,0.40869874593760225,2.1294195339378534,7300.056353902508,11605.043674274444,11475.260636799096,12552.211890673429
LOG00008,Idle 35,168.5,169.0,26.58224852071006,4.040085201487573,23.891490867547258,22.46246548323471,25.0,1.6891037419848236,4.155207100591716,11079.14201183432,6285.714285714285,0.0,0.0,1.5337374622591018,1.2659288278636094,0.5888415210731082,1.4972600864593013,0.9955751867788011,0.667259765421262,1.234036430536621,0.7448875399785609,0.42051814910665053,0.3020000318324656,0.44280334283684736,0.24366953966645577,4.470063210032072,8.137952198144312,5.273062126683099,0.9924310877006294,2.3110292747622845,2.965614910077132,3.866612255619345,1.4062230264707523,2.1213426638917467,168.794572,0.0,6.16476318206476,0.33992825920359493,1.7784509794541628,8460.242321780783,11788.644688644688,11978.5573400958,12089.123696816005
LOG00008,Idle 35,169.0,169.5,37.929783037475346,4.773819189817443,27.989663378078,22.299763313609468,20.0,2.2945402566683017,7.366370808678501,15018.751761059453,10657.142857142857,0.0,0.0,1.5748891446107272,1.1446162010426058,0.7118068961526148,1.7615868700225588,1.0479804653158318,0.6473484379188014,1.2102501785697704,0.6224741417655622,0.34942000744294677,0.4549081156144968,0.4788841331914516,0.3022358014538393,4.421102909275161,6.57649619912895,6.778445754386817,2.1346422347709555,2.8023673213462534,4.194012826606947,4.604260097492852,1.3766666382065622,2.1826956353778226,169.091531,0.0,6.020625106989125,0.4193717071822661,2.4909797343833726,12939.194139194138,16131.839954916877,15477.204846435616,15526.768103691182
LOG00008,Idle 35,169.5,170.0,18.78873517786561,6.231848866705464,37.323922860650356,22.567154150197627,44.0,1.1156365359268223,2.112075098814229,8718.146527385657,4100.0,0.0,0.0,1.2081651345613287,1.9778421336785528,0.39968444130307523,0.8255169895932349,1.5213449505961376,0.399662873806075,0.990720881572689,1.5041978638282791,0.0009083030667654209,0.3128723427994724,0.39616562722579174,0.2978782748985437,3.387728726216771,6.075580426340818,3.2433217225124427,1.2228732462200218,2.0591898515159626,2.373270120992062,4.0673674853484245,1.6388292312080173,2.826934729387541,169.925188,0.0,4.431272173807843,0.33841186629144077,1.6934700795861473,7197.656691134952,9995.623941276113,8869.734613212875,8809.57086391869
LOG00008,Idle 35,174.0,174.5,38.92702169625247,6.177212019100351,44.6465805802382,22.054220907297825,13.0,3.5487999418962954,6.594082840236686,15521.08340377571,11942.857142857143,0.0,0.0,1.0724587014420146,1.6640177874553388,0.7352857224811302,1.0939022410516883,2.0758341079724816,0.5947631873159734,0.485273093938037,1.414692689388489,0.27992072628993764,0.3251050571552951,0.3960157406636972,0.26354472108486865,4.989981419647757,5.700660148316473,6.483116488769604,1.2420340256191376,1.9920987353864996,2.927122706221607,5.130063765747085,1.399843359677512,2.7114842009636355,174.002693,0.0,5.756973745003815,0.33265476851788633,1.6599858270967514,15397.94308255847,16155.508593970133,14019.63933502395,16511.242603550298
LOG00008,Idle 35,174.5,175.0,33.31758893280632,5.758357641229345,56.911754689173804,22.186699604743087,42.0,1.6221726837098867,5.514664031620552,13396.943817052512,8800.0,0.0,0.0,2.407548912532329,1.219752670998583,0.7092787773551175,3.4852322176733805,1.419000459629248,0.6828766662166904,2.486640093939092,0.8842138086782996,0.1678531393998018,0.3337000879310981,0.725956783407098,0.2613342315631195,5.182782173753763,7.360117685774253,5.872701540321543,1.371351569816826,4.428270282054259,4.923726536268294,6.059161553810714,1.9084140463541686,3.868905604132061,174.876791,0.0,6.205405890316435,0.4853399429426379,3.2779706236453663,13036.081309994353,14180.067758328627,12022.303783173349,14349.322416713721
LOG00008,Idle 35,175.5,176.0,33.0887573964497,2.422782203142786,73.92119968161683,22.216153846153848,59.0,1.3124085349047547,5.237633136094675,13471.632854325162,10557.142857142857,0.0,0.0,2.7724565525476934,1.5314051662848593,0.7822234317504781,4.160453561521959,1.5363059986258616,1.6356777761130235,3.3430044063768514,0.894697066445251,1.5725132639837882,0.3819819278054538,0.3892850371317121,0.2751543144873992,6.088999189940163,7.735719124863587,6.069204964991837,1.8043763296342632,1.9759211956753904,6.737103246781285,4.54085117445619,2.239611251879284,3.7283353142178326,175.999509,0.0,6.6771378703991076,0.35268632431933056,1.8920938811887322,12194.449140602985,14908.114961961115,12881.487743026204,13902.47957171034
LOG00008,Idle 35,176.5,177.0,32.7534516765286,1.1804133428141343,64.59225741380652,22.194280078895464,110.0,2.117210247297657,5.8907495069033535,13018.66018596788,5914.285714285715,0.0,0.0,4.218346695630328,2.535891286672769,1.2746702460700579,5.843476697156673,2.685088708406517,1.337209418918541,3.3280997784497037,1.14383661157129,0.946526585911358,0.5258469437903949,0.9545187612268947,0.5848356320092816,3.6091002154115657,9.943873345551355,8.236841773643901,2.7136194614829687,5.262464635391402,10.566591690822177,9.601220336637564,3.480315607984293,5.0314254419676745,176.546067,0.0,7.74062408942362,0.7140620398573035,4.186720949650471,6871.625810087349,15594.815440969289,15012.989574528037,14595.209918286842
LOG00008,Idle 35,177.0,177.5,31.327470355731226,0.3777093484254997,47.644585782134286,22.329525691699608,97.0,2.08623728223139,5.351640316205533,12620.038114059853,7542.857142857143,0.0,0.0,2.2394079134008233,2.0055315309269837,1.02033475596643,2.5722841121723254,1.7114858147556835,0.9477962587339478,1.4173515397662544,0.6942192962208606,0.8409852815720509,0.5590832693807818,0.7767250235932452,0.509380533144553,5.545855499869959,11.40658370846779,9.308387808619509,2.8713440936113694,4.687710889742077,6.549447069562135,7.423123789781426,2.125688655958882,3.2731032831193727,177.007774,0.0,9.083184990581533,0.6259244874381308,3.887110127699197,8711.434217955957,13631.902879728967,11718.915866741954,16417.899491812535
LOG00008,Idle 35,177.5,178.0,32.45759368836292,0.36503563442221965,25.549810764808075,22.24422090729783,82.0,1.995512875956279,5.548303747534518,13038.116370808679,8671.42857142857,0.0,0.0,3.246361337769709,2.7165311310003166,1.0316481617242617,3.3931406993808,2.7547610515094907,1.1881930441953377,1.0655097237270457,0.6074630993328255,0.8203511744424449,0.5564874424249348,0.7727974678138482,0.3967943749785031,6.051445123168193,9.449647926272366,6.35819500608579,3.070139240193607,4.58137527811278,9.427497654815841,9.84855739894106,2.9931925531996604,3.97887199644514,177.659887,0.0,7.446307311785133,0.5956341091225728,3.8996637286488918,9585.23527754297,13536.996336996337,12621.189067342912,16409.044801352495
LOG00008,Idle 35,178.0,178.5,40.80157790927022,6.12870806932095,10.535997630277997,22.165404339250493,70.0,2.8310755728575945,8.781518737672585,15447.316145393068,10257.142857142857,0.0,0.0,2.2561008115695107,1.6637752258128178,0.8464067487179011,3.2442193859846165,1.708728412344995,0.9592428213764896,2.4010459887255307,0.6828221443777703,0.8184020883221373,0.4130070470500448,0.5272477841540426,0.3034693145195427,4.338732563181342,6.6759059815561965,7.1914908997637035,1.8012279982762374,2.982699484773775,6.203803630610779,5.897045695006448,1.9821880427942624,3.098784636277221,178.209402,0.0,6.194348561142167,0.42452274052293376,2.4638302009517585,13190.588898281207,16041.701887855732,15597.464074387151,16959.509721048184
LOG00008,Idle 35,180.0,180.5,11.150690335305722,3.15555527748065,33.038484667807445,22.37455621301775,110.0,0.8690938529813205,1.6136686390532542,5991.589180050718,3442.8571428571427,0.0,0.0,0.9080201739067361,1.6792596691940085,0.42325710777970516,0.969591675443963,1.2963671963440524,0.34216286821420505,0.6064768152768442,0.8376129769177804,0.24235196331140021,0.2609583726282202,0.2792644717557746,0.2690367420036209,1.1798301075848776,1.0152222045790975,1.0685888581642922,0.8535059197241962,0.9361892983734241,2.019139192062567,3.2081011852792516,1.349891416522675,2.6113512997855737,180.000016,0.0,1.0900393502418544,0.26985717579102453,0.8958020867895901,6598.985629754861,6040.715694561849,4197.407720484644,7129.247675401522
LOG00008,Idle 35,181.0,181.5,44.43372781065089,3.7635732670646718,14.24509792893857,22.273136094674555,46.0,3.6841019636844816,9.224792899408282,16884.030712876865,12914.285714285714,0.0,0.0,4.024857639948425,4.5733487581106,1.175418421187683,4.142719025587304,4.629207659254465,1.165366147538711,1.0996158798433888,1.3120071392122485,0.3400322842931207,0.427625612718516,0.5621217297493885,0.37929544445346625,2.413266352595064,4.378660935486483,8.08116582171415,2.0920818700256922,3.1978858979347495,10.918742368571694,11.638625077231541,4.307841564238578,12.193052228896645,181.00335,0.1203155818540434,5.486400371663365,0.46285690297415644,2.7021547667648633,15579.628064243449,18875.965060580445,16471.20315581854,16609.326570865032
LOG00008,Idle 35,182.5,183.0,30.413241106719365,1.315175400154633,22.69611393677446,22.213992094861666,129.0,1.635007487172007,4.840256916996047,12442.934782608696,7242.857142857143,0.0,0.0,3.3321998247892677,3.0468070296854353,0.9547036615265235,2.9176073664486704,3.1726392947199353,0.9984883374018122,1.7169241994462492,0.518403584950603,0.6412890823308802,0.43434862888081066,0.7087597711413899,0.6051645095241568,7.240235049653533,9.65262301293899,13.254900419102416,1.9447321367321433,4.192490233831451,7.1055008474061925,9.497867453592301,3.1926939055025447,4.347235220578616,182.720958,0.0,10.348695887638412,0.5936394046295131,3.267947172493068,8326.341050254094,12984.415584415583,13199.15302089215,15261.829474872953
LOG00008,Idle 35,183.5,184.0,34.057199211045365,4.59794165912845,17.144243357516608,22.279999999999998,95.0,3.4615402902288577,5.166114398422091,13923.49957734573,10471.42857142857,0.0,0.0,1.6096126998754776,1.4701047813984058,1.0441274249584045,2.023334925368553,1.264227857760326,1.19254989146586,1.5792679820377034,0.8184396838110112,1.1438698493171686,0.30952992563724074,0.4108511878783684,0.31345611560930225,5.212747439294209,10.428444998380003,6.131644896968113,1.3513775307003777,2.224713788492969,7.091261950825595,4.35437162725514,1.5414378209793091,2.3891501427065434,183.500343,0.0,7.605311084863007,0.3477845165515251,1.8405940170489237,13661.820231051,14070.160608622147,12626.458157227387,15335.55931248239
LOG00008,Idle 35,184.0,184.5,27.76508875739645,0.6276534537464412,20.2148843667402,22.33818540433925,119.0,1.2144155452947079,4.021696252465484,11592.49084249084,9042.857142857143,0.0,0.0,1.3014522184502788,1.2243098605239415,0.8642726356807604,1.5778649560812918,1.2255977143621812,0.9030502321655995,1.0987040398207986,0.9644912538005206,0.8835773532140276,0.24368374852949895,0.35077519914854594,0.2503598427659819,9.534882973096295,7.459934029461877,7.097318353655029,0.8166554100538389,1.8013805033203796,3.426316530972321,3.1227358661822215,1.2634699267266523,1.627401897443393,184.142598,0.0,8.102191819659947,0.2858350692881575,1.398552425994998,12125.133840518454,11441.476472245704,9968.723584108202,12834.629473091012
LOG00008,Idle 35,184.5,185.0,27.742011834319527,1.6011553692959453,20.176683637384652,22.338481262327413,115.0,1.2473399468991977,3.7873964497041417,11641.53282614821,9371.42857142857,0.0,0.0,0.793935302807039,0.8426744573302334,0.6613577521890349,1.110531830391692,0.7409172147970053,0.9159715744612187,0.9101707750036373,0.6617055508449348,0.7676281516031944,0.2664841108811522,0.3517645144146419,0.27656922479184654,9.733549980485188,7.273093470508881,6.920782689722837,0.9342548365419865,1.7385459013363629,3.023902151344732,3.1350282880484355,0.8186676694728171,1.4085480250084013,184.993026,0.0,8.073353637981542,0.30068953593113834,1.3955955629507346,12009.861932938857,12217.666948436177,10201.775147928995,12136.827275288815
LOG00008,Idle 35,185.0,185.5,31.563636363636366,6.792184957742218,21.448211355374443,22.39956521739131,68.0,2.116615189905062,5.307015810276679,12578.289102202145,9057.142857142857,0.0,0.0,1.5986936822202733,1.2175653589336908,0.668773653602102,2.1049552002534067,1.2031838461849704,0.779195165661501,1.3705567950794793,0.739922817091857,0.6134603095334591,0.3659726698575709,0.6040890018574983,0.31021652846014375,3.973555659072349,7.315128237336988,4.91410794762975,1.6627093185477557,3.56965487246646,4.323161264648602,5.593792437514293,1.4209656739074212,2.2650991337505926,185.122268,0.0,5.581179762540913,0.44538141398795494,2.784514157488617,12164.793901750423,14002.230378317336,11822.219085262563,12323.91304347826
LOG00008,Idle 35,185.5,186.0,34.519723865877715,8.383302974367671,29.23181128477683,22.301913214990137,61.0,2.3647814316189635,5.966587771203157,13948.73908143139,8557.142857142857,0.0,0.0,1.6558659382895302,1.3953459132417776,0.5891913979334644,2.724582051348658,1.789216839921335,0.4966605178286938,2.0683472806224183,1.298695316915918,0.24537930694993207,0.36997655402984064,0.47576232910666216,0.2930074110223628,3.083314962128861,5.878873787572677,6.818515171742116,1.6311926695487637,2.7057072845135584,6.133459822038469,6.386931924506791,1.5311567887038866,1.975329581660745,185.937181,0.0,5.49424357284283,0.3869047200723623,2.234014484583679,13809.89010989011,14507.326007326008,12882.69935193012,14595.040856579319
LOG00008,Idle 35,186.0,186.5,17.92741617357002,1.2762346887017735,31.20682689438535,22.43234714003945,45.0,0.6506873018335736,2.006213017751479,8118.998309382924,6514.285714285715,0.0,0.0,2.8089999789620155,1.7459952298534223,0.41295097686816995,3.1618624217210987,1.667514671750561,0.38249490148893006,2.6151200422689285,1.392483588932675,0.28458621950877244,0.28826620666439823,0.351346719908361,0.24083981883579741,1.7727792956243706,4.6048145094976,5.57163447689583,0.6293178224515144,1.2213906408149353,5.233973377612293,3.7289845057048683,2.338694104033222,3.6583294087856477,186.263737,0.0,4.296904848919679,0.29695439707801685,0.9715544295420189,8048.295294449139,8322.569737954354,7469.540715694561,8635.587489433641
LOG00008,Idle 35,211.0,211.5,15.479289940828401,4.567921021033076,10.368001718319489,22.31051282051282,64.0,1.7305423901735613,2.3475147928994082,6991.420118343194,3385.714285714286,0.0,0.0,1.9460291232061038,2.527097130862231,0.8045475931086098,1.8920992135259687,2.5207639935141186,0.9416452167017694,1.4199725696390353,1.870887690309666,0.851230738413139,0.30692153961731883,0.3941192772184897,0.3483531302984582,1.6172914692261042,4.946469043617811,3.862522609014667,0.8535473819276987,1.7400420063273976,4.125735843757509,6.262817232238072,2.2553546569418343,3.5249739136632154,211.390249,0.0,3.741758436931771,0.3516061904768954,1.370454179638908,8069.118061425752,6945.703014933783,4533.812341504649,8417.047055508594
LOG00008,Idle 35,211.5,212.0,29.31439842209073,3.445302347733119,16.052661064526124,22.30502958579882,60.0,2.402241427095527,4.81861932938856,11943.068469991547,8414.285714285714,0.0,0.0,3.892297845362256,4.463043162564061,1.1233320789317518,3.9677869169639868,4.505136030614742,1.1269113083788103,0.9481009751342807,1.466774877411353,0.0569073883684514,0.4487045566225169,0.8051836885688755,0.39840545678577566,5.465707793312958,9.278426095983392,5.002359610662134,2.182829058775269,4.918681246515553,10.895233563279957,14.234164529125307,4.18740592658041,7.677208984456055,211.999955,0.0,6.855332575810149,0.579765314435612,3.8051391501926397,12672.527472527472,12304.621020005636,10628.79684418146,12166.328543251619
LOG00008,Idle 35,212.0,212.5,28.84110671936759,2.615998581334436,29.421191180180507,22.35286561264822,76.0,2.409419907127883,4.142193675889327,11974.033032185205,10057.142857142857,0.0,0.0,3.752267475995893,3.7115326456246156,0.950713727374973,4.080259069632958,4.113738671943314,0.9507001318573106,1.8755958344278345,1.4451835974450324,0.0001912878181621172,0.49261854420242607,0.5365646367346437,0.3537391045274785,7.786202096916756,8.733933486898529,5.847337725515614,2.5687517179636963,3.2641176026153493,11.548916414786767,13.192104477806401,3.7319556395376585,8.16407175314529,212.029553,0.03557312252964427,7.55199522695463,0.4675132773723115,2.9370860654945767,12262.84584980237,12031.67701863354,11508.074534161491,12093.53472614342
LOG00008,Idle 35,212.5,213.0,36.58599605522682,5.835741498748992,44.0618978195325,22.24493096646943,63.0,2.1690079681264196,7.0137475345167655,14243.138912369683,10371.42857142857,0.0,0.0,1.8586570986978375,2.122379052523422,0.918798434658762,2.29720204513051,2.3314008149744123,1.0287572658480335,1.6468415251928936,1.594717180424001,0.8872647793433496,0.3631305231666988,0.6355922623582873,0.3095996210399227,5.506565877258069,8.008374978774457,8.187251160365708,1.6487913881038128,3.569686100224566,5.006307658425387,6.808597650940066,1.9948808301663146,3.1723968944659906,212.802041,0.0,7.336834447365643,0.4588729766769558,2.7803931282843575,13800.986193293886,14883.291067906453,13529.47309101155,14758.805297266836
LOG00008,Idle 35,213.0,213.5,38.712623274161736,1.4019141683409855,60.754044608011355,22.174516765286,74.0,2.0255118088256756,7.065719921104536,15234.474499859114,11942.857142857143,0.0,0.0,2.4514917553347417,2.2882877006429423,0.8842876673569318,2.616186179722594,2.93984530518204,1.0250039778306215,1.9203573093663726,2.1113105131649657,0.6819775123129751,0.4012218630130864,0.44923166847131724,0.30615090718893423,4.926635258130991,4.209511693392946,7.05804676348982,1.8972532445346042,2.579547688522407,5.449064845669181,6.852201304828506,2.371294206481767,3.0955225916026015,213.427529,0.0,5.531960104070421,0.3900924904386236,2.2642477946614377,13370.667793744717,16882.783882783882,15242.32178078332,15442.124542124542
LOG00008,Idle 35,213.5,214.0,34.65384615384615,1.6816916438544438,66.00566291649719,22.240216962524656,81.0,2.083927000019267,6.135917159763314,13765.511411665257,7942.857142857143,0.0,0.0,1.7190868760816946,2.176494330519995,0.9365480881166295,1.7997977751877425,2.417034722526576,1.0133204655744732,1.1679477347852014,1.3884171683972208,0.5345979010450091,0.3944928501444159,0.5882396037494879,0.49968775414222943,5.947163544548649,7.2734023389260605,15.898296490626283,1.8692363665975498,3.589888883893749,5.386446575072884,7.615773105863909,1.9611714940695522,2.701692303014596,213.832023,0.0,10.661878619851873,0.5004458984659329,2.8619352537151066,9537.588052972667,16228.881375035222,16369.87883910961,12925.697379543531
LOG00008,Idle 35,214.0,214.5,36.32998027613412,2.4883493018729665,60.678094082363536,22.30930966469428,68.0,2.7570443528972786,6.945581854043392,14190.729783037475,8085.714285714285,0.0,0.0,1.892428930164404,1.8788318793010932,1.083861206673154,2.062222050468942,2.1584250333001167,1.1772678502356557,1.3643876762972895,1.0676328124601322,0.7577294094292474,0.4059447337036618,0.7255511411658556,0.4045528682104997,3.7137384445581914,6.558451171873854,9.837624207079166,1.9238026599146028,4.225671707135462,5.537393059327749,8.00431343280434,1.8856426605273424,2.42923123376412,214.154629,0.0,7.155044492015243,0.5338160133873077,3.2830868135627815,9474.161735700198,16072.72471118625,16940.180332488027,14275.85235277543
LOG00008,Idle 35,214.5,215.0,35.81600790513834,1.275971563463523,50.20154123795552,22.135612648221343,80.0,2.261565313586543,7.037173913043477,13927.4209486166,6657.142857142857,0.0,0.0,2.3228683589017387,2.1526532955491504,1.1691208696380995,2.8738860898565837,2.5340176590271715,1.2814719190106794,1.8057624697780235,1.438542739077265,0.7100813955488761,0.4531432816134467,0.781603755203715,0.5512212228394043,3.891147037539738,11.624127848177524,17.18070607830643,2.2656151034089236,4.3658621471434715,7.31504486814161,8.804979726506456,2.2393786664636997,2.9280209544178897,214.951761,0.0,12.185210090483814,0.6110341235229887,3.478057222405551,7424.082439299831,16596.13212874083,16741.89723320158,14947.571993224168
LOG00008,Idle 35,215.0,215.5,35.969033530572,0.9397887068226353,37.9789068490589,22.15936883629191,82.0,2.29812261212484,6.758836291913216,14150.788954635109,6714.285714285715,0.0,0.0,2.421644578447312,2.224705247281804,0.902587385431389,2.6971338123451942,2.1078756840458817,0.9058412923778055,1.755928709495754,1.0881544111609096,0.5912151816994289,0.5368211488280117,0.8522725916572673,0.549616812898567,3.5019181332740685,9.382320877675927,18.221094504197872,2.6681422265450134,4.686325409614058,7.19247908749571,8.563603547568109,2.325260835003941,3.0639663882270707,215.021806,0.0,12.004161231211134,0.6624762026769966,3.8131764177563925,7670.836855452239,16385.038038884195,16687.799380107073,15859.481544096929
LOG00008,Idle 35,215.5,216.0,32.93293885601578,0.73484681695415,27.89880228367089,22.304477317554237,52.0,1.811323836607193,5.640808678500985,13294.878839109608,7871.428571428572,0.0,0.0,1.9488364603692296,1.5363408929679567,0.7992777952113671,2.138025780839839,1.7650199936327773,0.6960382481987973,1.470927486319869,1.218702769142585,0.4439131100471189,0.3790833940989059,0.5575687144316306,0.5370596745386151,3.3155415661142764,8.00091442335105,13.3079343254264,1.708648866475279,3.0757208810060104,4.591175825810948,5.3404784485260866,1.7547516759744166,2.607674155652861,215.657141,0.0,9.167125385424457,0.49766795657680934,2.487924826714388,8748.605240912933,14532.121724429417,14762.975486052408,15135.812905043676
LOG00008,Idle 35,216.0,216.5,30.360552268244575,1.7078257313117047,25.213018917387398,22.361972386587773,68.0,1.7072752335203434,4.648698224852071,12535.834037757117,9628.57142857143,0.0,0.0,1.8854279451352502,1.1468921647749684,0.9251810126517761,1.9774629363616216,1.1403035911768657,1.056066371546044,1.28326716490741,0.8777356713528408,1.057834179462012,0.277634393156707,0.350576661123171,0.26842041697796376,8.044824003753401,7.132224782882948,6.951167217732814,0.9222740926022889,1.660877677380706,6.757127875089799,4.397417208601985,1.5604807230336335,3.1419672831489347,216.180998,0.0,7.391584162496788,0.3011280856149575,1.3433361755545232,10337.757114680191,12980.529726683571,12980.107072414765,13844.94223724993
LOG00008,Idle 35,216.5,217.0,29.011637080867853,1.451532103054898,30.680961350686,22.321005917159763,67.0,1.3441142098742171,4.579980276134123,11958.453085376163,10157.142857142857,0.0,0.0,0.9886700808454577,0.9711943639878801,0.6733205912185407,1.0125011140360114,1.0288622099015883,0.651427812498431,0.6836030337675852,0.7889913321501323,0.5801044507356975,0.2568731445888855,0.34069348149766304,0.25726804016927934,7.5358929176290035,9.725677916923349,6.182678693763829,0.8506584350089075,1.5083493445645169,2.8475395102311425,3.3317550504165716,0.9799711785049566,1.452559853133991,216.637772,0.0,7.9499268097264615,0.28765877079074265,1.2244871412758918,10910.707241476472,12842.152719075797,11838.686954071569,12242.265426880811
LOG00008,Idle 35,217.0,217.5,33.33280632411068,3.3217023276919315,39.08644214224396,22.230494071146246,36.0,1.7625235941504822,5.527332015810276,13488.826933935628,10800.0,0.0,0.0,1.36212600295173,1.649865132659771,0.5119313054229995,1.4440164618027593,1.7913069019661803,0.4807296657995389,0.9464163983594426,1.383377399086388,0.3297086833235651,0.2944977808881604,0.38661546667460855,0.25589096899909486,6.472117678068891,10.084728719976521,5.258522910483764,1.0746439587735102,1.8595958761160543,3.2833873379586507,4.742583142303367,1.5128519762163941,2.4035166529567675,217.175448,0.0,7.555177557904108,0.31711230925092987,1.5187093962631955,12909.345002823264,14106.860530773576,13081.394692264257,13857.707509881422
LOG00008,Idle 35,217.5,218.0,29.16449704142012,2.2556179903156965,43.406798291835216,22.375917159763315,27.0,1.4638050516593066,4.437573964497042,12045.773457311918,10228.57142857143,0.0,0.0,1.3308180641278018,1.2946595726044858,0.5712455042645201,1.63305939552783,1.0543729851571342,0.5712462748327785,1.187562126389125,0.8570204472681664,3.8734255887252385e-05,0.2676102617816751,0.42845633809594263,0.24939472134010202,6.943368945872839,11.768616686088391,5.2257068169272065,0.8533199076431096,2.1809590666580734,3.5191782257531923,3.6684593071700986,1.3128633075734317,1.7569246207006302,217.664786,0.0,8.446275762312224,0.3252628746607625,1.6560098603598499,11562.862778247392,12598.281205973515,11576.331360946746,12445.618484080022
LOG00008,Idle 35,218.0,218.5,27.793293885601578,1.5004648847069861,44.90606114195443,22.172662721893484,23.0,1.2274588450196777,3.997790927021696,11628.22626091857,9800.0,0.0,0.0,0.8259264083710842,1.3427381417413904,0.46140932470510454,1.1456728179303095,1.5410079312652296,0.4828156847388458,0.7517740722878128,1.133060022007676,0.16057534049348884,0.29032745147600403,0.3205195600057059,0.2535423470692874,8.095816650078815,11.395637535297267,6.547774146289101,0.9572901988992977,1.3316196237076083,2.4191054143871367,3.9205622911134808,1.1146973018115462,1.7847612308705214,218.177801,0.0,8.912091941820417,0.2894284823488097,1.159658429700713,11021.245421245423,12184.3617920541,11358.438996900535,11948.858833474218
LOG00008,Idle 35,218.5,219.0,25.788165680473373,0.5664328222968967,44.53915586987149,22.307258382643,10.0,1.0294092106186412,3.443293885601578,10890.081713158637,9657.142857142857,0.0,0.0,0.8858135246492523,0.5639598992446804,0.5469091330270349,0.7796487150410313,0.6009312994984592,0.5346433512947507,0.3932347694394923,0.39958846964488376,0.2776226022774147,0.2501429571063643,0.28782497819015634,0.22992835956892613,3.572900396239135,8.347419523014358,3.229694211487501,0.6947565160271724,1.0972908221913924,1.9816714400355235,2.2170221867915165,0.7425349717042294,1.3371032330953214,218.983827,0.0,5.564049922923736,0.257087383065329,0.918350087120287,10051.9864750634,11669.089884474499,10810.876303183995,11028.374189912653
LOG00008,Idle 35,219.0,219.5,27.709861932938857,0.851000907778629,44.17701814465077,22.30907297830375,29.0,1.2006585737912678,4.100197238658777,11550.845308537617,9914.285714285714,0.0,0.0,1.1448891832028674,0.94455949397077,0.7189461477355588,1.0463434288359164,0.7973894343515388,0.7415609508341872,0.6033845329189473,0.36410594293689236,0.7589363685822355,0.2729503424784925,0.3473828463229023,0.2682503990670475,7.1877259282449835,8.380729133061358,5.677580816599487,0.9367331743571365,1.5191234038225532,2.806726212432945,2.9572896594986284,1.049515097429581,1.3919377237180177,219.488949,0.0,7.16786692469308,0.29840409289985603,1.2619835490177,10481.375035221188,12444.406875176106,11700.281769512538,11577.317554240632
LOG00008,Idle 35,219.5,220.0,24.60078895463511,0.8651477560960323,43.366137513472,22.358205128205128,66.0,1.1419158320233314,3.3583234714003947,10506.008734854888,6528.571428571428,0.0,0.0,1.1881944715506796,0.9445332121073697,0.8428966686613171,1.063756026579229,0.9967226924478564,0.8904872654568132,0.991301343203856,0.7726413902630112,0.7863927071817974,0.26313792466555636,0.39027136069499113,0.30089300620297826,7.841007627459782,10.142270081892757,9.01488398675493,0.7620246939275972,1.8593162407197257,3.0669710851393543,2.8826489023604798,1.0733007712187355,1.6121081659674976,219.87075,0.0,9.048299588368153,0.32253676976838946,1.4208691912276055,8403.691180614258,11942.659904198365,11643.054381515918,10034.629473091012
LOG00008,Idle 35,220.0,220.5,23.554743083003952,1.456479062020573,40.849026184649674,22.303695652173918,96.0,1.2378146378465704,3.3320355731225297,10008.2086391869,5571.428571428572,0.0,0.0,1.1379087550567573,1.197175692211529,0.5437803240839508,1.182413989616449,1.1315242796283724,0.6216863917452174,0.7857420347975747,0.6111380544851662,0.5118590971111044,0.3068760349196901,0.35023305834818,0.3327995649359923,5.966399792226401,5.912949174283246,7.621909565735915,1.1666083480321952,1.7060006204041385,3.458106132511756,3.5374897868537882,1.167918227629181,1.5671125290401131,220.130217,0.0,6.548648711670541,0.33045001961443243,1.4614056853792705,6322.699040090345,11963.890457368718,12373.800112930548,9372.444946357991
LOG00008,Idle 35,220.5,221.0,26.15167652859961,0.5826994159686436,34.27522170192574,22.304753451676532,96.0,1.3894243522112235,4.240177514792899,10929.261763877148,5542.857142857143,0.0,0.0,1.6778631999476674,1.719365331726428,0.719672549367247,1.5078187880356437,1.8256455328860568,0.6843725422074359,0.8651068721739374,1.056806527118455,0.61138566459083,0.3439543647312537,0.404912182808607,0.3069765541419867,6.550026883050936,6.258499574378226,4.211177192352569,1.4689606739433922,2.195417186306015,4.314783540569838,5.793793863892477,1.6987410134687038,3.073285563704121,220.99938,0.0,5.767890499323904,0.3542565386822564,1.8678466322907836,6193.462947309101,13078.5573400958,12773.795435333896,11671.231332769794
LOG00008,Idle 35,221.0,221.5,32.175147928994086,1.9333504372017651,21.194038069337235,22.162781065088755,79.0,1.739425522580759,5.6173372781065085,12915.236686390532,6614.285714285715,0.0,0.0,3.704911119405263,2.9822920789413945,0.8882166608062287,3.9853984027763505,3.1069256264385863,0.8705047506747192,1.4066336032019646,1.3498002089126455,0.5586348767024402,0.3960811879422036,0.6330482818434198,0.47960742810296036,4.163871941230328,9.92213424515125,6.357954731592586,1.8072378938377085,3.55705481141726,10.479716484413515,9.269576544247569,3.3630664910769568,4.887790682253474,221.286513,0.0,7.21595837688358,0.5123975408730179,2.821236230480322,9561.256692025923,13842.011834319526,13722.03437588053,14535.643843336153
LOG00008,Idle 35,221.5,222.0,34.676528599605525,2.768636221907992,10.878864444034955,22.276252465483235,51.0,2.053679128156534,5.899585798816568,13812.003381234152,11371.42857142857,0.0,0.0,0.8100102479088329,1.3314792234081294,0.7842803523240254,0.8537283641566584,1.8615524454698542,0.8358858881996105,0.36460661056047083,1.2523650645420845,0.46681351523548514,0.41377987437081337,0.4636468538655575,0.30577550339437065,6.589107157609299,10.809588075950785,6.493436086952516,1.9173457964289795,2.4709328254054954,3.722631886942419,6.370698455944061,1.1020330131363674,1.7169917491081115,221.662352,0.0,8.214382503096477,0.3998669978921477,2.211529327269962,12357.988165680474,14518.117779656242,13278.97999436461,15092.927585235277
LOG00008,Idle 35,222.0,222.5,30.574753451676525,2.9046235482357097,16.634471775701428,22.324773175542408,46.0,1.6015626488662278,4.557416173570019,12570.118343195267,9614.285714285714,0.0,0.0,0.8361959578913488,1.756138496416252,0.814780698632267,1.1959993244023797,2.0680352785685554,0.8309338428135643,0.8917293709196281,1.7721332531703367,0.5584784070502636,0.2647265880830477,0.35285571584189146,0.2592152679242337,8.860866554636843,8.638430890256478,6.748014961591304,0.8520291828906983,1.7614238707947607,3.310672479760657,4.450472572030797,1.3753628791320793,2.096408363573958,222.364845,0.0,8.137836532041327,0.2953979675880306,1.3835764852553305,11189.067342913497,13386.728655959427,12607.945900253593,13096.73147365455
LOG00008,Idle 35,222.5,223.0,26.767588932806326,1.0231398415522623,21.556580689486008,22.18565217391304,57.0,1.1572156430787572,3.8136758893280636,11274.04714850367,8842.857142857143,0.0,0.0,0.8687212830510445,0.6333275763924229,0.670756761988868,1.025822824639488,0.5967633297819185,0.6943124619698795,0.7313677206380254,0.3617340294462027,0.6239511988058164,0.2646329237198301,0.31054106495848266,0.2522125317760203,7.485130627474053,9.247817585652196,5.291399235335871,0.8519782824292691,1.3979035335962793,2.2453289238516003,2.1559734098252505,0.760190925572304,1.3126872068573188,222.500939,0.0,7.517717217248889,0.2769341067997488,1.1575839673587596,9274.76002258611,12266.685488424617,11981.50762281197,11573.235460191981
LOG00008,Idle 35,223.0,223.5,25.209072978303748,0.30107717300083564,22.08565672832591,22.097948717948718,58.0,1.1120080996225246,3.6398027613412225,10735.25641025641,7942.857142857143,0.0,0.0,0.9350333433844055,1.3975482864127589,0.7327153808173341,0.886049038732871,1.3634915068267524,0.7729125301840489,0.674620245498879,1.2156115814907433,0.6057120484494257,0.2324860427543852,0.2865556876540477,0.25231255188810175,3.41703785854563,11.59860087506777,5.28457080697445,0.5229692617105038,1.1070690299781176,1.873199332597834,3.2228229506448467,1.188997175374243,2.1392939311721824,223.4224,0.0,7.6186258297189795,0.2580862556347936,0.8657651776985252,8497.604959143422,11509.32657086503,11577.542969850661,11356.551141166527
LOG00008,Idle 35,223.5,224.0,28.16272189349112,1.2995868284301575,21.721906253891284,22.18214990138067,75.0,1.304523297787205,4.214319526627219,11650.50718512257,8057.142857142857,0.0,0.0,1.368332929353534,1.296359928360476,0.7897059034204373,1.4840833567797955,1.6537381852134987,0.8293516084367322,1.21541817755219,1.3441325922760654,0.6611318802944114,0.28901568999088,0.37698797644361987,0.2854160907457228,8.654000837104233,8.829799937917613,6.942170319634108,0.9997308824573168,1.8383361034848495,3.2258815286803184,4.292096309471986,1.3328323355568772,1.917398767014356,223.671016,0.0,8.186387607466827,0.31995434481632434,1.47968602526258,9074.640743871514,12380.21978021978,12640.856579318117,12506.311637080868
LOG00008,Idle 35,224.0,224.5,27.403747534516768,0.3269091390224001,19.954517999002338,22.267001972386584,77.0,1.2340046773787872,3.9009072978303747,11445.949563257254,8342.857142857143,0.0,0.0,1.2151245953755685,1.1940764199412277,0.6648056628851421,1.1581412163496256,1.2534831209554471,0.6386231569261556,1.0942375625588932,0.9326574940123459,0.5505376592452645,0.27035465456176855,0.28413159118263354,0.26489260438374196,8.250436312552091,5.244482335983305,6.400153209659435,0.7533024311599554,1.2430764471071087,2.3357271462598423,3.0180260539510617,1.2046464790440174,1.7134627777603442,224.470182,0.0,6.746264532490877,0.2732462212049724,1.027789765989118,8861.67934629473,12050.521273598197,12455.818540433926,12415.779092702169
LOG00008,Idle 35,224.5,225.0,29.962919132149903,2.069656271037633,17.495117766246047,22.18593688362919,79.0,1.6746900869592616,4.9885601577909275,12218.540433925049,8414.285714285714,0.0,0.0,1.3953525180468211,1.3227719567193348,0.5586227693225619,1.23859499076581,1.5434726601311517,0.520282787376793,1.0001925792810418,0.932515394851549,0.4878297360160839,0.28924469331534713,0.3460095264660169,0.2980692002073143,7.220370535010213,8.54310431804442,6.011020185731263,1.0442270838029717,1.7155526558902028,2.6153846153846154,3.6805367930252544,1.359546670604342,1.8510431083530214,224.872661,0.0,7.331456101964594,0.31210592920169183,1.420128712067956,9222.682445759368,12805.015497323187,13167.483798253028,13678.97999436461
LOG00008,Idle 35,225.0,225.5,31.311660079051386,2.018257185363632,14.504498357951137,22.07681818181818,78.0,1.6753624879693858,4.680177865612648,12826.856295878037,8914.285714285714,0.0,0.0,1.026975189645059,1.0777584164231917,0.6171428988400858,0.9356203868987981,1.4159828077020533,0.5685083012032437,0.7619445072399399,1.1647906655101115,0.49757545010601856,0.2630432416266434,0.3664207107056335,0.29390827191185387,3.329730786217074,9.802458416479258,5.199889803699222,0.8045051182929686,1.747391109175116,2.2910722070042904,3.7847206861189586,1.0526730841808227,1.641419558527883,225.004862,0.0,6.688650887538332,0.31082575853023425,1.3602580956906347,9909.881422924902,13930.18068887634,13581.168831168832,13886.194240542069
LOG00008,Idle 35,225.5,226.0,28.14733727810651,0.3716902735060756,11.270453453648793,22.220769230769232,78.0,1.285165340310271,4.22759368836292,11677.845872076641,8885.714285714286,0.0,0.0,1.1253853293529303,1.3968900573131293,0.7641102504247683,1.2681385115280028,1.5605149424762406,0.6611326235228064,1.0029440850271125,1.187377824759526,0.4199138914200431,0.24313157519060105,0.3578861962319573,0.239015089024814,7.70237517330421,7.626803023136465,6.552549837510448,0.7163937995624452,1.8504408623848696,2.4854606802159247,3.560411296410223,1.2684230311183808,1.850939049690586,225.950991,0.0,7.312788274366005,0.2853791075567036,1.403095054020785,9377.627500704424,12801.408847562694,12118.991265145112,12413.355874894338
LOG00008,Idle 35,226.0,226.5,29.625443786982242,0.8144428222689559,12.379781575250144,22.163431952662723,77.0,1.3580177810414995,4.4706903353057195,12156.311637080868,9757.142857142857,0.0,0.0,1.6058405569207783,1.3184818464195998,0.5789391058971977,2.547561292170205,1.4452980460294234,0.5977280427749654,1.730668586966313,1.3816100268163463,0.3749774302702575,0.2725523651425309,0.3396651325790697,0.26205038638095157,7.744414168319245,7.814884804436862,6.497844768108612,1.0772343520244703,1.4477262462750264,5.899553688865849,3.8813771727824196,1.4692035722781358,2.548980357467472,226.232167,0.0,7.377225357985628,0.2934436908148651,1.2759986546495958,10794.899971823048,12783.854606931529,12056.973795435333,12989.51817413356
LOG00008,Idle 35,226.5,227.0,30.899408284023668,0.2321744501791494,19.463347024760708,22.259309664694282,46.0,1.4188421412724481,4.892465483234715,12662.827557058325,10800.0,0.0,0.0,0.5601697797181613,1.505458097124178,0.6327739888457709,0.5462060801643036,1.7084497570507653,0.5863909967686854,0.32972836784769777,1.3181408498924507,0.4035091162396024,0.29363512521959084,0.3277803630540688,0.2439974587822027,8.555308245015931,8.962552887285742,7.090389463766653,0.9950152476809707,1.5784750641828227,2.1234113448988094,4.252856100300354,1.1358244284012922,2.0125649020064493,226.895153,0.0,8.242052256012553,0.2905146657564552,1.3194011655604583,11546.491969568893,13325.922795153565,12520.991828684135,13257.903634826711
LOG00008,Idle 35,231.5,232.0,51.9163708086785,6.569118794801397,18.489236870373663,21.66786982248521,33.0,3.7121522862626515,12.864063116370808,18880.670611439844,13471.42857142857,0.0,0.0,1.9512971283252514,3.419670404030789,1.284891603633396,1.9319557818407325,4.523435825401892,1.2925787844907115,0.54573332502918,3.0570493034178243,0.02258959424874971,0.4498680241285794,0.5171506936849571,0.33901128232885025,3.201405327460417,2.853192436176741,5.694311417895833,2.04811286098716,2.676960441579598,5.250903932700888,9.88723401410648,2.784035394460215,4.8600392291308,231.500504,0.0,4.115616020011544,0.4414954619088913,2.38336773255021,17681.825866441253,19997.069597069596,18184.50267681037,19659.284305438152
LOG00008,Idle 35,232.0,232.5,37.56942800788955,11.405884163817664,33.495784548042884,22.061380670611445,103.0,3.2325933220794663,7.646410256410255,14288.539025077485,10400.0,0.0,0.0,1.3657724233057502,2.5961572424646278,0.9309970458149944,2.0052611530642075,4.710750256713016,0.934401424052996,1.3622882252319088,3.4728527821010413,0.022688818057288933,0.3517380906012428,0.5279678267353954,0.38855432911231214,6.000356431010949,8.009775098504214,6.1906351062641995,1.4257291088580049,2.8499542294776723,6.20284976181536,11.857387281188663,2.0742910523675318,4.037996231916392,232.352908,0.0,6.794231314056148,0.42951297113491355,2.2533244997073436,14207.607776838546,14839.447731755425,12888.052972668358,15219.047619047617
LOG00008,Idle 35,232.5,233.0,34.93735177865612,12.67788090073293,47.93206358417263,22.136245059288537,59.0,3.2483652478394376,5.864090909090909,14421.739130434782,6985.714285714285,0.0,0.0,1.2953285356376463,2.251956504359532,0.530881693538109,1.3273874512388009,2.5251243981083347,0.8033546498576684,0.5789462283341473,1.7679039158254553,0.6609663049542551,0.5852385582292023,0.7373696752162503,0.4174126432987239,4.967622830181938,6.8169495533102555,5.367178056601121,2.8226422516978618,4.061369925495715,5.359045399036362,8.83858322129083,1.837006275542407,3.1521814908641557,232.715969,0.0,5.772194212676905,0.5945450705518021,3.4972871595560355,14433.145115753812,14921.76736307171,13111.490683229813,15220.553359683794
LOG00008,Idle 35,233.0,233.5,31.6181459566075,6.943132354912214,52.99365742705545,22.02852071005917,63.0,1.2767385746564357,5.299999999999999,12685.76359537898,8571.42857142857,0.0,0.0,1.8147251668835762,1.2313786232610664,0.6056952161686844,2.079006597115792,1.2108710937994818,0.607444665772215,1.1524487165853243,0.6541032155566526,0.0809073258741341,0.47088592842832516,0.8360316389734112,0.42813475949571084,4.937969896573766,7.688228686407235,5.978110794028342,2.19035411546254,5.054619114117479,5.172945856694414,6.06506470385378,1.5507289810190792,2.2458295984656558,233.499316,0.0,6.304237085739559,0.6066250437859244,3.8953065052653724,11708.171315863621,13637.503522118906,12247.111862496478,13150.267681036912
LOG00008,Idle 35,234.5,235.0,44.88323471400395,11.476923720962125,24.936771005486236,21.947021696252463,124.0,4.4634358479951395,10.303510848126233,16631.74133558749,11314.285714285714,0.0,0.0,3.4237722886937756,2.728293486248399,1.3944046336950706,4.162453061363389,2.9405207866813456,1.6212228237216406,2.1897115190261904,1.2580669717824662,1.711687719295897,0.5108964495689627,0.7328350680074891,0.49380565632831724,4.47591899052953,8.353306029068658,6.832289958590822,2.3043923381821614,3.8829019170564134,10.954451150103322,10.1581187591915,3.0956261104930687,6.770780990801871,234.500691,0.0,6.745165145082776,0.5893234667270463,3.192737958692586,13544.435052127359,16766.35672020287,17174.10538179769,19042.068188222038
LOG00008,Idle 35,236.0,236.5,41.651084812623274,5.951378754506541,63.30193592791836,21.846627218934906,73.0,2.000462061435751,8.003589743589744,16042.378134685827,10714.285714285714,0.0,0.0,1.7431912580709605,3.4412036101815953,0.9487399812448762,1.975716393585982,4.515867390115385,1.0832372058600597,1.3054143262682867,3.12774983460437,0.869258431872401,0.37956792231368225,0.7400286424386946,0.395448216754863,3.9426603961220055,6.794735738532364,7.0556109601165025,1.6462925168637448,4.152894135707224,4.915860094975526,12.810252304406971,2.7276911526913983,5.323574347536176,236.106834,0.0,6.0963008121361035,0.5316933613195312,3.1588612468319206,15471.935756551142,16924.485770639618,14851.70470555086,16921.386306001692
LOG00008,Idle 35,240.0,240.5,47.053952569169965,6.587300198327738,45.20232727673614,21.82681818181818,147.0,4.492552077384805,12.10707509881423,16971.894409937886,9457.142857142857,0.0,0.0,10.011290217235675,6.618880777470131,1.8955594100525557,10.135617472644114,6.9347682807102,1.9650835305111127,1.5896700452097265,1.8065771710295162,0.6525599864840389,1.1703054914263318,1.0097033909884976,0.8449490466037684,5.04599600831765,5.3945065317643195,6.313407195850426,6.151859511810531,5.889644446108024,24.66142272357757,17.142508936798645,8.48632766749206,12.538862542564457,240.20903,0.7055335968379447,5.6101659766838,1.017030771804688,6.02217930464648,12808.356860530774,20819.22642574817,14283.568605307737,19976.42574816488
LOG00008,Idle 35,240.5,241.0,35.218934911242606,2.0804045961619813,11.255422279272828,21.872899408284027,47.0,1.9904938922626434,5.860315581854043,13804.994364609747,10985.714285714286,0.0,0.0,1.1815482526849106,1.9192152971041943,0.7382540072550561,1.234418040495803,2.229845425126183,0.8067575826249069,0.8213482973468336,1.0276887998449165,0.46364245061783943,0.42865877280221637,0.5094436245912364,0.31999983969717183,5.898203197076717,10.774084341685088,6.290774364014724,2.0808928814212075,2.8153748880468794,3.8543502408438055,7.249974494956158,1.5936504682742554,6.029251135397453,240.500068,0.0,7.967507691758544,0.42648995593611755,2.47552529215462,12533.558748943364,15725.274725274725,12043.026204564665,14918.117779656242
LOG00008,Idle 35,241.0,241.5,30.375345167652863,7.197369919394093,22.51098913348324,21.882781065088757,37.0,1.7505920634768484,4.2780867850098625,12488.391096083404,8700.0,0.0,0.0,1.0062692910431332,1.1943137787627154,0.5122570610371154,1.1118222527269912,1.2626596081990153,0.5122364221210508,0.7505890602100267,0.59062204784469,0.0006636493891152833,0.24120261097529755,0.4277431551781037,0.237445760843165,2.834427129703152,6.646500948596715,4.2721231910489195,0.8528125362835375,2.2346055923588417,2.7710108239040303,6.042910332447112,1.1043014281071373,1.8708685445086117,241.000262,0.0,4.84633843132429,0.31491977586120223,1.6912645232848371,12207.072414764722,13204.395604395604,11143.758805297268,13398.337559876021
LOG00008,Idle 35,241.5,242.0,28.23570019723866,7.937455688913883,31.326939100858993,22.059211045364894,83.0,1.7400012475590234,4.6998224852071,11352.387996618767,7285.714285714285,0.0,0.0,1.0276472521003035,1.6622756350957857,0.45869349112331365,1.2256448830869957,2.42772102403618,0.4586943981298482,0.7388586285882623,2.0182462348462082,1.138842939225543e-05,0.3739076833675244,0.6384715827419655,0.33720497106113856,3.95436102277906,6.937674193033664,4.457631257439058,1.7538535375613602,3.7407729585417226,3.2423479937879143,8.267232913100232,1.3818862402134269,2.6105510341032487,241.855633,0.0,5.280112711374549,0.4694536221888315,2.921419565773931,11059.988729219498,11887.630318399548,10320.315581854044,12141.617357001973
LOG00008,Idle 35,242.0,242.5,38.15049309664695,2.010469332355725,43.25587637431506,21.88094674556213,57.0,1.9393919044812682,7.149644970414201,14857.572555649478,13271.42857142857,0.0,0.0,1.645450055059457,1.6665373523119593,0.7062041590058233,1.9997333920547955,1.766637399594322,0.8470908610124376,1.2485886184423374,1.192888541379494,0.5732593019143699,0.32280556982165565,0.3774106832854158,0.22705794636696114,2.9764224689579777,4.872279677088262,6.192067366002381,1.3407076237366948,1.9068103135007022,4.581069012128676,5.251467344487344,1.6560272688494784,2.221056056504223,242.29072,0.0,4.862780351150183,0.31527637123336194,1.6482449004954243,14343.223443223442,15279.205409974642,14274.18991265145,15533.671456748381
LOG00008,Idle 35,242.5,243.0,31.62667984189723,1.0979587799544328,47.17786787020134,21.935415019762853,70.0,1.577303606555056,4.969901185770751,12760.234330886504,10328.57142857143,0.0,0.0,0.8782639742825824,2.0124664075907526,1.0555286079637318,1.2653061162656007,2.393203835535629,1.2768802763480358,1.0509100067940922,1.801078896381305,1.2821889936577533,0.289825423295168,0.36863326165074983,0.2849698430770847,6.426306320580758,8.096573207553476,5.177712896169863,1.0820579447013756,1.935765923781811,3.8637874883255043,6.591106716404732,1.5526378602565163,2.485041620919804,242.607415,0.0,6.674843855011961,0.31680544452753745,1.5681261281169667,13286.476566911348,12408.441558441558,11220.158102766798,14125.861095426311
LOG00008,Idle 35,243.0,243.5,27.39408284023669,1.8056574736836566,43.68865020758383,22.083136094674554,99.0,1.4502549078926854,4.057297830374754,11358.100873485491,6428.571428571428,0.0,0.0,1.074210604318827,1.261396714265034,0.8748877927341593,0.8399480142391003,1.3535885386336142,0.8511526089750527,0.7786018529070521,1.1515827686987,0.7704278650617145,0.3057072863053897,0.4248911662773552,0.36280598510046763,5.076780030324237,8.925687497604953,6.361642140037288,1.1519987576763675,2.0649974957480217,2.864115189467846,4.107288945911536,1.17154814096341,1.9994897500853193,243.489421,0.0,6.974049122738249,0.3677035177537545,1.672022098408614,13269.258946182023,10822.569737954354,8102.028740490279,13238.5460693153
LOG00008,Idle 35,243.5,244.0,25.602366863905324,2.383820032689362,35.71619345229847,22.146410256410256,99.0,1.3960030106236039,3.620927021696252,10737.461256692026,6557.142857142857,0.0,0.0,1.5050508792623056,1.1713338491456444,1.1091740764178275,1.5657318669730227,1.1767816995429121,1.1380677828139232,1.445926638070829,0.7145676130425025,1.204272960162857,0.3983201777709566,0.6642710041574925,0.3874882393124575,7.140153593026915,8.189202146973253,6.584569432350712,1.7111877191870108,3.7722475446410573,6.433854001883649,5.200326192166312,1.348554992449805,2.422439844934389,243.739026,0.0,7.334879679664234,0.5000206884351082,2.9289942769103297,11898.929275852352,11993.068469991547,7927.585235277544,11130.262045646661
LOG00008,Idle 35,244.0,244.5,26.324852071005918,6.318856109483555,29.626359053186693,22.010867850098617,111.0,1.9296501866489877,4.159230769230768,10685.967878275571,6300.0,0.0,0.0,2.0642287361563407,1.646771915587291,0.6889502500517002,2.477749327134095,1.8377808080326603,1.2064993392897287,1.9432068029525165,1.6117056808181622,0.883526503466423,0.3432313368398054,0.5814575585077927,0.3279470639212761,3.873790695407169,7.084993676930213,5.743192587269702,1.452223423909081,3.436716856834117,10.400936841433428,6.247997706879192,1.8672035262847806,3.2464507184573113,244.412856,0.0,5.720945459404238,0.4333781719119645,2.6381788820129306,11812.820512820515,10892.899408284024,8390.98337559876,11647.168216398984
LOG00008,Idle 35,244.5,245.0,30.386785009861935,1.370297380274346,28.485202574959455,21.917948717948715,112.0,1.8523151783245972,4.83465483234714,12392.34291349676,9200.0,0.0,0.0,1.172638191597947,1.3674977115384466,0.9143350667229382,1.4596871046260882,1.4142370279805168,0.9676908528347592,1.0483436449270682,0.6871219134627781,0.8676343086178399,0.31133552923670244,0.5108736348215858,0.31059577631611784,5.4306287476629835,7.5116850718082695,5.994057852280919,1.291205009928044,3.0258844860212357,4.608755923642311,5.195772822865186,1.2737994974596656,2.041692498789487,244.500661,0.0,6.373012651001129,0.38918351232048554,2.3262832265662836,13926.429980276134,12893.716539870386,9749.253310791773,12999.971823048747
LOG00008,Idle 35,245.0,245.5,31.701185770750982,3.3059651705019872,25.69247459294352,21.894505928853757,78.0,2.05288588294126,5.312905138339921,12628.691417278373,9257.142857142857,0.0,0.0,1.2822876937350836,1.4562861057828846,0.7607980444919479,1.3939563646380035,1.246256493884409,0.5692550670107405,0.9768419554772367,0.6548374859896393,0.5244750746413084,0.399636488059934,0.4886901515988491,0.3405100323730079,5.320066676206551,8.008586016914489,4.813574774567118,1.845986878772932,2.7614839524971733,4.50976104289702,4.783659604265981,1.3720479130483596,1.9355552106913652,245.246513,0.0,6.207819304177343,0.4141153096281481,2.348772144813247,13274.025974025975,14274.90118577075,10752.7950310559,12213.04347826087
LOG00008,Idle 35,245.5,246.0,46.85976331360947,3.59981896640961,26.111083647120886,21.764457593688363,78.0,2.9394505700388605,10.571321499013806,17292.526063679907,13557.142857142857,0.0,0.0,1.4004128436952747,2.238340254027313,0.7668204791730996,1.5025184251149417,2.8820640292773048,0.8116920804436861,0.7710681013614427,1.8018289097798614,0.16731157230194912,0.33939673428312866,0.5800271954095847,0.3400372219821682,2.6493122970149856,4.084974794626349,7.7029747654017315,1.3928330280033898,3.112470874142383,5.051802654416698,7.68461153461057,1.8669926654362818,3.138506794389541,245.868057,0.0,5.261232268720046,0.43483598555091685,2.4111676410280727,17095.04085657932,18484.981684981685,15848.661594815441,17741.420118343194
LOG00008,Idle 35,246.0,246.5,16.470808678500983,4.876439345184349,28.207070047990626,22.124950690335304,71.0,1.7032463660437271,1.635897435897436,7687.883910960833,4257.142857142857,0.0,0.0,2.0064757195976437,2.9465654295473724,0.9007566142332931,1.6629293673360948,2.463034201151427,1.1576694806255174,1.5069954563373302,2.2728864985878476,0.9132323036426188,0.38837346399180606,0.4702772036501935,0.35002511766434774,2.2352667186313004,3.0413534026123017,2.365911392050791,1.7362862662728642,2.339618557681022,5.048092185569113,6.695990734253968,2.520733290526645,3.8633621830539497,246.278474,0.0,2.5718854651816496,0.40600171543232877,2.06015836695789,7106.818822203438,8222.738799661876,7211.101718794026,8210.876303183995
LOG00008,Idle 35,246.5,247.0,21.115976331360944,1.6232777805697558,28.933411793994225,22.085226824457596,62.0,0.8042754071757812,2.7810059171597628,9096.77373908143,7285.714285714285,0.0,0.0,0.9079032238316245,1.2338598024807292,0.7094687416800478,1.0326082312890132,1.1791256436001274,0.9725160185036402,0.8214984562448527,0.9216479421726105,0.9975069072743311,0.22872615238630584,0.29162014044228396,0.23437817884797366,1.177104967175477,4.717967458659645,3.7036971359991653,0.4261829925255394,1.145820537562999,3.75665090679224,3.337669763132919,1.0832124159234973,2.0493185506056113,246.502428,0.0,3.529030344628628,0.2531739124377509,0.8644468310483834,8357.706396167934,9754.184277261202,8818.963088193857,9456.241194702732
LOG00008,Idle 35,247.0,247.5,27.855029585798817,4.409465047043356,32.575289927261785,22.060493096646947,59.0,1.8388001545718256,4.262564102564102,11292.885319808396,8457.142857142857,0.0,0.0,1.1117768194375846,1.1401069137178628,0.6854686249053568,1.5938219607426212,1.83166976392872,0.6733696710221809,1.2191992024750613,1.4238317564023095,0.5110549802796747,0.30649766199941464,0.4996287876925114,0.2948709588679231,4.888604560446475,8.677094376532967,4.935212297809643,1.1824994462373906,2.8470027238682287,3.564840358979608,5.448521866758394,1.1260309655924257,1.7207656332059005,247.401207,0.0,6.417339578364481,0.37882213270693166,2.1798772270548685,9694.928148774301,12212.059735136658,11668.3572837419,11596.196111580728
LOG00008,Idle 35,249.5,250.0,21.871400394477316,4.801338428148677,26.068046113742955,22.042721893491123,95.0,1.6928413769204544,2.9905917159763313,9111.792054099746,5857.142857142857,0.0,0.0,1.7799985530835585,1.916463615769696,0.6000489556199984,1.6399230891137926,1.809017106877439,0.5331711408217448,0.3821627637166619,1.1148298528862446,0.4006493914993576,0.3064708134827375,0.37194493672240614,0.31060199525783994,3.836364550268526,6.464218392761231,4.5957454780899525,1.1833949073764152,1.787492539074561,5.42766672474929,5.7199605521322185,1.8494901513050317,2.645244115357759,249.799575,0.0,5.086737293893271,0.3310292005892918,1.515841859174574,9766.18765849535,8789.799943646096,8941.701887855734,8949.478726401803
LOG00008,Idle 35,250.0,250.5,29.828458498023718,5.728606911759905,13.918872126253298,21.97911067193676,69.0,2.065727079007403,4.740731225296442,12157.361660079052,8242.857142857143,0.0,0.0,2.4250418737805517,2.2383001863566334,0.653377800212466,2.208657250858062,2.8597156116636016,0.6535243297165526,0.49665124007108047,1.8607173236114318,0.006739624747616278,0.541610192530265,0.5247509135818992,0.3936137835787658,6.481574329519334,8.216274493872273,5.789796675757695,2.8441288775945828,2.945098960367594,6.892597851198046,7.42551950512209,2.3335397804444247,3.405275378295611,250.236629,0.0,6.9050637915072866,0.49113369957711117,2.8950541410071855,13376.679841897234,11839.553924336533,11291.55844155844,12121.654432523997
LOG00008,Idle 35,250.5,251.0,28.725641025641025,6.528101395030575,23.04138274063751,22.066272189349114,68.0,2.3773810347066244,4.986962524654832,11328.10650887574,8028.571428571428,0.0,0.0,1.355773082746576,1.6878763531275518,0.6581527431261753,1.3177878728341037,1.7215722267043971,0.6493143780755787,0.7718372973095371,1.1158422774374366,0.20697097974605513,0.4781477669525782,0.5778112312532061,0.38007528725118067,5.681886573043981,8.973221488674541,7.379474233751574,2.36851834153145,3.3049420136170102,4.735821775526012,6.4555833363854696,1.5308571512958549,2.283576957466405,250.713145,0.0,7.4667971464868215,0.4854373732292528,2.8751105063581246,11845.252183713723,11708.030431107356,10575.683291067906,11183.460129613975
LOG00008,Idle 35,253.5,254.0,30.165483234714003,1.489215641880877,10.865853025366642,21.879802761341224,38.0,1.8088975820064332,4.274122287968442,12307.769794308255,10628.57142857143,0.0,0.0,0.8731629388310701,1.597939141346179,0.5780337515485575,0.727676770326736,2.2899872454603334,0.5780328956202319,0.47392218017308874,2.0670366105359794,1.3993829259850866e-05,0.26132733890090637,0.330813416230171,0.25883278509016094,6.140387642745911,9.493532504875164,5.8311696286513595,0.8565302693453735,1.4295041244922542,2.739512906790079,5.754853881313258,1.2875991257363983,2.2903004335471,253.53183,0.0,7.344704647168463,0.2856127360911595,1.1783730615227976,11854.860524091293,13266.666666666666,11495.012679628066,12614.539306846998
LOG00008,Idle 35,254.0,254.5,32.30966469428008,1.5914482029394197,18.30671453888269,21.788027613412225,40.0,1.588321566316315,5.271952662721894,12933.685545224005,10828.57142857143,0.0,0.0,1.6124324640093446,1.0882603153484716,0.9530383491627283,1.705316700079622,1.053038786410011,1.0451703454215133,1.5228981467979334,0.8010170230859609,0.6600827683704472,0.2720136851409319,0.4049991329848858,0.2720626046553046,7.380385869221632,12.00401586945907,5.9412636843035855,1.175001909186423,2.112737958070977,5.285348734246734,3.5216994283875684,1.375545158283363,2.2248467912935275,254.271719,0.0,8.829214890337195,0.3225077794794454,1.709428437528997,13075.739644970414,13290.786136939983,11600.535362073822,13767.681036911805
LOG00008,Idle 35,254.5,255.0,26.217554240631163,1.1970655831538906,24.545081257969738,22.000808678500984,119.0,1.2091547486979606,3.510118343195266,10877.4584389969,9000.0,0.0,0.0,1.6292566515159879,1.4389076977189874,1.4555488865925548,1.4909287078844147,1.286183455793322,0.9251041290850898,1.2982202665397984,0.9891734403441481,1.2874736346480122,0.31271197311622045,0.3619521996848365,0.2996972578485894,5.981440243408462,8.984464832624925,5.153874238241342,1.10972373711801,1.812042685875161,6.444115704961769,3.7292489633134918,1.5370316520917913,2.2286399785619992,254.64366,0.0,6.905569138450213,0.32589191426447695,1.5024955021824242,9518.286841363766,12010.594533671458,11331.473654550578,10649.478726401803
LOG00008,Idle 35,255.0,255.5,29.949604743083,1.7645862591288524,24.050828326984558,21.766363636363636,100.0,1.5540931370636102,4.555079051383399,12067.236024844722,9242.857142857143,0.0,0.0,1.5562971555520784,1.7559951953181578,0.8343131953532166,1.517680918500534,1.939284113064559,0.9026584874735147,0.9729765500638415,0.9184093343278781,0.8343876279016883,0.34301627351831443,0.36463281634844863,0.295304302114308,5.565122774358425,6.468646028084998,4.29507305518565,1.3879786909035559,1.946106942136149,4.795625476975347,5.385531781465036,1.6591533929025293,2.651898642090961,255.40826,0.0,5.51548201217036,0.3355701046993564,1.690239195592278,9802.315076228118,12362.591756070016,13172.501411631847,12931.5358554489
LOG00008,Idle 35,257.0,257.5,29.49861932938856,1.5116438493505124,12.661719810693347,21.958520710059172,12.0,1.4992778947304737,4.189783037475345,12088.75035221189,10114.285714285714,0.0,0.0,0.7764699464425769,1.0645420436076405,0.5734511428779024,0.6389853693329425,1.1942491909704345,0.5734519145493854,0.39743540192656657,1.0227930918143775,9.776090460009987e-06,0.2524717934402681,0.29063446675399945,0.23347590276385755,7.805537962572221,11.527103923382567,6.705468338998766,0.7787827316531951,1.3323412602476448,1.901935067759251,3.295146152400599,0.9317068584959728,1.3243227266390587,257.209764,0.0,8.92120794121014,0.25994960852681004,1.091246025623804,11442.011834319526,12556.35390250775,11586.136939983095,12770.498732037195
LOG00008,Idle 35,257.5,258.0,26.719960474308298,1.266135696985439,14.925195285476862,22.077747035573122,7.0,1.14635897052919,3.4762450592885377,11103.338509316769,9742.857142857143,0.0,0.0,0.8326002847738844,0.6886288448915188,0.603530790167055,0.6415763427270141,0.6904849180414594,0.6035307901859511,0.5349645332819577,0.5152711415942148,2.1713116479293376e-10,0.22146589063891134,0.24310536727189824,0.20573426526768512,3.525484609218442,8.332155582292396,3.4088361966583323,0.572868861445079,0.8206559613792698,1.5140971298358223,1.641242178756098,0.7640133900077212,0.988519940036977,257.941821,0.0,5.581935822902614,0.22395977928944075,0.7076916487287086,10527.752682100509,11512.33766233766,10751.185770750988,11622.07792207792
LOG00008,Idle 35,258.0,258.5,24.616173570019722,0.7070612804358567,16.327442208682815,22.03552268244576,29.0,0.9927910598490678,3.286804733727811,10360.960834037756,9100.0,0.0,0.0,0.7794601226359723,0.7765651622598169,0.4239234885539513,0.7713615624509836,0.642192861850262,0.4239234886734146,0.49038017303943415,0.6004246739580041,1.29074824191286e-09,0.2383036407280695,0.2343483781367098,0.20566882308333512,1.485323116337965,6.777888135883961,2.0725757975695553,0.5118986433010974,0.8147071204678853,1.6245163139956058,2.795812591597884,0.7780139889537013,1.0338564233863823,258.342383,0.0,4.180969695304172,0.22657408818312486,0.6803631064198652,9678.021978021978,10752.240067624683,10094.75908706678,10918.822203437587
LOG00008,Idle 35,258.5,259.0,27.700394477317552,2.4415776906614246,16.465841094366034,21.90171597633136,30.0,1.4574662855380993,4.005719921104537,11360.728374189912,9528.57142857143,0.0,0.0,0.9046954976475857,1.013697036998344,0.5092837136227647,0.8196873563631122,0.7103095217905736,0.5092774224692911,0.6389959294215181,0.5633908112063974,5.277021904709593e-05,0.24651596437055642,0.3008525500064946,0.2083883761584499,4.578803666014579,8.424372254459191,3.9973221471378317,0.7829283352422048,1.144662277412585,2.0448617474232704,2.6202819909375323,0.9607433648698894,1.4647429518136597,258.843579,0.0,5.997612726232801,0.25476007853986293,0.9806193215148515,10405.888982812061,12020.090166244014,11181.797689489998,11835.136658213582
LOG00008,Idle 35,259.0,259.5,29.04358974358974,0.7387107841480993,13.602753484912435,21.95733727810651,17.0,1.4378128540595783,4.189585798816568,11897.900817131587,10257.142857142857,0.0,0.0,0.8852566497413474,1.0950406262497576,0.47792922421461553,0.8461372209414934,0.9133681897399234,0.510111329849706,0.5793698538638595,0.6727773614588538,0.2484147842524577,0.27732042013440616,0.3031271539424342,0.23497156396416122,7.953114859230374,9.663603416443971,6.381036790097412,0.912857998994654,1.3818041637544802,1.9220510084010423,2.4886329350873697,0.9956890350527962,1.2791818415592873,259.410878,0.0,8.110793168591165,0.273254657021936,1.1710449336591962,10856.889264581572,12370.160608622147,11750.54945054945,12614.003944773176
LOG00008,Idle 35,261.5,262.0,28.655029585798818,1.1514802021439245,11.090852586961608,22.022011834319525,13.0,1.273677592666859,4.221104536489152,11735.841081994928,9242.857142857143,0.0,0.0,1.0291740327506347,0.9273144865522888,0.5739942309656099,1.0373391570105075,0.8433936841193594,0.5800840115714329,0.6183599624237409,0.25720322788168615,0.05287493619211779,0.26430221205004,0.32451953294697705,0.24307185354248922,8.409835743577718,8.569043467872486,6.4559097618457555,0.8726206618889807,1.4213168919884254,2.488236624401668,2.425212733912992,0.9795691263657553,1.3987946384751093,261.732386,0.0,7.8704640702087545,0.2794354502344861,1.1793236466312376,10612.116089039167,12464.750633981403,11821.329952099182,12045.16765285996
LOG00008,Idle 35,262.0,262.5,29.839053254437868,1.7704158492329554,13.152478162151912,21.924595660749507,32.0,1.4604411378443687,4.514418145956607,12177.04987320372,10200.0,0.0,0.0,1.7799489854367783,0.6736514762339813,0.6697329606756164,1.7816543493261716,0.5852573602343405,0.6708092539409508,0.9625869878491721,0.3516329307451592,0.46019142621199577,0.27560924396550734,0.25777755547983594,0.2551696602747064,8.469166783663914,9.817677777160519,6.692323940538155,0.9366897392337199,1.235238714788833,4.466398767320038,2.205426336435608,1.3457385894351175,3.0439945817867913,262.414138,0.0,8.424187056145096,0.2630090486359152,1.0961757044604898,11400.3663003663,12717.723302338687,11751.591997745843,12838.517892364045
LOG00008,Idle 35,262.5,263.0,26.908300395256923,0.3406142392213187,15.275933983480149,22.079584980237154,26.0,1.1196069727736053,4.005553359683795,11143.12535290796,10300.0,0.0,0.0,1.2253032027220971,0.6558867104351868,0.6404816067235573,1.1131538269388674,0.5592518484863775,0.6199772733794404,0.6458956318750719,0.3519420567914761,0.4236494554939945,0.2141423015998639,0.25735119272266743,0.212578289195863,2.8940680826379355,7.296228459354986,3.1442420342658384,0.5375025206730162,0.8594587625322478,2.615324253054791,1.7003835884370582,0.9827398728876628,2.886611836313965,262.500961,0.0,4.881831547281184,0.22896585681982262,0.7167908775309956,10632.241671372105,11568.238283455674,10716.629023150763,11655.392433653304
LOG00008,Idle 35,263.0,263.5,27.43175542406312,0.1852485811809471,16.683850333781688,21.903057199211045,26.0,1.1341628872044411,3.8727810650887573,11307.95998872922,10300.0,0.0,0.0,1.3229867500579686,0.8991296376641729,0.6345862077637883,1.4899130348667564,0.8525516926209709,0.6546049073449449,0.6527314804694366,0.5905555313882446,0.5602978743239654,0.24185513088253835,0.28844711520761646,0.20880697258361053,4.3150521046068295,8.438326629477721,3.3147425609748464,0.5846368200136618,0.971729171505602,2.857220342708103,2.24179415327122,1.1310897502309563,2.657702179179652,263.024859,0.0,5.796911511508022,0.24852631946827305,0.8018908261324142,10813.468582699352,11596.506058044519,10865.539588616513,11956.325725556497
LOG00008,Idle 35,263.5,264.0,26.9552268244576,0.9480111527768672,17.882325368713207,21.920611439842208,34.0,1.1457448520598854,3.8320118343195264,11211.996336996337,9671.42857142857,0.0,0.0,0.6077913016652042,0.9714674814615751,0.6907141154123441,0.5101467323424846,0.9315264764837633,0.7288362536233073,0.39303182435983375,0.7619557972918402,0.6812245982664652,0.2316032501805168,0.2667390282763592,0.2411375392480826,4.771236772126869,7.190329606976366,3.4991111344050045,0.6703994621976934,0.9653776128151019,1.5845655954338849,2.6153846153846154,0.8102960366178458,1.3419169250967455,263.558624,0.0,5.376160926521625,0.2469393228673905,0.8310804336042156,10822.936038320655,11584.67173851789,10570.076077768386,11870.301493378414
LOG00008,Idle 35,264.0,264.5,22.86923076923077,0.8764956223147286,17.350658399063782,21.93461538461538,31.0,0.9286059331247156,2.956094674556213,9783.875739644971,8342.857142857143,0.0,0.0,0.6580796518311844,0.845560226978523,0.6151558703078982,0.5656933890954193,0.8913581289381142,0.685773058041961,0.3528468798708814,0.6831736264393599,0.5659800012445517,0.23095223557650077,0.2594774719049871,0.246581560209721,1.2780034000318994,6.539801177321373,2.6310098510331184,0.552260502787684,0.8163119664461949,1.7736844723611551,2.2027417020425157,0.7576413813943322,1.1554943739937888,264.173292,0.0,4.136202161630099,0.24594712126759227,0.696906338578779,9179.99436460975,10253.733446041138,9866.215835446606,9835.559312482388
LOG00008,Idle 35,264.5,265.0,27.446442687747037,4.061692874357758,16.114062000251284,22.002984189723318,45.0,1.6640170812005204,3.9530632411067192,11272.819028797288,8514.285714285714,0.0,0.0,1.4091017591555184,0.8129975504307628,0.6803676439242059,1.3046667089861588,0.7958034896431239,0.6628351590913898,0.9971254221707825,0.32481695144273626,0.14181789384846033,0.35029778758315105,0.4602871929107751,0.3016744745747038,5.094636984191988,8.331066330278311,5.052289628779656,1.3423752199752952,2.4620904954536393,3.603358117550927,3.424799119927723,1.1503331657962392,1.8643993681419568,264.776121,0.0,6.347903136555363,0.3766432124939353,1.9829095842986473,10017.47600225861,11946.69678147939,11853.190287972897,11273.91304347826
LOG00008,Idle 35,265.0,265.5,25.62702169625247,1.265238322742391,14.856672207959734,21.947435897435895,63.0,1.1082224702003796,3.48447731755424,10716.582135812905,8414.285714285714,0.0,0.0,1.139604372950387,0.7598869817690544,0.47177019895792355,1.198828819733059,0.6486950710736261,0.6686619755371623,1.0325684215442237,0.3555933123317738,0.4981367153954298,0.27987464925213573,0.32246583548385105,0.24463931341215542,4.5076410214635505,8.421968301756623,3.956206334449594,0.892781352377124,1.511785664099441,3.2396093952096403,2.3617597824962986,0.9685366157016805,1.529477320553566,265.037576,0.0,5.969364740487142,0.28411407803619715,1.2414818640094816,9281.68498168498,11515.976331360947,11391.772330233867,10676.894899971823
